[{"date":"2020-01-11","product":"COPERNICUS/S1_GRD","band":"VH","value":-13.532,"farmer_unique_id":"4465327","site_id":8401},{"date":"2020-01-23","product":"COPERNICUS/S1_GRD","band":"VH","value":-14.4489,"farmer_unique_id":"4465327","site_id":8401},{"date":"2020-02-04","product":"COPERNICUS/S1_GRD","band":"VH","value":-10.911,"farmer_unique_id":"4465327","site_id":8401},{"date":"2020-02-16","product":"COPERNICUS/S1_GRD","band":"VH","value":-13.7471,"farmer_unique_id":"4465327","site_id":8401},{"date":"2020-02-28","product":"COPERNICUS/S1_GRD","band":"VH","value":-14.7378,"farmer_unique_id":"4465327","site_id":8401},{"date":"2020-03-11","product":"COPERNICUS/S1_GRD","band":"VH","value":-20.2138,"farmer_unique_id":"4465327","site_id":8401},{"date":"2020-03-23","product":"COPERNICUS/S1_GRD","band":"VH","value":-17.4712,"farmer_unique_id":"4465327","site_id":8401},{"date":"2020-04-04","product":"COPERNICUS/S1_GRD","band":"VH","value":-13.1053,"farmer_unique_id":"4465327","site_id":8401},{"date":"2020-04-16","product":"COPERNICUS/S1_GRD","band":"VH","value":-12.535,"farmer_unique_id":"4465327","site_id":8401},{"date":"2020-04-28","product":"COPERNICUS/S1_GRD","band":"VH","value":-14.3051,"farmer_unique_id":"4465327","site_id":8401},{"date":"2020-05-10","product":"COPERNICUS/S1_GRD","band":"VH","value":-14.4941,"farmer_unique_id":"4465327","site_id":8401},{"date":"2020-05-22","product":"COPERNICUS/S1_GRD","band":"VH","value":-14.8654,"farmer_unique_id":"4465327","site_id":8401},{"date":"2020-06-15","product":"COPERNICUS/S1_GRD","band":"VH","value":-17.6258,"farmer_unique_id":"4465327","site_id":8401},{"date":"2020-06-27","product":"COPERNICUS/S1_GRD","band":"VH","value":-16.7263,"farmer_unique_id":"4465327","site_id":8401},{"date":"2020-07-09","product":"COPERNICUS/S1_GRD","band":"VH","value":-18.805,"farmer_unique_id":"4465327","site_id":8401},{"date":"2020-07-21","product":"COPERNICUS/S1_GRD","band":"VH","value":-16.0532,"farmer_unique_id":"4465327","site_id":8401},{"date":"2020-08-02","product":"COPERNICUS/S1_GRD","band":"VH","value":-13.4793,"farmer_unique_id":"4465327","site_id":8401},{"date":"2020-08-14","product":"COPERNICUS/S1_GRD","band":"VH","value":-14.754,"farmer_unique_id":"4465327","site_id":8401},{"date":"2020-08-26","product":"COPERNICUS/S1_GRD","band":"VH","value":-13.4112,"farmer_unique_id":"4465327","site_id":8401},{"date":"2020-09-07","product":"COPERNICUS/S1_GRD","band":"VH","value":-12.8804,"farmer_unique_id":"4465327","site_id":8401},{"date":"2020-09-19","product":"COPERNICUS/S1_GRD","band":"VH","value":-14.47,"farmer_unique_id":"4465327","site_id":8401},{"date":"2020-10-01","product":"COPERNICUS/S1_GRD","band":"VH","value":-13.4593,"farmer_unique_id":"4465327","site_id":8401},{"date":"2020-10-13","product":"COPERNICUS/S1_GRD","band":"VH","value":-16.6794,"farmer_unique_id":"4465327","site_id":8401},{"date":"2020-10-25","product":"COPERNICUS/S1_GRD","band":"VH","value":-12.9561,"farmer_unique_id":"4465327","site_id":8401},{"date":"2020-11-06","product":"COPERNICUS/S1_GRD","band":"VH","value":-16.7916,"farmer_unique_id":"4465327","site_id":8401},{"date":"2020-11-18","product":"COPERNICUS/S1_GRD","band":"VH","value":-14.3057,"farmer_unique_id":"4465327","site_id":8401},{"date":"2020-11-30","product":"COPERNICUS/S1_GRD","band":"VH","value":-15.0874,"farmer_unique_id":"4465327","site_id":8401},{"date":"2020-12-12","product":"COPERNICUS/S1_GRD","band":"VH","value":-16.8438,"farmer_unique_id":"4465327","site_id":8401},{"date":"2020-12-24","product":"COPERNICUS/S1_GRD","band":"VH","value":-21.1268,"farmer_unique_id":"4465327","site_id":8401},{"date":"2021-01-05","product":"COPERNICUS/S1_GRD","band":"VH","value":-17.9017,"farmer_unique_id":"4465327","site_id":8401},{"date":"2021-01-17","product":"COPERNICUS/S1_GRD","band":"VH","value":-15.3244,"farmer_unique_id":"4465327","site_id":8401},{"date":"2021-01-29","product":"COPERNICUS/S1_GRD","band":"VH","value":-14.2296,"farmer_unique_id":"4465327","site_id":8401},{"date":"2021-02-10","product":"COPERNICUS/S1_GRD","band":"VH","value":-17.2467,"farmer_unique_id":"4465327","site_id":8401},{"date":"2021-02-22","product":"COPERNICUS/S1_GRD","band":"VH","value":-14.7194,"farmer_unique_id":"4465327","site_id":8401},{"date":"2021-03-06","product":"COPERNICUS/S1_GRD","band":"VH","value":-15.706,"farmer_unique_id":"4465327","site_id":8401},{"date":"2021-03-18","product":"COPERNICUS/S1_GRD","band":"VH","value":-17.2167,"farmer_unique_id":"4465327","site_id":8401},{"date":"2021-03-30","product":"COPERNICUS/S1_GRD","band":"VH","value":-17.8615,"farmer_unique_id":"4465327","site_id":8401},{"date":"2021-04-11","product":"COPERNICUS/S1_GRD","band":"VH","value":-13.8703,"farmer_unique_id":"4465327","site_id":8401},{"date":"2021-04-23","product":"COPERNICUS/S1_GRD","band":"VH","value":-13.0953,"farmer_unique_id":"4465327","site_id":8401},{"date":"2021-05-05","product":"COPERNICUS/S1_GRD","band":"VH","value":-11.8744,"farmer_unique_id":"4465327","site_id":8401},{"date":"2021-05-17","product":"COPERNICUS/S1_GRD","band":"VH","value":-15.0669,"farmer_unique_id":"4465327","site_id":8401},{"date":"2021-05-29","product":"COPERNICUS/S1_GRD","band":"VH","value":-14.9626,"farmer_unique_id":"4465327","site_id":8401},{"date":"2021-06-10","product":"COPERNICUS/S1_GRD","band":"VH","value":-14.6241,"farmer_unique_id":"4465327","site_id":8401},{"date":"2021-06-22","product":"COPERNICUS/S1_GRD","band":"VH","value":-16.527,"farmer_unique_id":"4465327","site_id":8401},{"date":"2021-07-04","product":"COPERNICUS/S1_GRD","band":"VH","value":-13.7619,"farmer_unique_id":"4465327","site_id":8401},{"date":"2021-07-16","product":"COPERNICUS/S1_GRD","band":"VH","value":-15.6827,"farmer_unique_id":"4465327","site_id":8401},{"date":"2021-07-28","product":"COPERNICUS/S1_GRD","band":"VH","value":-17.3624,"farmer_unique_id":"4465327","site_id":8401},{"date":"2021-08-09","product":"COPERNICUS/S1_GRD","band":"VH","value":-19.2712,"farmer_unique_id":"4465327","site_id":8401},{"date":"2021-08-21","product":"COPERNICUS/S1_GRD","band":"VH","value":-18.059,"farmer_unique_id":"4465327","site_id":8401},{"date":"2021-09-02","product":"COPERNICUS/S1_GRD","band":"VH","value":-13.8667,"farmer_unique_id":"4465327","site_id":8401},{"date":"2021-09-14","product":"COPERNICUS/S1_GRD","band":"VH","value":-14.6583,"farmer_unique_id":"4465327","site_id":8401},{"date":"2021-09-26","product":"COPERNICUS/S1_GRD","band":"VH","value":-18.6622,"farmer_unique_id":"4465327","site_id":8401},{"date":"2021-10-08","product":"COPERNICUS/S1_GRD","band":"VH","value":-14.1052,"farmer_unique_id":"4465327","site_id":8401},{"date":"2021-10-20","product":"COPERNICUS/S1_GRD","band":"VH","value":-15.53,"farmer_unique_id":"4465327","site_id":8401},{"date":"2021-11-01","product":"COPERNICUS/S1_GRD","band":"VH","value":-16.3144,"farmer_unique_id":"4465327","site_id":8401},{"date":"2021-11-13","product":"COPERNICUS/S1_GRD","band":"VH","value":-13.2554,"farmer_unique_id":"4465327","site_id":8401},{"date":"2021-11-25","product":"COPERNICUS/S1_GRD","band":"VH","value":-14.4446,"farmer_unique_id":"4465327","site_id":8401},{"date":"2021-12-07","product":"COPERNICUS/S1_GRD","band":"VH","value":-12.01,"farmer_unique_id":"4465327","site_id":8401},{"date":"2021-12-19","product":"COPERNICUS/S1_GRD","band":"VH","value":-13.4356,"farmer_unique_id":"4465327","site_id":8401},{"date":"2020-01-11","product":"COPERNICUS/S1_GRD","band":"VV","value":-10.0297,"farmer_unique_id":"4465327","site_id":8401},{"date":"2020-01-23","product":"COPERNICUS/S1_GRD","band":"VV","value":-9.0029,"farmer_unique_id":"4465327","site_id":8401},{"date":"2020-02-04","product":"COPERNICUS/S1_GRD","band":"VV","value":-13.1187,"farmer_unique_id":"4465327","site_id":8401},{"date":"2020-02-16","product":"COPERNICUS/S1_GRD","band":"VV","value":-10.9457,"farmer_unique_id":"4465327","site_id":8401},{"date":"2020-02-28","product":"COPERNICUS/S1_GRD","band":"VV","value":-12.5899,"farmer_unique_id":"4465327","site_id":8401},{"date":"2020-03-11","product":"COPERNICUS/S1_GRD","band":"VV","value":-8.2031,"farmer_unique_id":"4465327","site_id":8401},{"date":"2020-03-23","product":"COPERNICUS/S1_GRD","band":"VV","value":-11.947,"farmer_unique_id":"4465327","site_id":8401},{"date":"2020-04-04","product":"COPERNICUS/S1_GRD","band":"VV","value":-8.9933,"farmer_unique_id":"4465327","site_id":8401},{"date":"2020-04-16","product":"COPERNICUS/S1_GRD","band":"VV","value":-8.5389,"farmer_unique_id":"4465327","site_id":8401},{"date":"2020-04-28","product":"COPERNICUS/S1_GRD","band":"VV","value":-9.0138,"farmer_unique_id":"4465327","site_id":8401},{"date":"2020-05-10","product":"COPERNICUS/S1_GRD","band":"VV","value":-6.0571,"farmer_unique_id":"4465327","site_id":8401},{"date":"2020-05-22","product":"COPERNICUS/S1_GRD","band":"VV","value":-7.6411,"farmer_unique_id":"4465327","site_id":8401},{"date":"2020-06-15","product":"COPERNICUS/S1_GRD","band":"VV","value":-9.6642,"farmer_unique_id":"4465327","site_id":8401},{"date":"2020-06-27","product":"COPERNICUS/S1_GRD","band":"VV","value":-8.4075,"farmer_unique_id":"4465327","site_id":8401},{"date":"2020-07-09","product":"COPERNICUS/S1_GRD","band":"VV","value":-10.0377,"farmer_unique_id":"4465327","site_id":8401},{"date":"2020-07-21","product":"COPERNICUS/S1_GRD","band":"VV","value":-5.4032,"farmer_unique_id":"4465327","site_id":8401},{"date":"2020-08-02","product":"COPERNICUS/S1_GRD","band":"VV","value":-8.799,"farmer_unique_id":"4465327","site_id":8401},{"date":"2020-08-14","product":"COPERNICUS/S1_GRD","band":"VV","value":-11.1003,"farmer_unique_id":"4465327","site_id":8401},{"date":"2020-08-26","product":"COPERNICUS/S1_GRD","band":"VV","value":-7.9738,"farmer_unique_id":"4465327","site_id":8401},{"date":"2020-09-07","product":"COPERNICUS/S1_GRD","band":"VV","value":-10.3124,"farmer_unique_id":"4465327","site_id":8401},{"date":"2020-09-19","product":"COPERNICUS/S1_GRD","band":"VV","value":-8.7477,"farmer_unique_id":"4465327","site_id":8401},{"date":"2020-10-01","product":"COPERNICUS/S1_GRD","band":"VV","value":-9.0311,"farmer_unique_id":"4465327","site_id":8401},{"date":"2020-10-13","product":"COPERNICUS/S1_GRD","band":"VV","value":-9.5431,"farmer_unique_id":"4465327","site_id":8401},{"date":"2020-10-25","product":"COPERNICUS/S1_GRD","band":"VV","value":-7.2431,"farmer_unique_id":"4465327","site_id":8401},{"date":"2020-11-06","product":"COPERNICUS/S1_GRD","band":"VV","value":-8.0351,"farmer_unique_id":"4465327","site_id":8401},{"date":"2020-11-18","product":"COPERNICUS/S1_GRD","band":"VV","value":-7.5474,"farmer_unique_id":"4465327","site_id":8401},{"date":"2020-11-30","product":"COPERNICUS/S1_GRD","band":"VV","value":-7.1673,"farmer_unique_id":"4465327","site_id":8401},{"date":"2020-12-12","product":"COPERNICUS/S1_GRD","band":"VV","value":-8.2637,"farmer_unique_id":"4465327","site_id":8401},{"date":"2020-12-24","product":"COPERNICUS/S1_GRD","band":"VV","value":-8.4503,"farmer_unique_id":"4465327","site_id":8401},{"date":"2021-01-05","product":"COPERNICUS/S1_GRD","band":"VV","value":-9.1176,"farmer_unique_id":"4465327","site_id":8401},{"date":"2021-01-17","product":"COPERNICUS/S1_GRD","band":"VV","value":-10.8625,"farmer_unique_id":"4465327","site_id":8401},{"date":"2021-01-29","product":"COPERNICUS/S1_GRD","band":"VV","value":-9.241,"farmer_unique_id":"4465327","site_id":8401},{"date":"2021-02-10","product":"COPERNICUS/S1_GRD","band":"VV","value":-11.9803,"farmer_unique_id":"4465327","site_id":8401},{"date":"2021-02-22","product":"COPERNICUS/S1_GRD","band":"VV","value":-9.0478,"farmer_unique_id":"4465327","site_id":8401},{"date":"2021-03-06","product":"COPERNICUS/S1_GRD","band":"VV","value":-10.2583,"farmer_unique_id":"4465327","site_id":8401},{"date":"2021-03-18","product":"COPERNICUS/S1_GRD","band":"VV","value":-10.2029,"farmer_unique_id":"4465327","site_id":8401},{"date":"2021-03-30","product":"COPERNICUS/S1_GRD","band":"VV","value":-9.79,"farmer_unique_id":"4465327","site_id":8401},{"date":"2021-04-11","product":"COPERNICUS/S1_GRD","band":"VV","value":-8.5537,"farmer_unique_id":"4465327","site_id":8401},{"date":"2021-04-23","product":"COPERNICUS/S1_GRD","band":"VV","value":-6.2599,"farmer_unique_id":"4465327","site_id":8401},{"date":"2021-05-05","product":"COPERNICUS/S1_GRD","band":"VV","value":-9.1136,"farmer_unique_id":"4465327","site_id":8401},{"date":"2021-05-17","product":"COPERNICUS/S1_GRD","band":"VV","value":-10.2372,"farmer_unique_id":"4465327","site_id":8401},{"date":"2021-05-29","product":"COPERNICUS/S1_GRD","band":"VV","value":-10.9608,"farmer_unique_id":"4465327","site_id":8401},{"date":"2021-06-10","product":"COPERNICUS/S1_GRD","band":"VV","value":-10.077,"farmer_unique_id":"4465327","site_id":8401},{"date":"2021-06-22","product":"COPERNICUS/S1_GRD","band":"VV","value":-9.0658,"farmer_unique_id":"4465327","site_id":8401},{"date":"2021-07-04","product":"COPERNICUS/S1_GRD","band":"VV","value":-8.431,"farmer_unique_id":"4465327","site_id":8401},{"date":"2021-07-16","product":"COPERNICUS/S1_GRD","band":"VV","value":-8.9275,"farmer_unique_id":"4465327","site_id":8401},{"date":"2021-07-28","product":"COPERNICUS/S1_GRD","band":"VV","value":-8.8376,"farmer_unique_id":"4465327","site_id":8401},{"date":"2021-08-09","product":"COPERNICUS/S1_GRD","band":"VV","value":-10.5362,"farmer_unique_id":"4465327","site_id":8401},{"date":"2021-08-21","product":"COPERNICUS/S1_GRD","band":"VV","value":-9.6447,"farmer_unique_id":"4465327","site_id":8401},{"date":"2021-09-02","product":"COPERNICUS/S1_GRD","band":"VV","value":-9.7549,"farmer_unique_id":"4465327","site_id":8401},{"date":"2021-09-14","product":"COPERNICUS/S1_GRD","band":"VV","value":-11.0793,"farmer_unique_id":"4465327","site_id":8401},{"date":"2021-09-26","product":"COPERNICUS/S1_GRD","band":"VV","value":-9.006,"farmer_unique_id":"4465327","site_id":8401},{"date":"2021-10-08","product":"COPERNICUS/S1_GRD","band":"VV","value":-9.6002,"farmer_unique_id":"4465327","site_id":8401},{"date":"2021-10-20","product":"COPERNICUS/S1_GRD","band":"VV","value":-10.2266,"farmer_unique_id":"4465327","site_id":8401},{"date":"2021-11-01","product":"COPERNICUS/S1_GRD","band":"VV","value":-10.2084,"farmer_unique_id":"4465327","site_id":8401},{"date":"2021-11-13","product":"COPERNICUS/S1_GRD","band":"VV","value":-9.0573,"farmer_unique_id":"4465327","site_id":8401},{"date":"2021-11-25","product":"COPERNICUS/S1_GRD","band":"VV","value":-8.1125,"farmer_unique_id":"4465327","site_id":8401},{"date":"2021-12-07","product":"COPERNICUS/S1_GRD","band":"VV","value":-9.4769,"farmer_unique_id":"4465327","site_id":8401},{"date":"2021-12-19","product":"COPERNICUS/S1_GRD","band":"VV","value":-8.9749,"farmer_unique_id":"4465327","site_id":8401}]
