[{"date":"2020-01-11","product":"COPERNICUS/S1_GRD","band":"VH","value":-13.0483,"farmer_unique_id":"MN035","site_id":2162},{"date":"2020-01-23","product":"COPERNICUS/S1_GRD","band":"VH","value":-14.2926,"farmer_unique_id":"MN035","site_id":2162},{"date":"2020-02-04","product":"COPERNICUS/S1_GRD","band":"VH","value":-16.9782,"farmer_unique_id":"MN035","site_id":2162},{"date":"2020-02-16","product":"COPERNICUS/S1_GRD","band":"VH","value":-14.2496,"farmer_unique_id":"MN035","site_id":2162},{"date":"2020-02-28","product":"COPERNICUS/S1_GRD","band":"VH","value":-11.2137,"farmer_unique_id":"MN035","site_id":2162},{"date":"2020-03-11","product":"COPERNICUS/S1_GRD","band":"VH","value":-13.1378,"farmer_unique_id":"MN035","site_id":2162},{"date":"2020-03-23","product":"COPERNICUS/S1_GRD","band":"VH","value":-11.7943,"farmer_unique_id":"MN035","site_id":2162},{"date":"2020-04-04","product":"COPERNICUS/S1_GRD","band":"VH","value":-12.0004,"farmer_unique_id":"MN035","site_id":2162},{"date":"2020-04-16","product":"COPERNICUS/S1_GRD","band":"VH","value":-11.6736,"farmer_unique_id":"MN035","site_id":2162},{"date":"2020-04-28","product":"COPERNICUS/S1_GRD","band":"VH","value":-14.9759,"farmer_unique_id":"MN035","site_id":2162},{"date":"2020-05-10","product":"COPERNICUS/S1_GRD","band":"VH","value":-14.6349,"farmer_unique_id":"MN035","site_id":2162},{"date":"2020-05-22","product":"COPERNICUS/S1_GRD","band":"VH","value":-12.5129,"farmer_unique_id":"MN035","site_id":2162},{"date":"2020-06-15","product":"COPERNICUS/S1_GRD","band":"VH","value":-19.0603,"farmer_unique_id":"MN035","site_id":2162},{"date":"2020-06-27","product":"COPERNICUS/S1_GRD","band":"VH","value":-17.3122,"farmer_unique_id":"MN035","site_id":2162},{"date":"2020-07-09","product":"COPERNICUS/S1_GRD","band":"VH","value":-15.6603,"farmer_unique_id":"MN035","site_id":2162},{"date":"2020-07-21","product":"COPERNICUS/S1_GRD","band":"VH","value":-15.2352,"farmer_unique_id":"MN035","site_id":2162},{"date":"2020-08-02","product":"COPERNICUS/S1_GRD","band":"VH","value":-13.1305,"farmer_unique_id":"MN035","site_id":2162},{"date":"2020-08-14","product":"COPERNICUS/S1_GRD","band":"VH","value":-13.9586,"farmer_unique_id":"MN035","site_id":2162},{"date":"2020-08-26","product":"COPERNICUS/S1_GRD","band":"VH","value":-14.8856,"farmer_unique_id":"MN035","site_id":2162},{"date":"2020-09-07","product":"COPERNICUS/S1_GRD","band":"VH","value":-12.8048,"farmer_unique_id":"MN035","site_id":2162},{"date":"2020-09-19","product":"COPERNICUS/S1_GRD","band":"VH","value":-19.2486,"farmer_unique_id":"MN035","site_id":2162},{"date":"2020-10-01","product":"COPERNICUS/S1_GRD","band":"VH","value":-15.684,"farmer_unique_id":"MN035","site_id":2162},{"date":"2020-10-13","product":"COPERNICUS/S1_GRD","band":"VH","value":-13.9899,"farmer_unique_id":"MN035","site_id":2162},{"date":"2020-10-25","product":"COPERNICUS/S1_GRD","band":"VH","value":-13.7945,"farmer_unique_id":"MN035","site_id":2162},{"date":"2020-11-06","product":"COPERNICUS/S1_GRD","band":"VH","value":-12.506,"farmer_unique_id":"MN035","site_id":2162},{"date":"2020-11-18","product":"COPERNICUS/S1_GRD","band":"VH","value":-6.791,"farmer_unique_id":"MN035","site_id":2162},{"date":"2020-11-30","product":"COPERNICUS/S1_GRD","band":"VH","value":-16.1427,"farmer_unique_id":"MN035","site_id":2162},{"date":"2020-12-12","product":"COPERNICUS/S1_GRD","band":"VH","value":-15.1064,"farmer_unique_id":"MN035","site_id":2162},{"date":"2020-12-24","product":"COPERNICUS/S1_GRD","band":"VH","value":-13.9065,"farmer_unique_id":"MN035","site_id":2162},{"date":"2021-01-05","product":"COPERNICUS/S1_GRD","band":"VH","value":-14.0072,"farmer_unique_id":"MN035","site_id":2162},{"date":"2021-01-17","product":"COPERNICUS/S1_GRD","band":"VH","value":-11.2346,"farmer_unique_id":"MN035","site_id":2162},{"date":"2021-01-29","product":"COPERNICUS/S1_GRD","band":"VH","value":-14.0459,"farmer_unique_id":"MN035","site_id":2162},{"date":"2021-02-10","product":"COPERNICUS/S1_GRD","band":"VH","value":-19.1973,"farmer_unique_id":"MN035","site_id":2162},{"date":"2021-02-22","product":"COPERNICUS/S1_GRD","band":"VH","value":-12.695,"farmer_unique_id":"MN035","site_id":2162},{"date":"2021-03-06","product":"COPERNICUS/S1_GRD","band":"VH","value":-17.2661,"farmer_unique_id":"MN035","site_id":2162},{"date":"2021-03-18","product":"COPERNICUS/S1_GRD","band":"VH","value":-13.6119,"farmer_unique_id":"MN035","site_id":2162},{"date":"2021-03-30","product":"COPERNICUS/S1_GRD","band":"VH","value":-9.6609,"farmer_unique_id":"MN035","site_id":2162},{"date":"2021-04-11","product":"COPERNICUS/S1_GRD","band":"VH","value":-17.3002,"farmer_unique_id":"MN035","site_id":2162},{"date":"2021-04-23","product":"COPERNICUS/S1_GRD","band":"VH","value":-13.6041,"farmer_unique_id":"MN035","site_id":2162},{"date":"2021-05-05","product":"COPERNICUS/S1_GRD","band":"VH","value":-15.0068,"farmer_unique_id":"MN035","site_id":2162},{"date":"2021-05-17","product":"COPERNICUS/S1_GRD","band":"VH","value":-15.058,"farmer_unique_id":"MN035","site_id":2162},{"date":"2021-05-29","product":"COPERNICUS/S1_GRD","band":"VH","value":-11.9841,"farmer_unique_id":"MN035","site_id":2162},{"date":"2021-06-10","product":"COPERNICUS/S1_GRD","band":"VH","value":-17.4135,"farmer_unique_id":"MN035","site_id":2162},{"date":"2021-06-22","product":"COPERNICUS/S1_GRD","band":"VH","value":-15.4546,"farmer_unique_id":"MN035","site_id":2162},{"date":"2021-07-04","product":"COPERNICUS/S1_GRD","band":"VH","value":-12.7101,"farmer_unique_id":"MN035","site_id":2162},{"date":"2021-07-16","product":"COPERNICUS/S1_GRD","band":"VH","value":-13.5438,"farmer_unique_id":"MN035","site_id":2162},{"date":"2021-07-28","product":"COPERNICUS/S1_GRD","band":"VH","value":-14.5264,"farmer_unique_id":"MN035","site_id":2162},{"date":"2021-08-09","product":"COPERNICUS/S1_GRD","band":"VH","value":-15.2359,"farmer_unique_id":"MN035","site_id":2162},{"date":"2021-08-21","product":"COPERNICUS/S1_GRD","band":"VH","value":-11.9434,"farmer_unique_id":"MN035","site_id":2162},{"date":"2021-09-02","product":"COPERNICUS/S1_GRD","band":"VH","value":-13.9605,"farmer_unique_id":"MN035","site_id":2162},{"date":"2021-09-14","product":"COPERNICUS/S1_GRD","band":"VH","value":-13.8368,"farmer_unique_id":"MN035","site_id":2162},{"date":"2021-09-26","product":"COPERNICUS/S1_GRD","band":"VH","value":-11.4014,"farmer_unique_id":"MN035","site_id":2162},{"date":"2021-10-08","product":"COPERNICUS/S1_GRD","band":"VH","value":-16.3743,"farmer_unique_id":"MN035","site_id":2162},{"date":"2021-10-20","product":"COPERNICUS/S1_GRD","band":"VH","value":-13.9375,"farmer_unique_id":"MN035","site_id":2162},{"date":"2021-11-01","product":"COPERNICUS/S1_GRD","band":"VH","value":-9.528,"farmer_unique_id":"MN035","site_id":2162},{"date":"2021-11-13","product":"COPERNICUS/S1_GRD","band":"VH","value":-13.7215,"farmer_unique_id":"MN035","site_id":2162},{"date":"2021-11-25","product":"COPERNICUS/S1_GRD","band":"VH","value":-11.4747,"farmer_unique_id":"MN035","site_id":2162},{"date":"2021-12-07","product":"COPERNICUS/S1_GRD","band":"VH","value":-10.5628,"farmer_unique_id":"MN035","site_id":2162},{"date":"2021-12-19","product":"COPERNICUS/S1_GRD","band":"VH","value":-13.8968,"farmer_unique_id":"MN035","site_id":2162},{"date":"2020-01-11","product":"COPERNICUS/S1_GRD","band":"VV","value":-7.4181,"farmer_unique_id":"MN035","site_id":2162},{"date":"2020-01-23","product":"COPERNICUS/S1_GRD","band":"VV","value":-9.5336,"farmer_unique_id":"MN035","site_id":2162},{"date":"2020-02-04","product":"COPERNICUS/S1_GRD","band":"VV","value":-12.0777,"farmer_unique_id":"MN035","site_id":2162},{"date":"2020-02-16","product":"COPERNICUS/S1_GRD","band":"VV","value":-10.0568,"farmer_unique_id":"MN035","site_id":2162},{"date":"2020-02-28","product":"COPERNICUS/S1_GRD","band":"VV","value":-4.706,"farmer_unique_id":"MN035","site_id":2162},{"date":"2020-03-11","product":"COPERNICUS/S1_GRD","band":"VV","value":-7.6706,"farmer_unique_id":"MN035","site_id":2162},{"date":"2020-03-23","product":"COPERNICUS/S1_GRD","band":"VV","value":-8.1237,"farmer_unique_id":"MN035","site_id":2162},{"date":"2020-04-04","product":"COPERNICUS/S1_GRD","band":"VV","value":-7.3916,"farmer_unique_id":"MN035","site_id":2162},{"date":"2020-04-16","product":"COPERNICUS/S1_GRD","band":"VV","value":-5.9803,"farmer_unique_id":"MN035","site_id":2162},{"date":"2020-04-28","product":"COPERNICUS/S1_GRD","band":"VV","value":-7.3496,"farmer_unique_id":"MN035","site_id":2162},{"date":"2020-05-10","product":"COPERNICUS/S1_GRD","band":"VV","value":-9.5238,"farmer_unique_id":"MN035","site_id":2162},{"date":"2020-05-22","product":"COPERNICUS/S1_GRD","band":"VV","value":-7.6539,"farmer_unique_id":"MN035","site_id":2162},{"date":"2020-06-15","product":"COPERNICUS/S1_GRD","band":"VV","value":-10.0965,"farmer_unique_id":"MN035","site_id":2162},{"date":"2020-06-27","product":"COPERNICUS/S1_GRD","band":"VV","value":-10.7986,"farmer_unique_id":"MN035","site_id":2162},{"date":"2020-07-09","product":"COPERNICUS/S1_GRD","band":"VV","value":-6.0955,"farmer_unique_id":"MN035","site_id":2162},{"date":"2020-07-21","product":"COPERNICUS/S1_GRD","band":"VV","value":-7.3009,"farmer_unique_id":"MN035","site_id":2162},{"date":"2020-08-02","product":"COPERNICUS/S1_GRD","band":"VV","value":-7.4909,"farmer_unique_id":"MN035","site_id":2162},{"date":"2020-08-14","product":"COPERNICUS/S1_GRD","band":"VV","value":-7.3168,"farmer_unique_id":"MN035","site_id":2162},{"date":"2020-08-26","product":"COPERNICUS/S1_GRD","band":"VV","value":-8.0053,"farmer_unique_id":"MN035","site_id":2162},{"date":"2020-09-07","product":"COPERNICUS/S1_GRD","band":"VV","value":-8.1068,"farmer_unique_id":"MN035","site_id":2162},{"date":"2020-09-19","product":"COPERNICUS/S1_GRD","band":"VV","value":-5.5416,"farmer_unique_id":"MN035","site_id":2162},{"date":"2020-10-01","product":"COPERNICUS/S1_GRD","band":"VV","value":-9.4049,"farmer_unique_id":"MN035","site_id":2162},{"date":"2020-10-13","product":"COPERNICUS/S1_GRD","band":"VV","value":-8.3482,"farmer_unique_id":"MN035","site_id":2162},{"date":"2020-10-25","product":"COPERNICUS/S1_GRD","band":"VV","value":-7.6572,"farmer_unique_id":"MN035","site_id":2162},{"date":"2020-11-06","product":"COPERNICUS/S1_GRD","band":"VV","value":-11.1331,"farmer_unique_id":"MN035","site_id":2162},{"date":"2020-11-18","product":"COPERNICUS/S1_GRD","band":"VV","value":-8.0061,"farmer_unique_id":"MN035","site_id":2162},{"date":"2020-11-30","product":"COPERNICUS/S1_GRD","band":"VV","value":-5.9205,"farmer_unique_id":"MN035","site_id":2162},{"date":"2020-12-12","product":"COPERNICUS/S1_GRD","band":"VV","value":-6.4463,"farmer_unique_id":"MN035","site_id":2162},{"date":"2020-12-24","product":"COPERNICUS/S1_GRD","band":"VV","value":-7.7899,"farmer_unique_id":"MN035","site_id":2162},{"date":"2021-01-05","product":"COPERNICUS/S1_GRD","band":"VV","value":-9.2461,"farmer_unique_id":"MN035","site_id":2162},{"date":"2021-01-17","product":"COPERNICUS/S1_GRD","band":"VV","value":-9.3318,"farmer_unique_id":"MN035","site_id":2162},{"date":"2021-01-29","product":"COPERNICUS/S1_GRD","band":"VV","value":-9.1975,"farmer_unique_id":"MN035","site_id":2162},{"date":"2021-02-10","product":"COPERNICUS/S1_GRD","band":"VV","value":-6.3407,"farmer_unique_id":"MN035","site_id":2162},{"date":"2021-02-22","product":"COPERNICUS/S1_GRD","band":"VV","value":-5.0096,"farmer_unique_id":"MN035","site_id":2162},{"date":"2021-03-06","product":"COPERNICUS/S1_GRD","band":"VV","value":-11.6262,"farmer_unique_id":"MN035","site_id":2162},{"date":"2021-03-18","product":"COPERNICUS/S1_GRD","band":"VV","value":-6.0781,"farmer_unique_id":"MN035","site_id":2162},{"date":"2021-03-30","product":"COPERNICUS/S1_GRD","band":"VV","value":-10.058,"farmer_unique_id":"MN035","site_id":2162},{"date":"2021-04-11","product":"COPERNICUS/S1_GRD","band":"VV","value":-6.0406,"farmer_unique_id":"MN035","site_id":2162},{"date":"2021-04-23","product":"COPERNICUS/S1_GRD","band":"VV","value":-6.6839,"farmer_unique_id":"MN035","site_id":2162},{"date":"2021-05-05","product":"COPERNICUS/S1_GRD","band":"VV","value":-8.3763,"farmer_unique_id":"MN035","site_id":2162},{"date":"2021-05-17","product":"COPERNICUS/S1_GRD","band":"VV","value":-6.0844,"farmer_unique_id":"MN035","site_id":2162},{"date":"2021-05-29","product":"COPERNICUS/S1_GRD","band":"VV","value":-6.6999,"farmer_unique_id":"MN035","site_id":2162},{"date":"2021-06-10","product":"COPERNICUS/S1_GRD","band":"VV","value":-5.4859,"farmer_unique_id":"MN035","site_id":2162},{"date":"2021-06-22","product":"COPERNICUS/S1_GRD","band":"VV","value":-10.3703,"farmer_unique_id":"MN035","site_id":2162},{"date":"2021-07-04","product":"COPERNICUS/S1_GRD","band":"VV","value":-8.6738,"farmer_unique_id":"MN035","site_id":2162},{"date":"2021-07-16","product":"COPERNICUS/S1_GRD","band":"VV","value":-8.7821,"farmer_unique_id":"MN035","site_id":2162},{"date":"2021-07-28","product":"COPERNICUS/S1_GRD","band":"VV","value":-6.7904,"farmer_unique_id":"MN035","site_id":2162},{"date":"2021-08-09","product":"COPERNICUS/S1_GRD","band":"VV","value":-9.8287,"farmer_unique_id":"MN035","site_id":2162},{"date":"2021-08-21","product":"COPERNICUS/S1_GRD","band":"VV","value":-10.779,"farmer_unique_id":"MN035","site_id":2162},{"date":"2021-09-02","product":"COPERNICUS/S1_GRD","band":"VV","value":-9.1027,"farmer_unique_id":"MN035","site_id":2162},{"date":"2021-09-14","product":"COPERNICUS/S1_GRD","band":"VV","value":-7.8396,"farmer_unique_id":"MN035","site_id":2162},{"date":"2021-09-26","product":"COPERNICUS/S1_GRD","band":"VV","value":-8.2866,"farmer_unique_id":"MN035","site_id":2162},{"date":"2021-10-08","product":"COPERNICUS/S1_GRD","band":"VV","value":-10.1479,"farmer_unique_id":"MN035","site_id":2162},{"date":"2021-10-20","product":"COPERNICUS/S1_GRD","band":"VV","value":-7.9245,"farmer_unique_id":"MN035","site_id":2162},{"date":"2021-11-01","product":"COPERNICUS/S1_GRD","band":"VV","value":-8.0507,"farmer_unique_id":"MN035","site_id":2162},{"date":"2021-11-13","product":"COPERNICUS/S1_GRD","band":"VV","value":-13.614,"farmer_unique_id":"MN035","site_id":2162},{"date":"2021-11-25","product":"COPERNICUS/S1_GRD","band":"VV","value":-6.9261,"farmer_unique_id":"MN035","site_id":2162},{"date":"2021-12-07","product":"COPERNICUS/S1_GRD","band":"VV","value":-9.9148,"farmer_unique_id":"MN035","site_id":2162},{"date":"2021-12-19","product":"COPERNICUS/S1_GRD","band":"VV","value":-4.3238,"farmer_unique_id":"MN035","site_id":2162}]
