[{"date":"2020-01-11","product":"COPERNICUS/S1_GRD","band":"VH","value":-14.7185,"farmer_unique_id":"1215291443","site_id":6816},{"date":"2020-01-23","product":"COPERNICUS/S1_GRD","band":"VH","value":-15.4387,"farmer_unique_id":"1215291443","site_id":6816},{"date":"2020-02-04","product":"COPERNICUS/S1_GRD","band":"VH","value":-12.286,"farmer_unique_id":"1215291443","site_id":6816},{"date":"2020-02-16","product":"COPERNICUS/S1_GRD","band":"VH","value":-15.5998,"farmer_unique_id":"1215291443","site_id":6816},{"date":"2020-02-28","product":"COPERNICUS/S1_GRD","band":"VH","value":-16.2713,"farmer_unique_id":"1215291443","site_id":6816},{"date":"2020-03-11","product":"COPERNICUS/S1_GRD","band":"VH","value":-15.5331,"farmer_unique_id":"1215291443","site_id":6816},{"date":"2020-03-23","product":"COPERNICUS/S1_GRD","band":"VH","value":-16.656,"farmer_unique_id":"1215291443","site_id":6816},{"date":"2020-04-04","product":"COPERNICUS/S1_GRD","band":"VH","value":-14.3813,"farmer_unique_id":"1215291443","site_id":6816},{"date":"2020-04-16","product":"COPERNICUS/S1_GRD","band":"VH","value":-13.7965,"farmer_unique_id":"1215291443","site_id":6816},{"date":"2020-04-28","product":"COPERNICUS/S1_GRD","band":"VH","value":-16.1473,"farmer_unique_id":"1215291443","site_id":6816},{"date":"2020-05-10","product":"COPERNICUS/S1_GRD","band":"VH","value":-16.9844,"farmer_unique_id":"1215291443","site_id":6816},{"date":"2020-05-22","product":"COPERNICUS/S1_GRD","band":"VH","value":-17.2956,"farmer_unique_id":"1215291443","site_id":6816},{"date":"2020-06-15","product":"COPERNICUS/S1_GRD","band":"VH","value":-12.4446,"farmer_unique_id":"1215291443","site_id":6816},{"date":"2020-06-27","product":"COPERNICUS/S1_GRD","band":"VH","value":-15.1135,"farmer_unique_id":"1215291443","site_id":6816},{"date":"2020-07-09","product":"COPERNICUS/S1_GRD","band":"VH","value":-18.3647,"farmer_unique_id":"1215291443","site_id":6816},{"date":"2020-07-21","product":"COPERNICUS/S1_GRD","band":"VH","value":-18.0852,"farmer_unique_id":"1215291443","site_id":6816},{"date":"2020-08-02","product":"COPERNICUS/S1_GRD","band":"VH","value":-13.8663,"farmer_unique_id":"1215291443","site_id":6816},{"date":"2020-08-14","product":"COPERNICUS/S1_GRD","band":"VH","value":-16.3861,"farmer_unique_id":"1215291443","site_id":6816},{"date":"2020-08-26","product":"COPERNICUS/S1_GRD","band":"VH","value":-15.8791,"farmer_unique_id":"1215291443","site_id":6816},{"date":"2020-09-07","product":"COPERNICUS/S1_GRD","band":"VH","value":-13.7186,"farmer_unique_id":"1215291443","site_id":6816},{"date":"2020-09-19","product":"COPERNICUS/S1_GRD","band":"VH","value":-16.6682,"farmer_unique_id":"1215291443","site_id":6816},{"date":"2020-10-01","product":"COPERNICUS/S1_GRD","band":"VH","value":-17.9653,"farmer_unique_id":"1215291443","site_id":6816},{"date":"2020-10-13","product":"COPERNICUS/S1_GRD","band":"VH","value":-18.2403,"farmer_unique_id":"1215291443","site_id":6816},{"date":"2020-10-25","product":"COPERNICUS/S1_GRD","band":"VH","value":-15.3107,"farmer_unique_id":"1215291443","site_id":6816},{"date":"2020-11-06","product":"COPERNICUS/S1_GRD","band":"VH","value":-14.8284,"farmer_unique_id":"1215291443","site_id":6816},{"date":"2020-11-18","product":"COPERNICUS/S1_GRD","band":"VH","value":-15.2095,"farmer_unique_id":"1215291443","site_id":6816},{"date":"2020-11-30","product":"COPERNICUS/S1_GRD","band":"VH","value":-13.8339,"farmer_unique_id":"1215291443","site_id":6816},{"date":"2020-12-12","product":"COPERNICUS/S1_GRD","band":"VH","value":-17.1125,"farmer_unique_id":"1215291443","site_id":6816},{"date":"2020-12-24","product":"COPERNICUS/S1_GRD","band":"VH","value":-16.6303,"farmer_unique_id":"1215291443","site_id":6816},{"date":"2021-01-05","product":"COPERNICUS/S1_GRD","band":"VH","value":-17.0738,"farmer_unique_id":"1215291443","site_id":6816},{"date":"2021-01-17","product":"COPERNICUS/S1_GRD","band":"VH","value":-15.5761,"farmer_unique_id":"1215291443","site_id":6816},{"date":"2021-01-29","product":"COPERNICUS/S1_GRD","band":"VH","value":-15.7353,"farmer_unique_id":"1215291443","site_id":6816},{"date":"2021-02-10","product":"COPERNICUS/S1_GRD","band":"VH","value":-17.9819,"farmer_unique_id":"1215291443","site_id":6816},{"date":"2021-02-22","product":"COPERNICUS/S1_GRD","band":"VH","value":-16.36,"farmer_unique_id":"1215291443","site_id":6816},{"date":"2021-03-06","product":"COPERNICUS/S1_GRD","band":"VH","value":-16.4244,"farmer_unique_id":"1215291443","site_id":6816},{"date":"2021-03-18","product":"COPERNICUS/S1_GRD","band":"VH","value":-16.9226,"farmer_unique_id":"1215291443","site_id":6816},{"date":"2021-03-30","product":"COPERNICUS/S1_GRD","band":"VH","value":-14.861,"farmer_unique_id":"1215291443","site_id":6816},{"date":"2021-04-11","product":"COPERNICUS/S1_GRD","band":"VH","value":-16.7034,"farmer_unique_id":"1215291443","site_id":6816},{"date":"2021-04-23","product":"COPERNICUS/S1_GRD","band":"VH","value":-12.145,"farmer_unique_id":"1215291443","site_id":6816},{"date":"2021-05-05","product":"COPERNICUS/S1_GRD","band":"VH","value":-13.7402,"farmer_unique_id":"1215291443","site_id":6816},{"date":"2021-05-17","product":"COPERNICUS/S1_GRD","band":"VH","value":-15.5448,"farmer_unique_id":"1215291443","site_id":6816},{"date":"2021-05-29","product":"COPERNICUS/S1_GRD","band":"VH","value":-18.2979,"farmer_unique_id":"1215291443","site_id":6816},{"date":"2021-06-10","product":"COPERNICUS/S1_GRD","band":"VH","value":-15.8724,"farmer_unique_id":"1215291443","site_id":6816},{"date":"2021-06-22","product":"COPERNICUS/S1_GRD","band":"VH","value":-15.1979,"farmer_unique_id":"1215291443","site_id":6816},{"date":"2021-07-04","product":"COPERNICUS/S1_GRD","band":"VH","value":-16.6892,"farmer_unique_id":"1215291443","site_id":6816},{"date":"2021-07-16","product":"COPERNICUS/S1_GRD","band":"VH","value":-14.6141,"farmer_unique_id":"1215291443","site_id":6816},{"date":"2021-07-28","product":"COPERNICUS/S1_GRD","band":"VH","value":-15.6308,"farmer_unique_id":"1215291443","site_id":6816},{"date":"2021-08-09","product":"COPERNICUS/S1_GRD","band":"VH","value":-15.3174,"farmer_unique_id":"1215291443","site_id":6816},{"date":"2021-08-21","product":"COPERNICUS/S1_GRD","band":"VH","value":-15.5668,"farmer_unique_id":"1215291443","site_id":6816},{"date":"2021-09-02","product":"COPERNICUS/S1_GRD","band":"VH","value":-14.6435,"farmer_unique_id":"1215291443","site_id":6816},{"date":"2021-09-14","product":"COPERNICUS/S1_GRD","band":"VH","value":-18.7635,"farmer_unique_id":"1215291443","site_id":6816},{"date":"2021-09-26","product":"COPERNICUS/S1_GRD","band":"VH","value":-17.8568,"farmer_unique_id":"1215291443","site_id":6816},{"date":"2021-10-08","product":"COPERNICUS/S1_GRD","band":"VH","value":-16.4824,"farmer_unique_id":"1215291443","site_id":6816},{"date":"2021-10-20","product":"COPERNICUS/S1_GRD","band":"VH","value":-14.3374,"farmer_unique_id":"1215291443","site_id":6816},{"date":"2021-11-01","product":"COPERNICUS/S1_GRD","band":"VH","value":-23.2624,"farmer_unique_id":"1215291443","site_id":6816},{"date":"2021-11-13","product":"COPERNICUS/S1_GRD","band":"VH","value":-17.4449,"farmer_unique_id":"1215291443","site_id":6816},{"date":"2021-11-25","product":"COPERNICUS/S1_GRD","band":"VH","value":-18.3427,"farmer_unique_id":"1215291443","site_id":6816},{"date":"2021-12-07","product":"COPERNICUS/S1_GRD","band":"VH","value":-16.4765,"farmer_unique_id":"1215291443","site_id":6816},{"date":"2021-12-19","product":"COPERNICUS/S1_GRD","band":"VH","value":-13.1898,"farmer_unique_id":"1215291443","site_id":6816},{"date":"2020-01-11","product":"COPERNICUS/S1_GRD","band":"VV","value":-11.1135,"farmer_unique_id":"1215291443","site_id":6816},{"date":"2020-01-23","product":"COPERNICUS/S1_GRD","band":"VV","value":-7.5161,"farmer_unique_id":"1215291443","site_id":6816},{"date":"2020-02-04","product":"COPERNICUS/S1_GRD","band":"VV","value":-7.4822,"farmer_unique_id":"1215291443","site_id":6816},{"date":"2020-02-16","product":"COPERNICUS/S1_GRD","band":"VV","value":-9.8376,"farmer_unique_id":"1215291443","site_id":6816},{"date":"2020-02-28","product":"COPERNICUS/S1_GRD","band":"VV","value":-10.8718,"farmer_unique_id":"1215291443","site_id":6816},{"date":"2020-03-11","product":"COPERNICUS/S1_GRD","band":"VV","value":-10.9148,"farmer_unique_id":"1215291443","site_id":6816},{"date":"2020-03-23","product":"COPERNICUS/S1_GRD","band":"VV","value":-8.0669,"farmer_unique_id":"1215291443","site_id":6816},{"date":"2020-04-04","product":"COPERNICUS/S1_GRD","band":"VV","value":-10.2657,"farmer_unique_id":"1215291443","site_id":6816},{"date":"2020-04-16","product":"COPERNICUS/S1_GRD","band":"VV","value":-10.4525,"farmer_unique_id":"1215291443","site_id":6816},{"date":"2020-04-28","product":"COPERNICUS/S1_GRD","band":"VV","value":-6.909,"farmer_unique_id":"1215291443","site_id":6816},{"date":"2020-05-10","product":"COPERNICUS/S1_GRD","band":"VV","value":-7.843,"farmer_unique_id":"1215291443","site_id":6816},{"date":"2020-05-22","product":"COPERNICUS/S1_GRD","band":"VV","value":-10.4994,"farmer_unique_id":"1215291443","site_id":6816},{"date":"2020-06-15","product":"COPERNICUS/S1_GRD","band":"VV","value":-6.7217,"farmer_unique_id":"1215291443","site_id":6816},{"date":"2020-06-27","product":"COPERNICUS/S1_GRD","band":"VV","value":-9.8891,"farmer_unique_id":"1215291443","site_id":6816},{"date":"2020-07-09","product":"COPERNICUS/S1_GRD","band":"VV","value":-10.3166,"farmer_unique_id":"1215291443","site_id":6816},{"date":"2020-07-21","product":"COPERNICUS/S1_GRD","band":"VV","value":-9.9796,"farmer_unique_id":"1215291443","site_id":6816},{"date":"2020-08-02","product":"COPERNICUS/S1_GRD","band":"VV","value":-16.3974,"farmer_unique_id":"1215291443","site_id":6816},{"date":"2020-08-14","product":"COPERNICUS/S1_GRD","band":"VV","value":-10.334,"farmer_unique_id":"1215291443","site_id":6816},{"date":"2020-08-26","product":"COPERNICUS/S1_GRD","band":"VV","value":-13.9048,"farmer_unique_id":"1215291443","site_id":6816},{"date":"2020-09-07","product":"COPERNICUS/S1_GRD","band":"VV","value":-11.8767,"farmer_unique_id":"1215291443","site_id":6816},{"date":"2020-09-19","product":"COPERNICUS/S1_GRD","band":"VV","value":-8.7018,"farmer_unique_id":"1215291443","site_id":6816},{"date":"2020-10-01","product":"COPERNICUS/S1_GRD","band":"VV","value":-9.2197,"farmer_unique_id":"1215291443","site_id":6816},{"date":"2020-10-13","product":"COPERNICUS/S1_GRD","band":"VV","value":-12.3714,"farmer_unique_id":"1215291443","site_id":6816},{"date":"2020-10-25","product":"COPERNICUS/S1_GRD","band":"VV","value":-6.1982,"farmer_unique_id":"1215291443","site_id":6816},{"date":"2020-11-06","product":"COPERNICUS/S1_GRD","band":"VV","value":-8.1949,"farmer_unique_id":"1215291443","site_id":6816},{"date":"2020-11-18","product":"COPERNICUS/S1_GRD","band":"VV","value":-10.257,"farmer_unique_id":"1215291443","site_id":6816},{"date":"2020-11-30","product":"COPERNICUS/S1_GRD","band":"VV","value":-10.5114,"farmer_unique_id":"1215291443","site_id":6816},{"date":"2020-12-12","product":"COPERNICUS/S1_GRD","band":"VV","value":-8.6922,"farmer_unique_id":"1215291443","site_id":6816},{"date":"2020-12-24","product":"COPERNICUS/S1_GRD","band":"VV","value":-13.1929,"farmer_unique_id":"1215291443","site_id":6816},{"date":"2021-01-05","product":"COPERNICUS/S1_GRD","band":"VV","value":-12.5139,"farmer_unique_id":"1215291443","site_id":6816},{"date":"2021-01-17","product":"COPERNICUS/S1_GRD","band":"VV","value":-10.5857,"farmer_unique_id":"1215291443","site_id":6816},{"date":"2021-01-29","product":"COPERNICUS/S1_GRD","band":"VV","value":-11.9711,"farmer_unique_id":"1215291443","site_id":6816},{"date":"2021-02-10","product":"COPERNICUS/S1_GRD","band":"VV","value":-9.6234,"farmer_unique_id":"1215291443","site_id":6816},{"date":"2021-02-22","product":"COPERNICUS/S1_GRD","band":"VV","value":-12.6758,"farmer_unique_id":"1215291443","site_id":6816},{"date":"2021-03-06","product":"COPERNICUS/S1_GRD","band":"VV","value":-9.8834,"farmer_unique_id":"1215291443","site_id":6816},{"date":"2021-03-18","product":"COPERNICUS/S1_GRD","band":"VV","value":-10.3955,"farmer_unique_id":"1215291443","site_id":6816},{"date":"2021-03-30","product":"COPERNICUS/S1_GRD","band":"VV","value":-8.2965,"farmer_unique_id":"1215291443","site_id":6816},{"date":"2021-04-11","product":"COPERNICUS/S1_GRD","band":"VV","value":-6.6218,"farmer_unique_id":"1215291443","site_id":6816},{"date":"2021-04-23","product":"COPERNICUS/S1_GRD","band":"VV","value":-7.0453,"farmer_unique_id":"1215291443","site_id":6816},{"date":"2021-05-05","product":"COPERNICUS/S1_GRD","band":"VV","value":-10.4282,"farmer_unique_id":"1215291443","site_id":6816},{"date":"2021-05-17","product":"COPERNICUS/S1_GRD","band":"VV","value":-8.8073,"farmer_unique_id":"1215291443","site_id":6816},{"date":"2021-05-29","product":"COPERNICUS/S1_GRD","band":"VV","value":-10.7281,"farmer_unique_id":"1215291443","site_id":6816},{"date":"2021-06-10","product":"COPERNICUS/S1_GRD","band":"VV","value":-14.9587,"farmer_unique_id":"1215291443","site_id":6816},{"date":"2021-06-22","product":"COPERNICUS/S1_GRD","band":"VV","value":-8.0754,"farmer_unique_id":"1215291443","site_id":6816},{"date":"2021-07-04","product":"COPERNICUS/S1_GRD","band":"VV","value":-8.573,"farmer_unique_id":"1215291443","site_id":6816},{"date":"2021-07-16","product":"COPERNICUS/S1_GRD","band":"VV","value":-10.6808,"farmer_unique_id":"1215291443","site_id":6816},{"date":"2021-07-28","product":"COPERNICUS/S1_GRD","band":"VV","value":-9.8335,"farmer_unique_id":"1215291443","site_id":6816},{"date":"2021-08-09","product":"COPERNICUS/S1_GRD","band":"VV","value":-9.969,"farmer_unique_id":"1215291443","site_id":6816},{"date":"2021-08-21","product":"COPERNICUS/S1_GRD","band":"VV","value":-13.5303,"farmer_unique_id":"1215291443","site_id":6816},{"date":"2021-09-02","product":"COPERNICUS/S1_GRD","band":"VV","value":-11.4369,"farmer_unique_id":"1215291443","site_id":6816},{"date":"2021-09-14","product":"COPERNICUS/S1_GRD","band":"VV","value":-8.62,"farmer_unique_id":"1215291443","site_id":6816},{"date":"2021-09-26","product":"COPERNICUS/S1_GRD","band":"VV","value":-11.1748,"farmer_unique_id":"1215291443","site_id":6816},{"date":"2021-10-08","product":"COPERNICUS/S1_GRD","band":"VV","value":-9.5717,"farmer_unique_id":"1215291443","site_id":6816},{"date":"2021-10-20","product":"COPERNICUS/S1_GRD","band":"VV","value":-10.7435,"farmer_unique_id":"1215291443","site_id":6816},{"date":"2021-11-01","product":"COPERNICUS/S1_GRD","band":"VV","value":-10.3315,"farmer_unique_id":"1215291443","site_id":6816},{"date":"2021-11-13","product":"COPERNICUS/S1_GRD","band":"VV","value":-7.282,"farmer_unique_id":"1215291443","site_id":6816},{"date":"2021-11-25","product":"COPERNICUS/S1_GRD","band":"VV","value":-11.3798,"farmer_unique_id":"1215291443","site_id":6816},{"date":"2021-12-07","product":"COPERNICUS/S1_GRD","band":"VV","value":-9.8221,"farmer_unique_id":"1215291443","site_id":6816},{"date":"2021-12-19","product":"COPERNICUS/S1_GRD","band":"VV","value":-11.7586,"farmer_unique_id":"1215291443","site_id":6816}]
