[{"date":"2020-01-11","product":"COPERNICUS/S1_GRD","band":"VH","value":-12.8368,"farmer_unique_id":"EM1221","site_id":1533},{"date":"2020-01-23","product":"COPERNICUS/S1_GRD","band":"VH","value":-11.6411,"farmer_unique_id":"EM1221","site_id":1533},{"date":"2020-02-04","product":"COPERNICUS/S1_GRD","band":"VH","value":-16.5413,"farmer_unique_id":"EM1221","site_id":1533},{"date":"2020-02-16","product":"COPERNICUS/S1_GRD","band":"VH","value":-14.6119,"farmer_unique_id":"EM1221","site_id":1533},{"date":"2020-02-28","product":"COPERNICUS/S1_GRD","band":"VH","value":-12.9547,"farmer_unique_id":"EM1221","site_id":1533},{"date":"2020-03-11","product":"COPERNICUS/S1_GRD","band":"VH","value":-13.3598,"farmer_unique_id":"EM1221","site_id":1533},{"date":"2020-03-23","product":"COPERNICUS/S1_GRD","band":"VH","value":-14.7047,"farmer_unique_id":"EM1221","site_id":1533},{"date":"2020-04-04","product":"COPERNICUS/S1_GRD","band":"VH","value":-15.4346,"farmer_unique_id":"EM1221","site_id":1533},{"date":"2020-04-16","product":"COPERNICUS/S1_GRD","band":"VH","value":-18.6804,"farmer_unique_id":"EM1221","site_id":1533},{"date":"2020-04-28","product":"COPERNICUS/S1_GRD","band":"VH","value":-15.5999,"farmer_unique_id":"EM1221","site_id":1533},{"date":"2020-05-10","product":"COPERNICUS/S1_GRD","band":"VH","value":-13.1883,"farmer_unique_id":"EM1221","site_id":1533},{"date":"2020-05-22","product":"COPERNICUS/S1_GRD","band":"VH","value":-18.2141,"farmer_unique_id":"EM1221","site_id":1533},{"date":"2020-06-15","product":"COPERNICUS/S1_GRD","band":"VH","value":-12.9795,"farmer_unique_id":"EM1221","site_id":1533},{"date":"2020-06-27","product":"COPERNICUS/S1_GRD","band":"VH","value":-17.3522,"farmer_unique_id":"EM1221","site_id":1533},{"date":"2020-07-09","product":"COPERNICUS/S1_GRD","band":"VH","value":-14.3037,"farmer_unique_id":"EM1221","site_id":1533},{"date":"2020-07-21","product":"COPERNICUS/S1_GRD","band":"VH","value":-13.1574,"farmer_unique_id":"EM1221","site_id":1533},{"date":"2020-08-02","product":"COPERNICUS/S1_GRD","band":"VH","value":-16.0495,"farmer_unique_id":"EM1221","site_id":1533},{"date":"2020-08-14","product":"COPERNICUS/S1_GRD","band":"VH","value":-14.6001,"farmer_unique_id":"EM1221","site_id":1533},{"date":"2020-08-26","product":"COPERNICUS/S1_GRD","band":"VH","value":-17.1927,"farmer_unique_id":"EM1221","site_id":1533},{"date":"2020-09-07","product":"COPERNICUS/S1_GRD","band":"VH","value":-15.288,"farmer_unique_id":"EM1221","site_id":1533},{"date":"2020-09-19","product":"COPERNICUS/S1_GRD","band":"VH","value":-20.8386,"farmer_unique_id":"EM1221","site_id":1533},{"date":"2020-10-01","product":"COPERNICUS/S1_GRD","band":"VH","value":-17.4222,"farmer_unique_id":"EM1221","site_id":1533},{"date":"2020-10-13","product":"COPERNICUS/S1_GRD","band":"VH","value":-18.3283,"farmer_unique_id":"EM1221","site_id":1533},{"date":"2020-10-25","product":"COPERNICUS/S1_GRD","band":"VH","value":-14.4914,"farmer_unique_id":"EM1221","site_id":1533},{"date":"2020-11-06","product":"COPERNICUS/S1_GRD","band":"VH","value":-14.2391,"farmer_unique_id":"EM1221","site_id":1533},{"date":"2020-11-18","product":"COPERNICUS/S1_GRD","band":"VH","value":-13.7985,"farmer_unique_id":"EM1221","site_id":1533},{"date":"2020-11-30","product":"COPERNICUS/S1_GRD","band":"VH","value":-12.8928,"farmer_unique_id":"EM1221","site_id":1533},{"date":"2020-12-12","product":"COPERNICUS/S1_GRD","band":"VH","value":-16.3482,"farmer_unique_id":"EM1221","site_id":1533},{"date":"2020-12-24","product":"COPERNICUS/S1_GRD","band":"VH","value":-15.0996,"farmer_unique_id":"EM1221","site_id":1533},{"date":"2021-01-05","product":"COPERNICUS/S1_GRD","band":"VH","value":-17.0996,"farmer_unique_id":"EM1221","site_id":1533},{"date":"2021-01-17","product":"COPERNICUS/S1_GRD","band":"VH","value":-18.1349,"farmer_unique_id":"EM1221","site_id":1533},{"date":"2021-01-29","product":"COPERNICUS/S1_GRD","band":"VH","value":-13.2236,"farmer_unique_id":"EM1221","site_id":1533},{"date":"2021-02-10","product":"COPERNICUS/S1_GRD","band":"VH","value":-15.4967,"farmer_unique_id":"EM1221","site_id":1533},{"date":"2021-02-22","product":"COPERNICUS/S1_GRD","band":"VH","value":-14.1733,"farmer_unique_id":"EM1221","site_id":1533},{"date":"2021-03-06","product":"COPERNICUS/S1_GRD","band":"VH","value":-16.9973,"farmer_unique_id":"EM1221","site_id":1533},{"date":"2021-03-18","product":"COPERNICUS/S1_GRD","band":"VH","value":-17.7699,"farmer_unique_id":"EM1221","site_id":1533},{"date":"2021-03-30","product":"COPERNICUS/S1_GRD","band":"VH","value":-12.2437,"farmer_unique_id":"EM1221","site_id":1533},{"date":"2021-04-11","product":"COPERNICUS/S1_GRD","band":"VH","value":-16.2629,"farmer_unique_id":"EM1221","site_id":1533},{"date":"2021-04-23","product":"COPERNICUS/S1_GRD","band":"VH","value":-13.047,"farmer_unique_id":"EM1221","site_id":1533},{"date":"2021-05-05","product":"COPERNICUS/S1_GRD","band":"VH","value":-17.3554,"farmer_unique_id":"EM1221","site_id":1533},{"date":"2021-05-17","product":"COPERNICUS/S1_GRD","band":"VH","value":-13.8423,"farmer_unique_id":"EM1221","site_id":1533},{"date":"2021-05-29","product":"COPERNICUS/S1_GRD","band":"VH","value":-14.7952,"farmer_unique_id":"EM1221","site_id":1533},{"date":"2021-06-10","product":"COPERNICUS/S1_GRD","band":"VH","value":-13.0978,"farmer_unique_id":"EM1221","site_id":1533},{"date":"2021-06-22","product":"COPERNICUS/S1_GRD","band":"VH","value":-14.3795,"farmer_unique_id":"EM1221","site_id":1533},{"date":"2021-07-04","product":"COPERNICUS/S1_GRD","band":"VH","value":-14.6133,"farmer_unique_id":"EM1221","site_id":1533},{"date":"2021-07-16","product":"COPERNICUS/S1_GRD","band":"VH","value":-15.4561,"farmer_unique_id":"EM1221","site_id":1533},{"date":"2021-07-28","product":"COPERNICUS/S1_GRD","band":"VH","value":-13.3818,"farmer_unique_id":"EM1221","site_id":1533},{"date":"2021-08-09","product":"COPERNICUS/S1_GRD","band":"VH","value":-12.7269,"farmer_unique_id":"EM1221","site_id":1533},{"date":"2021-08-21","product":"COPERNICUS/S1_GRD","band":"VH","value":-16.1928,"farmer_unique_id":"EM1221","site_id":1533},{"date":"2021-09-02","product":"COPERNICUS/S1_GRD","band":"VH","value":-20.8674,"farmer_unique_id":"EM1221","site_id":1533},{"date":"2021-09-14","product":"COPERNICUS/S1_GRD","band":"VH","value":-15.507,"farmer_unique_id":"EM1221","site_id":1533},{"date":"2021-09-26","product":"COPERNICUS/S1_GRD","band":"VH","value":-14.4472,"farmer_unique_id":"EM1221","site_id":1533},{"date":"2021-10-08","product":"COPERNICUS/S1_GRD","band":"VH","value":-20.0405,"farmer_unique_id":"EM1221","site_id":1533},{"date":"2021-10-20","product":"COPERNICUS/S1_GRD","band":"VH","value":-14.4983,"farmer_unique_id":"EM1221","site_id":1533},{"date":"2021-11-01","product":"COPERNICUS/S1_GRD","band":"VH","value":-13.9018,"farmer_unique_id":"EM1221","site_id":1533},{"date":"2021-11-13","product":"COPERNICUS/S1_GRD","band":"VH","value":-13.5105,"farmer_unique_id":"EM1221","site_id":1533},{"date":"2021-11-25","product":"COPERNICUS/S1_GRD","band":"VH","value":-14.4959,"farmer_unique_id":"EM1221","site_id":1533},{"date":"2021-12-07","product":"COPERNICUS/S1_GRD","band":"VH","value":-14.0184,"farmer_unique_id":"EM1221","site_id":1533},{"date":"2021-12-19","product":"COPERNICUS/S1_GRD","band":"VH","value":-13.6979,"farmer_unique_id":"EM1221","site_id":1533},{"date":"2020-01-11","product":"COPERNICUS/S1_GRD","band":"VV","value":-4.6605,"farmer_unique_id":"EM1221","site_id":1533},{"date":"2020-01-23","product":"COPERNICUS/S1_GRD","band":"VV","value":-3.7314,"farmer_unique_id":"EM1221","site_id":1533},{"date":"2020-02-04","product":"COPERNICUS/S1_GRD","band":"VV","value":-7.7894,"farmer_unique_id":"EM1221","site_id":1533},{"date":"2020-02-16","product":"COPERNICUS/S1_GRD","band":"VV","value":-7.0683,"farmer_unique_id":"EM1221","site_id":1533},{"date":"2020-02-28","product":"COPERNICUS/S1_GRD","band":"VV","value":-2.9654,"farmer_unique_id":"EM1221","site_id":1533},{"date":"2020-03-11","product":"COPERNICUS/S1_GRD","band":"VV","value":-9.1026,"farmer_unique_id":"EM1221","site_id":1533},{"date":"2020-03-23","product":"COPERNICUS/S1_GRD","band":"VV","value":-7.8704,"farmer_unique_id":"EM1221","site_id":1533},{"date":"2020-04-04","product":"COPERNICUS/S1_GRD","band":"VV","value":-7.4915,"farmer_unique_id":"EM1221","site_id":1533},{"date":"2020-04-16","product":"COPERNICUS/S1_GRD","band":"VV","value":-9.4016,"farmer_unique_id":"EM1221","site_id":1533},{"date":"2020-04-28","product":"COPERNICUS/S1_GRD","band":"VV","value":-5.2569,"farmer_unique_id":"EM1221","site_id":1533},{"date":"2020-05-10","product":"COPERNICUS/S1_GRD","band":"VV","value":-10.9621,"farmer_unique_id":"EM1221","site_id":1533},{"date":"2020-05-22","product":"COPERNICUS/S1_GRD","band":"VV","value":-6.4251,"farmer_unique_id":"EM1221","site_id":1533},{"date":"2020-06-15","product":"COPERNICUS/S1_GRD","band":"VV","value":-7.583,"farmer_unique_id":"EM1221","site_id":1533},{"date":"2020-06-27","product":"COPERNICUS/S1_GRD","band":"VV","value":-2.3585,"farmer_unique_id":"EM1221","site_id":1533},{"date":"2020-07-09","product":"COPERNICUS/S1_GRD","band":"VV","value":-7.6426,"farmer_unique_id":"EM1221","site_id":1533},{"date":"2020-07-21","product":"COPERNICUS/S1_GRD","band":"VV","value":-8.2813,"farmer_unique_id":"EM1221","site_id":1533},{"date":"2020-08-02","product":"COPERNICUS/S1_GRD","band":"VV","value":-5.3897,"farmer_unique_id":"EM1221","site_id":1533},{"date":"2020-08-14","product":"COPERNICUS/S1_GRD","band":"VV","value":-8.3701,"farmer_unique_id":"EM1221","site_id":1533},{"date":"2020-08-26","product":"COPERNICUS/S1_GRD","band":"VV","value":-8.1373,"farmer_unique_id":"EM1221","site_id":1533},{"date":"2020-09-07","product":"COPERNICUS/S1_GRD","band":"VV","value":-8.0307,"farmer_unique_id":"EM1221","site_id":1533},{"date":"2020-09-19","product":"COPERNICUS/S1_GRD","band":"VV","value":-6.795,"farmer_unique_id":"EM1221","site_id":1533},{"date":"2020-10-01","product":"COPERNICUS/S1_GRD","band":"VV","value":-10.0084,"farmer_unique_id":"EM1221","site_id":1533},{"date":"2020-10-13","product":"COPERNICUS/S1_GRD","band":"VV","value":-8.4074,"farmer_unique_id":"EM1221","site_id":1533},{"date":"2020-10-25","product":"COPERNICUS/S1_GRD","band":"VV","value":-6.7991,"farmer_unique_id":"EM1221","site_id":1533},{"date":"2020-11-06","product":"COPERNICUS/S1_GRD","band":"VV","value":-8.1809,"farmer_unique_id":"EM1221","site_id":1533},{"date":"2020-11-18","product":"COPERNICUS/S1_GRD","band":"VV","value":-6.8681,"farmer_unique_id":"EM1221","site_id":1533},{"date":"2020-11-30","product":"COPERNICUS/S1_GRD","band":"VV","value":-4.5389,"farmer_unique_id":"EM1221","site_id":1533},{"date":"2020-12-12","product":"COPERNICUS/S1_GRD","band":"VV","value":-8.9725,"farmer_unique_id":"EM1221","site_id":1533},{"date":"2020-12-24","product":"COPERNICUS/S1_GRD","band":"VV","value":-3.4073,"farmer_unique_id":"EM1221","site_id":1533},{"date":"2021-01-05","product":"COPERNICUS/S1_GRD","band":"VV","value":-6.4563,"farmer_unique_id":"EM1221","site_id":1533},{"date":"2021-01-17","product":"COPERNICUS/S1_GRD","band":"VV","value":-9.4824,"farmer_unique_id":"EM1221","site_id":1533},{"date":"2021-01-29","product":"COPERNICUS/S1_GRD","band":"VV","value":-6.1172,"farmer_unique_id":"EM1221","site_id":1533},{"date":"2021-02-10","product":"COPERNICUS/S1_GRD","band":"VV","value":-5.7081,"farmer_unique_id":"EM1221","site_id":1533},{"date":"2021-02-22","product":"COPERNICUS/S1_GRD","band":"VV","value":-6.4636,"farmer_unique_id":"EM1221","site_id":1533},{"date":"2021-03-06","product":"COPERNICUS/S1_GRD","band":"VV","value":-6.1885,"farmer_unique_id":"EM1221","site_id":1533},{"date":"2021-03-18","product":"COPERNICUS/S1_GRD","band":"VV","value":-6.2121,"farmer_unique_id":"EM1221","site_id":1533},{"date":"2021-03-30","product":"COPERNICUS/S1_GRD","band":"VV","value":-6.4146,"farmer_unique_id":"EM1221","site_id":1533},{"date":"2021-04-11","product":"COPERNICUS/S1_GRD","band":"VV","value":-5.5888,"farmer_unique_id":"EM1221","site_id":1533},{"date":"2021-04-23","product":"COPERNICUS/S1_GRD","band":"VV","value":-4.5216,"farmer_unique_id":"EM1221","site_id":1533},{"date":"2021-05-05","product":"COPERNICUS/S1_GRD","band":"VV","value":-7.8795,"farmer_unique_id":"EM1221","site_id":1533},{"date":"2021-05-17","product":"COPERNICUS/S1_GRD","band":"VV","value":-7.7152,"farmer_unique_id":"EM1221","site_id":1533},{"date":"2021-05-29","product":"COPERNICUS/S1_GRD","band":"VV","value":-6.1765,"farmer_unique_id":"EM1221","site_id":1533},{"date":"2021-06-10","product":"COPERNICUS/S1_GRD","band":"VV","value":-7.5438,"farmer_unique_id":"EM1221","site_id":1533},{"date":"2021-06-22","product":"COPERNICUS/S1_GRD","band":"VV","value":-7.1974,"farmer_unique_id":"EM1221","site_id":1533},{"date":"2021-07-04","product":"COPERNICUS/S1_GRD","band":"VV","value":-5.7033,"farmer_unique_id":"EM1221","site_id":1533},{"date":"2021-07-16","product":"COPERNICUS/S1_GRD","band":"VV","value":-7.837,"farmer_unique_id":"EM1221","site_id":1533},{"date":"2021-07-28","product":"COPERNICUS/S1_GRD","band":"VV","value":-7.5185,"farmer_unique_id":"EM1221","site_id":1533},{"date":"2021-08-09","product":"COPERNICUS/S1_GRD","band":"VV","value":-7.0556,"farmer_unique_id":"EM1221","site_id":1533},{"date":"2021-08-21","product":"COPERNICUS/S1_GRD","band":"VV","value":-8.6718,"farmer_unique_id":"EM1221","site_id":1533},{"date":"2021-09-02","product":"COPERNICUS/S1_GRD","band":"VV","value":-5.8733,"farmer_unique_id":"EM1221","site_id":1533},{"date":"2021-09-14","product":"COPERNICUS/S1_GRD","band":"VV","value":-7.8911,"farmer_unique_id":"EM1221","site_id":1533},{"date":"2021-09-26","product":"COPERNICUS/S1_GRD","band":"VV","value":-5.55,"farmer_unique_id":"EM1221","site_id":1533},{"date":"2021-10-08","product":"COPERNICUS/S1_GRD","band":"VV","value":-8.2222,"farmer_unique_id":"EM1221","site_id":1533},{"date":"2021-10-20","product":"COPERNICUS/S1_GRD","band":"VV","value":-4.9826,"farmer_unique_id":"EM1221","site_id":1533},{"date":"2021-11-01","product":"COPERNICUS/S1_GRD","band":"VV","value":-6.2912,"farmer_unique_id":"EM1221","site_id":1533},{"date":"2021-11-13","product":"COPERNICUS/S1_GRD","band":"VV","value":-7.4315,"farmer_unique_id":"EM1221","site_id":1533},{"date":"2021-11-25","product":"COPERNICUS/S1_GRD","band":"VV","value":-5.5607,"farmer_unique_id":"EM1221","site_id":1533},{"date":"2021-12-07","product":"COPERNICUS/S1_GRD","band":"VV","value":-9.697,"farmer_unique_id":"EM1221","site_id":1533},{"date":"2021-12-19","product":"COPERNICUS/S1_GRD","band":"VV","value":-3.3592,"farmer_unique_id":"EM1221","site_id":1533}]
