[{"date":"2020-01-11","product":"COPERNICUS/S1_GRD","band":"VH","value":-18.6101,"farmer_unique_id":"4005481","site_id":2819},{"date":"2020-01-23","product":"COPERNICUS/S1_GRD","band":"VH","value":-15.9808,"farmer_unique_id":"4005481","site_id":2819},{"date":"2020-02-04","product":"COPERNICUS/S1_GRD","band":"VH","value":-16.2601,"farmer_unique_id":"4005481","site_id":2819},{"date":"2020-02-16","product":"COPERNICUS/S1_GRD","band":"VH","value":-15.7724,"farmer_unique_id":"4005481","site_id":2819},{"date":"2020-02-28","product":"COPERNICUS/S1_GRD","band":"VH","value":-19.7194,"farmer_unique_id":"4005481","site_id":2819},{"date":"2020-03-11","product":"COPERNICUS/S1_GRD","band":"VH","value":-17.1773,"farmer_unique_id":"4005481","site_id":2819},{"date":"2020-03-23","product":"COPERNICUS/S1_GRD","band":"VH","value":-18.3236,"farmer_unique_id":"4005481","site_id":2819},{"date":"2020-04-04","product":"COPERNICUS/S1_GRD","band":"VH","value":-19.1324,"farmer_unique_id":"4005481","site_id":2819},{"date":"2020-04-16","product":"COPERNICUS/S1_GRD","band":"VH","value":-15.063,"farmer_unique_id":"4005481","site_id":2819},{"date":"2020-04-28","product":"COPERNICUS/S1_GRD","band":"VH","value":-16.0928,"farmer_unique_id":"4005481","site_id":2819},{"date":"2020-05-10","product":"COPERNICUS/S1_GRD","band":"VH","value":-14.4889,"farmer_unique_id":"4005481","site_id":2819},{"date":"2020-05-22","product":"COPERNICUS/S1_GRD","band":"VH","value":-13.1079,"farmer_unique_id":"4005481","site_id":2819},{"date":"2020-06-15","product":"COPERNICUS/S1_GRD","band":"VH","value":-15.1188,"farmer_unique_id":"4005481","site_id":2819},{"date":"2020-06-27","product":"COPERNICUS/S1_GRD","band":"VH","value":-17.4586,"farmer_unique_id":"4005481","site_id":2819},{"date":"2020-07-09","product":"COPERNICUS/S1_GRD","band":"VH","value":-17.533,"farmer_unique_id":"4005481","site_id":2819},{"date":"2020-07-21","product":"COPERNICUS/S1_GRD","band":"VH","value":-17.9987,"farmer_unique_id":"4005481","site_id":2819},{"date":"2020-08-02","product":"COPERNICUS/S1_GRD","band":"VH","value":-14.4545,"farmer_unique_id":"4005481","site_id":2819},{"date":"2020-08-14","product":"COPERNICUS/S1_GRD","band":"VH","value":-16.6737,"farmer_unique_id":"4005481","site_id":2819},{"date":"2020-08-26","product":"COPERNICUS/S1_GRD","band":"VH","value":-21.9033,"farmer_unique_id":"4005481","site_id":2819},{"date":"2020-09-07","product":"COPERNICUS/S1_GRD","band":"VH","value":-18.3463,"farmer_unique_id":"4005481","site_id":2819},{"date":"2020-09-19","product":"COPERNICUS/S1_GRD","band":"VH","value":-19.2982,"farmer_unique_id":"4005481","site_id":2819},{"date":"2020-10-01","product":"COPERNICUS/S1_GRD","band":"VH","value":-17.0224,"farmer_unique_id":"4005481","site_id":2819},{"date":"2020-10-13","product":"COPERNICUS/S1_GRD","band":"VH","value":-15.0577,"farmer_unique_id":"4005481","site_id":2819},{"date":"2020-10-25","product":"COPERNICUS/S1_GRD","band":"VH","value":-15.5167,"farmer_unique_id":"4005481","site_id":2819},{"date":"2020-11-06","product":"COPERNICUS/S1_GRD","band":"VH","value":-19.0074,"farmer_unique_id":"4005481","site_id":2819},{"date":"2020-11-18","product":"COPERNICUS/S1_GRD","band":"VH","value":-17.1221,"farmer_unique_id":"4005481","site_id":2819},{"date":"2020-11-30","product":"COPERNICUS/S1_GRD","band":"VH","value":-18.0529,"farmer_unique_id":"4005481","site_id":2819},{"date":"2020-12-12","product":"COPERNICUS/S1_GRD","band":"VH","value":-20.0004,"farmer_unique_id":"4005481","site_id":2819},{"date":"2020-12-24","product":"COPERNICUS/S1_GRD","band":"VH","value":-22.8748,"farmer_unique_id":"4005481","site_id":2819},{"date":"2021-01-05","product":"COPERNICUS/S1_GRD","band":"VH","value":-16.5836,"farmer_unique_id":"4005481","site_id":2819},{"date":"2021-01-17","product":"COPERNICUS/S1_GRD","band":"VH","value":-16.2819,"farmer_unique_id":"4005481","site_id":2819},{"date":"2021-01-29","product":"COPERNICUS/S1_GRD","band":"VH","value":-19.9761,"farmer_unique_id":"4005481","site_id":2819},{"date":"2021-02-10","product":"COPERNICUS/S1_GRD","band":"VH","value":-17.7566,"farmer_unique_id":"4005481","site_id":2819},{"date":"2021-02-22","product":"COPERNICUS/S1_GRD","band":"VH","value":-15.1032,"farmer_unique_id":"4005481","site_id":2819},{"date":"2021-03-06","product":"COPERNICUS/S1_GRD","band":"VH","value":-16.8382,"farmer_unique_id":"4005481","site_id":2819},{"date":"2021-03-18","product":"COPERNICUS/S1_GRD","band":"VH","value":-25.4664,"farmer_unique_id":"4005481","site_id":2819},{"date":"2021-03-30","product":"COPERNICUS/S1_GRD","band":"VH","value":-21.9031,"farmer_unique_id":"4005481","site_id":2819},{"date":"2021-04-11","product":"COPERNICUS/S1_GRD","band":"VH","value":-16.538,"farmer_unique_id":"4005481","site_id":2819},{"date":"2021-04-23","product":"COPERNICUS/S1_GRD","band":"VH","value":-23.6316,"farmer_unique_id":"4005481","site_id":2819},{"date":"2021-05-05","product":"COPERNICUS/S1_GRD","band":"VH","value":-16.1336,"farmer_unique_id":"4005481","site_id":2819},{"date":"2021-05-17","product":"COPERNICUS/S1_GRD","band":"VH","value":-19.1703,"farmer_unique_id":"4005481","site_id":2819},{"date":"2021-05-29","product":"COPERNICUS/S1_GRD","band":"VH","value":-14.1115,"farmer_unique_id":"4005481","site_id":2819},{"date":"2021-06-10","product":"COPERNICUS/S1_GRD","band":"VH","value":-17.6977,"farmer_unique_id":"4005481","site_id":2819},{"date":"2021-06-22","product":"COPERNICUS/S1_GRD","band":"VH","value":-20.1207,"farmer_unique_id":"4005481","site_id":2819},{"date":"2021-07-04","product":"COPERNICUS/S1_GRD","band":"VH","value":-21.3214,"farmer_unique_id":"4005481","site_id":2819},{"date":"2021-07-16","product":"COPERNICUS/S1_GRD","band":"VH","value":-18.0943,"farmer_unique_id":"4005481","site_id":2819},{"date":"2021-07-28","product":"COPERNICUS/S1_GRD","band":"VH","value":-19.177,"farmer_unique_id":"4005481","site_id":2819},{"date":"2021-08-09","product":"COPERNICUS/S1_GRD","band":"VH","value":-23.9218,"farmer_unique_id":"4005481","site_id":2819},{"date":"2021-08-21","product":"COPERNICUS/S1_GRD","band":"VH","value":-22.315,"farmer_unique_id":"4005481","site_id":2819},{"date":"2021-09-02","product":"COPERNICUS/S1_GRD","band":"VH","value":-22.1719,"farmer_unique_id":"4005481","site_id":2819},{"date":"2021-09-14","product":"COPERNICUS/S1_GRD","band":"VH","value":-22.0003,"farmer_unique_id":"4005481","site_id":2819},{"date":"2021-09-26","product":"COPERNICUS/S1_GRD","band":"VH","value":-17.4804,"farmer_unique_id":"4005481","site_id":2819},{"date":"2021-10-08","product":"COPERNICUS/S1_GRD","band":"VH","value":-17.4762,"farmer_unique_id":"4005481","site_id":2819},{"date":"2021-10-20","product":"COPERNICUS/S1_GRD","band":"VH","value":-18.9575,"farmer_unique_id":"4005481","site_id":2819},{"date":"2021-11-01","product":"COPERNICUS/S1_GRD","band":"VH","value":-18.2402,"farmer_unique_id":"4005481","site_id":2819},{"date":"2021-11-13","product":"COPERNICUS/S1_GRD","band":"VH","value":-22.6013,"farmer_unique_id":"4005481","site_id":2819},{"date":"2021-11-25","product":"COPERNICUS/S1_GRD","band":"VH","value":-16.7083,"farmer_unique_id":"4005481","site_id":2819},{"date":"2021-12-07","product":"COPERNICUS/S1_GRD","band":"VH","value":-19.4707,"farmer_unique_id":"4005481","site_id":2819},{"date":"2021-12-19","product":"COPERNICUS/S1_GRD","band":"VH","value":-16.7804,"farmer_unique_id":"4005481","site_id":2819},{"date":"2020-01-11","product":"COPERNICUS/S1_GRD","band":"VV","value":-8.32,"farmer_unique_id":"4005481","site_id":2819},{"date":"2020-01-23","product":"COPERNICUS/S1_GRD","band":"VV","value":-9.9066,"farmer_unique_id":"4005481","site_id":2819},{"date":"2020-02-04","product":"COPERNICUS/S1_GRD","band":"VV","value":-7.601,"farmer_unique_id":"4005481","site_id":2819},{"date":"2020-02-16","product":"COPERNICUS/S1_GRD","band":"VV","value":-7.7292,"farmer_unique_id":"4005481","site_id":2819},{"date":"2020-02-28","product":"COPERNICUS/S1_GRD","band":"VV","value":-7.4639,"farmer_unique_id":"4005481","site_id":2819},{"date":"2020-03-11","product":"COPERNICUS/S1_GRD","band":"VV","value":-10.3822,"farmer_unique_id":"4005481","site_id":2819},{"date":"2020-03-23","product":"COPERNICUS/S1_GRD","band":"VV","value":-9.7145,"farmer_unique_id":"4005481","site_id":2819},{"date":"2020-04-04","product":"COPERNICUS/S1_GRD","band":"VV","value":-9.3248,"farmer_unique_id":"4005481","site_id":2819},{"date":"2020-04-16","product":"COPERNICUS/S1_GRD","band":"VV","value":-6.8383,"farmer_unique_id":"4005481","site_id":2819},{"date":"2020-04-28","product":"COPERNICUS/S1_GRD","band":"VV","value":-8.2183,"farmer_unique_id":"4005481","site_id":2819},{"date":"2020-05-10","product":"COPERNICUS/S1_GRD","band":"VV","value":-10.7963,"farmer_unique_id":"4005481","site_id":2819},{"date":"2020-05-22","product":"COPERNICUS/S1_GRD","band":"VV","value":-7.0329,"farmer_unique_id":"4005481","site_id":2819},{"date":"2020-06-15","product":"COPERNICUS/S1_GRD","band":"VV","value":-13.4523,"farmer_unique_id":"4005481","site_id":2819},{"date":"2020-06-27","product":"COPERNICUS/S1_GRD","band":"VV","value":-8.6879,"farmer_unique_id":"4005481","site_id":2819},{"date":"2020-07-09","product":"COPERNICUS/S1_GRD","band":"VV","value":-10.5551,"farmer_unique_id":"4005481","site_id":2819},{"date":"2020-07-21","product":"COPERNICUS/S1_GRD","band":"VV","value":-12.8947,"farmer_unique_id":"4005481","site_id":2819},{"date":"2020-08-02","product":"COPERNICUS/S1_GRD","band":"VV","value":-10.57,"farmer_unique_id":"4005481","site_id":2819},{"date":"2020-08-14","product":"COPERNICUS/S1_GRD","band":"VV","value":-11.8084,"farmer_unique_id":"4005481","site_id":2819},{"date":"2020-08-26","product":"COPERNICUS/S1_GRD","band":"VV","value":-12.7802,"farmer_unique_id":"4005481","site_id":2819},{"date":"2020-09-07","product":"COPERNICUS/S1_GRD","band":"VV","value":-11.1287,"farmer_unique_id":"4005481","site_id":2819},{"date":"2020-09-19","product":"COPERNICUS/S1_GRD","band":"VV","value":-13.5557,"farmer_unique_id":"4005481","site_id":2819},{"date":"2020-10-01","product":"COPERNICUS/S1_GRD","band":"VV","value":-10.9854,"farmer_unique_id":"4005481","site_id":2819},{"date":"2020-10-13","product":"COPERNICUS/S1_GRD","band":"VV","value":-18.3597,"farmer_unique_id":"4005481","site_id":2819},{"date":"2020-10-25","product":"COPERNICUS/S1_GRD","band":"VV","value":-12.9543,"farmer_unique_id":"4005481","site_id":2819},{"date":"2020-11-06","product":"COPERNICUS/S1_GRD","band":"VV","value":-13.7557,"farmer_unique_id":"4005481","site_id":2819},{"date":"2020-11-18","product":"COPERNICUS/S1_GRD","band":"VV","value":-12.845,"farmer_unique_id":"4005481","site_id":2819},{"date":"2020-11-30","product":"COPERNICUS/S1_GRD","band":"VV","value":-9.4611,"farmer_unique_id":"4005481","site_id":2819},{"date":"2020-12-12","product":"COPERNICUS/S1_GRD","band":"VV","value":-10.4738,"farmer_unique_id":"4005481","site_id":2819},{"date":"2020-12-24","product":"COPERNICUS/S1_GRD","band":"VV","value":-12.2965,"farmer_unique_id":"4005481","site_id":2819},{"date":"2021-01-05","product":"COPERNICUS/S1_GRD","band":"VV","value":-12.2593,"farmer_unique_id":"4005481","site_id":2819},{"date":"2021-01-17","product":"COPERNICUS/S1_GRD","band":"VV","value":-10.2072,"farmer_unique_id":"4005481","site_id":2819},{"date":"2021-01-29","product":"COPERNICUS/S1_GRD","band":"VV","value":-11.7775,"farmer_unique_id":"4005481","site_id":2819},{"date":"2021-02-10","product":"COPERNICUS/S1_GRD","band":"VV","value":-9.8368,"farmer_unique_id":"4005481","site_id":2819},{"date":"2021-02-22","product":"COPERNICUS/S1_GRD","band":"VV","value":-8.8454,"farmer_unique_id":"4005481","site_id":2819},{"date":"2021-03-06","product":"COPERNICUS/S1_GRD","band":"VV","value":-22.4604,"farmer_unique_id":"4005481","site_id":2819},{"date":"2021-03-18","product":"COPERNICUS/S1_GRD","band":"VV","value":-9.5934,"farmer_unique_id":"4005481","site_id":2819},{"date":"2021-03-30","product":"COPERNICUS/S1_GRD","band":"VV","value":-9.5113,"farmer_unique_id":"4005481","site_id":2819},{"date":"2021-04-11","product":"COPERNICUS/S1_GRD","band":"VV","value":-11.9245,"farmer_unique_id":"4005481","site_id":2819},{"date":"2021-04-23","product":"COPERNICUS/S1_GRD","band":"VV","value":-11.9955,"farmer_unique_id":"4005481","site_id":2819},{"date":"2021-05-05","product":"COPERNICUS/S1_GRD","band":"VV","value":-9.3841,"farmer_unique_id":"4005481","site_id":2819},{"date":"2021-05-17","product":"COPERNICUS/S1_GRD","band":"VV","value":-14.5262,"farmer_unique_id":"4005481","site_id":2819},{"date":"2021-05-29","product":"COPERNICUS/S1_GRD","band":"VV","value":-9.7772,"farmer_unique_id":"4005481","site_id":2819},{"date":"2021-06-10","product":"COPERNICUS/S1_GRD","band":"VV","value":-13.3457,"farmer_unique_id":"4005481","site_id":2819},{"date":"2021-06-22","product":"COPERNICUS/S1_GRD","band":"VV","value":-8.8059,"farmer_unique_id":"4005481","site_id":2819},{"date":"2021-07-04","product":"COPERNICUS/S1_GRD","band":"VV","value":-12.3014,"farmer_unique_id":"4005481","site_id":2819},{"date":"2021-07-16","product":"COPERNICUS/S1_GRD","band":"VV","value":-14.2573,"farmer_unique_id":"4005481","site_id":2819},{"date":"2021-07-28","product":"COPERNICUS/S1_GRD","band":"VV","value":-12.5547,"farmer_unique_id":"4005481","site_id":2819},{"date":"2021-08-09","product":"COPERNICUS/S1_GRD","band":"VV","value":-12.261,"farmer_unique_id":"4005481","site_id":2819},{"date":"2021-08-21","product":"COPERNICUS/S1_GRD","band":"VV","value":-14.4403,"farmer_unique_id":"4005481","site_id":2819},{"date":"2021-09-02","product":"COPERNICUS/S1_GRD","band":"VV","value":-13.2595,"farmer_unique_id":"4005481","site_id":2819},{"date":"2021-09-14","product":"COPERNICUS/S1_GRD","band":"VV","value":-13.555,"farmer_unique_id":"4005481","site_id":2819},{"date":"2021-09-26","product":"COPERNICUS/S1_GRD","band":"VV","value":-14.9825,"farmer_unique_id":"4005481","site_id":2819},{"date":"2021-10-08","product":"COPERNICUS/S1_GRD","band":"VV","value":-14.5955,"farmer_unique_id":"4005481","site_id":2819},{"date":"2021-10-20","product":"COPERNICUS/S1_GRD","band":"VV","value":-14.3955,"farmer_unique_id":"4005481","site_id":2819},{"date":"2021-11-01","product":"COPERNICUS/S1_GRD","band":"VV","value":-14.1364,"farmer_unique_id":"4005481","site_id":2819},{"date":"2021-11-13","product":"COPERNICUS/S1_GRD","band":"VV","value":-16.6637,"farmer_unique_id":"4005481","site_id":2819},{"date":"2021-11-25","product":"COPERNICUS/S1_GRD","band":"VV","value":-12.2485,"farmer_unique_id":"4005481","site_id":2819},{"date":"2021-12-07","product":"COPERNICUS/S1_GRD","band":"VV","value":-13.8291,"farmer_unique_id":"4005481","site_id":2819},{"date":"2021-12-19","product":"COPERNICUS/S1_GRD","band":"VV","value":-17.578,"farmer_unique_id":"4005481","site_id":2819}]
