[{"date":"2020-01-11","product":"COPERNICUS/S1_GRD","band":"VH","value":-17.5285,"farmer_unique_id":"1094611","site_id":2607},{"date":"2020-01-23","product":"COPERNICUS/S1_GRD","band":"VH","value":-16.2915,"farmer_unique_id":"1094611","site_id":2607},{"date":"2020-02-04","product":"COPERNICUS/S1_GRD","band":"VH","value":-16.6166,"farmer_unique_id":"1094611","site_id":2607},{"date":"2020-02-16","product":"COPERNICUS/S1_GRD","band":"VH","value":-17.6673,"farmer_unique_id":"1094611","site_id":2607},{"date":"2020-02-28","product":"COPERNICUS/S1_GRD","band":"VH","value":-16.5912,"farmer_unique_id":"1094611","site_id":2607},{"date":"2020-03-11","product":"COPERNICUS/S1_GRD","band":"VH","value":-15.2686,"farmer_unique_id":"1094611","site_id":2607},{"date":"2020-03-23","product":"COPERNICUS/S1_GRD","band":"VH","value":-14.2458,"farmer_unique_id":"1094611","site_id":2607},{"date":"2020-04-04","product":"COPERNICUS/S1_GRD","band":"VH","value":-15.1514,"farmer_unique_id":"1094611","site_id":2607},{"date":"2020-04-16","product":"COPERNICUS/S1_GRD","band":"VH","value":-18.7222,"farmer_unique_id":"1094611","site_id":2607},{"date":"2020-04-28","product":"COPERNICUS/S1_GRD","band":"VH","value":-18.7676,"farmer_unique_id":"1094611","site_id":2607},{"date":"2020-05-10","product":"COPERNICUS/S1_GRD","band":"VH","value":-14.0847,"farmer_unique_id":"1094611","site_id":2607},{"date":"2020-05-22","product":"COPERNICUS/S1_GRD","band":"VH","value":-12.8009,"farmer_unique_id":"1094611","site_id":2607},{"date":"2020-06-03","product":"COPERNICUS/S1_GRD","band":"VH","value":-15.6446,"farmer_unique_id":"1094611","site_id":2607},{"date":"2020-06-15","product":"COPERNICUS/S1_GRD","band":"VH","value":-16.2381,"farmer_unique_id":"1094611","site_id":2607},{"date":"2020-06-27","product":"COPERNICUS/S1_GRD","band":"VH","value":-14.2127,"farmer_unique_id":"1094611","site_id":2607},{"date":"2020-07-09","product":"COPERNICUS/S1_GRD","band":"VH","value":-17.8549,"farmer_unique_id":"1094611","site_id":2607},{"date":"2020-07-21","product":"COPERNICUS/S1_GRD","band":"VH","value":-16.9821,"farmer_unique_id":"1094611","site_id":2607},{"date":"2020-08-02","product":"COPERNICUS/S1_GRD","band":"VH","value":-15.2763,"farmer_unique_id":"1094611","site_id":2607},{"date":"2020-08-14","product":"COPERNICUS/S1_GRD","band":"VH","value":-20.9056,"farmer_unique_id":"1094611","site_id":2607},{"date":"2020-08-26","product":"COPERNICUS/S1_GRD","band":"VH","value":-22.6893,"farmer_unique_id":"1094611","site_id":2607},{"date":"2020-09-07","product":"COPERNICUS/S1_GRD","band":"VH","value":-15.2954,"farmer_unique_id":"1094611","site_id":2607},{"date":"2020-09-19","product":"COPERNICUS/S1_GRD","band":"VH","value":-20.1528,"farmer_unique_id":"1094611","site_id":2607},{"date":"2020-10-01","product":"COPERNICUS/S1_GRD","band":"VH","value":-22.4299,"farmer_unique_id":"1094611","site_id":2607},{"date":"2020-10-13","product":"COPERNICUS/S1_GRD","band":"VH","value":-18.7459,"farmer_unique_id":"1094611","site_id":2607},{"date":"2020-10-25","product":"COPERNICUS/S1_GRD","band":"VH","value":-23.0263,"farmer_unique_id":"1094611","site_id":2607},{"date":"2020-11-06","product":"COPERNICUS/S1_GRD","band":"VH","value":-18.8036,"farmer_unique_id":"1094611","site_id":2607},{"date":"2020-11-18","product":"COPERNICUS/S1_GRD","band":"VH","value":-20.8386,"farmer_unique_id":"1094611","site_id":2607},{"date":"2020-11-30","product":"COPERNICUS/S1_GRD","band":"VH","value":-17.9054,"farmer_unique_id":"1094611","site_id":2607},{"date":"2020-12-12","product":"COPERNICUS/S1_GRD","band":"VH","value":-17.2561,"farmer_unique_id":"1094611","site_id":2607},{"date":"2020-12-24","product":"COPERNICUS/S1_GRD","band":"VH","value":-14.1405,"farmer_unique_id":"1094611","site_id":2607},{"date":"2021-01-05","product":"COPERNICUS/S1_GRD","band":"VH","value":-16.9314,"farmer_unique_id":"1094611","site_id":2607},{"date":"2021-01-17","product":"COPERNICUS/S1_GRD","band":"VH","value":-12.8515,"farmer_unique_id":"1094611","site_id":2607},{"date":"2021-01-29","product":"COPERNICUS/S1_GRD","band":"VH","value":-15.2612,"farmer_unique_id":"1094611","site_id":2607},{"date":"2021-02-10","product":"COPERNICUS/S1_GRD","band":"VH","value":-14.9093,"farmer_unique_id":"1094611","site_id":2607},{"date":"2021-02-22","product":"COPERNICUS/S1_GRD","band":"VH","value":-16.8039,"farmer_unique_id":"1094611","site_id":2607},{"date":"2021-03-06","product":"COPERNICUS/S1_GRD","band":"VH","value":-17.9653,"farmer_unique_id":"1094611","site_id":2607},{"date":"2021-03-18","product":"COPERNICUS/S1_GRD","band":"VH","value":-11.9897,"farmer_unique_id":"1094611","site_id":2607},{"date":"2021-03-30","product":"COPERNICUS/S1_GRD","band":"VH","value":-14.4683,"farmer_unique_id":"1094611","site_id":2607},{"date":"2021-04-11","product":"COPERNICUS/S1_GRD","band":"VH","value":-18.6218,"farmer_unique_id":"1094611","site_id":2607},{"date":"2021-04-23","product":"COPERNICUS/S1_GRD","band":"VH","value":-15.5732,"farmer_unique_id":"1094611","site_id":2607},{"date":"2021-05-05","product":"COPERNICUS/S1_GRD","band":"VH","value":-12.53,"farmer_unique_id":"1094611","site_id":2607},{"date":"2021-05-17","product":"COPERNICUS/S1_GRD","band":"VH","value":-14.552,"farmer_unique_id":"1094611","site_id":2607},{"date":"2021-05-29","product":"COPERNICUS/S1_GRD","band":"VH","value":-15.4614,"farmer_unique_id":"1094611","site_id":2607},{"date":"2021-06-10","product":"COPERNICUS/S1_GRD","band":"VH","value":-11.8826,"farmer_unique_id":"1094611","site_id":2607},{"date":"2021-06-22","product":"COPERNICUS/S1_GRD","band":"VH","value":-15.3477,"farmer_unique_id":"1094611","site_id":2607},{"date":"2021-07-04","product":"COPERNICUS/S1_GRD","band":"VH","value":-17.1905,"farmer_unique_id":"1094611","site_id":2607},{"date":"2021-07-16","product":"COPERNICUS/S1_GRD","band":"VH","value":-15.8353,"farmer_unique_id":"1094611","site_id":2607},{"date":"2021-07-28","product":"COPERNICUS/S1_GRD","band":"VH","value":-18.2987,"farmer_unique_id":"1094611","site_id":2607},{"date":"2021-08-09","product":"COPERNICUS/S1_GRD","band":"VH","value":-18.7969,"farmer_unique_id":"1094611","site_id":2607},{"date":"2021-08-21","product":"COPERNICUS/S1_GRD","band":"VH","value":-19.2334,"farmer_unique_id":"1094611","site_id":2607},{"date":"2021-09-02","product":"COPERNICUS/S1_GRD","band":"VH","value":-18.9328,"farmer_unique_id":"1094611","site_id":2607},{"date":"2021-09-14","product":"COPERNICUS/S1_GRD","band":"VH","value":-21.7933,"farmer_unique_id":"1094611","site_id":2607},{"date":"2021-09-26","product":"COPERNICUS/S1_GRD","band":"VH","value":-16.5747,"farmer_unique_id":"1094611","site_id":2607},{"date":"2021-10-08","product":"COPERNICUS/S1_GRD","band":"VH","value":-15.1833,"farmer_unique_id":"1094611","site_id":2607},{"date":"2021-10-20","product":"COPERNICUS/S1_GRD","band":"VH","value":-16.4104,"farmer_unique_id":"1094611","site_id":2607},{"date":"2021-11-01","product":"COPERNICUS/S1_GRD","band":"VH","value":-18.4252,"farmer_unique_id":"1094611","site_id":2607},{"date":"2021-11-13","product":"COPERNICUS/S1_GRD","band":"VH","value":-15.7592,"farmer_unique_id":"1094611","site_id":2607},{"date":"2021-11-25","product":"COPERNICUS/S1_GRD","band":"VH","value":-10.7896,"farmer_unique_id":"1094611","site_id":2607},{"date":"2021-12-07","product":"COPERNICUS/S1_GRD","band":"VH","value":-12.2641,"farmer_unique_id":"1094611","site_id":2607},{"date":"2021-12-19","product":"COPERNICUS/S1_GRD","band":"VH","value":-16.5273,"farmer_unique_id":"1094611","site_id":2607},{"date":"2020-01-11","product":"COPERNICUS/S1_GRD","band":"VV","value":-6.0403,"farmer_unique_id":"1094611","site_id":2607},{"date":"2020-01-23","product":"COPERNICUS/S1_GRD","band":"VV","value":-9.8623,"farmer_unique_id":"1094611","site_id":2607},{"date":"2020-02-04","product":"COPERNICUS/S1_GRD","band":"VV","value":-7.4434,"farmer_unique_id":"1094611","site_id":2607},{"date":"2020-02-16","product":"COPERNICUS/S1_GRD","band":"VV","value":-7.3531,"farmer_unique_id":"1094611","site_id":2607},{"date":"2020-02-28","product":"COPERNICUS/S1_GRD","band":"VV","value":-8.7882,"farmer_unique_id":"1094611","site_id":2607},{"date":"2020-03-11","product":"COPERNICUS/S1_GRD","band":"VV","value":-9.997,"farmer_unique_id":"1094611","site_id":2607},{"date":"2020-03-23","product":"COPERNICUS/S1_GRD","band":"VV","value":-9.1202,"farmer_unique_id":"1094611","site_id":2607},{"date":"2020-04-04","product":"COPERNICUS/S1_GRD","band":"VV","value":-10.9509,"farmer_unique_id":"1094611","site_id":2607},{"date":"2020-04-16","product":"COPERNICUS/S1_GRD","band":"VV","value":-10.779,"farmer_unique_id":"1094611","site_id":2607},{"date":"2020-04-28","product":"COPERNICUS/S1_GRD","band":"VV","value":-7.1647,"farmer_unique_id":"1094611","site_id":2607},{"date":"2020-05-10","product":"COPERNICUS/S1_GRD","band":"VV","value":-7.9695,"farmer_unique_id":"1094611","site_id":2607},{"date":"2020-05-22","product":"COPERNICUS/S1_GRD","band":"VV","value":-7.2682,"farmer_unique_id":"1094611","site_id":2607},{"date":"2020-06-03","product":"COPERNICUS/S1_GRD","band":"VV","value":-8.5354,"farmer_unique_id":"1094611","site_id":2607},{"date":"2020-06-15","product":"COPERNICUS/S1_GRD","band":"VV","value":-8.4148,"farmer_unique_id":"1094611","site_id":2607},{"date":"2020-06-27","product":"COPERNICUS/S1_GRD","band":"VV","value":-9.5229,"farmer_unique_id":"1094611","site_id":2607},{"date":"2020-07-09","product":"COPERNICUS/S1_GRD","band":"VV","value":-12.7202,"farmer_unique_id":"1094611","site_id":2607},{"date":"2020-07-21","product":"COPERNICUS/S1_GRD","band":"VV","value":-12.24,"farmer_unique_id":"1094611","site_id":2607},{"date":"2020-08-02","product":"COPERNICUS/S1_GRD","band":"VV","value":-13.4194,"farmer_unique_id":"1094611","site_id":2607},{"date":"2020-08-14","product":"COPERNICUS/S1_GRD","band":"VV","value":-11.8374,"farmer_unique_id":"1094611","site_id":2607},{"date":"2020-08-26","product":"COPERNICUS/S1_GRD","band":"VV","value":-12.9369,"farmer_unique_id":"1094611","site_id":2607},{"date":"2020-09-07","product":"COPERNICUS/S1_GRD","band":"VV","value":-9.3463,"farmer_unique_id":"1094611","site_id":2607},{"date":"2020-09-19","product":"COPERNICUS/S1_GRD","band":"VV","value":-14.126,"farmer_unique_id":"1094611","site_id":2607},{"date":"2020-10-01","product":"COPERNICUS/S1_GRD","band":"VV","value":-10.0305,"farmer_unique_id":"1094611","site_id":2607},{"date":"2020-10-13","product":"COPERNICUS/S1_GRD","band":"VV","value":-10.4971,"farmer_unique_id":"1094611","site_id":2607},{"date":"2020-10-25","product":"COPERNICUS/S1_GRD","band":"VV","value":-10.9649,"farmer_unique_id":"1094611","site_id":2607},{"date":"2020-11-06","product":"COPERNICUS/S1_GRD","band":"VV","value":-9.4366,"farmer_unique_id":"1094611","site_id":2607},{"date":"2020-11-18","product":"COPERNICUS/S1_GRD","band":"VV","value":-9.1932,"farmer_unique_id":"1094611","site_id":2607},{"date":"2020-11-30","product":"COPERNICUS/S1_GRD","band":"VV","value":-5.4106,"farmer_unique_id":"1094611","site_id":2607},{"date":"2020-12-12","product":"COPERNICUS/S1_GRD","band":"VV","value":-9.442,"farmer_unique_id":"1094611","site_id":2607},{"date":"2020-12-24","product":"COPERNICUS/S1_GRD","band":"VV","value":-11.8108,"farmer_unique_id":"1094611","site_id":2607},{"date":"2021-01-05","product":"COPERNICUS/S1_GRD","band":"VV","value":-10.9987,"farmer_unique_id":"1094611","site_id":2607},{"date":"2021-01-17","product":"COPERNICUS/S1_GRD","band":"VV","value":-9.4102,"farmer_unique_id":"1094611","site_id":2607},{"date":"2021-01-29","product":"COPERNICUS/S1_GRD","band":"VV","value":-10.5003,"farmer_unique_id":"1094611","site_id":2607},{"date":"2021-02-10","product":"COPERNICUS/S1_GRD","band":"VV","value":-14.1464,"farmer_unique_id":"1094611","site_id":2607},{"date":"2021-02-22","product":"COPERNICUS/S1_GRD","band":"VV","value":-6.6077,"farmer_unique_id":"1094611","site_id":2607},{"date":"2021-03-06","product":"COPERNICUS/S1_GRD","band":"VV","value":-9.1088,"farmer_unique_id":"1094611","site_id":2607},{"date":"2021-03-18","product":"COPERNICUS/S1_GRD","band":"VV","value":-8.7763,"farmer_unique_id":"1094611","site_id":2607},{"date":"2021-03-30","product":"COPERNICUS/S1_GRD","band":"VV","value":-7.0299,"farmer_unique_id":"1094611","site_id":2607},{"date":"2021-04-11","product":"COPERNICUS/S1_GRD","band":"VV","value":-9.2227,"farmer_unique_id":"1094611","site_id":2607},{"date":"2021-04-23","product":"COPERNICUS/S1_GRD","band":"VV","value":-7.3609,"farmer_unique_id":"1094611","site_id":2607},{"date":"2021-05-05","product":"COPERNICUS/S1_GRD","band":"VV","value":-4.4319,"farmer_unique_id":"1094611","site_id":2607},{"date":"2021-05-17","product":"COPERNICUS/S1_GRD","band":"VV","value":-7.4089,"farmer_unique_id":"1094611","site_id":2607},{"date":"2021-05-29","product":"COPERNICUS/S1_GRD","band":"VV","value":-8.3386,"farmer_unique_id":"1094611","site_id":2607},{"date":"2021-06-10","product":"COPERNICUS/S1_GRD","band":"VV","value":-9.0096,"farmer_unique_id":"1094611","site_id":2607},{"date":"2021-06-22","product":"COPERNICUS/S1_GRD","band":"VV","value":-9.2803,"farmer_unique_id":"1094611","site_id":2607},{"date":"2021-07-04","product":"COPERNICUS/S1_GRD","band":"VV","value":-8.6391,"farmer_unique_id":"1094611","site_id":2607},{"date":"2021-07-16","product":"COPERNICUS/S1_GRD","band":"VV","value":-13.6556,"farmer_unique_id":"1094611","site_id":2607},{"date":"2021-07-28","product":"COPERNICUS/S1_GRD","band":"VV","value":-9.6928,"farmer_unique_id":"1094611","site_id":2607},{"date":"2021-08-09","product":"COPERNICUS/S1_GRD","band":"VV","value":-16.398,"farmer_unique_id":"1094611","site_id":2607},{"date":"2021-08-21","product":"COPERNICUS/S1_GRD","band":"VV","value":-12.174,"farmer_unique_id":"1094611","site_id":2607},{"date":"2021-09-02","product":"COPERNICUS/S1_GRD","band":"VV","value":-12.097,"farmer_unique_id":"1094611","site_id":2607},{"date":"2021-09-14","product":"COPERNICUS/S1_GRD","band":"VV","value":-12.2832,"farmer_unique_id":"1094611","site_id":2607},{"date":"2021-09-26","product":"COPERNICUS/S1_GRD","band":"VV","value":-10.7554,"farmer_unique_id":"1094611","site_id":2607},{"date":"2021-10-08","product":"COPERNICUS/S1_GRD","band":"VV","value":-12.8651,"farmer_unique_id":"1094611","site_id":2607},{"date":"2021-10-20","product":"COPERNICUS/S1_GRD","band":"VV","value":-9.4236,"farmer_unique_id":"1094611","site_id":2607},{"date":"2021-11-01","product":"COPERNICUS/S1_GRD","band":"VV","value":-12.5427,"farmer_unique_id":"1094611","site_id":2607},{"date":"2021-11-13","product":"COPERNICUS/S1_GRD","band":"VV","value":-12.2965,"farmer_unique_id":"1094611","site_id":2607},{"date":"2021-11-25","product":"COPERNICUS/S1_GRD","band":"VV","value":-7.3221,"farmer_unique_id":"1094611","site_id":2607},{"date":"2021-12-07","product":"COPERNICUS/S1_GRD","band":"VV","value":-9.8812,"farmer_unique_id":"1094611","site_id":2607},{"date":"2021-12-19","product":"COPERNICUS/S1_GRD","band":"VV","value":-7.3934,"farmer_unique_id":"1094611","site_id":2607}]
