[{"date":"2020-01-04","product":"COPERNICUS/S1_GRD","band":"VH","value":-13.5791,"farmer_unique_id":"2380660","site_id":5148},{"date":"2020-01-09","product":"COPERNICUS/S1_GRD","band":"VH","value":-10.9547,"farmer_unique_id":"2380660","site_id":5148},{"date":"2020-01-16","product":"COPERNICUS/S1_GRD","band":"VH","value":-15.5244,"farmer_unique_id":"2380660","site_id":5148},{"date":"2020-01-21","product":"COPERNICUS/S1_GRD","band":"VH","value":-12.9695,"farmer_unique_id":"2380660","site_id":5148},{"date":"2020-01-28","product":"COPERNICUS/S1_GRD","band":"VH","value":-15.7273,"farmer_unique_id":"2380660","site_id":5148},{"date":"2020-02-02","product":"COPERNICUS/S1_GRD","band":"VH","value":-16.8165,"farmer_unique_id":"2380660","site_id":5148},{"date":"2020-02-09","product":"COPERNICUS/S1_GRD","band":"VH","value":-14.8393,"farmer_unique_id":"2380660","site_id":5148},{"date":"2020-02-14","product":"COPERNICUS/S1_GRD","band":"VH","value":-14.6888,"farmer_unique_id":"2380660","site_id":5148},{"date":"2020-02-21","product":"COPERNICUS/S1_GRD","band":"VH","value":-11.3619,"farmer_unique_id":"2380660","site_id":5148},{"date":"2020-02-26","product":"COPERNICUS/S1_GRD","band":"VH","value":-22.0255,"farmer_unique_id":"2380660","site_id":5148},{"date":"2020-03-04","product":"COPERNICUS/S1_GRD","band":"VH","value":-15.0494,"farmer_unique_id":"2380660","site_id":5148},{"date":"2020-03-09","product":"COPERNICUS/S1_GRD","band":"VH","value":-14.7132,"farmer_unique_id":"2380660","site_id":5148},{"date":"2020-03-16","product":"COPERNICUS/S1_GRD","band":"VH","value":-12.3768,"farmer_unique_id":"2380660","site_id":5148},{"date":"2020-03-21","product":"COPERNICUS/S1_GRD","band":"VH","value":-19.7274,"farmer_unique_id":"2380660","site_id":5148},{"date":"2020-03-28","product":"COPERNICUS/S1_GRD","band":"VH","value":-18.094,"farmer_unique_id":"2380660","site_id":5148},{"date":"2020-04-02","product":"COPERNICUS/S1_GRD","band":"VH","value":-18.5564,"farmer_unique_id":"2380660","site_id":5148},{"date":"2020-04-09","product":"COPERNICUS/S1_GRD","band":"VH","value":-17.654,"farmer_unique_id":"2380660","site_id":5148},{"date":"2020-04-14","product":"COPERNICUS/S1_GRD","band":"VH","value":-13.6152,"farmer_unique_id":"2380660","site_id":5148},{"date":"2020-04-21","product":"COPERNICUS/S1_GRD","band":"VH","value":-12.3371,"farmer_unique_id":"2380660","site_id":5148},{"date":"2020-04-26","product":"COPERNICUS/S1_GRD","band":"VH","value":-16.1831,"farmer_unique_id":"2380660","site_id":5148},{"date":"2020-05-03","product":"COPERNICUS/S1_GRD","band":"VH","value":-15.5622,"farmer_unique_id":"2380660","site_id":5148},{"date":"2020-05-08","product":"COPERNICUS/S1_GRD","band":"VH","value":-18.8155,"farmer_unique_id":"2380660","site_id":5148},{"date":"2020-05-15","product":"COPERNICUS/S1_GRD","band":"VH","value":-14.9264,"farmer_unique_id":"2380660","site_id":5148},{"date":"2020-05-20","product":"COPERNICUS/S1_GRD","band":"VH","value":-16.5095,"farmer_unique_id":"2380660","site_id":5148},{"date":"2020-05-27","product":"COPERNICUS/S1_GRD","band":"VH","value":-14.6094,"farmer_unique_id":"2380660","site_id":5148},{"date":"2020-06-01","product":"COPERNICUS/S1_GRD","band":"VH","value":-11.156,"farmer_unique_id":"2380660","site_id":5148},{"date":"2020-06-08","product":"COPERNICUS/S1_GRD","band":"VH","value":-15.0603,"farmer_unique_id":"2380660","site_id":5148},{"date":"2020-06-13","product":"COPERNICUS/S1_GRD","band":"VH","value":-18.274,"farmer_unique_id":"2380660","site_id":5148},{"date":"2020-06-20","product":"COPERNICUS/S1_GRD","band":"VH","value":-14.4752,"farmer_unique_id":"2380660","site_id":5148},{"date":"2020-06-25","product":"COPERNICUS/S1_GRD","band":"VH","value":-13.6983,"farmer_unique_id":"2380660","site_id":5148},{"date":"2020-07-02","product":"COPERNICUS/S1_GRD","band":"VH","value":-13.9358,"farmer_unique_id":"2380660","site_id":5148},{"date":"2020-07-07","product":"COPERNICUS/S1_GRD","band":"VH","value":-20.3442,"farmer_unique_id":"2380660","site_id":5148},{"date":"2020-07-14","product":"COPERNICUS/S1_GRD","band":"VH","value":-15.5925,"farmer_unique_id":"2380660","site_id":5148},{"date":"2020-07-19","product":"COPERNICUS/S1_GRD","band":"VH","value":-18.8718,"farmer_unique_id":"2380660","site_id":5148},{"date":"2020-07-26","product":"COPERNICUS/S1_GRD","band":"VH","value":-15.5878,"farmer_unique_id":"2380660","site_id":5148},{"date":"2020-07-31","product":"COPERNICUS/S1_GRD","band":"VH","value":-14.1442,"farmer_unique_id":"2380660","site_id":5148},{"date":"2020-08-07","product":"COPERNICUS/S1_GRD","band":"VH","value":-13.6148,"farmer_unique_id":"2380660","site_id":5148},{"date":"2020-08-12","product":"COPERNICUS/S1_GRD","band":"VH","farmer_unique_id":"2380660","site_id":5148},{"date":"2020-08-19","product":"COPERNICUS/S1_GRD","band":"VH","value":-15.4018,"farmer_unique_id":"2380660","site_id":5148},{"date":"2020-08-24","product":"COPERNICUS/S1_GRD","band":"VH","value":-16.8514,"farmer_unique_id":"2380660","site_id":5148},{"date":"2020-08-31","product":"COPERNICUS/S1_GRD","band":"VH","value":-12.4891,"farmer_unique_id":"2380660","site_id":5148},{"date":"2020-09-05","product":"COPERNICUS/S1_GRD","band":"VH","value":-17.1724,"farmer_unique_id":"2380660","site_id":5148},{"date":"2020-09-12","product":"COPERNICUS/S1_GRD","band":"VH","value":-14.2444,"farmer_unique_id":"2380660","site_id":5148},{"date":"2020-09-17","product":"COPERNICUS/S1_GRD","band":"VH","value":-18.0168,"farmer_unique_id":"2380660","site_id":5148},{"date":"2020-09-24","product":"COPERNICUS/S1_GRD","band":"VH","value":-12.6958,"farmer_unique_id":"2380660","site_id":5148},{"date":"2020-09-29","product":"COPERNICUS/S1_GRD","band":"VH","value":-12.4096,"farmer_unique_id":"2380660","site_id":5148},{"date":"2020-10-06","product":"COPERNICUS/S1_GRD","band":"VH","value":-21.1043,"farmer_unique_id":"2380660","site_id":5148},{"date":"2020-10-11","product":"COPERNICUS/S1_GRD","band":"VH","value":-14.1094,"farmer_unique_id":"2380660","site_id":5148},{"date":"2020-10-18","product":"COPERNICUS/S1_GRD","band":"VH","value":-12.3054,"farmer_unique_id":"2380660","site_id":5148},{"date":"2020-10-23","product":"COPERNICUS/S1_GRD","band":"VH","value":-14.8953,"farmer_unique_id":"2380660","site_id":5148},{"date":"2020-10-30","product":"COPERNICUS/S1_GRD","band":"VH","value":-13.3068,"farmer_unique_id":"2380660","site_id":5148},{"date":"2020-11-04","product":"COPERNICUS/S1_GRD","band":"VH","value":-16.2899,"farmer_unique_id":"2380660","site_id":5148},{"date":"2020-11-11","product":"COPERNICUS/S1_GRD","band":"VH","value":-13.4843,"farmer_unique_id":"2380660","site_id":5148},{"date":"2020-11-16","product":"COPERNICUS/S1_GRD","band":"VH","value":-14.3428,"farmer_unique_id":"2380660","site_id":5148},{"date":"2020-11-23","product":"COPERNICUS/S1_GRD","band":"VH","value":-12.7434,"farmer_unique_id":"2380660","site_id":5148},{"date":"2020-11-28","product":"COPERNICUS/S1_GRD","band":"VH","value":-14.118,"farmer_unique_id":"2380660","site_id":5148},{"date":"2020-12-05","product":"COPERNICUS/S1_GRD","band":"VH","value":-11.5573,"farmer_unique_id":"2380660","site_id":5148},{"date":"2020-12-10","product":"COPERNICUS/S1_GRD","band":"VH","value":-19.6746,"farmer_unique_id":"2380660","site_id":5148},{"date":"2020-12-17","product":"COPERNICUS/S1_GRD","band":"VH","value":-10.0462,"farmer_unique_id":"2380660","site_id":5148},{"date":"2020-12-22","product":"COPERNICUS/S1_GRD","band":"VH","value":-12.8196,"farmer_unique_id":"2380660","site_id":5148},{"date":"2020-12-29","product":"COPERNICUS/S1_GRD","band":"VH","value":-11.4355,"farmer_unique_id":"2380660","site_id":5148},{"date":"2021-01-03","product":"COPERNICUS/S1_GRD","band":"VH","value":-22.6379,"farmer_unique_id":"2380660","site_id":5148},{"date":"2021-01-10","product":"COPERNICUS/S1_GRD","band":"VH","value":-10.9334,"farmer_unique_id":"2380660","site_id":5148},{"date":"2021-01-15","product":"COPERNICUS/S1_GRD","band":"VH","value":-21.192,"farmer_unique_id":"2380660","site_id":5148},{"date":"2021-01-22","product":"COPERNICUS/S1_GRD","band":"VH","value":-9.8204,"farmer_unique_id":"2380660","site_id":5148},{"date":"2021-01-27","product":"COPERNICUS/S1_GRD","band":"VH","value":-11.2199,"farmer_unique_id":"2380660","site_id":5148},{"date":"2021-02-03","product":"COPERNICUS/S1_GRD","band":"VH","value":-14.8091,"farmer_unique_id":"2380660","site_id":5148},{"date":"2021-02-08","product":"COPERNICUS/S1_GRD","band":"VH","value":-13.2955,"farmer_unique_id":"2380660","site_id":5148},{"date":"2021-02-15","product":"COPERNICUS/S1_GRD","band":"VH","value":-12.1336,"farmer_unique_id":"2380660","site_id":5148},{"date":"2021-02-20","product":"COPERNICUS/S1_GRD","band":"VH","value":-15.9396,"farmer_unique_id":"2380660","site_id":5148},{"date":"2021-02-27","product":"COPERNICUS/S1_GRD","band":"VH","value":-14.5915,"farmer_unique_id":"2380660","site_id":5148},{"date":"2021-03-04","product":"COPERNICUS/S1_GRD","band":"VH","value":-16.3331,"farmer_unique_id":"2380660","site_id":5148},{"date":"2021-03-11","product":"COPERNICUS/S1_GRD","band":"VH","value":-13.9305,"farmer_unique_id":"2380660","site_id":5148},{"date":"2021-03-16","product":"COPERNICUS/S1_GRD","band":"VH","value":-15.1377,"farmer_unique_id":"2380660","site_id":5148},{"date":"2021-03-23","product":"COPERNICUS/S1_GRD","band":"VH","value":-12.4764,"farmer_unique_id":"2380660","site_id":5148},{"date":"2021-03-28","product":"COPERNICUS/S1_GRD","band":"VH","value":-15.8854,"farmer_unique_id":"2380660","site_id":5148},{"date":"2021-04-04","product":"COPERNICUS/S1_GRD","band":"VH","value":-11.4441,"farmer_unique_id":"2380660","site_id":5148},{"date":"2021-04-09","product":"COPERNICUS/S1_GRD","band":"VH","value":-14.5714,"farmer_unique_id":"2380660","site_id":5148},{"date":"2021-04-16","product":"COPERNICUS/S1_GRD","band":"VH","value":-9.9812,"farmer_unique_id":"2380660","site_id":5148},{"date":"2021-04-21","product":"COPERNICUS/S1_GRD","band":"VH","value":-14.4992,"farmer_unique_id":"2380660","site_id":5148},{"date":"2021-04-28","product":"COPERNICUS/S1_GRD","band":"VH","value":-14.4915,"farmer_unique_id":"2380660","site_id":5148},{"date":"2021-05-03","product":"COPERNICUS/S1_GRD","band":"VH","value":-17.1448,"farmer_unique_id":"2380660","site_id":5148},{"date":"2021-05-10","product":"COPERNICUS/S1_GRD","band":"VH","value":-11.146,"farmer_unique_id":"2380660","site_id":5148},{"date":"2021-05-15","product":"COPERNICUS/S1_GRD","band":"VH","value":-14.9475,"farmer_unique_id":"2380660","site_id":5148},{"date":"2021-05-22","product":"COPERNICUS/S1_GRD","band":"VH","value":-12.3774,"farmer_unique_id":"2380660","site_id":5148},{"date":"2021-05-27","product":"COPERNICUS/S1_GRD","band":"VH","value":-16.3812,"farmer_unique_id":"2380660","site_id":5148},{"date":"2021-06-03","product":"COPERNICUS/S1_GRD","band":"VH","value":-10.7599,"farmer_unique_id":"2380660","site_id":5148},{"date":"2021-06-08","product":"COPERNICUS/S1_GRD","band":"VH","value":-13.6737,"farmer_unique_id":"2380660","site_id":5148},{"date":"2021-06-15","product":"COPERNICUS/S1_GRD","band":"VH","value":-11.4707,"farmer_unique_id":"2380660","site_id":5148},{"date":"2021-06-20","product":"COPERNICUS/S1_GRD","band":"VH","value":-14.8171,"farmer_unique_id":"2380660","site_id":5148},{"date":"2021-06-27","product":"COPERNICUS/S1_GRD","band":"VH","value":-11.527,"farmer_unique_id":"2380660","site_id":5148},{"date":"2021-07-02","product":"COPERNICUS/S1_GRD","band":"VH","value":-14.7176,"farmer_unique_id":"2380660","site_id":5148},{"date":"2021-07-09","product":"COPERNICUS/S1_GRD","band":"VH","value":-10.3875,"farmer_unique_id":"2380660","site_id":5148},{"date":"2021-07-14","product":"COPERNICUS/S1_GRD","band":"VH","value":-15.956,"farmer_unique_id":"2380660","site_id":5148},{"date":"2021-07-21","product":"COPERNICUS/S1_GRD","band":"VH","value":-11.7546,"farmer_unique_id":"2380660","site_id":5148},{"date":"2021-07-26","product":"COPERNICUS/S1_GRD","band":"VH","value":-12.2219,"farmer_unique_id":"2380660","site_id":5148},{"date":"2021-08-02","product":"COPERNICUS/S1_GRD","band":"VH","value":-10.331,"farmer_unique_id":"2380660","site_id":5148},{"date":"2021-08-07","product":"COPERNICUS/S1_GRD","band":"VH","value":-15.6459,"farmer_unique_id":"2380660","site_id":5148},{"date":"2021-08-14","product":"COPERNICUS/S1_GRD","band":"VH","value":-13.4415,"farmer_unique_id":"2380660","site_id":5148},{"date":"2021-08-19","product":"COPERNICUS/S1_GRD","band":"VH","value":-15.809,"farmer_unique_id":"2380660","site_id":5148},{"date":"2021-08-26","product":"COPERNICUS/S1_GRD","band":"VH","value":-10.1419,"farmer_unique_id":"2380660","site_id":5148},{"date":"2021-08-31","product":"COPERNICUS/S1_GRD","band":"VH","value":-16.2639,"farmer_unique_id":"2380660","site_id":5148},{"date":"2021-09-07","product":"COPERNICUS/S1_GRD","band":"VH","value":-15.4496,"farmer_unique_id":"2380660","site_id":5148},{"date":"2021-09-12","product":"COPERNICUS/S1_GRD","band":"VH","value":-14.9891,"farmer_unique_id":"2380660","site_id":5148},{"date":"2021-09-19","product":"COPERNICUS/S1_GRD","band":"VH","value":-13.5449,"farmer_unique_id":"2380660","site_id":5148},{"date":"2021-09-24","product":"COPERNICUS/S1_GRD","band":"VH","value":-15.2476,"farmer_unique_id":"2380660","site_id":5148},{"date":"2021-10-01","product":"COPERNICUS/S1_GRD","band":"VH","value":-14.9504,"farmer_unique_id":"2380660","site_id":5148},{"date":"2021-10-06","product":"COPERNICUS/S1_GRD","band":"VH","value":-15.2629,"farmer_unique_id":"2380660","site_id":5148},{"date":"2021-10-13","product":"COPERNICUS/S1_GRD","band":"VH","value":-13.7462,"farmer_unique_id":"2380660","site_id":5148},{"date":"2021-10-18","product":"COPERNICUS/S1_GRD","band":"VH","value":-18.7899,"farmer_unique_id":"2380660","site_id":5148},{"date":"2021-10-25","product":"COPERNICUS/S1_GRD","band":"VH","value":-12.7765,"farmer_unique_id":"2380660","site_id":5148},{"date":"2021-10-30","product":"COPERNICUS/S1_GRD","band":"VH","value":-13.7548,"farmer_unique_id":"2380660","site_id":5148},{"date":"2021-11-06","product":"COPERNICUS/S1_GRD","band":"VH","value":-13.2891,"farmer_unique_id":"2380660","site_id":5148},{"date":"2021-11-11","product":"COPERNICUS/S1_GRD","band":"VH","value":-16.7288,"farmer_unique_id":"2380660","site_id":5148},{"date":"2021-11-18","product":"COPERNICUS/S1_GRD","band":"VH","value":-13.0221,"farmer_unique_id":"2380660","site_id":5148},{"date":"2021-11-23","product":"COPERNICUS/S1_GRD","band":"VH","value":-15.9588,"farmer_unique_id":"2380660","site_id":5148},{"date":"2021-11-30","product":"COPERNICUS/S1_GRD","band":"VH","value":-12.944,"farmer_unique_id":"2380660","site_id":5148},{"date":"2021-12-05","product":"COPERNICUS/S1_GRD","band":"VH","value":-15.7976,"farmer_unique_id":"2380660","site_id":5148},{"date":"2021-12-12","product":"COPERNICUS/S1_GRD","band":"VH","value":-18.2681,"farmer_unique_id":"2380660","site_id":5148},{"date":"2021-12-17","product":"COPERNICUS/S1_GRD","band":"VH","value":-17.0811,"farmer_unique_id":"2380660","site_id":5148},{"date":"2021-12-24","product":"COPERNICUS/S1_GRD","band":"VH","value":-12.7984,"farmer_unique_id":"2380660","site_id":5148},{"date":"2021-12-29","product":"COPERNICUS/S1_GRD","band":"VH","value":-15.5924,"farmer_unique_id":"2380660","site_id":5148},{"date":"2020-01-04","product":"COPERNICUS/S1_GRD","band":"VV","value":-8.7133,"farmer_unique_id":"2380660","site_id":5148},{"date":"2020-01-09","product":"COPERNICUS/S1_GRD","band":"VV","value":-9.389,"farmer_unique_id":"2380660","site_id":5148},{"date":"2020-01-16","product":"COPERNICUS/S1_GRD","band":"VV","value":-7.6464,"farmer_unique_id":"2380660","site_id":5148},{"date":"2020-01-21","product":"COPERNICUS/S1_GRD","band":"VV","value":-11.2873,"farmer_unique_id":"2380660","site_id":5148},{"date":"2020-01-28","product":"COPERNICUS/S1_GRD","band":"VV","value":-5.8289,"farmer_unique_id":"2380660","site_id":5148},{"date":"2020-02-02","product":"COPERNICUS/S1_GRD","band":"VV","value":-11.5371,"farmer_unique_id":"2380660","site_id":5148},{"date":"2020-02-09","product":"COPERNICUS/S1_GRD","band":"VV","value":-8.9808,"farmer_unique_id":"2380660","site_id":5148},{"date":"2020-02-14","product":"COPERNICUS/S1_GRD","band":"VV","value":-9.0779,"farmer_unique_id":"2380660","site_id":5148},{"date":"2020-02-21","product":"COPERNICUS/S1_GRD","band":"VV","value":-6.2601,"farmer_unique_id":"2380660","site_id":5148},{"date":"2020-02-26","product":"COPERNICUS/S1_GRD","band":"VV","value":-11.3671,"farmer_unique_id":"2380660","site_id":5148},{"date":"2020-03-04","product":"COPERNICUS/S1_GRD","band":"VV","value":-13.3188,"farmer_unique_id":"2380660","site_id":5148},{"date":"2020-03-09","product":"COPERNICUS/S1_GRD","band":"VV","value":-10.277,"farmer_unique_id":"2380660","site_id":5148},{"date":"2020-03-16","product":"COPERNICUS/S1_GRD","band":"VV","value":-10.3351,"farmer_unique_id":"2380660","site_id":5148},{"date":"2020-03-21","product":"COPERNICUS/S1_GRD","band":"VV","value":-12.4135,"farmer_unique_id":"2380660","site_id":5148},{"date":"2020-03-28","product":"COPERNICUS/S1_GRD","band":"VV","value":-6.8214,"farmer_unique_id":"2380660","site_id":5148},{"date":"2020-04-02","product":"COPERNICUS/S1_GRD","band":"VV","value":-10.2101,"farmer_unique_id":"2380660","site_id":5148},{"date":"2020-04-09","product":"COPERNICUS/S1_GRD","band":"VV","value":-9.2183,"farmer_unique_id":"2380660","site_id":5148},{"date":"2020-04-14","product":"COPERNICUS/S1_GRD","band":"VV","value":-7.2556,"farmer_unique_id":"2380660","site_id":5148},{"date":"2020-04-21","product":"COPERNICUS/S1_GRD","band":"VV","value":-11.2348,"farmer_unique_id":"2380660","site_id":5148},{"date":"2020-04-26","product":"COPERNICUS/S1_GRD","band":"VV","value":-10.5296,"farmer_unique_id":"2380660","site_id":5148},{"date":"2020-05-03","product":"COPERNICUS/S1_GRD","band":"VV","value":-6.0959,"farmer_unique_id":"2380660","site_id":5148},{"date":"2020-05-08","product":"COPERNICUS/S1_GRD","band":"VV","value":-6.9935,"farmer_unique_id":"2380660","site_id":5148},{"date":"2020-05-15","product":"COPERNICUS/S1_GRD","band":"VV","value":-6.7387,"farmer_unique_id":"2380660","site_id":5148},{"date":"2020-05-20","product":"COPERNICUS/S1_GRD","band":"VV","value":-10.832,"farmer_unique_id":"2380660","site_id":5148},{"date":"2020-05-27","product":"COPERNICUS/S1_GRD","band":"VV","value":-10.1011,"farmer_unique_id":"2380660","site_id":5148},{"date":"2020-06-01","product":"COPERNICUS/S1_GRD","band":"VV","value":-8.3954,"farmer_unique_id":"2380660","site_id":5148},{"date":"2020-06-08","product":"COPERNICUS/S1_GRD","band":"VV","value":-5.8661,"farmer_unique_id":"2380660","site_id":5148},{"date":"2020-06-13","product":"COPERNICUS/S1_GRD","band":"VV","value":-10.3847,"farmer_unique_id":"2380660","site_id":5148},{"date":"2020-06-20","product":"COPERNICUS/S1_GRD","band":"VV","value":-9.6378,"farmer_unique_id":"2380660","site_id":5148},{"date":"2020-06-25","product":"COPERNICUS/S1_GRD","band":"VV","value":-12.1546,"farmer_unique_id":"2380660","site_id":5148},{"date":"2020-07-02","product":"COPERNICUS/S1_GRD","band":"VV","value":-8.1585,"farmer_unique_id":"2380660","site_id":5148},{"date":"2020-07-07","product":"COPERNICUS/S1_GRD","band":"VV","value":-9.4201,"farmer_unique_id":"2380660","site_id":5148},{"date":"2020-07-14","product":"COPERNICUS/S1_GRD","band":"VV","value":-8.2433,"farmer_unique_id":"2380660","site_id":5148},{"date":"2020-07-19","product":"COPERNICUS/S1_GRD","band":"VV","value":-9.5327,"farmer_unique_id":"2380660","site_id":5148},{"date":"2020-07-26","product":"COPERNICUS/S1_GRD","band":"VV","value":-6.391,"farmer_unique_id":"2380660","site_id":5148},{"date":"2020-07-31","product":"COPERNICUS/S1_GRD","band":"VV","value":-8.3385,"farmer_unique_id":"2380660","site_id":5148},{"date":"2020-08-07","product":"COPERNICUS/S1_GRD","band":"VV","value":-7.1978,"farmer_unique_id":"2380660","site_id":5148},{"date":"2020-08-12","product":"COPERNICUS/S1_GRD","band":"VV","value":-11.0424,"farmer_unique_id":"2380660","site_id":5148},{"date":"2020-08-19","product":"COPERNICUS/S1_GRD","band":"VV","value":-6.0375,"farmer_unique_id":"2380660","site_id":5148},{"date":"2020-08-24","product":"COPERNICUS/S1_GRD","band":"VV","value":-11.1263,"farmer_unique_id":"2380660","site_id":5148},{"date":"2020-08-31","product":"COPERNICUS/S1_GRD","band":"VV","value":-4.7298,"farmer_unique_id":"2380660","site_id":5148},{"date":"2020-09-05","product":"COPERNICUS/S1_GRD","band":"VV","value":-9.1131,"farmer_unique_id":"2380660","site_id":5148},{"date":"2020-09-12","product":"COPERNICUS/S1_GRD","band":"VV","value":-8.0204,"farmer_unique_id":"2380660","site_id":5148},{"date":"2020-09-17","product":"COPERNICUS/S1_GRD","band":"VV","value":-10.1456,"farmer_unique_id":"2380660","site_id":5148},{"date":"2020-09-24","product":"COPERNICUS/S1_GRD","band":"VV","value":-5.8291,"farmer_unique_id":"2380660","site_id":5148},{"date":"2020-09-29","product":"COPERNICUS/S1_GRD","band":"VV","value":-12.311,"farmer_unique_id":"2380660","site_id":5148},{"date":"2020-10-06","product":"COPERNICUS/S1_GRD","band":"VV","value":-5.2104,"farmer_unique_id":"2380660","site_id":5148},{"date":"2020-10-11","product":"COPERNICUS/S1_GRD","band":"VV","value":-7.6775,"farmer_unique_id":"2380660","site_id":5148},{"date":"2020-10-18","product":"COPERNICUS/S1_GRD","band":"VV","value":-2.9144,"farmer_unique_id":"2380660","site_id":5148},{"date":"2020-10-23","product":"COPERNICUS/S1_GRD","band":"VV","value":-7.8163,"farmer_unique_id":"2380660","site_id":5148},{"date":"2020-10-30","product":"COPERNICUS/S1_GRD","band":"VV","value":-4.8671,"farmer_unique_id":"2380660","site_id":5148},{"date":"2020-11-04","product":"COPERNICUS/S1_GRD","band":"VV","value":-10.7872,"farmer_unique_id":"2380660","site_id":5148},{"date":"2020-11-11","product":"COPERNICUS/S1_GRD","band":"VV","value":-7.9752,"farmer_unique_id":"2380660","site_id":5148},{"date":"2020-11-16","product":"COPERNICUS/S1_GRD","band":"VV","value":-5.431,"farmer_unique_id":"2380660","site_id":5148},{"date":"2020-11-23","product":"COPERNICUS/S1_GRD","band":"VV","value":-4.6687,"farmer_unique_id":"2380660","site_id":5148},{"date":"2020-11-28","product":"COPERNICUS/S1_GRD","band":"VV","value":-12.4171,"farmer_unique_id":"2380660","site_id":5148},{"date":"2020-12-05","product":"COPERNICUS/S1_GRD","band":"VV","value":-1.5048,"farmer_unique_id":"2380660","site_id":5148},{"date":"2020-12-10","product":"COPERNICUS/S1_GRD","band":"VV","value":-8.2627,"farmer_unique_id":"2380660","site_id":5148},{"date":"2020-12-17","product":"COPERNICUS/S1_GRD","band":"VV","value":-5.9254,"farmer_unique_id":"2380660","site_id":5148},{"date":"2020-12-22","product":"COPERNICUS/S1_GRD","band":"VV","value":-11.1215,"farmer_unique_id":"2380660","site_id":5148},{"date":"2020-12-29","product":"COPERNICUS/S1_GRD","band":"VV","value":-6.9396,"farmer_unique_id":"2380660","site_id":5148},{"date":"2021-01-03","product":"COPERNICUS/S1_GRD","band":"VV","value":-12.3097,"farmer_unique_id":"2380660","site_id":5148},{"date":"2021-01-10","product":"COPERNICUS/S1_GRD","band":"VV","value":-4.3319,"farmer_unique_id":"2380660","site_id":5148},{"date":"2021-01-15","product":"COPERNICUS/S1_GRD","band":"VV","value":-7.3764,"farmer_unique_id":"2380660","site_id":5148},{"date":"2021-01-22","product":"COPERNICUS/S1_GRD","band":"VV","value":-6.1839,"farmer_unique_id":"2380660","site_id":5148},{"date":"2021-01-27","product":"COPERNICUS/S1_GRD","band":"VV","value":-8.6315,"farmer_unique_id":"2380660","site_id":5148},{"date":"2021-02-03","product":"COPERNICUS/S1_GRD","band":"VV","value":-4.6021,"farmer_unique_id":"2380660","site_id":5148},{"date":"2021-02-08","product":"COPERNICUS/S1_GRD","band":"VV","value":-8.1795,"farmer_unique_id":"2380660","site_id":5148},{"date":"2021-02-15","product":"COPERNICUS/S1_GRD","band":"VV","value":-4.6954,"farmer_unique_id":"2380660","site_id":5148},{"date":"2021-02-20","product":"COPERNICUS/S1_GRD","band":"VV","value":-12.9498,"farmer_unique_id":"2380660","site_id":5148},{"date":"2021-02-27","product":"COPERNICUS/S1_GRD","band":"VV","value":-4.8593,"farmer_unique_id":"2380660","site_id":5148},{"date":"2021-03-04","product":"COPERNICUS/S1_GRD","band":"VV","value":-8.2803,"farmer_unique_id":"2380660","site_id":5148},{"date":"2021-03-11","product":"COPERNICUS/S1_GRD","band":"VV","value":-3.4709,"farmer_unique_id":"2380660","site_id":5148},{"date":"2021-03-16","product":"COPERNICUS/S1_GRD","band":"VV","value":-7.8065,"farmer_unique_id":"2380660","site_id":5148},{"date":"2021-03-23","product":"COPERNICUS/S1_GRD","band":"VV","value":-4.8991,"farmer_unique_id":"2380660","site_id":5148},{"date":"2021-03-28","product":"COPERNICUS/S1_GRD","band":"VV","value":-13.6061,"farmer_unique_id":"2380660","site_id":5148},{"date":"2021-04-04","product":"COPERNICUS/S1_GRD","band":"VV","value":-5.5486,"farmer_unique_id":"2380660","site_id":5148},{"date":"2021-04-09","product":"COPERNICUS/S1_GRD","band":"VV","value":-9.343,"farmer_unique_id":"2380660","site_id":5148},{"date":"2021-04-16","product":"COPERNICUS/S1_GRD","band":"VV","value":-6.1389,"farmer_unique_id":"2380660","site_id":5148},{"date":"2021-04-21","product":"COPERNICUS/S1_GRD","band":"VV","value":-10.2743,"farmer_unique_id":"2380660","site_id":5148},{"date":"2021-04-28","product":"COPERNICUS/S1_GRD","band":"VV","value":-8.8723,"farmer_unique_id":"2380660","site_id":5148},{"date":"2021-05-03","product":"COPERNICUS/S1_GRD","band":"VV","value":-6.0825,"farmer_unique_id":"2380660","site_id":5148},{"date":"2021-05-10","product":"COPERNICUS/S1_GRD","band":"VV","value":-3.2903,"farmer_unique_id":"2380660","site_id":5148},{"date":"2021-05-15","product":"COPERNICUS/S1_GRD","band":"VV","value":-13.6404,"farmer_unique_id":"2380660","site_id":5148},{"date":"2021-05-22","product":"COPERNICUS/S1_GRD","band":"VV","value":-6.308,"farmer_unique_id":"2380660","site_id":5148},{"date":"2021-05-27","product":"COPERNICUS/S1_GRD","band":"VV","value":-11.0244,"farmer_unique_id":"2380660","site_id":5148},{"date":"2021-06-03","product":"COPERNICUS/S1_GRD","band":"VV","value":-8.2306,"farmer_unique_id":"2380660","site_id":5148},{"date":"2021-06-08","product":"COPERNICUS/S1_GRD","band":"VV","value":-8.0243,"farmer_unique_id":"2380660","site_id":5148},{"date":"2021-06-15","product":"COPERNICUS/S1_GRD","band":"VV","value":-6.1881,"farmer_unique_id":"2380660","site_id":5148},{"date":"2021-06-20","product":"COPERNICUS/S1_GRD","band":"VV","value":-9.1647,"farmer_unique_id":"2380660","site_id":5148},{"date":"2021-06-27","product":"COPERNICUS/S1_GRD","band":"VV","value":-9.5078,"farmer_unique_id":"2380660","site_id":5148},{"date":"2021-07-02","product":"COPERNICUS/S1_GRD","band":"VV","value":-8.108,"farmer_unique_id":"2380660","site_id":5148},{"date":"2021-07-09","product":"COPERNICUS/S1_GRD","band":"VV","value":-8.2183,"farmer_unique_id":"2380660","site_id":5148},{"date":"2021-07-14","product":"COPERNICUS/S1_GRD","band":"VV","value":-8.4061,"farmer_unique_id":"2380660","site_id":5148},{"date":"2021-07-21","product":"COPERNICUS/S1_GRD","band":"VV","value":-8.265,"farmer_unique_id":"2380660","site_id":5148},{"date":"2021-07-26","product":"COPERNICUS/S1_GRD","band":"VV","value":-9.9687,"farmer_unique_id":"2380660","site_id":5148},{"date":"2021-08-02","product":"COPERNICUS/S1_GRD","band":"VV","value":-4.3384,"farmer_unique_id":"2380660","site_id":5148},{"date":"2021-08-07","product":"COPERNICUS/S1_GRD","band":"VV","value":-7.1047,"farmer_unique_id":"2380660","site_id":5148},{"date":"2021-08-14","product":"COPERNICUS/S1_GRD","band":"VV","value":-6.6641,"farmer_unique_id":"2380660","site_id":5148},{"date":"2021-08-19","product":"COPERNICUS/S1_GRD","band":"VV","value":-9.4182,"farmer_unique_id":"2380660","site_id":5148},{"date":"2021-08-26","product":"COPERNICUS/S1_GRD","band":"VV","value":-6.3069,"farmer_unique_id":"2380660","site_id":5148},{"date":"2021-08-31","product":"COPERNICUS/S1_GRD","band":"VV","value":-9.0856,"farmer_unique_id":"2380660","site_id":5148},{"date":"2021-09-07","product":"COPERNICUS/S1_GRD","band":"VV","value":-5.0918,"farmer_unique_id":"2380660","site_id":5148},{"date":"2021-09-12","product":"COPERNICUS/S1_GRD","band":"VV","value":-11.8491,"farmer_unique_id":"2380660","site_id":5148},{"date":"2021-09-19","product":"COPERNICUS/S1_GRD","band":"VV","value":-5.3825,"farmer_unique_id":"2380660","site_id":5148},{"date":"2021-09-24","product":"COPERNICUS/S1_GRD","band":"VV","value":-9.6294,"farmer_unique_id":"2380660","site_id":5148},{"date":"2021-10-01","product":"COPERNICUS/S1_GRD","band":"VV","value":-7.8197,"farmer_unique_id":"2380660","site_id":5148},{"date":"2021-10-06","product":"COPERNICUS/S1_GRD","band":"VV","value":-9.619,"farmer_unique_id":"2380660","site_id":5148},{"date":"2021-10-13","product":"COPERNICUS/S1_GRD","band":"VV","value":-5.7195,"farmer_unique_id":"2380660","site_id":5148},{"date":"2021-10-18","product":"COPERNICUS/S1_GRD","band":"VV","value":-6.0599,"farmer_unique_id":"2380660","site_id":5148},{"date":"2021-10-25","product":"COPERNICUS/S1_GRD","band":"VV","farmer_unique_id":"2380660","site_id":5148},{"date":"2021-10-30","product":"COPERNICUS/S1_GRD","band":"VV","value":-8.5852,"farmer_unique_id":"2380660","site_id":5148},{"date":"2021-11-06","product":"COPERNICUS/S1_GRD","band":"VV","value":-9.6168,"farmer_unique_id":"2380660","site_id":5148},{"date":"2021-11-11","product":"COPERNICUS/S1_GRD","band":"VV","value":-8.8794,"farmer_unique_id":"2380660","site_id":5148},{"date":"2021-11-18","product":"COPERNICUS/S1_GRD","band":"VV","value":-8.8386,"farmer_unique_id":"2380660","site_id":5148},{"date":"2021-11-23","product":"COPERNICUS/S1_GRD","band":"VV","value":-10.5098,"farmer_unique_id":"2380660","site_id":5148},{"date":"2021-11-30","product":"COPERNICUS/S1_GRD","band":"VV","value":-6.9187,"farmer_unique_id":"2380660","site_id":5148},{"date":"2021-12-05","product":"COPERNICUS/S1_GRD","band":"VV","value":-11.6,"farmer_unique_id":"2380660","site_id":5148},{"date":"2021-12-12","product":"COPERNICUS/S1_GRD","band":"VV","value":-7.9819,"farmer_unique_id":"2380660","site_id":5148},{"date":"2021-12-17","product":"COPERNICUS/S1_GRD","band":"VV","value":-11.9017,"farmer_unique_id":"2380660","site_id":5148},{"date":"2021-12-24","product":"COPERNICUS/S1_GRD","band":"VV","value":-11.453,"farmer_unique_id":"2380660","site_id":5148},{"date":"2021-12-29","product":"COPERNICUS/S1_GRD","band":"VV","value":-9.6933,"farmer_unique_id":"2380660","site_id":5148}]
