[{"date":"2020-01-11","product":"COPERNICUS/S1_GRD","band":"VH","value":-12.6385,"farmer_unique_id":"4476657","site_id":7759},{"date":"2020-01-23","product":"COPERNICUS/S1_GRD","band":"VH","value":-15.3791,"farmer_unique_id":"4476657","site_id":7759},{"date":"2020-02-04","product":"COPERNICUS/S1_GRD","band":"VH","value":-14.9369,"farmer_unique_id":"4476657","site_id":7759},{"date":"2020-02-16","product":"COPERNICUS/S1_GRD","band":"VH","value":-14.812,"farmer_unique_id":"4476657","site_id":7759},{"date":"2020-02-28","product":"COPERNICUS/S1_GRD","band":"VH","value":-14.6284,"farmer_unique_id":"4476657","site_id":7759},{"date":"2020-03-11","product":"COPERNICUS/S1_GRD","band":"VH","value":-18.0451,"farmer_unique_id":"4476657","site_id":7759},{"date":"2020-03-23","product":"COPERNICUS/S1_GRD","band":"VH","value":-14.6039,"farmer_unique_id":"4476657","site_id":7759},{"date":"2020-04-04","product":"COPERNICUS/S1_GRD","band":"VH","value":-15.3294,"farmer_unique_id":"4476657","site_id":7759},{"date":"2020-04-16","product":"COPERNICUS/S1_GRD","band":"VH","value":-14.8302,"farmer_unique_id":"4476657","site_id":7759},{"date":"2020-04-28","product":"COPERNICUS/S1_GRD","band":"VH","value":-16.0122,"farmer_unique_id":"4476657","site_id":7759},{"date":"2020-05-10","product":"COPERNICUS/S1_GRD","band":"VH","value":-13.1867,"farmer_unique_id":"4476657","site_id":7759},{"date":"2020-05-22","product":"COPERNICUS/S1_GRD","band":"VH","value":-15.9378,"farmer_unique_id":"4476657","site_id":7759},{"date":"2020-06-03","product":"COPERNICUS/S1_GRD","band":"VH","value":-17.0277,"farmer_unique_id":"4476657","site_id":7759},{"date":"2020-06-15","product":"COPERNICUS/S1_GRD","band":"VH","value":-14.5962,"farmer_unique_id":"4476657","site_id":7759},{"date":"2020-06-27","product":"COPERNICUS/S1_GRD","band":"VH","value":-19.8988,"farmer_unique_id":"4476657","site_id":7759},{"date":"2020-07-09","product":"COPERNICUS/S1_GRD","band":"VH","value":-14.8518,"farmer_unique_id":"4476657","site_id":7759},{"date":"2020-07-21","product":"COPERNICUS/S1_GRD","band":"VH","value":-13.6951,"farmer_unique_id":"4476657","site_id":7759},{"date":"2020-08-02","product":"COPERNICUS/S1_GRD","band":"VH","value":-16.7951,"farmer_unique_id":"4476657","site_id":7759},{"date":"2020-08-14","product":"COPERNICUS/S1_GRD","band":"VH","value":-17.5741,"farmer_unique_id":"4476657","site_id":7759},{"date":"2020-08-26","product":"COPERNICUS/S1_GRD","band":"VH","value":-18.0748,"farmer_unique_id":"4476657","site_id":7759},{"date":"2020-09-07","product":"COPERNICUS/S1_GRD","band":"VH","value":-19.1942,"farmer_unique_id":"4476657","site_id":7759},{"date":"2020-09-19","product":"COPERNICUS/S1_GRD","band":"VH","value":-13.8403,"farmer_unique_id":"4476657","site_id":7759},{"date":"2020-10-01","product":"COPERNICUS/S1_GRD","band":"VH","value":-19.4521,"farmer_unique_id":"4476657","site_id":7759},{"date":"2020-10-13","product":"COPERNICUS/S1_GRD","band":"VH","value":-16.1582,"farmer_unique_id":"4476657","site_id":7759},{"date":"2020-10-25","product":"COPERNICUS/S1_GRD","band":"VH","value":-21.0122,"farmer_unique_id":"4476657","site_id":7759},{"date":"2020-11-06","product":"COPERNICUS/S1_GRD","band":"VH","value":-12.6374,"farmer_unique_id":"4476657","site_id":7759},{"date":"2020-11-18","product":"COPERNICUS/S1_GRD","band":"VH","value":-16.124,"farmer_unique_id":"4476657","site_id":7759},{"date":"2020-11-30","product":"COPERNICUS/S1_GRD","band":"VH","value":-12.3998,"farmer_unique_id":"4476657","site_id":7759},{"date":"2020-12-12","product":"COPERNICUS/S1_GRD","band":"VH","value":-17.4056,"farmer_unique_id":"4476657","site_id":7759},{"date":"2020-12-24","product":"COPERNICUS/S1_GRD","band":"VH","value":-14.8123,"farmer_unique_id":"4476657","site_id":7759},{"date":"2021-01-05","product":"COPERNICUS/S1_GRD","band":"VH","value":-14.8525,"farmer_unique_id":"4476657","site_id":7759},{"date":"2021-01-17","product":"COPERNICUS/S1_GRD","band":"VH","value":-15.5464,"farmer_unique_id":"4476657","site_id":7759},{"date":"2021-01-29","product":"COPERNICUS/S1_GRD","band":"VH","value":-15.0532,"farmer_unique_id":"4476657","site_id":7759},{"date":"2021-02-10","product":"COPERNICUS/S1_GRD","band":"VH","value":-13.484,"farmer_unique_id":"4476657","site_id":7759},{"date":"2021-02-22","product":"COPERNICUS/S1_GRD","band":"VH","value":-15.4366,"farmer_unique_id":"4476657","site_id":7759},{"date":"2021-03-06","product":"COPERNICUS/S1_GRD","band":"VH","value":-18.3417,"farmer_unique_id":"4476657","site_id":7759},{"date":"2021-03-18","product":"COPERNICUS/S1_GRD","band":"VH","value":-16.2388,"farmer_unique_id":"4476657","site_id":7759},{"date":"2021-03-30","product":"COPERNICUS/S1_GRD","band":"VH","value":-19.639,"farmer_unique_id":"4476657","site_id":7759},{"date":"2021-04-11","product":"COPERNICUS/S1_GRD","band":"VH","value":-20.3908,"farmer_unique_id":"4476657","site_id":7759},{"date":"2021-04-23","product":"COPERNICUS/S1_GRD","band":"VH","value":-14.5611,"farmer_unique_id":"4476657","site_id":7759},{"date":"2021-05-05","product":"COPERNICUS/S1_GRD","band":"VH","value":-15.9893,"farmer_unique_id":"4476657","site_id":7759},{"date":"2021-05-17","product":"COPERNICUS/S1_GRD","band":"VH","value":-14.7725,"farmer_unique_id":"4476657","site_id":7759},{"date":"2021-05-29","product":"COPERNICUS/S1_GRD","band":"VH","value":-17.18,"farmer_unique_id":"4476657","site_id":7759},{"date":"2021-06-10","product":"COPERNICUS/S1_GRD","band":"VH","value":-13.8661,"farmer_unique_id":"4476657","site_id":7759},{"date":"2021-06-22","product":"COPERNICUS/S1_GRD","band":"VH","value":-20.8687,"farmer_unique_id":"4476657","site_id":7759},{"date":"2021-07-04","product":"COPERNICUS/S1_GRD","band":"VH","value":-16.2309,"farmer_unique_id":"4476657","site_id":7759},{"date":"2021-07-16","product":"COPERNICUS/S1_GRD","band":"VH","value":-16.6081,"farmer_unique_id":"4476657","site_id":7759},{"date":"2021-07-28","product":"COPERNICUS/S1_GRD","band":"VH","value":-17.1177,"farmer_unique_id":"4476657","site_id":7759},{"date":"2021-08-09","product":"COPERNICUS/S1_GRD","band":"VH","value":-16.1154,"farmer_unique_id":"4476657","site_id":7759},{"date":"2021-08-21","product":"COPERNICUS/S1_GRD","band":"VH","value":-19.8328,"farmer_unique_id":"4476657","site_id":7759},{"date":"2021-09-02","product":"COPERNICUS/S1_GRD","band":"VH","value":-16.4235,"farmer_unique_id":"4476657","site_id":7759},{"date":"2021-09-14","product":"COPERNICUS/S1_GRD","band":"VH","value":-17.0581,"farmer_unique_id":"4476657","site_id":7759},{"date":"2021-09-26","product":"COPERNICUS/S1_GRD","band":"VH","value":-17.4394,"farmer_unique_id":"4476657","site_id":7759},{"date":"2021-10-08","product":"COPERNICUS/S1_GRD","band":"VH","value":-20.9096,"farmer_unique_id":"4476657","site_id":7759},{"date":"2021-10-20","product":"COPERNICUS/S1_GRD","band":"VH","value":-16.2472,"farmer_unique_id":"4476657","site_id":7759},{"date":"2021-11-01","product":"COPERNICUS/S1_GRD","band":"VH","value":-18.9321,"farmer_unique_id":"4476657","site_id":7759},{"date":"2021-11-13","product":"COPERNICUS/S1_GRD","band":"VH","value":-22.4258,"farmer_unique_id":"4476657","site_id":7759},{"date":"2021-11-25","product":"COPERNICUS/S1_GRD","band":"VH","value":-11.5021,"farmer_unique_id":"4476657","site_id":7759},{"date":"2021-12-07","product":"COPERNICUS/S1_GRD","band":"VH","value":-14.3648,"farmer_unique_id":"4476657","site_id":7759},{"date":"2021-12-19","product":"COPERNICUS/S1_GRD","band":"VH","value":-12.9767,"farmer_unique_id":"4476657","site_id":7759},{"date":"2020-01-11","product":"COPERNICUS/S1_GRD","band":"VV","value":-10.5898,"farmer_unique_id":"4476657","site_id":7759},{"date":"2020-01-23","product":"COPERNICUS/S1_GRD","band":"VV","value":-10.7903,"farmer_unique_id":"4476657","site_id":7759},{"date":"2020-02-04","product":"COPERNICUS/S1_GRD","band":"VV","value":-8.1355,"farmer_unique_id":"4476657","site_id":7759},{"date":"2020-02-16","product":"COPERNICUS/S1_GRD","band":"VV","value":-5.4432,"farmer_unique_id":"4476657","site_id":7759},{"date":"2020-02-28","product":"COPERNICUS/S1_GRD","band":"VV","value":-10.1157,"farmer_unique_id":"4476657","site_id":7759},{"date":"2020-03-11","product":"COPERNICUS/S1_GRD","band":"VV","value":-10.4156,"farmer_unique_id":"4476657","site_id":7759},{"date":"2020-03-23","product":"COPERNICUS/S1_GRD","band":"VV","value":-15.4942,"farmer_unique_id":"4476657","site_id":7759},{"date":"2020-04-04","product":"COPERNICUS/S1_GRD","band":"VV","value":-12.4295,"farmer_unique_id":"4476657","site_id":7759},{"date":"2020-04-16","product":"COPERNICUS/S1_GRD","band":"VV","value":-12.1795,"farmer_unique_id":"4476657","site_id":7759},{"date":"2020-04-28","product":"COPERNICUS/S1_GRD","band":"VV","value":-9.2691,"farmer_unique_id":"4476657","site_id":7759},{"date":"2020-05-10","product":"COPERNICUS/S1_GRD","band":"VV","value":-10.9259,"farmer_unique_id":"4476657","site_id":7759},{"date":"2020-05-22","product":"COPERNICUS/S1_GRD","band":"VV","value":-9.193,"farmer_unique_id":"4476657","site_id":7759},{"date":"2020-06-03","product":"COPERNICUS/S1_GRD","band":"VV","value":-9.4926,"farmer_unique_id":"4476657","site_id":7759},{"date":"2020-06-15","product":"COPERNICUS/S1_GRD","band":"VV","value":-9.7354,"farmer_unique_id":"4476657","site_id":7759},{"date":"2020-06-27","product":"COPERNICUS/S1_GRD","band":"VV","value":-9.289,"farmer_unique_id":"4476657","site_id":7759},{"date":"2020-07-09","product":"COPERNICUS/S1_GRD","band":"VV","value":-15.1681,"farmer_unique_id":"4476657","site_id":7759},{"date":"2020-07-21","product":"COPERNICUS/S1_GRD","band":"VV","value":-14.3025,"farmer_unique_id":"4476657","site_id":7759},{"date":"2020-08-02","product":"COPERNICUS/S1_GRD","band":"VV","value":-9.1805,"farmer_unique_id":"4476657","site_id":7759},{"date":"2020-08-14","product":"COPERNICUS/S1_GRD","band":"VV","value":-8.756,"farmer_unique_id":"4476657","site_id":7759},{"date":"2020-08-26","product":"COPERNICUS/S1_GRD","band":"VV","value":-10.049,"farmer_unique_id":"4476657","site_id":7759},{"date":"2020-09-07","product":"COPERNICUS/S1_GRD","band":"VV","value":-11.679,"farmer_unique_id":"4476657","site_id":7759},{"date":"2020-09-19","product":"COPERNICUS/S1_GRD","band":"VV","value":-12.2854,"farmer_unique_id":"4476657","site_id":7759},{"date":"2020-10-01","product":"COPERNICUS/S1_GRD","band":"VV","value":-8.4215,"farmer_unique_id":"4476657","site_id":7759},{"date":"2020-10-13","product":"COPERNICUS/S1_GRD","band":"VV","value":-10.2987,"farmer_unique_id":"4476657","site_id":7759},{"date":"2020-10-25","product":"COPERNICUS/S1_GRD","band":"VV","value":-13.2437,"farmer_unique_id":"4476657","site_id":7759},{"date":"2020-11-06","product":"COPERNICUS/S1_GRD","band":"VV","value":-11.9941,"farmer_unique_id":"4476657","site_id":7759},{"date":"2020-11-18","product":"COPERNICUS/S1_GRD","band":"VV","value":-11.7635,"farmer_unique_id":"4476657","site_id":7759},{"date":"2020-11-30","product":"COPERNICUS/S1_GRD","band":"VV","value":-9.0029,"farmer_unique_id":"4476657","site_id":7759},{"date":"2020-12-12","product":"COPERNICUS/S1_GRD","band":"VV","value":-8.0269,"farmer_unique_id":"4476657","site_id":7759},{"date":"2020-12-24","product":"COPERNICUS/S1_GRD","band":"VV","value":-12.1793,"farmer_unique_id":"4476657","site_id":7759},{"date":"2021-01-05","product":"COPERNICUS/S1_GRD","band":"VV","value":-9.3303,"farmer_unique_id":"4476657","site_id":7759},{"date":"2021-01-17","product":"COPERNICUS/S1_GRD","band":"VV","value":-11.7841,"farmer_unique_id":"4476657","site_id":7759},{"date":"2021-01-29","product":"COPERNICUS/S1_GRD","band":"VV","value":-11.679,"farmer_unique_id":"4476657","site_id":7759},{"date":"2021-02-10","product":"COPERNICUS/S1_GRD","band":"VV","value":-7.8829,"farmer_unique_id":"4476657","site_id":7759},{"date":"2021-02-22","product":"COPERNICUS/S1_GRD","band":"VV","value":-9.3121,"farmer_unique_id":"4476657","site_id":7759},{"date":"2021-03-06","product":"COPERNICUS/S1_GRD","band":"VV","value":-10.799,"farmer_unique_id":"4476657","site_id":7759},{"date":"2021-03-18","product":"COPERNICUS/S1_GRD","band":"VV","value":-10.564,"farmer_unique_id":"4476657","site_id":7759},{"date":"2021-03-30","product":"COPERNICUS/S1_GRD","band":"VV","value":-8.5977,"farmer_unique_id":"4476657","site_id":7759},{"date":"2021-04-11","product":"COPERNICUS/S1_GRD","band":"VV","value":-9.7592,"farmer_unique_id":"4476657","site_id":7759},{"date":"2021-04-23","product":"COPERNICUS/S1_GRD","band":"VV","value":-7.5089,"farmer_unique_id":"4476657","site_id":7759},{"date":"2021-05-05","product":"COPERNICUS/S1_GRD","band":"VV","value":-10.3262,"farmer_unique_id":"4476657","site_id":7759},{"date":"2021-05-17","product":"COPERNICUS/S1_GRD","band":"VV","value":-6.0107,"farmer_unique_id":"4476657","site_id":7759},{"date":"2021-05-29","product":"COPERNICUS/S1_GRD","band":"VV","value":-7.8357,"farmer_unique_id":"4476657","site_id":7759},{"date":"2021-06-10","product":"COPERNICUS/S1_GRD","band":"VV","value":-4.8673,"farmer_unique_id":"4476657","site_id":7759},{"date":"2021-06-22","product":"COPERNICUS/S1_GRD","band":"VV","value":-8.7431,"farmer_unique_id":"4476657","site_id":7759},{"date":"2021-07-04","product":"COPERNICUS/S1_GRD","band":"VV","value":-9.481,"farmer_unique_id":"4476657","site_id":7759},{"date":"2021-07-16","product":"COPERNICUS/S1_GRD","band":"VV","value":-8.7218,"farmer_unique_id":"4476657","site_id":7759},{"date":"2021-07-28","product":"COPERNICUS/S1_GRD","band":"VV","value":-7.8957,"farmer_unique_id":"4476657","site_id":7759},{"date":"2021-08-09","product":"COPERNICUS/S1_GRD","band":"VV","value":-9.3501,"farmer_unique_id":"4476657","site_id":7759},{"date":"2021-08-21","product":"COPERNICUS/S1_GRD","band":"VV","value":-9.9616,"farmer_unique_id":"4476657","site_id":7759},{"date":"2021-09-02","product":"COPERNICUS/S1_GRD","band":"VV","value":-12.9842,"farmer_unique_id":"4476657","site_id":7759},{"date":"2021-09-14","product":"COPERNICUS/S1_GRD","band":"VV","value":-11.6723,"farmer_unique_id":"4476657","site_id":7759},{"date":"2021-09-26","product":"COPERNICUS/S1_GRD","band":"VV","value":-9.4934,"farmer_unique_id":"4476657","site_id":7759},{"date":"2021-10-08","product":"COPERNICUS/S1_GRD","band":"VV","value":-12.2655,"farmer_unique_id":"4476657","site_id":7759},{"date":"2021-10-20","product":"COPERNICUS/S1_GRD","band":"VV","value":-7.8758,"farmer_unique_id":"4476657","site_id":7759},{"date":"2021-11-01","product":"COPERNICUS/S1_GRD","band":"VV","value":-8.9831,"farmer_unique_id":"4476657","site_id":7759},{"date":"2021-11-13","product":"COPERNICUS/S1_GRD","band":"VV","value":-8.4043,"farmer_unique_id":"4476657","site_id":7759},{"date":"2021-11-25","product":"COPERNICUS/S1_GRD","band":"VV","value":-7.4236,"farmer_unique_id":"4476657","site_id":7759},{"date":"2021-12-07","product":"COPERNICUS/S1_GRD","band":"VV","value":-8.7331,"farmer_unique_id":"4476657","site_id":7759},{"date":"2021-12-19","product":"COPERNICUS/S1_GRD","band":"VV","value":-9.2331,"farmer_unique_id":"4476657","site_id":7759}]
