[{"date":"2020-01-04","product":"COPERNICUS/S1_GRD","band":"VH","value":-16.0188,"farmer_unique_id":"BS019","site_id":1782},{"date":"2020-01-09","product":"COPERNICUS/S1_GRD","band":"VH","value":-18.3348,"farmer_unique_id":"BS019","site_id":1782},{"date":"2020-01-16","product":"COPERNICUS/S1_GRD","band":"VH","value":-13.6734,"farmer_unique_id":"BS019","site_id":1782},{"date":"2020-01-21","product":"COPERNICUS/S1_GRD","band":"VH","value":-14.6807,"farmer_unique_id":"BS019","site_id":1782},{"date":"2020-01-28","product":"COPERNICUS/S1_GRD","band":"VH","value":-14.7576,"farmer_unique_id":"BS019","site_id":1782},{"date":"2020-02-02","product":"COPERNICUS/S1_GRD","band":"VH","value":-18.8489,"farmer_unique_id":"BS019","site_id":1782},{"date":"2020-02-09","product":"COPERNICUS/S1_GRD","band":"VH","value":-13.3213,"farmer_unique_id":"BS019","site_id":1782},{"date":"2020-02-14","product":"COPERNICUS/S1_GRD","band":"VH","value":-17.1334,"farmer_unique_id":"BS019","site_id":1782},{"date":"2020-02-21","product":"COPERNICUS/S1_GRD","band":"VH","value":-19.3366,"farmer_unique_id":"BS019","site_id":1782},{"date":"2020-02-26","product":"COPERNICUS/S1_GRD","band":"VH","value":-13.8515,"farmer_unique_id":"BS019","site_id":1782},{"date":"2020-03-04","product":"COPERNICUS/S1_GRD","band":"VH","value":-15.8003,"farmer_unique_id":"BS019","site_id":1782},{"date":"2020-03-09","product":"COPERNICUS/S1_GRD","band":"VH","value":-15.8618,"farmer_unique_id":"BS019","site_id":1782},{"date":"2020-03-16","product":"COPERNICUS/S1_GRD","band":"VH","value":-17.5752,"farmer_unique_id":"BS019","site_id":1782},{"date":"2020-03-21","product":"COPERNICUS/S1_GRD","band":"VH","value":-14.4675,"farmer_unique_id":"BS019","site_id":1782},{"date":"2020-03-28","product":"COPERNICUS/S1_GRD","band":"VH","value":-12.0901,"farmer_unique_id":"BS019","site_id":1782},{"date":"2020-04-02","product":"COPERNICUS/S1_GRD","band":"VH","value":-18.9724,"farmer_unique_id":"BS019","site_id":1782},{"date":"2020-04-09","product":"COPERNICUS/S1_GRD","band":"VH","value":-16.9953,"farmer_unique_id":"BS019","site_id":1782},{"date":"2020-04-14","product":"COPERNICUS/S1_GRD","band":"VH","value":-16.1737,"farmer_unique_id":"BS019","site_id":1782},{"date":"2020-04-21","product":"COPERNICUS/S1_GRD","band":"VH","value":-14.2778,"farmer_unique_id":"BS019","site_id":1782},{"date":"2020-04-26","product":"COPERNICUS/S1_GRD","band":"VH","value":-14.3771,"farmer_unique_id":"BS019","site_id":1782},{"date":"2020-05-03","product":"COPERNICUS/S1_GRD","band":"VH","value":-15.8806,"farmer_unique_id":"BS019","site_id":1782},{"date":"2020-05-08","product":"COPERNICUS/S1_GRD","band":"VH","value":-15.9693,"farmer_unique_id":"BS019","site_id":1782},{"date":"2020-05-15","product":"COPERNICUS/S1_GRD","band":"VH","value":-14.8631,"farmer_unique_id":"BS019","site_id":1782},{"date":"2020-05-20","product":"COPERNICUS/S1_GRD","band":"VH","value":-19.796,"farmer_unique_id":"BS019","site_id":1782},{"date":"2020-05-27","product":"COPERNICUS/S1_GRD","band":"VH","value":-14.4535,"farmer_unique_id":"BS019","site_id":1782},{"date":"2020-06-01","product":"COPERNICUS/S1_GRD","band":"VH","value":-16.4349,"farmer_unique_id":"BS019","site_id":1782},{"date":"2020-06-08","product":"COPERNICUS/S1_GRD","band":"VH","value":-14.7149,"farmer_unique_id":"BS019","site_id":1782},{"date":"2020-06-13","product":"COPERNICUS/S1_GRD","band":"VH","value":-13.5875,"farmer_unique_id":"BS019","site_id":1782},{"date":"2020-06-20","product":"COPERNICUS/S1_GRD","band":"VH","value":-16.5812,"farmer_unique_id":"BS019","site_id":1782},{"date":"2020-06-25","product":"COPERNICUS/S1_GRD","band":"VH","value":-17.3667,"farmer_unique_id":"BS019","site_id":1782},{"date":"2020-07-02","product":"COPERNICUS/S1_GRD","band":"VH","value":-15.7363,"farmer_unique_id":"BS019","site_id":1782},{"date":"2020-07-07","product":"COPERNICUS/S1_GRD","band":"VH","value":-19.5318,"farmer_unique_id":"BS019","site_id":1782},{"date":"2020-07-14","product":"COPERNICUS/S1_GRD","band":"VH","value":-19.7385,"farmer_unique_id":"BS019","site_id":1782},{"date":"2020-07-19","product":"COPERNICUS/S1_GRD","band":"VH","value":-10.7194,"farmer_unique_id":"BS019","site_id":1782},{"date":"2020-07-26","product":"COPERNICUS/S1_GRD","band":"VH","value":-16.193,"farmer_unique_id":"BS019","site_id":1782},{"date":"2020-07-31","product":"COPERNICUS/S1_GRD","band":"VH","value":-17.1888,"farmer_unique_id":"BS019","site_id":1782},{"date":"2020-08-07","product":"COPERNICUS/S1_GRD","band":"VH","value":-12.7215,"farmer_unique_id":"BS019","site_id":1782},{"date":"2020-08-12","product":"COPERNICUS/S1_GRD","band":"VH","farmer_unique_id":"BS019","site_id":1782},{"date":"2020-08-19","product":"COPERNICUS/S1_GRD","band":"VH","value":-17.2432,"farmer_unique_id":"BS019","site_id":1782},{"date":"2020-08-24","product":"COPERNICUS/S1_GRD","band":"VH","value":-16.0144,"farmer_unique_id":"BS019","site_id":1782},{"date":"2020-08-31","product":"COPERNICUS/S1_GRD","band":"VH","value":-12.1208,"farmer_unique_id":"BS019","site_id":1782},{"date":"2020-09-05","product":"COPERNICUS/S1_GRD","band":"VH","value":-15.6244,"farmer_unique_id":"BS019","site_id":1782},{"date":"2020-09-12","product":"COPERNICUS/S1_GRD","band":"VH","value":-20.0028,"farmer_unique_id":"BS019","site_id":1782},{"date":"2020-09-17","product":"COPERNICUS/S1_GRD","band":"VH","value":-15.5858,"farmer_unique_id":"BS019","site_id":1782},{"date":"2020-09-24","product":"COPERNICUS/S1_GRD","band":"VH","value":-15.7721,"farmer_unique_id":"BS019","site_id":1782},{"date":"2020-09-29","product":"COPERNICUS/S1_GRD","band":"VH","value":-15.9112,"farmer_unique_id":"BS019","site_id":1782},{"date":"2020-10-06","product":"COPERNICUS/S1_GRD","band":"VH","value":-12.8546,"farmer_unique_id":"BS019","site_id":1782},{"date":"2020-10-11","product":"COPERNICUS/S1_GRD","band":"VH","value":-16.8104,"farmer_unique_id":"BS019","site_id":1782},{"date":"2020-10-18","product":"COPERNICUS/S1_GRD","band":"VH","value":-13.3144,"farmer_unique_id":"BS019","site_id":1782},{"date":"2020-10-23","product":"COPERNICUS/S1_GRD","band":"VH","value":-19.0466,"farmer_unique_id":"BS019","site_id":1782},{"date":"2020-10-30","product":"COPERNICUS/S1_GRD","band":"VH","value":-14.2892,"farmer_unique_id":"BS019","site_id":1782},{"date":"2020-11-04","product":"COPERNICUS/S1_GRD","band":"VH","value":-13.9825,"farmer_unique_id":"BS019","site_id":1782},{"date":"2020-11-11","product":"COPERNICUS/S1_GRD","band":"VH","value":-13.5057,"farmer_unique_id":"BS019","site_id":1782},{"date":"2020-11-16","product":"COPERNICUS/S1_GRD","band":"VH","value":-14.8573,"farmer_unique_id":"BS019","site_id":1782},{"date":"2020-11-23","product":"COPERNICUS/S1_GRD","band":"VH","value":-15.7748,"farmer_unique_id":"BS019","site_id":1782},{"date":"2020-11-28","product":"COPERNICUS/S1_GRD","band":"VH","value":-15.2526,"farmer_unique_id":"BS019","site_id":1782},{"date":"2020-12-05","product":"COPERNICUS/S1_GRD","band":"VH","value":-12.9412,"farmer_unique_id":"BS019","site_id":1782},{"date":"2020-12-10","product":"COPERNICUS/S1_GRD","band":"VH","value":-13.7369,"farmer_unique_id":"BS019","site_id":1782},{"date":"2020-12-17","product":"COPERNICUS/S1_GRD","band":"VH","value":-17.7114,"farmer_unique_id":"BS019","site_id":1782},{"date":"2020-12-22","product":"COPERNICUS/S1_GRD","band":"VH","value":-18.7002,"farmer_unique_id":"BS019","site_id":1782},{"date":"2020-12-29","product":"COPERNICUS/S1_GRD","band":"VH","value":-17.0388,"farmer_unique_id":"BS019","site_id":1782},{"date":"2021-01-03","product":"COPERNICUS/S1_GRD","band":"VH","value":-15.8732,"farmer_unique_id":"BS019","site_id":1782},{"date":"2021-01-10","product":"COPERNICUS/S1_GRD","band":"VH","value":-14.1889,"farmer_unique_id":"BS019","site_id":1782},{"date":"2021-01-15","product":"COPERNICUS/S1_GRD","band":"VH","value":-17.9408,"farmer_unique_id":"BS019","site_id":1782},{"date":"2021-01-22","product":"COPERNICUS/S1_GRD","band":"VH","value":-16.1762,"farmer_unique_id":"BS019","site_id":1782},{"date":"2021-01-27","product":"COPERNICUS/S1_GRD","band":"VH","value":-18.0192,"farmer_unique_id":"BS019","site_id":1782},{"date":"2021-02-03","product":"COPERNICUS/S1_GRD","band":"VH","value":-14.206,"farmer_unique_id":"BS019","site_id":1782},{"date":"2021-02-08","product":"COPERNICUS/S1_GRD","band":"VH","value":-17.6758,"farmer_unique_id":"BS019","site_id":1782},{"date":"2021-02-15","product":"COPERNICUS/S1_GRD","band":"VH","value":-17.4439,"farmer_unique_id":"BS019","site_id":1782},{"date":"2021-02-20","product":"COPERNICUS/S1_GRD","band":"VH","value":-15.0318,"farmer_unique_id":"BS019","site_id":1782},{"date":"2021-02-27","product":"COPERNICUS/S1_GRD","band":"VH","value":-14.9397,"farmer_unique_id":"BS019","site_id":1782},{"date":"2021-03-04","product":"COPERNICUS/S1_GRD","band":"VH","value":-14.9518,"farmer_unique_id":"BS019","site_id":1782},{"date":"2021-03-11","product":"COPERNICUS/S1_GRD","band":"VH","value":-16.2932,"farmer_unique_id":"BS019","site_id":1782},{"date":"2021-03-16","product":"COPERNICUS/S1_GRD","band":"VH","value":-15.0853,"farmer_unique_id":"BS019","site_id":1782},{"date":"2021-03-23","product":"COPERNICUS/S1_GRD","band":"VH","value":-16.4076,"farmer_unique_id":"BS019","site_id":1782},{"date":"2021-03-28","product":"COPERNICUS/S1_GRD","band":"VH","value":-18.0835,"farmer_unique_id":"BS019","site_id":1782},{"date":"2021-04-04","product":"COPERNICUS/S1_GRD","band":"VH","value":-15.5371,"farmer_unique_id":"BS019","site_id":1782},{"date":"2021-04-09","product":"COPERNICUS/S1_GRD","band":"VH","value":-14.7369,"farmer_unique_id":"BS019","site_id":1782},{"date":"2021-04-16","product":"COPERNICUS/S1_GRD","band":"VH","value":-16.4935,"farmer_unique_id":"BS019","site_id":1782},{"date":"2021-04-21","product":"COPERNICUS/S1_GRD","band":"VH","value":-14.1518,"farmer_unique_id":"BS019","site_id":1782},{"date":"2021-04-28","product":"COPERNICUS/S1_GRD","band":"VH","value":-15.1231,"farmer_unique_id":"BS019","site_id":1782},{"date":"2021-05-03","product":"COPERNICUS/S1_GRD","band":"VH","value":-10.6064,"farmer_unique_id":"BS019","site_id":1782},{"date":"2021-05-10","product":"COPERNICUS/S1_GRD","band":"VH","value":-16.0049,"farmer_unique_id":"BS019","site_id":1782},{"date":"2021-05-15","product":"COPERNICUS/S1_GRD","band":"VH","value":-15.7117,"farmer_unique_id":"BS019","site_id":1782},{"date":"2021-05-22","product":"COPERNICUS/S1_GRD","band":"VH","value":-19.6303,"farmer_unique_id":"BS019","site_id":1782},{"date":"2021-05-27","product":"COPERNICUS/S1_GRD","band":"VH","value":-15.2105,"farmer_unique_id":"BS019","site_id":1782},{"date":"2021-06-03","product":"COPERNICUS/S1_GRD","band":"VH","value":-18.3899,"farmer_unique_id":"BS019","site_id":1782},{"date":"2021-06-08","product":"COPERNICUS/S1_GRD","band":"VH","value":-17.3615,"farmer_unique_id":"BS019","site_id":1782},{"date":"2021-06-15","product":"COPERNICUS/S1_GRD","band":"VH","value":-16.5153,"farmer_unique_id":"BS019","site_id":1782},{"date":"2021-06-20","product":"COPERNICUS/S1_GRD","band":"VH","value":-13.4055,"farmer_unique_id":"BS019","site_id":1782},{"date":"2021-06-27","product":"COPERNICUS/S1_GRD","band":"VH","value":-18.64,"farmer_unique_id":"BS019","site_id":1782},{"date":"2021-07-02","product":"COPERNICUS/S1_GRD","band":"VH","value":-15.7188,"farmer_unique_id":"BS019","site_id":1782},{"date":"2021-07-09","product":"COPERNICUS/S1_GRD","band":"VH","value":-14.763,"farmer_unique_id":"BS019","site_id":1782},{"date":"2021-07-14","product":"COPERNICUS/S1_GRD","band":"VH","value":-17.8606,"farmer_unique_id":"BS019","site_id":1782},{"date":"2021-07-21","product":"COPERNICUS/S1_GRD","band":"VH","value":-14.3785,"farmer_unique_id":"BS019","site_id":1782},{"date":"2021-07-26","product":"COPERNICUS/S1_GRD","band":"VH","value":-14.7375,"farmer_unique_id":"BS019","site_id":1782},{"date":"2021-08-02","product":"COPERNICUS/S1_GRD","band":"VH","value":-13.579,"farmer_unique_id":"BS019","site_id":1782},{"date":"2021-08-07","product":"COPERNICUS/S1_GRD","band":"VH","value":-13.8168,"farmer_unique_id":"BS019","site_id":1782},{"date":"2021-08-14","product":"COPERNICUS/S1_GRD","band":"VH","value":-17.999,"farmer_unique_id":"BS019","site_id":1782},{"date":"2021-08-19","product":"COPERNICUS/S1_GRD","band":"VH","value":-16.2113,"farmer_unique_id":"BS019","site_id":1782},{"date":"2021-08-26","product":"COPERNICUS/S1_GRD","band":"VH","value":-13.2469,"farmer_unique_id":"BS019","site_id":1782},{"date":"2021-08-31","product":"COPERNICUS/S1_GRD","band":"VH","value":-13.7002,"farmer_unique_id":"BS019","site_id":1782},{"date":"2021-09-07","product":"COPERNICUS/S1_GRD","band":"VH","value":-14.0294,"farmer_unique_id":"BS019","site_id":1782},{"date":"2021-09-12","product":"COPERNICUS/S1_GRD","band":"VH","value":-18.2673,"farmer_unique_id":"BS019","site_id":1782},{"date":"2021-09-19","product":"COPERNICUS/S1_GRD","band":"VH","value":-13.739,"farmer_unique_id":"BS019","site_id":1782},{"date":"2021-09-24","product":"COPERNICUS/S1_GRD","band":"VH","value":-15.9913,"farmer_unique_id":"BS019","site_id":1782},{"date":"2021-10-01","product":"COPERNICUS/S1_GRD","band":"VH","value":-13.0204,"farmer_unique_id":"BS019","site_id":1782},{"date":"2021-10-06","product":"COPERNICUS/S1_GRD","band":"VH","value":-16.7886,"farmer_unique_id":"BS019","site_id":1782},{"date":"2021-10-13","product":"COPERNICUS/S1_GRD","band":"VH","value":-20.8166,"farmer_unique_id":"BS019","site_id":1782},{"date":"2021-10-18","product":"COPERNICUS/S1_GRD","band":"VH","value":-18.7144,"farmer_unique_id":"BS019","site_id":1782},{"date":"2021-10-25","product":"COPERNICUS/S1_GRD","band":"VH","value":-13.3478,"farmer_unique_id":"BS019","site_id":1782},{"date":"2021-10-30","product":"COPERNICUS/S1_GRD","band":"VH","value":-15.7175,"farmer_unique_id":"BS019","site_id":1782},{"date":"2021-11-06","product":"COPERNICUS/S1_GRD","band":"VH","value":-16.1509,"farmer_unique_id":"BS019","site_id":1782},{"date":"2021-11-11","product":"COPERNICUS/S1_GRD","band":"VH","value":-15.3467,"farmer_unique_id":"BS019","site_id":1782},{"date":"2021-11-18","product":"COPERNICUS/S1_GRD","band":"VH","value":-15.1273,"farmer_unique_id":"BS019","site_id":1782},{"date":"2021-11-23","product":"COPERNICUS/S1_GRD","band":"VH","value":-17.8386,"farmer_unique_id":"BS019","site_id":1782},{"date":"2021-11-30","product":"COPERNICUS/S1_GRD","band":"VH","value":-15.5785,"farmer_unique_id":"BS019","site_id":1782},{"date":"2021-12-05","product":"COPERNICUS/S1_GRD","band":"VH","value":-16.4413,"farmer_unique_id":"BS019","site_id":1782},{"date":"2021-12-12","product":"COPERNICUS/S1_GRD","band":"VH","value":-16.7606,"farmer_unique_id":"BS019","site_id":1782},{"date":"2021-12-17","product":"COPERNICUS/S1_GRD","band":"VH","value":-20.9337,"farmer_unique_id":"BS019","site_id":1782},{"date":"2021-12-24","product":"COPERNICUS/S1_GRD","band":"VH","value":-15.4527,"farmer_unique_id":"BS019","site_id":1782},{"date":"2021-12-29","product":"COPERNICUS/S1_GRD","band":"VH","value":-17.5527,"farmer_unique_id":"BS019","site_id":1782},{"date":"2020-01-04","product":"COPERNICUS/S1_GRD","band":"VV","value":-13.0503,"farmer_unique_id":"BS019","site_id":1782},{"date":"2020-01-09","product":"COPERNICUS/S1_GRD","band":"VV","value":-8.639,"farmer_unique_id":"BS019","site_id":1782},{"date":"2020-01-16","product":"COPERNICUS/S1_GRD","band":"VV","value":-10.3182,"farmer_unique_id":"BS019","site_id":1782},{"date":"2020-01-21","product":"COPERNICUS/S1_GRD","band":"VV","value":-10.16,"farmer_unique_id":"BS019","site_id":1782},{"date":"2020-01-28","product":"COPERNICUS/S1_GRD","band":"VV","value":-10.3213,"farmer_unique_id":"BS019","site_id":1782},{"date":"2020-02-02","product":"COPERNICUS/S1_GRD","band":"VV","value":-9.1507,"farmer_unique_id":"BS019","site_id":1782},{"date":"2020-02-09","product":"COPERNICUS/S1_GRD","band":"VV","value":-9.3731,"farmer_unique_id":"BS019","site_id":1782},{"date":"2020-02-14","product":"COPERNICUS/S1_GRD","band":"VV","value":-12.078,"farmer_unique_id":"BS019","site_id":1782},{"date":"2020-02-21","product":"COPERNICUS/S1_GRD","band":"VV","value":-10.1243,"farmer_unique_id":"BS019","site_id":1782},{"date":"2020-02-26","product":"COPERNICUS/S1_GRD","band":"VV","value":-8.7731,"farmer_unique_id":"BS019","site_id":1782},{"date":"2020-03-04","product":"COPERNICUS/S1_GRD","band":"VV","value":-8.0081,"farmer_unique_id":"BS019","site_id":1782},{"date":"2020-03-09","product":"COPERNICUS/S1_GRD","band":"VV","value":-13.359,"farmer_unique_id":"BS019","site_id":1782},{"date":"2020-03-16","product":"COPERNICUS/S1_GRD","band":"VV","value":-10.0636,"farmer_unique_id":"BS019","site_id":1782},{"date":"2020-03-21","product":"COPERNICUS/S1_GRD","band":"VV","value":-10.5879,"farmer_unique_id":"BS019","site_id":1782},{"date":"2020-03-28","product":"COPERNICUS/S1_GRD","band":"VV","value":-6.6735,"farmer_unique_id":"BS019","site_id":1782},{"date":"2020-04-02","product":"COPERNICUS/S1_GRD","band":"VV","value":-10.2096,"farmer_unique_id":"BS019","site_id":1782},{"date":"2020-04-09","product":"COPERNICUS/S1_GRD","band":"VV","value":-10.2117,"farmer_unique_id":"BS019","site_id":1782},{"date":"2020-04-14","product":"COPERNICUS/S1_GRD","band":"VV","value":-9.99,"farmer_unique_id":"BS019","site_id":1782},{"date":"2020-04-21","product":"COPERNICUS/S1_GRD","band":"VV","value":-10.7217,"farmer_unique_id":"BS019","site_id":1782},{"date":"2020-04-26","product":"COPERNICUS/S1_GRD","band":"VV","value":-7.9158,"farmer_unique_id":"BS019","site_id":1782},{"date":"2020-05-03","product":"COPERNICUS/S1_GRD","band":"VV","value":-8.3202,"farmer_unique_id":"BS019","site_id":1782},{"date":"2020-05-08","product":"COPERNICUS/S1_GRD","band":"VV","value":-4.0626,"farmer_unique_id":"BS019","site_id":1782},{"date":"2020-05-15","product":"COPERNICUS/S1_GRD","band":"VV","value":-6.3472,"farmer_unique_id":"BS019","site_id":1782},{"date":"2020-05-20","product":"COPERNICUS/S1_GRD","band":"VV","value":-10.5497,"farmer_unique_id":"BS019","site_id":1782},{"date":"2020-05-27","product":"COPERNICUS/S1_GRD","band":"VV","value":-9.153,"farmer_unique_id":"BS019","site_id":1782},{"date":"2020-06-01","product":"COPERNICUS/S1_GRD","band":"VV","value":-8.5112,"farmer_unique_id":"BS019","site_id":1782},{"date":"2020-06-08","product":"COPERNICUS/S1_GRD","band":"VV","value":-8.959,"farmer_unique_id":"BS019","site_id":1782},{"date":"2020-06-13","product":"COPERNICUS/S1_GRD","band":"VV","value":-7.6752,"farmer_unique_id":"BS019","site_id":1782},{"date":"2020-06-20","product":"COPERNICUS/S1_GRD","band":"VV","value":-13.1656,"farmer_unique_id":"BS019","site_id":1782},{"date":"2020-06-25","product":"COPERNICUS/S1_GRD","band":"VV","value":-6.1708,"farmer_unique_id":"BS019","site_id":1782},{"date":"2020-07-02","product":"COPERNICUS/S1_GRD","band":"VV","value":-8.3426,"farmer_unique_id":"BS019","site_id":1782},{"date":"2020-07-07","product":"COPERNICUS/S1_GRD","band":"VV","value":-9.9788,"farmer_unique_id":"BS019","site_id":1782},{"date":"2020-07-14","product":"COPERNICUS/S1_GRD","band":"VV","value":-6.0437,"farmer_unique_id":"BS019","site_id":1782},{"date":"2020-07-19","product":"COPERNICUS/S1_GRD","band":"VV","value":-10.0677,"farmer_unique_id":"BS019","site_id":1782},{"date":"2020-07-26","product":"COPERNICUS/S1_GRD","band":"VV","value":-5.9268,"farmer_unique_id":"BS019","site_id":1782},{"date":"2020-07-31","product":"COPERNICUS/S1_GRD","band":"VV","value":-6.3344,"farmer_unique_id":"BS019","site_id":1782},{"date":"2020-08-07","product":"COPERNICUS/S1_GRD","band":"VV","value":-7.4517,"farmer_unique_id":"BS019","site_id":1782},{"date":"2020-08-12","product":"COPERNICUS/S1_GRD","band":"VV","value":-8.7674,"farmer_unique_id":"BS019","site_id":1782},{"date":"2020-08-19","product":"COPERNICUS/S1_GRD","band":"VV","value":-9.6481,"farmer_unique_id":"BS019","site_id":1782},{"date":"2020-08-24","product":"COPERNICUS/S1_GRD","band":"VV","value":-6.4911,"farmer_unique_id":"BS019","site_id":1782},{"date":"2020-08-31","product":"COPERNICUS/S1_GRD","band":"VV","value":-8.7311,"farmer_unique_id":"BS019","site_id":1782},{"date":"2020-09-05","product":"COPERNICUS/S1_GRD","band":"VV","value":-6.8568,"farmer_unique_id":"BS019","site_id":1782},{"date":"2020-09-12","product":"COPERNICUS/S1_GRD","band":"VV","value":-8.6441,"farmer_unique_id":"BS019","site_id":1782},{"date":"2020-09-17","product":"COPERNICUS/S1_GRD","band":"VV","value":-11.9406,"farmer_unique_id":"BS019","site_id":1782},{"date":"2020-09-24","product":"COPERNICUS/S1_GRD","band":"VV","value":-9.6403,"farmer_unique_id":"BS019","site_id":1782},{"date":"2020-09-29","product":"COPERNICUS/S1_GRD","band":"VV","value":-10.3083,"farmer_unique_id":"BS019","site_id":1782},{"date":"2020-10-06","product":"COPERNICUS/S1_GRD","band":"VV","value":-8.9123,"farmer_unique_id":"BS019","site_id":1782},{"date":"2020-10-11","product":"COPERNICUS/S1_GRD","band":"VV","value":-10.4622,"farmer_unique_id":"BS019","site_id":1782},{"date":"2020-10-18","product":"COPERNICUS/S1_GRD","band":"VV","value":-7.136,"farmer_unique_id":"BS019","site_id":1782},{"date":"2020-10-23","product":"COPERNICUS/S1_GRD","band":"VV","value":-11.695,"farmer_unique_id":"BS019","site_id":1782},{"date":"2020-10-30","product":"COPERNICUS/S1_GRD","band":"VV","value":-6.8111,"farmer_unique_id":"BS019","site_id":1782},{"date":"2020-11-04","product":"COPERNICUS/S1_GRD","band":"VV","value":-8.6421,"farmer_unique_id":"BS019","site_id":1782},{"date":"2020-11-11","product":"COPERNICUS/S1_GRD","band":"VV","value":-7.9406,"farmer_unique_id":"BS019","site_id":1782},{"date":"2020-11-16","product":"COPERNICUS/S1_GRD","band":"VV","value":-6.7812,"farmer_unique_id":"BS019","site_id":1782},{"date":"2020-11-23","product":"COPERNICUS/S1_GRD","band":"VV","value":-4.5505,"farmer_unique_id":"BS019","site_id":1782},{"date":"2020-11-28","product":"COPERNICUS/S1_GRD","band":"VV","value":-8.5111,"farmer_unique_id":"BS019","site_id":1782},{"date":"2020-12-05","product":"COPERNICUS/S1_GRD","band":"VV","value":-9.1632,"farmer_unique_id":"BS019","site_id":1782},{"date":"2020-12-10","product":"COPERNICUS/S1_GRD","band":"VV","value":-11.2985,"farmer_unique_id":"BS019","site_id":1782},{"date":"2020-12-17","product":"COPERNICUS/S1_GRD","band":"VV","value":-13.1334,"farmer_unique_id":"BS019","site_id":1782},{"date":"2020-12-22","product":"COPERNICUS/S1_GRD","band":"VV","value":-7.3638,"farmer_unique_id":"BS019","site_id":1782},{"date":"2020-12-29","product":"COPERNICUS/S1_GRD","band":"VV","value":-10.5768,"farmer_unique_id":"BS019","site_id":1782},{"date":"2021-01-03","product":"COPERNICUS/S1_GRD","band":"VV","value":-9.5294,"farmer_unique_id":"BS019","site_id":1782},{"date":"2021-01-10","product":"COPERNICUS/S1_GRD","band":"VV","value":-6.6097,"farmer_unique_id":"BS019","site_id":1782},{"date":"2021-01-15","product":"COPERNICUS/S1_GRD","band":"VV","value":-8.1871,"farmer_unique_id":"BS019","site_id":1782},{"date":"2021-01-22","product":"COPERNICUS/S1_GRD","band":"VV","value":-8.8925,"farmer_unique_id":"BS019","site_id":1782},{"date":"2021-01-27","product":"COPERNICUS/S1_GRD","band":"VV","value":-5.8451,"farmer_unique_id":"BS019","site_id":1782},{"date":"2021-02-03","product":"COPERNICUS/S1_GRD","band":"VV","value":-9.9948,"farmer_unique_id":"BS019","site_id":1782},{"date":"2021-02-08","product":"COPERNICUS/S1_GRD","band":"VV","value":-10.9645,"farmer_unique_id":"BS019","site_id":1782},{"date":"2021-02-15","product":"COPERNICUS/S1_GRD","band":"VV","value":-9.0725,"farmer_unique_id":"BS019","site_id":1782},{"date":"2021-02-20","product":"COPERNICUS/S1_GRD","band":"VV","value":-9.4187,"farmer_unique_id":"BS019","site_id":1782},{"date":"2021-02-27","product":"COPERNICUS/S1_GRD","band":"VV","value":-8.8358,"farmer_unique_id":"BS019","site_id":1782},{"date":"2021-03-04","product":"COPERNICUS/S1_GRD","band":"VV","value":-13.8522,"farmer_unique_id":"BS019","site_id":1782},{"date":"2021-03-11","product":"COPERNICUS/S1_GRD","band":"VV","value":-10.9941,"farmer_unique_id":"BS019","site_id":1782},{"date":"2021-03-16","product":"COPERNICUS/S1_GRD","band":"VV","value":-10.6984,"farmer_unique_id":"BS019","site_id":1782},{"date":"2021-03-23","product":"COPERNICUS/S1_GRD","band":"VV","value":-8.6656,"farmer_unique_id":"BS019","site_id":1782},{"date":"2021-03-28","product":"COPERNICUS/S1_GRD","band":"VV","value":-13.151,"farmer_unique_id":"BS019","site_id":1782},{"date":"2021-04-04","product":"COPERNICUS/S1_GRD","band":"VV","value":-9.1948,"farmer_unique_id":"BS019","site_id":1782},{"date":"2021-04-09","product":"COPERNICUS/S1_GRD","band":"VV","value":-10.7792,"farmer_unique_id":"BS019","site_id":1782},{"date":"2021-04-16","product":"COPERNICUS/S1_GRD","band":"VV","value":-6.5329,"farmer_unique_id":"BS019","site_id":1782},{"date":"2021-04-21","product":"COPERNICUS/S1_GRD","band":"VV","value":-8.6154,"farmer_unique_id":"BS019","site_id":1782},{"date":"2021-04-28","product":"COPERNICUS/S1_GRD","band":"VV","value":-7.6227,"farmer_unique_id":"BS019","site_id":1782},{"date":"2021-05-03","product":"COPERNICUS/S1_GRD","band":"VV","value":-8.4687,"farmer_unique_id":"BS019","site_id":1782},{"date":"2021-05-10","product":"COPERNICUS/S1_GRD","band":"VV","value":-10.4682,"farmer_unique_id":"BS019","site_id":1782},{"date":"2021-05-15","product":"COPERNICUS/S1_GRD","band":"VV","value":-11.2421,"farmer_unique_id":"BS019","site_id":1782},{"date":"2021-05-22","product":"COPERNICUS/S1_GRD","band":"VV","value":-9.5115,"farmer_unique_id":"BS019","site_id":1782},{"date":"2021-05-27","product":"COPERNICUS/S1_GRD","band":"VV","value":-9.0141,"farmer_unique_id":"BS019","site_id":1782},{"date":"2021-06-03","product":"COPERNICUS/S1_GRD","band":"VV","value":-6.6685,"farmer_unique_id":"BS019","site_id":1782},{"date":"2021-06-08","product":"COPERNICUS/S1_GRD","band":"VV","value":-12.7715,"farmer_unique_id":"BS019","site_id":1782},{"date":"2021-06-15","product":"COPERNICUS/S1_GRD","band":"VV","value":-8.7773,"farmer_unique_id":"BS019","site_id":1782},{"date":"2021-06-20","product":"COPERNICUS/S1_GRD","band":"VV","value":-10.497,"farmer_unique_id":"BS019","site_id":1782},{"date":"2021-06-27","product":"COPERNICUS/S1_GRD","band":"VV","value":-8.7816,"farmer_unique_id":"BS019","site_id":1782},{"date":"2021-07-02","product":"COPERNICUS/S1_GRD","band":"VV","value":-8.6057,"farmer_unique_id":"BS019","site_id":1782},{"date":"2021-07-09","product":"COPERNICUS/S1_GRD","band":"VV","value":-6.8726,"farmer_unique_id":"BS019","site_id":1782},{"date":"2021-07-14","product":"COPERNICUS/S1_GRD","band":"VV","value":-9.1067,"farmer_unique_id":"BS019","site_id":1782},{"date":"2021-07-21","product":"COPERNICUS/S1_GRD","band":"VV","value":-8.2524,"farmer_unique_id":"BS019","site_id":1782},{"date":"2021-07-26","product":"COPERNICUS/S1_GRD","band":"VV","value":-12.3895,"farmer_unique_id":"BS019","site_id":1782},{"date":"2021-08-02","product":"COPERNICUS/S1_GRD","band":"VV","value":-8.8458,"farmer_unique_id":"BS019","site_id":1782},{"date":"2021-08-07","product":"COPERNICUS/S1_GRD","band":"VV","value":-10.52,"farmer_unique_id":"BS019","site_id":1782},{"date":"2021-08-14","product":"COPERNICUS/S1_GRD","band":"VV","value":-9.9413,"farmer_unique_id":"BS019","site_id":1782},{"date":"2021-08-19","product":"COPERNICUS/S1_GRD","band":"VV","value":-10.093,"farmer_unique_id":"BS019","site_id":1782},{"date":"2021-08-26","product":"COPERNICUS/S1_GRD","band":"VV","value":-11.4908,"farmer_unique_id":"BS019","site_id":1782},{"date":"2021-08-31","product":"COPERNICUS/S1_GRD","band":"VV","value":-12.5362,"farmer_unique_id":"BS019","site_id":1782},{"date":"2021-09-07","product":"COPERNICUS/S1_GRD","band":"VV","value":-13.3613,"farmer_unique_id":"BS019","site_id":1782},{"date":"2021-09-12","product":"COPERNICUS/S1_GRD","band":"VV","value":-8.3569,"farmer_unique_id":"BS019","site_id":1782},{"date":"2021-09-19","product":"COPERNICUS/S1_GRD","band":"VV","value":-10.1409,"farmer_unique_id":"BS019","site_id":1782},{"date":"2021-09-24","product":"COPERNICUS/S1_GRD","band":"VV","value":-8.4106,"farmer_unique_id":"BS019","site_id":1782},{"date":"2021-10-01","product":"COPERNICUS/S1_GRD","band":"VV","value":-8.4026,"farmer_unique_id":"BS019","site_id":1782},{"date":"2021-10-06","product":"COPERNICUS/S1_GRD","band":"VV","value":-9.5999,"farmer_unique_id":"BS019","site_id":1782},{"date":"2021-10-13","product":"COPERNICUS/S1_GRD","band":"VV","value":-5.5691,"farmer_unique_id":"BS019","site_id":1782},{"date":"2021-10-18","product":"COPERNICUS/S1_GRD","band":"VV","value":-7.851,"farmer_unique_id":"BS019","site_id":1782},{"date":"2021-10-25","product":"COPERNICUS/S1_GRD","band":"VV","farmer_unique_id":"BS019","site_id":1782},{"date":"2021-10-30","product":"COPERNICUS/S1_GRD","band":"VV","value":-8.9323,"farmer_unique_id":"BS019","site_id":1782},{"date":"2021-11-06","product":"COPERNICUS/S1_GRD","band":"VV","value":-9.0422,"farmer_unique_id":"BS019","site_id":1782},{"date":"2021-11-11","product":"COPERNICUS/S1_GRD","band":"VV","value":-8.2646,"farmer_unique_id":"BS019","site_id":1782},{"date":"2021-11-18","product":"COPERNICUS/S1_GRD","band":"VV","value":-10.6107,"farmer_unique_id":"BS019","site_id":1782},{"date":"2021-11-23","product":"COPERNICUS/S1_GRD","band":"VV","value":-8.2552,"farmer_unique_id":"BS019","site_id":1782},{"date":"2021-11-30","product":"COPERNICUS/S1_GRD","band":"VV","value":-8.1832,"farmer_unique_id":"BS019","site_id":1782},{"date":"2021-12-05","product":"COPERNICUS/S1_GRD","band":"VV","value":-8.0008,"farmer_unique_id":"BS019","site_id":1782},{"date":"2021-12-12","product":"COPERNICUS/S1_GRD","band":"VV","value":-11.4846,"farmer_unique_id":"BS019","site_id":1782},{"date":"2021-12-17","product":"COPERNICUS/S1_GRD","band":"VV","value":-15.1071,"farmer_unique_id":"BS019","site_id":1782},{"date":"2021-12-24","product":"COPERNICUS/S1_GRD","band":"VV","value":-9.0863,"farmer_unique_id":"BS019","site_id":1782},{"date":"2021-12-29","product":"COPERNICUS/S1_GRD","band":"VV","value":-14.8423,"farmer_unique_id":"BS019","site_id":1782}]
