[{"date":"2020-01-11","product":"COPERNICUS/S1_GRD","band":"VH","value":-13.8076,"farmer_unique_id":"MN006","site_id":1340},{"date":"2020-01-23","product":"COPERNICUS/S1_GRD","band":"VH","value":-16.3772,"farmer_unique_id":"MN006","site_id":1340},{"date":"2020-02-04","product":"COPERNICUS/S1_GRD","band":"VH","value":-13.4951,"farmer_unique_id":"MN006","site_id":1340},{"date":"2020-02-16","product":"COPERNICUS/S1_GRD","band":"VH","value":-11.6572,"farmer_unique_id":"MN006","site_id":1340},{"date":"2020-02-28","product":"COPERNICUS/S1_GRD","band":"VH","value":-15.4985,"farmer_unique_id":"MN006","site_id":1340},{"date":"2020-03-11","product":"COPERNICUS/S1_GRD","band":"VH","value":-14.2936,"farmer_unique_id":"MN006","site_id":1340},{"date":"2020-03-23","product":"COPERNICUS/S1_GRD","band":"VH","value":-14.5545,"farmer_unique_id":"MN006","site_id":1340},{"date":"2020-04-04","product":"COPERNICUS/S1_GRD","band":"VH","value":-17.6283,"farmer_unique_id":"MN006","site_id":1340},{"date":"2020-04-16","product":"COPERNICUS/S1_GRD","band":"VH","value":-15.0947,"farmer_unique_id":"MN006","site_id":1340},{"date":"2020-04-28","product":"COPERNICUS/S1_GRD","band":"VH","value":-17.8368,"farmer_unique_id":"MN006","site_id":1340},{"date":"2020-05-10","product":"COPERNICUS/S1_GRD","band":"VH","value":-17.8118,"farmer_unique_id":"MN006","site_id":1340},{"date":"2020-05-22","product":"COPERNICUS/S1_GRD","band":"VH","value":-15.0355,"farmer_unique_id":"MN006","site_id":1340},{"date":"2020-06-03","product":"COPERNICUS/S1_GRD","band":"VH","value":-15.8531,"farmer_unique_id":"MN006","site_id":1340},{"date":"2020-06-15","product":"COPERNICUS/S1_GRD","band":"VH","value":-20.0599,"farmer_unique_id":"MN006","site_id":1340},{"date":"2020-06-27","product":"COPERNICUS/S1_GRD","band":"VH","value":-17.3145,"farmer_unique_id":"MN006","site_id":1340},{"date":"2020-07-09","product":"COPERNICUS/S1_GRD","band":"VH","value":-18.1562,"farmer_unique_id":"MN006","site_id":1340},{"date":"2020-07-21","product":"COPERNICUS/S1_GRD","band":"VH","value":-17.3543,"farmer_unique_id":"MN006","site_id":1340},{"date":"2020-08-02","product":"COPERNICUS/S1_GRD","band":"VH","value":-13.931,"farmer_unique_id":"MN006","site_id":1340},{"date":"2020-08-14","product":"COPERNICUS/S1_GRD","band":"VH","value":-18.1081,"farmer_unique_id":"MN006","site_id":1340},{"date":"2020-08-26","product":"COPERNICUS/S1_GRD","band":"VH","value":-19.2079,"farmer_unique_id":"MN006","site_id":1340},{"date":"2020-09-07","product":"COPERNICUS/S1_GRD","band":"VH","value":-18.9676,"farmer_unique_id":"MN006","site_id":1340},{"date":"2020-09-19","product":"COPERNICUS/S1_GRD","band":"VH","value":-18.8808,"farmer_unique_id":"MN006","site_id":1340},{"date":"2020-10-01","product":"COPERNICUS/S1_GRD","band":"VH","value":-17.704,"farmer_unique_id":"MN006","site_id":1340},{"date":"2020-10-13","product":"COPERNICUS/S1_GRD","band":"VH","value":-31.5991,"farmer_unique_id":"MN006","site_id":1340},{"date":"2020-10-25","product":"COPERNICUS/S1_GRD","band":"VH","value":-20.8193,"farmer_unique_id":"MN006","site_id":1340},{"date":"2020-11-06","product":"COPERNICUS/S1_GRD","band":"VH","value":-19.8491,"farmer_unique_id":"MN006","site_id":1340},{"date":"2020-11-18","product":"COPERNICUS/S1_GRD","band":"VH","value":-22.6655,"farmer_unique_id":"MN006","site_id":1340},{"date":"2020-11-30","product":"COPERNICUS/S1_GRD","band":"VH","value":-15.4295,"farmer_unique_id":"MN006","site_id":1340},{"date":"2020-12-12","product":"COPERNICUS/S1_GRD","band":"VH","value":-18.9293,"farmer_unique_id":"MN006","site_id":1340},{"date":"2020-12-24","product":"COPERNICUS/S1_GRD","band":"VH","value":-20.2905,"farmer_unique_id":"MN006","site_id":1340},{"date":"2021-01-05","product":"COPERNICUS/S1_GRD","band":"VH","value":-19.9794,"farmer_unique_id":"MN006","site_id":1340},{"date":"2021-01-17","product":"COPERNICUS/S1_GRD","band":"VH","value":-17.0397,"farmer_unique_id":"MN006","site_id":1340},{"date":"2021-01-29","product":"COPERNICUS/S1_GRD","band":"VH","value":-20.9267,"farmer_unique_id":"MN006","site_id":1340},{"date":"2021-02-10","product":"COPERNICUS/S1_GRD","band":"VH","value":-19.8539,"farmer_unique_id":"MN006","site_id":1340},{"date":"2021-02-22","product":"COPERNICUS/S1_GRD","band":"VH","value":-13.4133,"farmer_unique_id":"MN006","site_id":1340},{"date":"2021-03-06","product":"COPERNICUS/S1_GRD","band":"VH","value":-16.6395,"farmer_unique_id":"MN006","site_id":1340},{"date":"2021-03-18","product":"COPERNICUS/S1_GRD","band":"VH","value":-17.6707,"farmer_unique_id":"MN006","site_id":1340},{"date":"2021-03-30","product":"COPERNICUS/S1_GRD","band":"VH","value":-17.8774,"farmer_unique_id":"MN006","site_id":1340},{"date":"2021-04-11","product":"COPERNICUS/S1_GRD","band":"VH","value":-18.7434,"farmer_unique_id":"MN006","site_id":1340},{"date":"2021-04-23","product":"COPERNICUS/S1_GRD","band":"VH","value":-17.928,"farmer_unique_id":"MN006","site_id":1340},{"date":"2021-05-05","product":"COPERNICUS/S1_GRD","band":"VH","value":-17.5565,"farmer_unique_id":"MN006","site_id":1340},{"date":"2021-05-17","product":"COPERNICUS/S1_GRD","band":"VH","value":-16.0487,"farmer_unique_id":"MN006","site_id":1340},{"date":"2021-05-29","product":"COPERNICUS/S1_GRD","band":"VH","value":-21.5832,"farmer_unique_id":"MN006","site_id":1340},{"date":"2021-06-10","product":"COPERNICUS/S1_GRD","band":"VH","value":-19.0444,"farmer_unique_id":"MN006","site_id":1340},{"date":"2021-06-22","product":"COPERNICUS/S1_GRD","band":"VH","value":-19.3216,"farmer_unique_id":"MN006","site_id":1340},{"date":"2021-07-04","product":"COPERNICUS/S1_GRD","band":"VH","value":-18.5978,"farmer_unique_id":"MN006","site_id":1340},{"date":"2021-07-16","product":"COPERNICUS/S1_GRD","band":"VH","value":-17.5602,"farmer_unique_id":"MN006","site_id":1340},{"date":"2021-07-28","product":"COPERNICUS/S1_GRD","band":"VH","value":-19.5558,"farmer_unique_id":"MN006","site_id":1340},{"date":"2021-08-09","product":"COPERNICUS/S1_GRD","band":"VH","value":-19.4077,"farmer_unique_id":"MN006","site_id":1340},{"date":"2021-08-21","product":"COPERNICUS/S1_GRD","band":"VH","value":-19.5882,"farmer_unique_id":"MN006","site_id":1340},{"date":"2021-09-02","product":"COPERNICUS/S1_GRD","band":"VH","value":-21.0349,"farmer_unique_id":"MN006","site_id":1340},{"date":"2021-09-14","product":"COPERNICUS/S1_GRD","band":"VH","value":-21.5926,"farmer_unique_id":"MN006","site_id":1340},{"date":"2021-09-26","product":"COPERNICUS/S1_GRD","band":"VH","value":-19.7351,"farmer_unique_id":"MN006","site_id":1340},{"date":"2021-10-08","product":"COPERNICUS/S1_GRD","band":"VH","value":-17.605,"farmer_unique_id":"MN006","site_id":1340},{"date":"2021-10-20","product":"COPERNICUS/S1_GRD","band":"VH","value":-21.1838,"farmer_unique_id":"MN006","site_id":1340},{"date":"2021-11-01","product":"COPERNICUS/S1_GRD","band":"VH","value":-18.4922,"farmer_unique_id":"MN006","site_id":1340},{"date":"2021-11-13","product":"COPERNICUS/S1_GRD","band":"VH","value":-17.8319,"farmer_unique_id":"MN006","site_id":1340},{"date":"2021-11-25","product":"COPERNICUS/S1_GRD","band":"VH","value":-23.5692,"farmer_unique_id":"MN006","site_id":1340},{"date":"2021-12-07","product":"COPERNICUS/S1_GRD","band":"VH","value":-16.5733,"farmer_unique_id":"MN006","site_id":1340},{"date":"2021-12-19","product":"COPERNICUS/S1_GRD","band":"VH","value":-21.4308,"farmer_unique_id":"MN006","site_id":1340},{"date":"2020-01-11","product":"COPERNICUS/S1_GRD","band":"VV","value":-8.8894,"farmer_unique_id":"MN006","site_id":1340},{"date":"2020-01-23","product":"COPERNICUS/S1_GRD","band":"VV","value":-9.4615,"farmer_unique_id":"MN006","site_id":1340},{"date":"2020-02-04","product":"COPERNICUS/S1_GRD","band":"VV","value":-9.7087,"farmer_unique_id":"MN006","site_id":1340},{"date":"2020-02-16","product":"COPERNICUS/S1_GRD","band":"VV","value":-7.8276,"farmer_unique_id":"MN006","site_id":1340},{"date":"2020-02-28","product":"COPERNICUS/S1_GRD","band":"VV","value":-10.4751,"farmer_unique_id":"MN006","site_id":1340},{"date":"2020-03-11","product":"COPERNICUS/S1_GRD","band":"VV","value":-9.8275,"farmer_unique_id":"MN006","site_id":1340},{"date":"2020-03-23","product":"COPERNICUS/S1_GRD","band":"VV","value":-10.6138,"farmer_unique_id":"MN006","site_id":1340},{"date":"2020-04-04","product":"COPERNICUS/S1_GRD","band":"VV","value":-11.52,"farmer_unique_id":"MN006","site_id":1340},{"date":"2020-04-16","product":"COPERNICUS/S1_GRD","band":"VV","value":-9.0901,"farmer_unique_id":"MN006","site_id":1340},{"date":"2020-04-28","product":"COPERNICUS/S1_GRD","band":"VV","value":-9.8695,"farmer_unique_id":"MN006","site_id":1340},{"date":"2020-05-10","product":"COPERNICUS/S1_GRD","band":"VV","value":-7.7092,"farmer_unique_id":"MN006","site_id":1340},{"date":"2020-05-22","product":"COPERNICUS/S1_GRD","band":"VV","value":-13.0862,"farmer_unique_id":"MN006","site_id":1340},{"date":"2020-06-03","product":"COPERNICUS/S1_GRD","band":"VV","value":-11.1534,"farmer_unique_id":"MN006","site_id":1340},{"date":"2020-06-15","product":"COPERNICUS/S1_GRD","band":"VV","value":-14.0978,"farmer_unique_id":"MN006","site_id":1340},{"date":"2020-06-27","product":"COPERNICUS/S1_GRD","band":"VV","value":-11.8119,"farmer_unique_id":"MN006","site_id":1340},{"date":"2020-07-09","product":"COPERNICUS/S1_GRD","band":"VV","value":-13.1255,"farmer_unique_id":"MN006","site_id":1340},{"date":"2020-07-21","product":"COPERNICUS/S1_GRD","band":"VV","value":-10.8788,"farmer_unique_id":"MN006","site_id":1340},{"date":"2020-08-02","product":"COPERNICUS/S1_GRD","band":"VV","value":-13.0568,"farmer_unique_id":"MN006","site_id":1340},{"date":"2020-08-14","product":"COPERNICUS/S1_GRD","band":"VV","value":-10.6226,"farmer_unique_id":"MN006","site_id":1340},{"date":"2020-08-26","product":"COPERNICUS/S1_GRD","band":"VV","value":-12.315,"farmer_unique_id":"MN006","site_id":1340},{"date":"2020-09-07","product":"COPERNICUS/S1_GRD","band":"VV","value":-11.2959,"farmer_unique_id":"MN006","site_id":1340},{"date":"2020-09-19","product":"COPERNICUS/S1_GRD","band":"VV","value":-7.1218,"farmer_unique_id":"MN006","site_id":1340},{"date":"2020-10-01","product":"COPERNICUS/S1_GRD","band":"VV","value":-12.6592,"farmer_unique_id":"MN006","site_id":1340},{"date":"2020-10-13","product":"COPERNICUS/S1_GRD","band":"VV","value":-11.4318,"farmer_unique_id":"MN006","site_id":1340},{"date":"2020-10-25","product":"COPERNICUS/S1_GRD","band":"VV","value":-15.595,"farmer_unique_id":"MN006","site_id":1340},{"date":"2020-11-06","product":"COPERNICUS/S1_GRD","band":"VV","value":-18.0883,"farmer_unique_id":"MN006","site_id":1340},{"date":"2020-11-18","product":"COPERNICUS/S1_GRD","band":"VV","value":-9.5408,"farmer_unique_id":"MN006","site_id":1340},{"date":"2020-11-30","product":"COPERNICUS/S1_GRD","band":"VV","value":-13.0837,"farmer_unique_id":"MN006","site_id":1340},{"date":"2020-12-12","product":"COPERNICUS/S1_GRD","band":"VV","value":-14.1426,"farmer_unique_id":"MN006","site_id":1340},{"date":"2020-12-24","product":"COPERNICUS/S1_GRD","band":"VV","value":-14.829,"farmer_unique_id":"MN006","site_id":1340},{"date":"2021-01-05","product":"COPERNICUS/S1_GRD","band":"VV","value":-14.6288,"farmer_unique_id":"MN006","site_id":1340},{"date":"2021-01-17","product":"COPERNICUS/S1_GRD","band":"VV","value":-12.9047,"farmer_unique_id":"MN006","site_id":1340},{"date":"2021-01-29","product":"COPERNICUS/S1_GRD","band":"VV","value":-11.9656,"farmer_unique_id":"MN006","site_id":1340},{"date":"2021-02-10","product":"COPERNICUS/S1_GRD","band":"VV","value":-10.906,"farmer_unique_id":"MN006","site_id":1340},{"date":"2021-02-22","product":"COPERNICUS/S1_GRD","band":"VV","value":-10.4527,"farmer_unique_id":"MN006","site_id":1340},{"date":"2021-03-06","product":"COPERNICUS/S1_GRD","band":"VV","value":-12.6437,"farmer_unique_id":"MN006","site_id":1340},{"date":"2021-03-18","product":"COPERNICUS/S1_GRD","band":"VV","value":-16.0065,"farmer_unique_id":"MN006","site_id":1340},{"date":"2021-03-30","product":"COPERNICUS/S1_GRD","band":"VV","value":-8.9814,"farmer_unique_id":"MN006","site_id":1340},{"date":"2021-04-11","product":"COPERNICUS/S1_GRD","band":"VV","value":-10.1507,"farmer_unique_id":"MN006","site_id":1340},{"date":"2021-04-23","product":"COPERNICUS/S1_GRD","band":"VV","value":-12.1771,"farmer_unique_id":"MN006","site_id":1340},{"date":"2021-05-05","product":"COPERNICUS/S1_GRD","band":"VV","value":-9.4777,"farmer_unique_id":"MN006","site_id":1340},{"date":"2021-05-17","product":"COPERNICUS/S1_GRD","band":"VV","value":-11.7647,"farmer_unique_id":"MN006","site_id":1340},{"date":"2021-05-29","product":"COPERNICUS/S1_GRD","band":"VV","value":-17.8882,"farmer_unique_id":"MN006","site_id":1340},{"date":"2021-06-10","product":"COPERNICUS/S1_GRD","band":"VV","value":-9.2782,"farmer_unique_id":"MN006","site_id":1340},{"date":"2021-06-22","product":"COPERNICUS/S1_GRD","band":"VV","value":-8.8156,"farmer_unique_id":"MN006","site_id":1340},{"date":"2021-07-04","product":"COPERNICUS/S1_GRD","band":"VV","value":-12.106,"farmer_unique_id":"MN006","site_id":1340},{"date":"2021-07-16","product":"COPERNICUS/S1_GRD","band":"VV","value":-12.4255,"farmer_unique_id":"MN006","site_id":1340},{"date":"2021-07-28","product":"COPERNICUS/S1_GRD","band":"VV","value":-11.5906,"farmer_unique_id":"MN006","site_id":1340},{"date":"2021-08-09","product":"COPERNICUS/S1_GRD","band":"VV","value":-13.9402,"farmer_unique_id":"MN006","site_id":1340},{"date":"2021-08-21","product":"COPERNICUS/S1_GRD","band":"VV","value":-14.4916,"farmer_unique_id":"MN006","site_id":1340},{"date":"2021-09-02","product":"COPERNICUS/S1_GRD","band":"VV","value":-13.926,"farmer_unique_id":"MN006","site_id":1340},{"date":"2021-09-14","product":"COPERNICUS/S1_GRD","band":"VV","value":-9.5535,"farmer_unique_id":"MN006","site_id":1340},{"date":"2021-09-26","product":"COPERNICUS/S1_GRD","band":"VV","value":-12.8628,"farmer_unique_id":"MN006","site_id":1340},{"date":"2021-10-08","product":"COPERNICUS/S1_GRD","band":"VV","value":-16.3349,"farmer_unique_id":"MN006","site_id":1340},{"date":"2021-10-20","product":"COPERNICUS/S1_GRD","band":"VV","value":-15.3331,"farmer_unique_id":"MN006","site_id":1340},{"date":"2021-11-01","product":"COPERNICUS/S1_GRD","band":"VV","value":-13.7861,"farmer_unique_id":"MN006","site_id":1340},{"date":"2021-11-13","product":"COPERNICUS/S1_GRD","band":"VV","value":-15.1523,"farmer_unique_id":"MN006","site_id":1340},{"date":"2021-11-25","product":"COPERNICUS/S1_GRD","band":"VV","value":-12.0167,"farmer_unique_id":"MN006","site_id":1340},{"date":"2021-12-07","product":"COPERNICUS/S1_GRD","band":"VV","value":-10.9409,"farmer_unique_id":"MN006","site_id":1340},{"date":"2021-12-19","product":"COPERNICUS/S1_GRD","band":"VV","value":-9.7111,"farmer_unique_id":"MN006","site_id":1340}]
