[{"date":"2020-01-11","product":"COPERNICUS/S1_GRD","band":"VH","value":-17.2957,"farmer_unique_id":"1347595201","site_id":9703},{"date":"2020-01-23","product":"COPERNICUS/S1_GRD","band":"VH","value":-16.0607,"farmer_unique_id":"1347595201","site_id":9703},{"date":"2020-02-04","product":"COPERNICUS/S1_GRD","band":"VH","value":-18.5479,"farmer_unique_id":"1347595201","site_id":9703},{"date":"2020-02-16","product":"COPERNICUS/S1_GRD","band":"VH","value":-17.7934,"farmer_unique_id":"1347595201","site_id":9703},{"date":"2020-02-28","product":"COPERNICUS/S1_GRD","band":"VH","value":-19.6103,"farmer_unique_id":"1347595201","site_id":9703},{"date":"2020-03-11","product":"COPERNICUS/S1_GRD","band":"VH","value":-15.3074,"farmer_unique_id":"1347595201","site_id":9703},{"date":"2020-03-23","product":"COPERNICUS/S1_GRD","band":"VH","value":-20.2072,"farmer_unique_id":"1347595201","site_id":9703},{"date":"2020-04-04","product":"COPERNICUS/S1_GRD","band":"VH","value":-24.9342,"farmer_unique_id":"1347595201","site_id":9703},{"date":"2020-04-16","product":"COPERNICUS/S1_GRD","band":"VH","value":-16.9251,"farmer_unique_id":"1347595201","site_id":9703},{"date":"2020-04-28","product":"COPERNICUS/S1_GRD","band":"VH","value":-18.802,"farmer_unique_id":"1347595201","site_id":9703},{"date":"2020-05-10","product":"COPERNICUS/S1_GRD","band":"VH","value":-16.6132,"farmer_unique_id":"1347595201","site_id":9703},{"date":"2020-05-22","product":"COPERNICUS/S1_GRD","band":"VH","value":-16.2761,"farmer_unique_id":"1347595201","site_id":9703},{"date":"2020-06-15","product":"COPERNICUS/S1_GRD","band":"VH","value":-19.0569,"farmer_unique_id":"1347595201","site_id":9703},{"date":"2020-06-27","product":"COPERNICUS/S1_GRD","band":"VH","value":-21.0842,"farmer_unique_id":"1347595201","site_id":9703},{"date":"2020-07-09","product":"COPERNICUS/S1_GRD","band":"VH","value":-21.0814,"farmer_unique_id":"1347595201","site_id":9703},{"date":"2020-07-21","product":"COPERNICUS/S1_GRD","band":"VH","value":-22.8781,"farmer_unique_id":"1347595201","site_id":9703},{"date":"2020-08-02","product":"COPERNICUS/S1_GRD","band":"VH","value":-24.7858,"farmer_unique_id":"1347595201","site_id":9703},{"date":"2020-08-14","product":"COPERNICUS/S1_GRD","band":"VH","value":-23.5112,"farmer_unique_id":"1347595201","site_id":9703},{"date":"2020-08-26","product":"COPERNICUS/S1_GRD","band":"VH","value":-22.8679,"farmer_unique_id":"1347595201","site_id":9703},{"date":"2020-09-07","product":"COPERNICUS/S1_GRD","band":"VH","value":-23.5485,"farmer_unique_id":"1347595201","site_id":9703},{"date":"2020-09-19","product":"COPERNICUS/S1_GRD","band":"VH","value":-22.1993,"farmer_unique_id":"1347595201","site_id":9703},{"date":"2020-10-01","product":"COPERNICUS/S1_GRD","band":"VH","value":-22.8884,"farmer_unique_id":"1347595201","site_id":9703},{"date":"2020-10-13","product":"COPERNICUS/S1_GRD","band":"VH","value":-21.2324,"farmer_unique_id":"1347595201","site_id":9703},{"date":"2020-10-25","product":"COPERNICUS/S1_GRD","band":"VH","value":-22.1676,"farmer_unique_id":"1347595201","site_id":9703},{"date":"2020-11-06","product":"COPERNICUS/S1_GRD","band":"VH","value":-13.429,"farmer_unique_id":"1347595201","site_id":9703},{"date":"2020-11-18","product":"COPERNICUS/S1_GRD","band":"VH","value":-22.7103,"farmer_unique_id":"1347595201","site_id":9703},{"date":"2020-11-30","product":"COPERNICUS/S1_GRD","band":"VH","value":-18.2125,"farmer_unique_id":"1347595201","site_id":9703},{"date":"2020-12-12","product":"COPERNICUS/S1_GRD","band":"VH","value":-21.5155,"farmer_unique_id":"1347595201","site_id":9703},{"date":"2020-12-24","product":"COPERNICUS/S1_GRD","band":"VH","value":-16.4325,"farmer_unique_id":"1347595201","site_id":9703},{"date":"2021-01-05","product":"COPERNICUS/S1_GRD","band":"VH","value":-17.8449,"farmer_unique_id":"1347595201","site_id":9703},{"date":"2021-01-17","product":"COPERNICUS/S1_GRD","band":"VH","value":-20.1878,"farmer_unique_id":"1347595201","site_id":9703},{"date":"2021-01-29","product":"COPERNICUS/S1_GRD","band":"VH","value":-23.9189,"farmer_unique_id":"1347595201","site_id":9703},{"date":"2021-02-10","product":"COPERNICUS/S1_GRD","band":"VH","value":-20.2558,"farmer_unique_id":"1347595201","site_id":9703},{"date":"2021-02-22","product":"COPERNICUS/S1_GRD","band":"VH","value":-23.8122,"farmer_unique_id":"1347595201","site_id":9703},{"date":"2021-03-06","product":"COPERNICUS/S1_GRD","band":"VH","value":-23.4581,"farmer_unique_id":"1347595201","site_id":9703},{"date":"2021-03-18","product":"COPERNICUS/S1_GRD","band":"VH","value":-17.9913,"farmer_unique_id":"1347595201","site_id":9703},{"date":"2021-03-30","product":"COPERNICUS/S1_GRD","band":"VH","value":-24.6815,"farmer_unique_id":"1347595201","site_id":9703},{"date":"2021-04-11","product":"COPERNICUS/S1_GRD","band":"VH","value":-19.6664,"farmer_unique_id":"1347595201","site_id":9703},{"date":"2021-04-23","product":"COPERNICUS/S1_GRD","band":"VH","value":-15.1064,"farmer_unique_id":"1347595201","site_id":9703},{"date":"2021-05-05","product":"COPERNICUS/S1_GRD","band":"VH","value":-17.0906,"farmer_unique_id":"1347595201","site_id":9703},{"date":"2021-05-17","product":"COPERNICUS/S1_GRD","band":"VH","value":-16.6612,"farmer_unique_id":"1347595201","site_id":9703},{"date":"2021-05-29","product":"COPERNICUS/S1_GRD","band":"VH","value":-15.9058,"farmer_unique_id":"1347595201","site_id":9703},{"date":"2021-06-10","product":"COPERNICUS/S1_GRD","band":"VH","value":-14.3305,"farmer_unique_id":"1347595201","site_id":9703},{"date":"2021-06-22","product":"COPERNICUS/S1_GRD","band":"VH","value":-17.0199,"farmer_unique_id":"1347595201","site_id":9703},{"date":"2021-07-04","product":"COPERNICUS/S1_GRD","band":"VH","value":-22.1643,"farmer_unique_id":"1347595201","site_id":9703},{"date":"2021-07-16","product":"COPERNICUS/S1_GRD","band":"VH","value":-19.0183,"farmer_unique_id":"1347595201","site_id":9703},{"date":"2021-07-28","product":"COPERNICUS/S1_GRD","band":"VH","value":-24.3712,"farmer_unique_id":"1347595201","site_id":9703},{"date":"2021-08-09","product":"COPERNICUS/S1_GRD","band":"VH","value":-18.7847,"farmer_unique_id":"1347595201","site_id":9703},{"date":"2021-08-21","product":"COPERNICUS/S1_GRD","band":"VH","value":-20.2359,"farmer_unique_id":"1347595201","site_id":9703},{"date":"2021-09-02","product":"COPERNICUS/S1_GRD","band":"VH","value":-22.2283,"farmer_unique_id":"1347595201","site_id":9703},{"date":"2021-09-14","product":"COPERNICUS/S1_GRD","band":"VH","value":-18.1863,"farmer_unique_id":"1347595201","site_id":9703},{"date":"2021-09-26","product":"COPERNICUS/S1_GRD","band":"VH","value":-23.3347,"farmer_unique_id":"1347595201","site_id":9703},{"date":"2021-10-08","product":"COPERNICUS/S1_GRD","band":"VH","value":-17.8375,"farmer_unique_id":"1347595201","site_id":9703},{"date":"2021-10-20","product":"COPERNICUS/S1_GRD","band":"VH","value":-17.9237,"farmer_unique_id":"1347595201","site_id":9703},{"date":"2021-11-01","product":"COPERNICUS/S1_GRD","band":"VH","value":-22.4091,"farmer_unique_id":"1347595201","site_id":9703},{"date":"2021-11-13","product":"COPERNICUS/S1_GRD","band":"VH","value":-26.0139,"farmer_unique_id":"1347595201","site_id":9703},{"date":"2021-11-25","product":"COPERNICUS/S1_GRD","band":"VH","value":-15.2363,"farmer_unique_id":"1347595201","site_id":9703},{"date":"2021-12-07","product":"COPERNICUS/S1_GRD","band":"VH","value":-16.9067,"farmer_unique_id":"1347595201","site_id":9703},{"date":"2021-12-19","product":"COPERNICUS/S1_GRD","band":"VH","value":-17.5503,"farmer_unique_id":"1347595201","site_id":9703},{"date":"2020-01-11","product":"COPERNICUS/S1_GRD","band":"VV","value":-15.353,"farmer_unique_id":"1347595201","site_id":9703},{"date":"2020-01-23","product":"COPERNICUS/S1_GRD","band":"VV","value":-10.7117,"farmer_unique_id":"1347595201","site_id":9703},{"date":"2020-02-04","product":"COPERNICUS/S1_GRD","band":"VV","value":-10.7675,"farmer_unique_id":"1347595201","site_id":9703},{"date":"2020-02-16","product":"COPERNICUS/S1_GRD","band":"VV","value":-13.7312,"farmer_unique_id":"1347595201","site_id":9703},{"date":"2020-02-28","product":"COPERNICUS/S1_GRD","band":"VV","value":-10.0411,"farmer_unique_id":"1347595201","site_id":9703},{"date":"2020-03-11","product":"COPERNICUS/S1_GRD","band":"VV","value":-10.6167,"farmer_unique_id":"1347595201","site_id":9703},{"date":"2020-03-23","product":"COPERNICUS/S1_GRD","band":"VV","value":-10.3433,"farmer_unique_id":"1347595201","site_id":9703},{"date":"2020-04-04","product":"COPERNICUS/S1_GRD","band":"VV","value":-8.5786,"farmer_unique_id":"1347595201","site_id":9703},{"date":"2020-04-16","product":"COPERNICUS/S1_GRD","band":"VV","value":-7.8264,"farmer_unique_id":"1347595201","site_id":9703},{"date":"2020-04-28","product":"COPERNICUS/S1_GRD","band":"VV","value":-10.4037,"farmer_unique_id":"1347595201","site_id":9703},{"date":"2020-05-10","product":"COPERNICUS/S1_GRD","band":"VV","value":-10.9044,"farmer_unique_id":"1347595201","site_id":9703},{"date":"2020-05-22","product":"COPERNICUS/S1_GRD","band":"VV","value":-11.4313,"farmer_unique_id":"1347595201","site_id":9703},{"date":"2020-06-15","product":"COPERNICUS/S1_GRD","band":"VV","value":-11.4727,"farmer_unique_id":"1347595201","site_id":9703},{"date":"2020-06-27","product":"COPERNICUS/S1_GRD","band":"VV","value":-10.6736,"farmer_unique_id":"1347595201","site_id":9703},{"date":"2020-07-09","product":"COPERNICUS/S1_GRD","band":"VV","value":-13.1315,"farmer_unique_id":"1347595201","site_id":9703},{"date":"2020-07-21","product":"COPERNICUS/S1_GRD","band":"VV","value":-13.7883,"farmer_unique_id":"1347595201","site_id":9703},{"date":"2020-08-02","product":"COPERNICUS/S1_GRD","band":"VV","value":-17.235,"farmer_unique_id":"1347595201","site_id":9703},{"date":"2020-08-14","product":"COPERNICUS/S1_GRD","band":"VV","value":-15.2668,"farmer_unique_id":"1347595201","site_id":9703},{"date":"2020-08-26","product":"COPERNICUS/S1_GRD","band":"VV","value":-17.4597,"farmer_unique_id":"1347595201","site_id":9703},{"date":"2020-09-07","product":"COPERNICUS/S1_GRD","band":"VV","value":-13.4602,"farmer_unique_id":"1347595201","site_id":9703},{"date":"2020-09-19","product":"COPERNICUS/S1_GRD","band":"VV","value":-15.3866,"farmer_unique_id":"1347595201","site_id":9703},{"date":"2020-10-01","product":"COPERNICUS/S1_GRD","band":"VV","value":-18.8946,"farmer_unique_id":"1347595201","site_id":9703},{"date":"2020-10-13","product":"COPERNICUS/S1_GRD","band":"VV","value":-15.6365,"farmer_unique_id":"1347595201","site_id":9703},{"date":"2020-10-25","product":"COPERNICUS/S1_GRD","band":"VV","value":-9.4964,"farmer_unique_id":"1347595201","site_id":9703},{"date":"2020-11-06","product":"COPERNICUS/S1_GRD","band":"VV","value":-7.6792,"farmer_unique_id":"1347595201","site_id":9703},{"date":"2020-11-18","product":"COPERNICUS/S1_GRD","band":"VV","value":-13.222,"farmer_unique_id":"1347595201","site_id":9703},{"date":"2020-11-30","product":"COPERNICUS/S1_GRD","band":"VV","value":-8.5069,"farmer_unique_id":"1347595201","site_id":9703},{"date":"2020-12-12","product":"COPERNICUS/S1_GRD","band":"VV","value":-9.971,"farmer_unique_id":"1347595201","site_id":9703},{"date":"2020-12-24","product":"COPERNICUS/S1_GRD","band":"VV","value":-10.411,"farmer_unique_id":"1347595201","site_id":9703},{"date":"2021-01-05","product":"COPERNICUS/S1_GRD","band":"VV","value":-14.5129,"farmer_unique_id":"1347595201","site_id":9703},{"date":"2021-01-17","product":"COPERNICUS/S1_GRD","band":"VV","value":-8.3611,"farmer_unique_id":"1347595201","site_id":9703},{"date":"2021-01-29","product":"COPERNICUS/S1_GRD","band":"VV","value":-14.262,"farmer_unique_id":"1347595201","site_id":9703},{"date":"2021-02-10","product":"COPERNICUS/S1_GRD","band":"VV","value":-11.8662,"farmer_unique_id":"1347595201","site_id":9703},{"date":"2021-02-22","product":"COPERNICUS/S1_GRD","band":"VV","value":-13.5869,"farmer_unique_id":"1347595201","site_id":9703},{"date":"2021-03-06","product":"COPERNICUS/S1_GRD","band":"VV","value":-13.0716,"farmer_unique_id":"1347595201","site_id":9703},{"date":"2021-03-18","product":"COPERNICUS/S1_GRD","band":"VV","value":-13.1628,"farmer_unique_id":"1347595201","site_id":9703},{"date":"2021-03-30","product":"COPERNICUS/S1_GRD","band":"VV","value":-15.1586,"farmer_unique_id":"1347595201","site_id":9703},{"date":"2021-04-11","product":"COPERNICUS/S1_GRD","band":"VV","value":-15.7396,"farmer_unique_id":"1347595201","site_id":9703},{"date":"2021-04-23","product":"COPERNICUS/S1_GRD","band":"VV","value":-8.3758,"farmer_unique_id":"1347595201","site_id":9703},{"date":"2021-05-05","product":"COPERNICUS/S1_GRD","band":"VV","value":-12.0159,"farmer_unique_id":"1347595201","site_id":9703},{"date":"2021-05-17","product":"COPERNICUS/S1_GRD","band":"VV","value":-11.2712,"farmer_unique_id":"1347595201","site_id":9703},{"date":"2021-05-29","product":"COPERNICUS/S1_GRD","band":"VV","value":-10.7397,"farmer_unique_id":"1347595201","site_id":9703},{"date":"2021-06-10","product":"COPERNICUS/S1_GRD","band":"VV","value":-11.008,"farmer_unique_id":"1347595201","site_id":9703},{"date":"2021-06-22","product":"COPERNICUS/S1_GRD","band":"VV","value":-10.6431,"farmer_unique_id":"1347595201","site_id":9703},{"date":"2021-07-04","product":"COPERNICUS/S1_GRD","band":"VV","value":-9.9655,"farmer_unique_id":"1347595201","site_id":9703},{"date":"2021-07-16","product":"COPERNICUS/S1_GRD","band":"VV","value":-10.2447,"farmer_unique_id":"1347595201","site_id":9703},{"date":"2021-07-28","product":"COPERNICUS/S1_GRD","band":"VV","value":-12.2894,"farmer_unique_id":"1347595201","site_id":9703},{"date":"2021-08-09","product":"COPERNICUS/S1_GRD","band":"VV","value":-14.7351,"farmer_unique_id":"1347595201","site_id":9703},{"date":"2021-08-21","product":"COPERNICUS/S1_GRD","band":"VV","value":-15.438,"farmer_unique_id":"1347595201","site_id":9703},{"date":"2021-09-02","product":"COPERNICUS/S1_GRD","band":"VV","value":-13.3325,"farmer_unique_id":"1347595201","site_id":9703},{"date":"2021-09-14","product":"COPERNICUS/S1_GRD","band":"VV","value":-14.1536,"farmer_unique_id":"1347595201","site_id":9703},{"date":"2021-09-26","product":"COPERNICUS/S1_GRD","band":"VV","value":-15.7615,"farmer_unique_id":"1347595201","site_id":9703},{"date":"2021-10-08","product":"COPERNICUS/S1_GRD","band":"VV","value":-12.6198,"farmer_unique_id":"1347595201","site_id":9703},{"date":"2021-10-20","product":"COPERNICUS/S1_GRD","band":"VV","value":-13.8835,"farmer_unique_id":"1347595201","site_id":9703},{"date":"2021-11-01","product":"COPERNICUS/S1_GRD","band":"VV","value":-12.9292,"farmer_unique_id":"1347595201","site_id":9703},{"date":"2021-11-13","product":"COPERNICUS/S1_GRD","band":"VV","value":-12.5369,"farmer_unique_id":"1347595201","site_id":9703},{"date":"2021-11-25","product":"COPERNICUS/S1_GRD","band":"VV","value":-6.677,"farmer_unique_id":"1347595201","site_id":9703},{"date":"2021-12-07","product":"COPERNICUS/S1_GRD","band":"VV","value":-10.4654,"farmer_unique_id":"1347595201","site_id":9703},{"date":"2021-12-19","product":"COPERNICUS/S1_GRD","band":"VV","value":-9.8711,"farmer_unique_id":"1347595201","site_id":9703}]
