[{"date":"2020-01-11","product":"COPERNICUS/S1_GRD","band":"VH","value":-12.0939,"farmer_unique_id":"1456963","site_id":8410},{"date":"2020-01-23","product":"COPERNICUS/S1_GRD","band":"VH","value":-11.7776,"farmer_unique_id":"1456963","site_id":8410},{"date":"2020-02-04","product":"COPERNICUS/S1_GRD","band":"VH","value":-15.5802,"farmer_unique_id":"1456963","site_id":8410},{"date":"2020-02-16","product":"COPERNICUS/S1_GRD","band":"VH","value":-11.4727,"farmer_unique_id":"1456963","site_id":8410},{"date":"2020-02-28","product":"COPERNICUS/S1_GRD","band":"VH","value":-9.8189,"farmer_unique_id":"1456963","site_id":8410},{"date":"2020-03-11","product":"COPERNICUS/S1_GRD","band":"VH","value":-10.8651,"farmer_unique_id":"1456963","site_id":8410},{"date":"2020-03-23","product":"COPERNICUS/S1_GRD","band":"VH","value":-11.3689,"farmer_unique_id":"1456963","site_id":8410},{"date":"2020-04-04","product":"COPERNICUS/S1_GRD","band":"VH","value":-13.902,"farmer_unique_id":"1456963","site_id":8410},{"date":"2020-04-16","product":"COPERNICUS/S1_GRD","band":"VH","value":-16.0027,"farmer_unique_id":"1456963","site_id":8410},{"date":"2020-04-28","product":"COPERNICUS/S1_GRD","band":"VH","value":-17.2697,"farmer_unique_id":"1456963","site_id":8410},{"date":"2020-05-10","product":"COPERNICUS/S1_GRD","band":"VH","value":-13.9691,"farmer_unique_id":"1456963","site_id":8410},{"date":"2020-05-22","product":"COPERNICUS/S1_GRD","band":"VH","value":-14.306,"farmer_unique_id":"1456963","site_id":8410},{"date":"2020-06-03","product":"COPERNICUS/S1_GRD","band":"VH","value":-15.6759,"farmer_unique_id":"1456963","site_id":8410},{"date":"2020-06-15","product":"COPERNICUS/S1_GRD","band":"VH","value":-12.4132,"farmer_unique_id":"1456963","site_id":8410},{"date":"2020-06-27","product":"COPERNICUS/S1_GRD","band":"VH","value":-14.0219,"farmer_unique_id":"1456963","site_id":8410},{"date":"2020-07-09","product":"COPERNICUS/S1_GRD","band":"VH","value":-11.797,"farmer_unique_id":"1456963","site_id":8410},{"date":"2020-07-21","product":"COPERNICUS/S1_GRD","band":"VH","value":-14.4647,"farmer_unique_id":"1456963","site_id":8410},{"date":"2020-08-02","product":"COPERNICUS/S1_GRD","band":"VH","value":-16.6658,"farmer_unique_id":"1456963","site_id":8410},{"date":"2020-08-14","product":"COPERNICUS/S1_GRD","band":"VH","value":-15.6901,"farmer_unique_id":"1456963","site_id":8410},{"date":"2020-08-26","product":"COPERNICUS/S1_GRD","band":"VH","value":-19.7137,"farmer_unique_id":"1456963","site_id":8410},{"date":"2020-09-07","product":"COPERNICUS/S1_GRD","band":"VH","value":-12.5192,"farmer_unique_id":"1456963","site_id":8410},{"date":"2020-09-19","product":"COPERNICUS/S1_GRD","band":"VH","value":-14.8929,"farmer_unique_id":"1456963","site_id":8410},{"date":"2020-10-01","product":"COPERNICUS/S1_GRD","band":"VH","value":-16.3081,"farmer_unique_id":"1456963","site_id":8410},{"date":"2020-10-13","product":"COPERNICUS/S1_GRD","band":"VH","value":-15.5549,"farmer_unique_id":"1456963","site_id":8410},{"date":"2020-10-25","product":"COPERNICUS/S1_GRD","band":"VH","value":-13.558,"farmer_unique_id":"1456963","site_id":8410},{"date":"2020-11-06","product":"COPERNICUS/S1_GRD","band":"VH","value":-13.4539,"farmer_unique_id":"1456963","site_id":8410},{"date":"2020-11-18","product":"COPERNICUS/S1_GRD","band":"VH","value":-16.3453,"farmer_unique_id":"1456963","site_id":8410},{"date":"2020-11-30","product":"COPERNICUS/S1_GRD","band":"VH","value":-15.04,"farmer_unique_id":"1456963","site_id":8410},{"date":"2020-12-12","product":"COPERNICUS/S1_GRD","band":"VH","value":-14.2363,"farmer_unique_id":"1456963","site_id":8410},{"date":"2020-12-24","product":"COPERNICUS/S1_GRD","band":"VH","value":-11.8831,"farmer_unique_id":"1456963","site_id":8410},{"date":"2021-01-05","product":"COPERNICUS/S1_GRD","band":"VH","value":-14.7628,"farmer_unique_id":"1456963","site_id":8410},{"date":"2021-01-17","product":"COPERNICUS/S1_GRD","band":"VH","value":-11.0137,"farmer_unique_id":"1456963","site_id":8410},{"date":"2021-01-29","product":"COPERNICUS/S1_GRD","band":"VH","value":-12.0208,"farmer_unique_id":"1456963","site_id":8410},{"date":"2021-02-10","product":"COPERNICUS/S1_GRD","band":"VH","value":-12.9656,"farmer_unique_id":"1456963","site_id":8410},{"date":"2021-02-22","product":"COPERNICUS/S1_GRD","band":"VH","value":-9.5955,"farmer_unique_id":"1456963","site_id":8410},{"date":"2021-03-06","product":"COPERNICUS/S1_GRD","band":"VH","value":-16.002,"farmer_unique_id":"1456963","site_id":8410},{"date":"2021-03-18","product":"COPERNICUS/S1_GRD","band":"VH","value":-14.8668,"farmer_unique_id":"1456963","site_id":8410},{"date":"2021-03-30","product":"COPERNICUS/S1_GRD","band":"VH","value":-13.3529,"farmer_unique_id":"1456963","site_id":8410},{"date":"2021-04-11","product":"COPERNICUS/S1_GRD","band":"VH","value":-14.0558,"farmer_unique_id":"1456963","site_id":8410},{"date":"2021-04-23","product":"COPERNICUS/S1_GRD","band":"VH","value":-14.9332,"farmer_unique_id":"1456963","site_id":8410},{"date":"2021-05-05","product":"COPERNICUS/S1_GRD","band":"VH","value":-14.5215,"farmer_unique_id":"1456963","site_id":8410},{"date":"2021-05-17","product":"COPERNICUS/S1_GRD","band":"VH","value":-15.5532,"farmer_unique_id":"1456963","site_id":8410},{"date":"2021-05-29","product":"COPERNICUS/S1_GRD","band":"VH","value":-14.0652,"farmer_unique_id":"1456963","site_id":8410},{"date":"2021-06-10","product":"COPERNICUS/S1_GRD","band":"VH","value":-17.7271,"farmer_unique_id":"1456963","site_id":8410},{"date":"2021-06-22","product":"COPERNICUS/S1_GRD","band":"VH","value":-18.3908,"farmer_unique_id":"1456963","site_id":8410},{"date":"2021-07-04","product":"COPERNICUS/S1_GRD","band":"VH","value":-17.269,"farmer_unique_id":"1456963","site_id":8410},{"date":"2021-07-16","product":"COPERNICUS/S1_GRD","band":"VH","value":-14.5764,"farmer_unique_id":"1456963","site_id":8410},{"date":"2021-07-28","product":"COPERNICUS/S1_GRD","band":"VH","value":-14.8521,"farmer_unique_id":"1456963","site_id":8410},{"date":"2021-08-09","product":"COPERNICUS/S1_GRD","band":"VH","value":-14.9131,"farmer_unique_id":"1456963","site_id":8410},{"date":"2021-08-21","product":"COPERNICUS/S1_GRD","band":"VH","value":-14.7223,"farmer_unique_id":"1456963","site_id":8410},{"date":"2021-09-02","product":"COPERNICUS/S1_GRD","band":"VH","value":-14.3773,"farmer_unique_id":"1456963","site_id":8410},{"date":"2021-09-14","product":"COPERNICUS/S1_GRD","band":"VH","value":-15.4069,"farmer_unique_id":"1456963","site_id":8410},{"date":"2021-09-26","product":"COPERNICUS/S1_GRD","band":"VH","value":-15.6946,"farmer_unique_id":"1456963","site_id":8410},{"date":"2021-10-08","product":"COPERNICUS/S1_GRD","band":"VH","value":-11.9206,"farmer_unique_id":"1456963","site_id":8410},{"date":"2021-10-20","product":"COPERNICUS/S1_GRD","band":"VH","value":-13.3385,"farmer_unique_id":"1456963","site_id":8410},{"date":"2021-11-01","product":"COPERNICUS/S1_GRD","band":"VH","value":-15.1897,"farmer_unique_id":"1456963","site_id":8410},{"date":"2021-11-13","product":"COPERNICUS/S1_GRD","band":"VH","value":-18.4039,"farmer_unique_id":"1456963","site_id":8410},{"date":"2021-11-25","product":"COPERNICUS/S1_GRD","band":"VH","value":-12.5902,"farmer_unique_id":"1456963","site_id":8410},{"date":"2021-12-07","product":"COPERNICUS/S1_GRD","band":"VH","value":-17.3218,"farmer_unique_id":"1456963","site_id":8410},{"date":"2021-12-19","product":"COPERNICUS/S1_GRD","band":"VH","value":-17.8993,"farmer_unique_id":"1456963","site_id":8410},{"date":"2020-01-11","product":"COPERNICUS/S1_GRD","band":"VV","value":-4.1158,"farmer_unique_id":"1456963","site_id":8410},{"date":"2020-01-23","product":"COPERNICUS/S1_GRD","band":"VV","value":-6.6563,"farmer_unique_id":"1456963","site_id":8410},{"date":"2020-02-04","product":"COPERNICUS/S1_GRD","band":"VV","value":-6.5656,"farmer_unique_id":"1456963","site_id":8410},{"date":"2020-02-16","product":"COPERNICUS/S1_GRD","band":"VV","value":-4.397,"farmer_unique_id":"1456963","site_id":8410},{"date":"2020-02-28","product":"COPERNICUS/S1_GRD","band":"VV","value":-2.4847,"farmer_unique_id":"1456963","site_id":8410},{"date":"2020-03-11","product":"COPERNICUS/S1_GRD","band":"VV","value":-7.2483,"farmer_unique_id":"1456963","site_id":8410},{"date":"2020-03-23","product":"COPERNICUS/S1_GRD","band":"VV","value":-6.2076,"farmer_unique_id":"1456963","site_id":8410},{"date":"2020-04-04","product":"COPERNICUS/S1_GRD","band":"VV","value":-4.4659,"farmer_unique_id":"1456963","site_id":8410},{"date":"2020-04-16","product":"COPERNICUS/S1_GRD","band":"VV","value":-6.602,"farmer_unique_id":"1456963","site_id":8410},{"date":"2020-04-28","product":"COPERNICUS/S1_GRD","band":"VV","value":-3.8401,"farmer_unique_id":"1456963","site_id":8410},{"date":"2020-05-10","product":"COPERNICUS/S1_GRD","band":"VV","value":-6.5768,"farmer_unique_id":"1456963","site_id":8410},{"date":"2020-05-22","product":"COPERNICUS/S1_GRD","band":"VV","value":-11.0134,"farmer_unique_id":"1456963","site_id":8410},{"date":"2020-06-03","product":"COPERNICUS/S1_GRD","band":"VV","value":-5.0239,"farmer_unique_id":"1456963","site_id":8410},{"date":"2020-06-15","product":"COPERNICUS/S1_GRD","band":"VV","value":-8.2256,"farmer_unique_id":"1456963","site_id":8410},{"date":"2020-06-27","product":"COPERNICUS/S1_GRD","band":"VV","value":-4.3186,"farmer_unique_id":"1456963","site_id":8410},{"date":"2020-07-09","product":"COPERNICUS/S1_GRD","band":"VV","value":-5.1755,"farmer_unique_id":"1456963","site_id":8410},{"date":"2020-07-21","product":"COPERNICUS/S1_GRD","band":"VV","value":-9.2081,"farmer_unique_id":"1456963","site_id":8410},{"date":"2020-08-02","product":"COPERNICUS/S1_GRD","band":"VV","value":-6.0185,"farmer_unique_id":"1456963","site_id":8410},{"date":"2020-08-14","product":"COPERNICUS/S1_GRD","band":"VV","value":-9.2632,"farmer_unique_id":"1456963","site_id":8410},{"date":"2020-08-26","product":"COPERNICUS/S1_GRD","band":"VV","value":-11.2085,"farmer_unique_id":"1456963","site_id":8410},{"date":"2020-09-07","product":"COPERNICUS/S1_GRD","band":"VV","value":-9.0877,"farmer_unique_id":"1456963","site_id":8410},{"date":"2020-09-19","product":"COPERNICUS/S1_GRD","band":"VV","value":-9.0804,"farmer_unique_id":"1456963","site_id":8410},{"date":"2020-10-01","product":"COPERNICUS/S1_GRD","band":"VV","value":-9.3569,"farmer_unique_id":"1456963","site_id":8410},{"date":"2020-10-13","product":"COPERNICUS/S1_GRD","band":"VV","value":-3.6714,"farmer_unique_id":"1456963","site_id":8410},{"date":"2020-10-25","product":"COPERNICUS/S1_GRD","band":"VV","value":-8.5978,"farmer_unique_id":"1456963","site_id":8410},{"date":"2020-11-06","product":"COPERNICUS/S1_GRD","band":"VV","value":-6.8992,"farmer_unique_id":"1456963","site_id":8410},{"date":"2020-11-18","product":"COPERNICUS/S1_GRD","band":"VV","value":-6.3233,"farmer_unique_id":"1456963","site_id":8410},{"date":"2020-11-30","product":"COPERNICUS/S1_GRD","band":"VV","value":-6.592,"farmer_unique_id":"1456963","site_id":8410},{"date":"2020-12-12","product":"COPERNICUS/S1_GRD","band":"VV","value":-8.7547,"farmer_unique_id":"1456963","site_id":8410},{"date":"2020-12-24","product":"COPERNICUS/S1_GRD","band":"VV","value":-5.864,"farmer_unique_id":"1456963","site_id":8410},{"date":"2021-01-05","product":"COPERNICUS/S1_GRD","band":"VV","value":-8.6798,"farmer_unique_id":"1456963","site_id":8410},{"date":"2021-01-17","product":"COPERNICUS/S1_GRD","band":"VV","value":-5.9547,"farmer_unique_id":"1456963","site_id":8410},{"date":"2021-01-29","product":"COPERNICUS/S1_GRD","band":"VV","value":-5.1066,"farmer_unique_id":"1456963","site_id":8410},{"date":"2021-02-10","product":"COPERNICUS/S1_GRD","band":"VV","value":-8.5567,"farmer_unique_id":"1456963","site_id":8410},{"date":"2021-02-22","product":"COPERNICUS/S1_GRD","band":"VV","value":-4.4189,"farmer_unique_id":"1456963","site_id":8410},{"date":"2021-03-06","product":"COPERNICUS/S1_GRD","band":"VV","value":-4.7767,"farmer_unique_id":"1456963","site_id":8410},{"date":"2021-03-18","product":"COPERNICUS/S1_GRD","band":"VV","value":-8.3104,"farmer_unique_id":"1456963","site_id":8410},{"date":"2021-03-30","product":"COPERNICUS/S1_GRD","band":"VV","value":-8.2718,"farmer_unique_id":"1456963","site_id":8410},{"date":"2021-04-11","product":"COPERNICUS/S1_GRD","band":"VV","value":-5.8805,"farmer_unique_id":"1456963","site_id":8410},{"date":"2021-04-23","product":"COPERNICUS/S1_GRD","band":"VV","value":-4.0995,"farmer_unique_id":"1456963","site_id":8410},{"date":"2021-05-05","product":"COPERNICUS/S1_GRD","band":"VV","value":-5.753,"farmer_unique_id":"1456963","site_id":8410},{"date":"2021-05-17","product":"COPERNICUS/S1_GRD","band":"VV","value":-7.8043,"farmer_unique_id":"1456963","site_id":8410},{"date":"2021-05-29","product":"COPERNICUS/S1_GRD","band":"VV","value":-8.619,"farmer_unique_id":"1456963","site_id":8410},{"date":"2021-06-10","product":"COPERNICUS/S1_GRD","band":"VV","value":-5.5764,"farmer_unique_id":"1456963","site_id":8410},{"date":"2021-06-22","product":"COPERNICUS/S1_GRD","band":"VV","value":-4.9851,"farmer_unique_id":"1456963","site_id":8410},{"date":"2021-07-04","product":"COPERNICUS/S1_GRD","band":"VV","value":-7.0475,"farmer_unique_id":"1456963","site_id":8410},{"date":"2021-07-16","product":"COPERNICUS/S1_GRD","band":"VV","value":-8.7371,"farmer_unique_id":"1456963","site_id":8410},{"date":"2021-07-28","product":"COPERNICUS/S1_GRD","band":"VV","value":-6.8187,"farmer_unique_id":"1456963","site_id":8410},{"date":"2021-08-09","product":"COPERNICUS/S1_GRD","band":"VV","value":-6.3636,"farmer_unique_id":"1456963","site_id":8410},{"date":"2021-08-21","product":"COPERNICUS/S1_GRD","band":"VV","value":-7.7001,"farmer_unique_id":"1456963","site_id":8410},{"date":"2021-09-02","product":"COPERNICUS/S1_GRD","band":"VV","value":-8.4807,"farmer_unique_id":"1456963","site_id":8410},{"date":"2021-09-14","product":"COPERNICUS/S1_GRD","band":"VV","value":-7.1362,"farmer_unique_id":"1456963","site_id":8410},{"date":"2021-09-26","product":"COPERNICUS/S1_GRD","band":"VV","value":-8.7156,"farmer_unique_id":"1456963","site_id":8410},{"date":"2021-10-08","product":"COPERNICUS/S1_GRD","band":"VV","value":-4.6537,"farmer_unique_id":"1456963","site_id":8410},{"date":"2021-10-20","product":"COPERNICUS/S1_GRD","band":"VV","value":-5.2786,"farmer_unique_id":"1456963","site_id":8410},{"date":"2021-11-01","product":"COPERNICUS/S1_GRD","band":"VV","value":-8.1615,"farmer_unique_id":"1456963","site_id":8410},{"date":"2021-11-13","product":"COPERNICUS/S1_GRD","band":"VV","value":-9.4983,"farmer_unique_id":"1456963","site_id":8410},{"date":"2021-11-25","product":"COPERNICUS/S1_GRD","band":"VV","value":-5.7573,"farmer_unique_id":"1456963","site_id":8410},{"date":"2021-12-07","product":"COPERNICUS/S1_GRD","band":"VV","value":-8.5435,"farmer_unique_id":"1456963","site_id":8410},{"date":"2021-12-19","product":"COPERNICUS/S1_GRD","band":"VV","value":-9.2884,"farmer_unique_id":"1456963","site_id":8410}]
