[{"date":"2020-01-11","product":"COPERNICUS/S1_GRD","band":"VH","value":-10.7703,"farmer_unique_id":"MN028","site_id":2255},{"date":"2020-01-23","product":"COPERNICUS/S1_GRD","band":"VH","value":-13.9586,"farmer_unique_id":"MN028","site_id":2255},{"date":"2020-02-04","product":"COPERNICUS/S1_GRD","band":"VH","value":-13.2312,"farmer_unique_id":"MN028","site_id":2255},{"date":"2020-02-16","product":"COPERNICUS/S1_GRD","band":"VH","value":-12.7219,"farmer_unique_id":"MN028","site_id":2255},{"date":"2020-02-28","product":"COPERNICUS/S1_GRD","band":"VH","value":-15.2201,"farmer_unique_id":"MN028","site_id":2255},{"date":"2020-03-11","product":"COPERNICUS/S1_GRD","band":"VH","value":-15.1957,"farmer_unique_id":"MN028","site_id":2255},{"date":"2020-03-23","product":"COPERNICUS/S1_GRD","band":"VH","value":-22.5405,"farmer_unique_id":"MN028","site_id":2255},{"date":"2020-04-04","product":"COPERNICUS/S1_GRD","band":"VH","value":-13.8614,"farmer_unique_id":"MN028","site_id":2255},{"date":"2020-04-16","product":"COPERNICUS/S1_GRD","band":"VH","value":-14.8082,"farmer_unique_id":"MN028","site_id":2255},{"date":"2020-04-28","product":"COPERNICUS/S1_GRD","band":"VH","value":-13.5841,"farmer_unique_id":"MN028","site_id":2255},{"date":"2020-05-10","product":"COPERNICUS/S1_GRD","band":"VH","value":-14.622,"farmer_unique_id":"MN028","site_id":2255},{"date":"2020-05-22","product":"COPERNICUS/S1_GRD","band":"VH","value":-17.456,"farmer_unique_id":"MN028","site_id":2255},{"date":"2020-06-15","product":"COPERNICUS/S1_GRD","band":"VH","value":-15.961,"farmer_unique_id":"MN028","site_id":2255},{"date":"2020-06-27","product":"COPERNICUS/S1_GRD","band":"VH","value":-11.2678,"farmer_unique_id":"MN028","site_id":2255},{"date":"2020-07-09","product":"COPERNICUS/S1_GRD","band":"VH","value":-13.9851,"farmer_unique_id":"MN028","site_id":2255},{"date":"2020-07-21","product":"COPERNICUS/S1_GRD","band":"VH","value":-15.3133,"farmer_unique_id":"MN028","site_id":2255},{"date":"2020-08-02","product":"COPERNICUS/S1_GRD","band":"VH","value":-18.9731,"farmer_unique_id":"MN028","site_id":2255},{"date":"2020-08-14","product":"COPERNICUS/S1_GRD","band":"VH","value":-14.0541,"farmer_unique_id":"MN028","site_id":2255},{"date":"2020-08-26","product":"COPERNICUS/S1_GRD","band":"VH","value":-16.011,"farmer_unique_id":"MN028","site_id":2255},{"date":"2020-09-07","product":"COPERNICUS/S1_GRD","band":"VH","value":-14.997,"farmer_unique_id":"MN028","site_id":2255},{"date":"2020-09-19","product":"COPERNICUS/S1_GRD","band":"VH","value":-15.4573,"farmer_unique_id":"MN028","site_id":2255},{"date":"2020-10-01","product":"COPERNICUS/S1_GRD","band":"VH","value":-14.9809,"farmer_unique_id":"MN028","site_id":2255},{"date":"2020-10-13","product":"COPERNICUS/S1_GRD","band":"VH","value":-14.5455,"farmer_unique_id":"MN028","site_id":2255},{"date":"2020-10-25","product":"COPERNICUS/S1_GRD","band":"VH","value":-12.7853,"farmer_unique_id":"MN028","site_id":2255},{"date":"2020-11-06","product":"COPERNICUS/S1_GRD","band":"VH","value":-11.8399,"farmer_unique_id":"MN028","site_id":2255},{"date":"2020-11-18","product":"COPERNICUS/S1_GRD","band":"VH","value":-14.0862,"farmer_unique_id":"MN028","site_id":2255},{"date":"2020-11-30","product":"COPERNICUS/S1_GRD","band":"VH","value":-13.3139,"farmer_unique_id":"MN028","site_id":2255},{"date":"2020-12-12","product":"COPERNICUS/S1_GRD","band":"VH","value":-16.8282,"farmer_unique_id":"MN028","site_id":2255},{"date":"2020-12-24","product":"COPERNICUS/S1_GRD","band":"VH","value":-14.5941,"farmer_unique_id":"MN028","site_id":2255},{"date":"2021-01-05","product":"COPERNICUS/S1_GRD","band":"VH","value":-15.2893,"farmer_unique_id":"MN028","site_id":2255},{"date":"2021-01-17","product":"COPERNICUS/S1_GRD","band":"VH","value":-12.5708,"farmer_unique_id":"MN028","site_id":2255},{"date":"2021-01-29","product":"COPERNICUS/S1_GRD","band":"VH","value":-16.9528,"farmer_unique_id":"MN028","site_id":2255},{"date":"2021-02-10","product":"COPERNICUS/S1_GRD","band":"VH","value":-17.2068,"farmer_unique_id":"MN028","site_id":2255},{"date":"2021-02-22","product":"COPERNICUS/S1_GRD","band":"VH","value":-18.0766,"farmer_unique_id":"MN028","site_id":2255},{"date":"2021-03-06","product":"COPERNICUS/S1_GRD","band":"VH","value":-13.8822,"farmer_unique_id":"MN028","site_id":2255},{"date":"2021-03-18","product":"COPERNICUS/S1_GRD","band":"VH","value":-15.5387,"farmer_unique_id":"MN028","site_id":2255},{"date":"2021-03-30","product":"COPERNICUS/S1_GRD","band":"VH","value":-12.387,"farmer_unique_id":"MN028","site_id":2255},{"date":"2021-04-11","product":"COPERNICUS/S1_GRD","band":"VH","value":-15.8272,"farmer_unique_id":"MN028","site_id":2255},{"date":"2021-04-23","product":"COPERNICUS/S1_GRD","band":"VH","value":-13.7154,"farmer_unique_id":"MN028","site_id":2255},{"date":"2021-05-05","product":"COPERNICUS/S1_GRD","band":"VH","value":-19.1487,"farmer_unique_id":"MN028","site_id":2255},{"date":"2021-05-17","product":"COPERNICUS/S1_GRD","band":"VH","value":-17.3681,"farmer_unique_id":"MN028","site_id":2255},{"date":"2021-05-29","product":"COPERNICUS/S1_GRD","band":"VH","value":-17.121,"farmer_unique_id":"MN028","site_id":2255},{"date":"2021-06-10","product":"COPERNICUS/S1_GRD","band":"VH","value":-18.796,"farmer_unique_id":"MN028","site_id":2255},{"date":"2021-06-22","product":"COPERNICUS/S1_GRD","band":"VH","value":-15.0386,"farmer_unique_id":"MN028","site_id":2255},{"date":"2021-07-04","product":"COPERNICUS/S1_GRD","band":"VH","value":-17.4435,"farmer_unique_id":"MN028","site_id":2255},{"date":"2021-07-16","product":"COPERNICUS/S1_GRD","band":"VH","value":-15.4307,"farmer_unique_id":"MN028","site_id":2255},{"date":"2021-07-28","product":"COPERNICUS/S1_GRD","band":"VH","value":-17.0344,"farmer_unique_id":"MN028","site_id":2255},{"date":"2021-08-09","product":"COPERNICUS/S1_GRD","band":"VH","value":-17.2434,"farmer_unique_id":"MN028","site_id":2255},{"date":"2021-08-21","product":"COPERNICUS/S1_GRD","band":"VH","value":-16.706,"farmer_unique_id":"MN028","site_id":2255},{"date":"2021-09-02","product":"COPERNICUS/S1_GRD","band":"VH","value":-14.544,"farmer_unique_id":"MN028","site_id":2255},{"date":"2021-09-14","product":"COPERNICUS/S1_GRD","band":"VH","value":-16.3226,"farmer_unique_id":"MN028","site_id":2255},{"date":"2021-09-26","product":"COPERNICUS/S1_GRD","band":"VH","value":-16.2162,"farmer_unique_id":"MN028","site_id":2255},{"date":"2021-10-08","product":"COPERNICUS/S1_GRD","band":"VH","value":-14.3518,"farmer_unique_id":"MN028","site_id":2255},{"date":"2021-10-20","product":"COPERNICUS/S1_GRD","band":"VH","value":-11.8083,"farmer_unique_id":"MN028","site_id":2255},{"date":"2021-11-01","product":"COPERNICUS/S1_GRD","band":"VH","value":-18.4421,"farmer_unique_id":"MN028","site_id":2255},{"date":"2021-11-13","product":"COPERNICUS/S1_GRD","band":"VH","value":-23.3162,"farmer_unique_id":"MN028","site_id":2255},{"date":"2021-11-25","product":"COPERNICUS/S1_GRD","band":"VH","value":-11.4218,"farmer_unique_id":"MN028","site_id":2255},{"date":"2021-12-07","product":"COPERNICUS/S1_GRD","band":"VH","value":-15.6602,"farmer_unique_id":"MN028","site_id":2255},{"date":"2021-12-19","product":"COPERNICUS/S1_GRD","band":"VH","value":-13.4177,"farmer_unique_id":"MN028","site_id":2255},{"date":"2020-01-11","product":"COPERNICUS/S1_GRD","band":"VV","value":-5.7521,"farmer_unique_id":"MN028","site_id":2255},{"date":"2020-01-23","product":"COPERNICUS/S1_GRD","band":"VV","value":-8.1304,"farmer_unique_id":"MN028","site_id":2255},{"date":"2020-02-04","product":"COPERNICUS/S1_GRD","band":"VV","value":-6.9194,"farmer_unique_id":"MN028","site_id":2255},{"date":"2020-02-16","product":"COPERNICUS/S1_GRD","band":"VV","value":-5.9913,"farmer_unique_id":"MN028","site_id":2255},{"date":"2020-02-28","product":"COPERNICUS/S1_GRD","band":"VV","value":-4.5622,"farmer_unique_id":"MN028","site_id":2255},{"date":"2020-03-11","product":"COPERNICUS/S1_GRD","band":"VV","value":-7.8779,"farmer_unique_id":"MN028","site_id":2255},{"date":"2020-03-23","product":"COPERNICUS/S1_GRD","band":"VV","value":-11.7473,"farmer_unique_id":"MN028","site_id":2255},{"date":"2020-04-04","product":"COPERNICUS/S1_GRD","band":"VV","value":-5.7537,"farmer_unique_id":"MN028","site_id":2255},{"date":"2020-04-16","product":"COPERNICUS/S1_GRD","band":"VV","value":-7.3391,"farmer_unique_id":"MN028","site_id":2255},{"date":"2020-04-28","product":"COPERNICUS/S1_GRD","band":"VV","value":-11.1231,"farmer_unique_id":"MN028","site_id":2255},{"date":"2020-05-10","product":"COPERNICUS/S1_GRD","band":"VV","value":-7.3472,"farmer_unique_id":"MN028","site_id":2255},{"date":"2020-05-22","product":"COPERNICUS/S1_GRD","band":"VV","value":-8.9709,"farmer_unique_id":"MN028","site_id":2255},{"date":"2020-06-15","product":"COPERNICUS/S1_GRD","band":"VV","value":-9.6848,"farmer_unique_id":"MN028","site_id":2255},{"date":"2020-06-27","product":"COPERNICUS/S1_GRD","band":"VV","value":-9.547,"farmer_unique_id":"MN028","site_id":2255},{"date":"2020-07-09","product":"COPERNICUS/S1_GRD","band":"VV","value":-11.929,"farmer_unique_id":"MN028","site_id":2255},{"date":"2020-07-21","product":"COPERNICUS/S1_GRD","band":"VV","value":-6.7246,"farmer_unique_id":"MN028","site_id":2255},{"date":"2020-08-02","product":"COPERNICUS/S1_GRD","band":"VV","value":-8.2362,"farmer_unique_id":"MN028","site_id":2255},{"date":"2020-08-14","product":"COPERNICUS/S1_GRD","band":"VV","value":-8.2568,"farmer_unique_id":"MN028","site_id":2255},{"date":"2020-08-26","product":"COPERNICUS/S1_GRD","band":"VV","value":-10.4036,"farmer_unique_id":"MN028","site_id":2255},{"date":"2020-09-07","product":"COPERNICUS/S1_GRD","band":"VV","value":-7.3526,"farmer_unique_id":"MN028","site_id":2255},{"date":"2020-09-19","product":"COPERNICUS/S1_GRD","band":"VV","value":-7.0312,"farmer_unique_id":"MN028","site_id":2255},{"date":"2020-10-01","product":"COPERNICUS/S1_GRD","band":"VV","value":-11.579,"farmer_unique_id":"MN028","site_id":2255},{"date":"2020-10-13","product":"COPERNICUS/S1_GRD","band":"VV","value":-7.0986,"farmer_unique_id":"MN028","site_id":2255},{"date":"2020-10-25","product":"COPERNICUS/S1_GRD","band":"VV","value":-7.787,"farmer_unique_id":"MN028","site_id":2255},{"date":"2020-11-06","product":"COPERNICUS/S1_GRD","band":"VV","value":-7.6104,"farmer_unique_id":"MN028","site_id":2255},{"date":"2020-11-18","product":"COPERNICUS/S1_GRD","band":"VV","value":-9.102,"farmer_unique_id":"MN028","site_id":2255},{"date":"2020-11-30","product":"COPERNICUS/S1_GRD","band":"VV","value":-7.7885,"farmer_unique_id":"MN028","site_id":2255},{"date":"2020-12-12","product":"COPERNICUS/S1_GRD","band":"VV","value":-7.3586,"farmer_unique_id":"MN028","site_id":2255},{"date":"2020-12-24","product":"COPERNICUS/S1_GRD","band":"VV","value":-5.2168,"farmer_unique_id":"MN028","site_id":2255},{"date":"2021-01-05","product":"COPERNICUS/S1_GRD","band":"VV","value":-12.3358,"farmer_unique_id":"MN028","site_id":2255},{"date":"2021-01-17","product":"COPERNICUS/S1_GRD","band":"VV","value":-10.8415,"farmer_unique_id":"MN028","site_id":2255},{"date":"2021-01-29","product":"COPERNICUS/S1_GRD","band":"VV","value":-8.5985,"farmer_unique_id":"MN028","site_id":2255},{"date":"2021-02-10","product":"COPERNICUS/S1_GRD","band":"VV","value":-8.1599,"farmer_unique_id":"MN028","site_id":2255},{"date":"2021-02-22","product":"COPERNICUS/S1_GRD","band":"VV","value":-10.6576,"farmer_unique_id":"MN028","site_id":2255},{"date":"2021-03-06","product":"COPERNICUS/S1_GRD","band":"VV","value":-10.286,"farmer_unique_id":"MN028","site_id":2255},{"date":"2021-03-18","product":"COPERNICUS/S1_GRD","band":"VV","value":-8.6853,"farmer_unique_id":"MN028","site_id":2255},{"date":"2021-03-30","product":"COPERNICUS/S1_GRD","band":"VV","value":-6.3671,"farmer_unique_id":"MN028","site_id":2255},{"date":"2021-04-11","product":"COPERNICUS/S1_GRD","band":"VV","value":-7.7703,"farmer_unique_id":"MN028","site_id":2255},{"date":"2021-04-23","product":"COPERNICUS/S1_GRD","band":"VV","value":-4.6229,"farmer_unique_id":"MN028","site_id":2255},{"date":"2021-05-05","product":"COPERNICUS/S1_GRD","band":"VV","value":-5.7772,"farmer_unique_id":"MN028","site_id":2255},{"date":"2021-05-17","product":"COPERNICUS/S1_GRD","band":"VV","value":-7.9761,"farmer_unique_id":"MN028","site_id":2255},{"date":"2021-05-29","product":"COPERNICUS/S1_GRD","band":"VV","value":-11.873,"farmer_unique_id":"MN028","site_id":2255},{"date":"2021-06-10","product":"COPERNICUS/S1_GRD","band":"VV","value":-9.0603,"farmer_unique_id":"MN028","site_id":2255},{"date":"2021-06-22","product":"COPERNICUS/S1_GRD","band":"VV","value":-7.1993,"farmer_unique_id":"MN028","site_id":2255},{"date":"2021-07-04","product":"COPERNICUS/S1_GRD","band":"VV","value":-6.0379,"farmer_unique_id":"MN028","site_id":2255},{"date":"2021-07-16","product":"COPERNICUS/S1_GRD","band":"VV","value":-9.7097,"farmer_unique_id":"MN028","site_id":2255},{"date":"2021-07-28","product":"COPERNICUS/S1_GRD","band":"VV","value":-8.7181,"farmer_unique_id":"MN028","site_id":2255},{"date":"2021-08-09","product":"COPERNICUS/S1_GRD","band":"VV","value":-8.9225,"farmer_unique_id":"MN028","site_id":2255},{"date":"2021-08-21","product":"COPERNICUS/S1_GRD","band":"VV","value":-8.827,"farmer_unique_id":"MN028","site_id":2255},{"date":"2021-09-02","product":"COPERNICUS/S1_GRD","band":"VV","value":-6.6007,"farmer_unique_id":"MN028","site_id":2255},{"date":"2021-09-14","product":"COPERNICUS/S1_GRD","band":"VV","value":-9.9907,"farmer_unique_id":"MN028","site_id":2255},{"date":"2021-09-26","product":"COPERNICUS/S1_GRD","band":"VV","value":-11.3648,"farmer_unique_id":"MN028","site_id":2255},{"date":"2021-10-08","product":"COPERNICUS/S1_GRD","band":"VV","value":-8.8532,"farmer_unique_id":"MN028","site_id":2255},{"date":"2021-10-20","product":"COPERNICUS/S1_GRD","band":"VV","value":-8.1922,"farmer_unique_id":"MN028","site_id":2255},{"date":"2021-11-01","product":"COPERNICUS/S1_GRD","band":"VV","value":-7.4718,"farmer_unique_id":"MN028","site_id":2255},{"date":"2021-11-13","product":"COPERNICUS/S1_GRD","band":"VV","value":-9.9049,"farmer_unique_id":"MN028","site_id":2255},{"date":"2021-11-25","product":"COPERNICUS/S1_GRD","band":"VV","value":-9.3037,"farmer_unique_id":"MN028","site_id":2255},{"date":"2021-12-07","product":"COPERNICUS/S1_GRD","band":"VV","value":-6.9934,"farmer_unique_id":"MN028","site_id":2255},{"date":"2021-12-19","product":"COPERNICUS/S1_GRD","band":"VV","value":-4.833,"farmer_unique_id":"MN028","site_id":2255}]
