[{"date":"2020-01-01","product":"ARC","value":0,"farmer_unique_id":"1006242","site_id":8526},{"date":"2020-01-02","product":"ARC","value":0,"farmer_unique_id":"1006242","site_id":8526},{"date":"2020-01-03","product":"ARC","value":0.2269,"farmer_unique_id":"1006242","site_id":8526},{"date":"2020-01-04","product":"ARC","value":0,"farmer_unique_id":"1006242","site_id":8526},{"date":"2020-01-05","product":"ARC","value":0,"farmer_unique_id":"1006242","site_id":8526},{"date":"2020-01-06","product":"ARC","value":0,"farmer_unique_id":"1006242","site_id":8526},{"date":"2020-01-07","product":"ARC","value":0,"farmer_unique_id":"1006242","site_id":8526},{"date":"2020-01-08","product":"ARC","value":0.6064,"farmer_unique_id":"1006242","site_id":8526},{"date":"2020-01-09","product":"ARC","value":0,"farmer_unique_id":"1006242","site_id":8526},{"date":"2020-01-10","product":"ARC","value":0,"farmer_unique_id":"1006242","site_id":8526},{"date":"2020-01-11","product":"ARC","value":0,"farmer_unique_id":"1006242","site_id":8526},{"date":"2020-01-12","product":"ARC","value":5.2222,"farmer_unique_id":"1006242","site_id":8526},{"date":"2020-01-13","product":"ARC","value":16.4831,"farmer_unique_id":"1006242","site_id":8526},{"date":"2020-01-14","product":"ARC","value":1.6319,"farmer_unique_id":"1006242","site_id":8526},{"date":"2020-01-15","product":"ARC","value":0,"farmer_unique_id":"1006242","site_id":8526},{"date":"2020-01-16","product":"ARC","value":0.3265,"farmer_unique_id":"1006242","site_id":8526},{"date":"2020-01-17","product":"ARC","value":0,"farmer_unique_id":"1006242","site_id":8526},{"date":"2020-01-18","product":"ARC","value":0,"farmer_unique_id":"1006242","site_id":8526},{"date":"2020-01-19","product":"ARC","value":0,"farmer_unique_id":"1006242","site_id":8526},{"date":"2020-01-20","product":"ARC","value":0,"farmer_unique_id":"1006242","site_id":8526},{"date":"2020-01-21","product":"ARC","value":0,"farmer_unique_id":"1006242","site_id":8526},{"date":"2020-01-22","product":"ARC","value":0,"farmer_unique_id":"1006242","site_id":8526},{"date":"2020-01-23","product":"ARC","value":0.377,"farmer_unique_id":"1006242","site_id":8526},{"date":"2020-01-24","product":"ARC","value":0,"farmer_unique_id":"1006242","site_id":8526},{"date":"2020-01-25","product":"ARC","value":1.4445,"farmer_unique_id":"1006242","site_id":8526},{"date":"2020-01-26","product":"ARC","value":2.2846,"farmer_unique_id":"1006242","site_id":8526},{"date":"2020-01-27","product":"ARC","value":13.5682,"farmer_unique_id":"1006242","site_id":8526},{"date":"2020-01-28","product":"ARC","value":8.9858,"farmer_unique_id":"1006242","site_id":8526},{"date":"2020-01-29","product":"ARC","value":37.2865,"farmer_unique_id":"1006242","site_id":8526},{"date":"2020-01-30","product":"ARC","value":21.6802,"farmer_unique_id":"1006242","site_id":8526},{"date":"2020-01-31","product":"ARC","value":0,"farmer_unique_id":"1006242","site_id":8526},{"date":"2020-02-01","product":"ARC","value":0,"farmer_unique_id":"1006242","site_id":8526},{"date":"2020-02-02","product":"ARC","value":6.6287,"farmer_unique_id":"1006242","site_id":8526},{"date":"2020-02-03","product":"ARC","value":0,"farmer_unique_id":"1006242","site_id":8526},{"date":"2020-02-04","product":"ARC","value":0,"farmer_unique_id":"1006242","site_id":8526},{"date":"2020-02-05","product":"ARC","value":0,"farmer_unique_id":"1006242","site_id":8526},{"date":"2020-02-06","product":"ARC","value":0,"farmer_unique_id":"1006242","site_id":8526},{"date":"2020-02-07","product":"ARC","value":0,"farmer_unique_id":"1006242","site_id":8526},{"date":"2020-02-08","product":"ARC","value":0,"farmer_unique_id":"1006242","site_id":8526},{"date":"2020-02-09","product":"ARC","value":0,"farmer_unique_id":"1006242","site_id":8526},{"date":"2020-02-10","product":"ARC","value":0,"farmer_unique_id":"1006242","site_id":8526},{"date":"2020-02-11","product":"ARC","value":0,"farmer_unique_id":"1006242","site_id":8526},{"date":"2020-02-12","product":"ARC","value":0.8856,"farmer_unique_id":"1006242","site_id":8526},{"date":"2020-02-13","product":"ARC","value":0,"farmer_unique_id":"1006242","site_id":8526},{"date":"2020-02-14","product":"ARC","value":0,"farmer_unique_id":"1006242","site_id":8526},{"date":"2020-02-15","product":"ARC","value":0,"farmer_unique_id":"1006242","site_id":8526},{"date":"2020-02-16","product":"ARC","value":0,"farmer_unique_id":"1006242","site_id":8526},{"date":"2020-02-17","product":"ARC","value":0,"farmer_unique_id":"1006242","site_id":8526},{"date":"2020-02-18","product":"ARC","value":0,"farmer_unique_id":"1006242","site_id":8526},{"date":"2020-02-19","product":"ARC","value":0.6062,"farmer_unique_id":"1006242","site_id":8526},{"date":"2020-02-20","product":"ARC","value":0,"farmer_unique_id":"1006242","site_id":8526},{"date":"2020-02-21","product":"ARC","value":0,"farmer_unique_id":"1006242","site_id":8526},{"date":"2020-02-22","product":"ARC","value":6.5837,"farmer_unique_id":"1006242","site_id":8526},{"date":"2020-02-23","product":"ARC","value":0,"farmer_unique_id":"1006242","site_id":8526},{"date":"2020-02-24","product":"ARC","value":0,"farmer_unique_id":"1006242","site_id":8526},{"date":"2020-02-25","product":"ARC","value":0.3245,"farmer_unique_id":"1006242","site_id":8526},{"date":"2020-02-26","product":"ARC","value":0,"farmer_unique_id":"1006242","site_id":8526},{"date":"2020-02-27","product":"ARC","value":0.3888,"farmer_unique_id":"1006242","site_id":8526},{"date":"2020-02-28","product":"ARC","value":0,"farmer_unique_id":"1006242","site_id":8526},{"date":"2020-02-29","product":"ARC","value":1.8982,"farmer_unique_id":"1006242","site_id":8526},{"date":"2020-03-01","product":"ARC","value":6.949,"farmer_unique_id":"1006242","site_id":8526},{"date":"2020-03-02","product":"ARC","value":12.9262,"farmer_unique_id":"1006242","site_id":8526},{"date":"2020-03-03","product":"ARC","value":18,"farmer_unique_id":"1006242","site_id":8526},{"date":"2020-03-04","product":"ARC","value":2.1689,"farmer_unique_id":"1006242","site_id":8526},{"date":"2020-03-05","product":"ARC","value":2.2442,"farmer_unique_id":"1006242","site_id":8526},{"date":"2020-03-06","product":"ARC","value":9,"farmer_unique_id":"1006242","site_id":8526},{"date":"2020-03-07","product":"ARC","value":12,"farmer_unique_id":"1006242","site_id":8526},{"date":"2020-03-08","product":"ARC","value":27,"farmer_unique_id":"1006242","site_id":8526},{"date":"2020-03-09","product":"ARC","value":19,"farmer_unique_id":"1006242","site_id":8526},{"date":"2020-03-10","product":"ARC","value":5.4354,"farmer_unique_id":"1006242","site_id":8526},{"date":"2020-03-11","product":"ARC","value":11.077,"farmer_unique_id":"1006242","site_id":8526},{"date":"2020-03-12","product":"ARC","value":0,"farmer_unique_id":"1006242","site_id":8526},{"date":"2020-03-13","product":"ARC","value":6.3475,"farmer_unique_id":"1006242","site_id":8526},{"date":"2020-03-14","product":"ARC","value":0,"farmer_unique_id":"1006242","site_id":8526},{"date":"2020-03-15","product":"ARC","value":7.5892,"farmer_unique_id":"1006242","site_id":8526},{"date":"2020-03-16","product":"ARC","value":15.8189,"farmer_unique_id":"1006242","site_id":8526},{"date":"2020-03-17","product":"ARC","value":5.7011,"farmer_unique_id":"1006242","site_id":8526},{"date":"2020-03-18","product":"ARC","value":8.311,"farmer_unique_id":"1006242","site_id":8526},{"date":"2020-03-19","product":"ARC","value":0,"farmer_unique_id":"1006242","site_id":8526},{"date":"2020-03-20","product":"ARC","value":0,"farmer_unique_id":"1006242","site_id":8526},{"date":"2020-03-21","product":"ARC","value":0,"farmer_unique_id":"1006242","site_id":8526},{"date":"2020-03-22","product":"ARC","value":0,"farmer_unique_id":"1006242","site_id":8526},{"date":"2020-03-23","product":"ARC","value":0,"farmer_unique_id":"1006242","site_id":8526},{"date":"2020-03-24","product":"ARC","value":13.4956,"farmer_unique_id":"1006242","site_id":8526},{"date":"2020-03-25","product":"ARC","value":56.6079,"farmer_unique_id":"1006242","site_id":8526},{"date":"2020-03-26","product":"ARC","value":18,"farmer_unique_id":"1006242","site_id":8526},{"date":"2020-03-27","product":"ARC","value":18,"farmer_unique_id":"1006242","site_id":8526},{"date":"2020-03-28","product":"ARC","value":18,"farmer_unique_id":"1006242","site_id":8526},{"date":"2020-03-29","product":"ARC","value":0,"farmer_unique_id":"1006242","site_id":8526},{"date":"2020-03-30","product":"ARC","value":0,"farmer_unique_id":"1006242","site_id":8526},{"date":"2020-03-31","product":"ARC","value":0,"farmer_unique_id":"1006242","site_id":8526},{"date":"2020-04-01","product":"ARC","value":0,"farmer_unique_id":"1006242","site_id":8526},{"date":"2020-04-02","product":"ARC","value":0,"farmer_unique_id":"1006242","site_id":8526},{"date":"2020-04-03","product":"ARC","value":0,"farmer_unique_id":"1006242","site_id":8526},{"date":"2020-04-04","product":"ARC","value":0,"farmer_unique_id":"1006242","site_id":8526},{"date":"2020-04-05","product":"ARC","value":0,"farmer_unique_id":"1006242","site_id":8526},{"date":"2020-04-06","product":"ARC","value":0,"farmer_unique_id":"1006242","site_id":8526},{"date":"2020-04-07","product":"ARC","value":18,"farmer_unique_id":"1006242","site_id":8526},{"date":"2020-04-08","product":"ARC","value":0,"farmer_unique_id":"1006242","site_id":8526},{"date":"2020-04-09","product":"ARC","value":0,"farmer_unique_id":"1006242","site_id":8526},{"date":"2020-04-10","product":"ARC","value":0,"farmer_unique_id":"1006242","site_id":8526},{"date":"2020-04-11","product":"ARC","value":0,"farmer_unique_id":"1006242","site_id":8526},{"date":"2020-04-12","product":"ARC","value":27,"farmer_unique_id":"1006242","site_id":8526},{"date":"2020-04-13","product":"ARC","value":36,"farmer_unique_id":"1006242","site_id":8526},{"date":"2020-04-14","product":"ARC","value":29,"farmer_unique_id":"1006242","site_id":8526},{"date":"2020-04-15","product":"ARC","value":9,"farmer_unique_id":"1006242","site_id":8526},{"date":"2020-04-16","product":"ARC","value":27,"farmer_unique_id":"1006242","site_id":8526},{"date":"2020-04-17","product":"ARC","value":24,"farmer_unique_id":"1006242","site_id":8526},{"date":"2020-04-18","product":"ARC","value":18,"farmer_unique_id":"1006242","site_id":8526},{"date":"2020-04-19","product":"ARC","value":11,"farmer_unique_id":"1006242","site_id":8526},{"date":"2020-04-20","product":"ARC","value":20,"farmer_unique_id":"1006242","site_id":8526},{"date":"2020-04-21","product":"ARC","value":0,"farmer_unique_id":"1006242","site_id":8526},{"date":"2020-04-22","product":"ARC","value":16,"farmer_unique_id":"1006242","site_id":8526},{"date":"2020-04-23","product":"ARC","value":14,"farmer_unique_id":"1006242","site_id":8526},{"date":"2020-04-24","product":"ARC","value":19,"farmer_unique_id":"1006242","site_id":8526},{"date":"2020-04-25","product":"ARC","value":47,"farmer_unique_id":"1006242","site_id":8526},{"date":"2020-04-26","product":"ARC","value":15,"farmer_unique_id":"1006242","site_id":8526},{"date":"2020-04-27","product":"ARC","value":12,"farmer_unique_id":"1006242","site_id":8526},{"date":"2020-04-28","product":"ARC","value":35,"farmer_unique_id":"1006242","site_id":8526},{"date":"2020-04-29","product":"ARC","value":18,"farmer_unique_id":"1006242","site_id":8526},{"date":"2020-04-30","product":"ARC","value":18,"farmer_unique_id":"1006242","site_id":8526},{"date":"2020-05-01","product":"ARC","value":12,"farmer_unique_id":"1006242","site_id":8526},{"date":"2020-05-02","product":"ARC","value":10,"farmer_unique_id":"1006242","site_id":8526},{"date":"2020-05-03","product":"ARC","value":9,"farmer_unique_id":"1006242","site_id":8526},{"date":"2020-05-04","product":"ARC","value":18,"farmer_unique_id":"1006242","site_id":8526},{"date":"2020-05-05","product":"ARC","value":18,"farmer_unique_id":"1006242","site_id":8526},{"date":"2020-05-06","product":"ARC","value":17,"farmer_unique_id":"1006242","site_id":8526},{"date":"2020-05-07","product":"ARC","value":9,"farmer_unique_id":"1006242","site_id":8526},{"date":"2020-05-08","product":"ARC","value":9,"farmer_unique_id":"1006242","site_id":8526},{"date":"2020-05-09","product":"ARC","value":18,"farmer_unique_id":"1006242","site_id":8526},{"date":"2020-05-10","product":"ARC","value":12,"farmer_unique_id":"1006242","site_id":8526},{"date":"2020-05-11","product":"ARC","value":0,"farmer_unique_id":"1006242","site_id":8526},{"date":"2020-05-12","product":"ARC","value":0,"farmer_unique_id":"1006242","site_id":8526},{"date":"2020-05-13","product":"ARC","value":0,"farmer_unique_id":"1006242","site_id":8526},{"date":"2020-05-14","product":"ARC","value":0,"farmer_unique_id":"1006242","site_id":8526},{"date":"2020-05-15","product":"ARC","value":16,"farmer_unique_id":"1006242","site_id":8526},{"date":"2020-05-16","product":"ARC","value":0,"farmer_unique_id":"1006242","site_id":8526},{"date":"2020-05-17","product":"ARC","value":0,"farmer_unique_id":"1006242","site_id":8526},{"date":"2020-05-18","product":"ARC","value":9,"farmer_unique_id":"1006242","site_id":8526},{"date":"2020-05-19","product":"ARC","value":9,"farmer_unique_id":"1006242","site_id":8526},{"date":"2020-05-20","product":"ARC","value":13,"farmer_unique_id":"1006242","site_id":8526},{"date":"2020-05-21","product":"ARC","value":9,"farmer_unique_id":"1006242","site_id":8526},{"date":"2020-05-22","product":"ARC","value":11,"farmer_unique_id":"1006242","site_id":8526},{"date":"2020-05-23","product":"ARC","value":9,"farmer_unique_id":"1006242","site_id":8526},{"date":"2020-05-24","product":"ARC","value":0,"farmer_unique_id":"1006242","site_id":8526},{"date":"2020-05-25","product":"ARC","value":0,"farmer_unique_id":"1006242","site_id":8526},{"date":"2020-05-26","product":"ARC","value":0,"farmer_unique_id":"1006242","site_id":8526},{"date":"2020-05-27","product":"ARC","value":0,"farmer_unique_id":"1006242","site_id":8526},{"date":"2020-05-28","product":"ARC","value":0,"farmer_unique_id":"1006242","site_id":8526},{"date":"2020-05-29","product":"ARC","value":9,"farmer_unique_id":"1006242","site_id":8526},{"date":"2020-05-30","product":"ARC","value":9,"farmer_unique_id":"1006242","site_id":8526},{"date":"2020-05-31","product":"ARC","value":0,"farmer_unique_id":"1006242","site_id":8526},{"date":"2020-06-01","product":"ARC","value":0,"farmer_unique_id":"1006242","site_id":8526},{"date":"2020-06-02","product":"ARC","value":0,"farmer_unique_id":"1006242","site_id":8526},{"date":"2020-06-03","product":"ARC","value":0,"farmer_unique_id":"1006242","site_id":8526},{"date":"2020-06-04","product":"ARC","value":9,"farmer_unique_id":"1006242","site_id":8526},{"date":"2020-06-05","product":"ARC","value":0,"farmer_unique_id":"1006242","site_id":8526},{"date":"2020-06-06","product":"ARC","value":0,"farmer_unique_id":"1006242","site_id":8526},{"date":"2020-06-07","product":"ARC","value":0,"farmer_unique_id":"1006242","site_id":8526},{"date":"2020-06-08","product":"ARC","value":0,"farmer_unique_id":"1006242","site_id":8526},{"date":"2020-06-09","product":"ARC","value":9,"farmer_unique_id":"1006242","site_id":8526},{"date":"2020-06-10","product":"ARC","value":0,"farmer_unique_id":"1006242","site_id":8526},{"date":"2020-06-11","product":"ARC","value":0,"farmer_unique_id":"1006242","site_id":8526},{"date":"2020-06-12","product":"ARC","value":0,"farmer_unique_id":"1006242","site_id":8526},{"date":"2020-06-13","product":"ARC","value":0,"farmer_unique_id":"1006242","site_id":8526},{"date":"2020-06-14","product":"ARC","value":14,"farmer_unique_id":"1006242","site_id":8526},{"date":"2020-06-15","product":"ARC","value":18,"farmer_unique_id":"1006242","site_id":8526},{"date":"2020-06-16","product":"ARC","value":11,"farmer_unique_id":"1006242","site_id":8526},{"date":"2020-06-17","product":"ARC","value":9,"farmer_unique_id":"1006242","site_id":8526},{"date":"2020-06-18","product":"ARC","value":9,"farmer_unique_id":"1006242","site_id":8526},{"date":"2020-06-19","product":"ARC","value":18,"farmer_unique_id":"1006242","site_id":8526},{"date":"2020-06-20","product":"ARC","value":0,"farmer_unique_id":"1006242","site_id":8526},{"date":"2020-06-21","product":"ARC","value":0,"farmer_unique_id":"1006242","site_id":8526},{"date":"2020-06-22","product":"ARC","value":12,"farmer_unique_id":"1006242","site_id":8526},{"date":"2020-06-23","product":"ARC","value":9,"farmer_unique_id":"1006242","site_id":8526},{"date":"2020-06-24","product":"ARC","value":0,"farmer_unique_id":"1006242","site_id":8526},{"date":"2020-06-25","product":"ARC","value":0,"farmer_unique_id":"1006242","site_id":8526},{"date":"2020-06-26","product":"ARC","value":9,"farmer_unique_id":"1006242","site_id":8526},{"date":"2020-06-27","product":"ARC","value":0,"farmer_unique_id":"1006242","site_id":8526},{"date":"2020-06-28","product":"ARC","value":9,"farmer_unique_id":"1006242","site_id":8526},{"date":"2020-06-29","product":"ARC","value":0,"farmer_unique_id":"1006242","site_id":8526},{"date":"2020-06-30","product":"ARC","value":0,"farmer_unique_id":"1006242","site_id":8526},{"date":"2020-07-01","product":"ARC","value":0,"farmer_unique_id":"1006242","site_id":8526},{"date":"2020-07-02","product":"ARC","value":0,"farmer_unique_id":"1006242","site_id":8526},{"date":"2020-07-03","product":"ARC","value":0,"farmer_unique_id":"1006242","site_id":8526},{"date":"2020-07-04","product":"ARC","value":0,"farmer_unique_id":"1006242","site_id":8526},{"date":"2020-07-05","product":"ARC","value":0,"farmer_unique_id":"1006242","site_id":8526},{"date":"2020-07-06","product":"ARC","value":9,"farmer_unique_id":"1006242","site_id":8526},{"date":"2020-07-07","product":"ARC","value":0,"farmer_unique_id":"1006242","site_id":8526},{"date":"2020-07-08","product":"ARC","value":0,"farmer_unique_id":"1006242","site_id":8526},{"date":"2020-07-09","product":"ARC","value":10,"farmer_unique_id":"1006242","site_id":8526},{"date":"2020-07-10","product":"ARC","value":5,"farmer_unique_id":"1006242","site_id":8526},{"date":"2020-07-11","product":"ARC","value":16,"farmer_unique_id":"1006242","site_id":8526},{"date":"2020-07-12","product":"ARC","value":9,"farmer_unique_id":"1006242","site_id":8526},{"date":"2020-07-13","product":"ARC","value":0,"farmer_unique_id":"1006242","site_id":8526},{"date":"2020-07-14","product":"ARC","value":9,"farmer_unique_id":"1006242","site_id":8526},{"date":"2020-07-15","product":"ARC","value":24,"farmer_unique_id":"1006242","site_id":8526},{"date":"2020-07-16","product":"ARC","value":17,"farmer_unique_id":"1006242","site_id":8526},{"date":"2020-07-17","product":"ARC","value":12,"farmer_unique_id":"1006242","site_id":8526},{"date":"2020-07-18","product":"ARC","value":0,"farmer_unique_id":"1006242","site_id":8526},{"date":"2020-07-19","product":"ARC","value":0,"farmer_unique_id":"1006242","site_id":8526},{"date":"2020-07-20","product":"ARC","value":10,"farmer_unique_id":"1006242","site_id":8526},{"date":"2020-07-21","product":"ARC","value":10.2857,"farmer_unique_id":"1006242","site_id":8526},{"date":"2020-07-22","product":"ARC","value":0,"farmer_unique_id":"1006242","site_id":8526},{"date":"2020-07-23","product":"ARC","value":0,"farmer_unique_id":"1006242","site_id":8526},{"date":"2020-07-24","product":"ARC","value":18,"farmer_unique_id":"1006242","site_id":8526},{"date":"2020-07-25","product":"ARC","value":9,"farmer_unique_id":"1006242","site_id":8526},{"date":"2020-07-26","product":"ARC","value":0,"farmer_unique_id":"1006242","site_id":8526},{"date":"2020-07-27","product":"ARC","value":0,"farmer_unique_id":"1006242","site_id":8526},{"date":"2020-07-28","product":"ARC","value":0,"farmer_unique_id":"1006242","site_id":8526},{"date":"2020-07-29","product":"ARC","value":16,"farmer_unique_id":"1006242","site_id":8526},{"date":"2020-07-30","product":"ARC","value":0,"farmer_unique_id":"1006242","site_id":8526},{"date":"2020-07-31","product":"ARC","value":9,"farmer_unique_id":"1006242","site_id":8526},{"date":"2020-08-01","product":"ARC","value":0,"farmer_unique_id":"1006242","site_id":8526},{"date":"2020-08-02","product":"ARC","value":0,"farmer_unique_id":"1006242","site_id":8526},{"date":"2020-08-03","product":"ARC","value":0,"farmer_unique_id":"1006242","site_id":8526},{"date":"2020-08-04","product":"ARC","value":0,"farmer_unique_id":"1006242","site_id":8526},{"date":"2020-08-05","product":"ARC","value":9,"farmer_unique_id":"1006242","site_id":8526},{"date":"2020-08-06","product":"ARC","value":9,"farmer_unique_id":"1006242","site_id":8526},{"date":"2020-08-07","product":"ARC","value":0,"farmer_unique_id":"1006242","site_id":8526},{"date":"2020-08-08","product":"ARC","value":9,"farmer_unique_id":"1006242","site_id":8526},{"date":"2020-08-09","product":"ARC","value":0,"farmer_unique_id":"1006242","site_id":8526},{"date":"2020-08-10","product":"ARC","value":0,"farmer_unique_id":"1006242","site_id":8526},{"date":"2020-08-11","product":"ARC","value":9,"farmer_unique_id":"1006242","site_id":8526},{"date":"2020-08-12","product":"ARC","value":9,"farmer_unique_id":"1006242","site_id":8526},{"date":"2020-08-13","product":"ARC","value":13,"farmer_unique_id":"1006242","site_id":8526},{"date":"2020-08-14","product":"ARC","value":29,"farmer_unique_id":"1006242","site_id":8526},{"date":"2020-08-15","product":"ARC","value":16,"farmer_unique_id":"1006242","site_id":8526},{"date":"2020-08-16","product":"ARC","value":11,"farmer_unique_id":"1006242","site_id":8526},{"date":"2020-08-17","product":"ARC","value":9,"farmer_unique_id":"1006242","site_id":8526},{"date":"2020-08-18","product":"ARC","value":0,"farmer_unique_id":"1006242","site_id":8526},{"date":"2020-08-19","product":"ARC","value":19,"farmer_unique_id":"1006242","site_id":8526},{"date":"2020-08-20","product":"ARC","value":3,"farmer_unique_id":"1006242","site_id":8526},{"date":"2020-08-21","product":"ARC","value":9,"farmer_unique_id":"1006242","site_id":8526},{"date":"2020-08-22","product":"ARC","value":18,"farmer_unique_id":"1006242","site_id":8526},{"date":"2020-08-23","product":"ARC","value":9,"farmer_unique_id":"1006242","site_id":8526},{"date":"2020-08-24","product":"ARC","value":9,"farmer_unique_id":"1006242","site_id":8526},{"date":"2020-08-25","product":"ARC","value":1,"farmer_unique_id":"1006242","site_id":8526},{"date":"2020-08-26","product":"ARC","value":0,"farmer_unique_id":"1006242","site_id":8526},{"date":"2020-08-27","product":"ARC","value":0,"farmer_unique_id":"1006242","site_id":8526},{"date":"2020-08-28","product":"ARC","value":18,"farmer_unique_id":"1006242","site_id":8526},{"date":"2020-08-29","product":"ARC","value":0,"farmer_unique_id":"1006242","site_id":8526},{"date":"2020-08-30","product":"ARC","value":13,"farmer_unique_id":"1006242","site_id":8526},{"date":"2020-08-31","product":"ARC","value":0,"farmer_unique_id":"1006242","site_id":8526},{"date":"2020-09-01","product":"ARC","value":2.5,"farmer_unique_id":"1006242","site_id":8526},{"date":"2020-09-02","product":"ARC","value":0,"farmer_unique_id":"1006242","site_id":8526},{"date":"2020-09-03","product":"ARC","value":9,"farmer_unique_id":"1006242","site_id":8526},{"date":"2020-09-04","product":"ARC","value":0,"farmer_unique_id":"1006242","site_id":8526},{"date":"2020-09-05","product":"ARC","value":0,"farmer_unique_id":"1006242","site_id":8526},{"date":"2020-09-06","product":"ARC","value":18,"farmer_unique_id":"1006242","site_id":8526},{"date":"2020-09-07","product":"ARC","value":18,"farmer_unique_id":"1006242","site_id":8526},{"date":"2020-09-08","product":"ARC","value":9,"farmer_unique_id":"1006242","site_id":8526},{"date":"2020-09-09","product":"ARC","value":11,"farmer_unique_id":"1006242","site_id":8526},{"date":"2020-09-10","product":"ARC","value":9,"farmer_unique_id":"1006242","site_id":8526},{"date":"2020-09-11","product":"ARC","value":0,"farmer_unique_id":"1006242","site_id":8526},{"date":"2020-09-12","product":"ARC","value":9,"farmer_unique_id":"1006242","site_id":8526},{"date":"2020-09-13","product":"ARC","value":0,"farmer_unique_id":"1006242","site_id":8526},{"date":"2020-09-14","product":"ARC","value":0,"farmer_unique_id":"1006242","site_id":8526},{"date":"2020-09-15","product":"ARC","value":10,"farmer_unique_id":"1006242","site_id":8526},{"date":"2020-09-16","product":"ARC","value":9,"farmer_unique_id":"1006242","site_id":8526},{"date":"2020-09-17","product":"ARC","value":0,"farmer_unique_id":"1006242","site_id":8526},{"date":"2020-09-18","product":"ARC","value":0,"farmer_unique_id":"1006242","site_id":8526},{"date":"2020-09-19","product":"ARC","value":9,"farmer_unique_id":"1006242","site_id":8526},{"date":"2020-09-20","product":"ARC","value":18,"farmer_unique_id":"1006242","site_id":8526},{"date":"2020-09-21","product":"ARC","value":10.2857,"farmer_unique_id":"1006242","site_id":8526},{"date":"2020-09-22","product":"ARC","value":6,"farmer_unique_id":"1006242","site_id":8526},{"date":"2020-09-23","product":"ARC","value":0,"farmer_unique_id":"1006242","site_id":8526},{"date":"2020-09-24","product":"ARC","value":9,"farmer_unique_id":"1006242","site_id":8526},{"date":"2020-09-25","product":"ARC","value":24,"farmer_unique_id":"1006242","site_id":8526},{"date":"2020-09-26","product":"ARC","value":5,"farmer_unique_id":"1006242","site_id":8526},{"date":"2020-09-27","product":"ARC","value":9,"farmer_unique_id":"1006242","site_id":8526},{"date":"2020-09-28","product":"ARC","value":0,"farmer_unique_id":"1006242","site_id":8526},{"date":"2020-09-29","product":"ARC","value":0,"farmer_unique_id":"1006242","site_id":8526},{"date":"2020-09-30","product":"ARC","value":17,"farmer_unique_id":"1006242","site_id":8526},{"date":"2020-10-01","product":"ARC","value":0,"farmer_unique_id":"1006242","site_id":8526},{"date":"2020-10-02","product":"ARC","value":0,"farmer_unique_id":"1006242","site_id":8526},{"date":"2020-10-03","product":"ARC","value":0,"farmer_unique_id":"1006242","site_id":8526},{"date":"2020-10-04","product":"ARC","value":0,"farmer_unique_id":"1006242","site_id":8526},{"date":"2020-10-05","product":"ARC","value":13,"farmer_unique_id":"1006242","site_id":8526},{"date":"2020-10-06","product":"ARC","value":9,"farmer_unique_id":"1006242","site_id":8526},{"date":"2020-10-07","product":"ARC","value":9,"farmer_unique_id":"1006242","site_id":8526},{"date":"2020-10-08","product":"ARC","value":0,"farmer_unique_id":"1006242","site_id":8526},{"date":"2020-10-09","product":"ARC","value":32,"farmer_unique_id":"1006242","site_id":8526},{"date":"2020-10-10","product":"ARC","value":18,"farmer_unique_id":"1006242","site_id":8526},{"date":"2020-10-11","product":"ARC","value":0,"farmer_unique_id":"1006242","site_id":8526},{"date":"2020-10-12","product":"ARC","value":11,"farmer_unique_id":"1006242","site_id":8526},{"date":"2020-10-13","product":"ARC","value":25,"farmer_unique_id":"1006242","site_id":8526},{"date":"2020-10-14","product":"ARC","value":0,"farmer_unique_id":"1006242","site_id":8526},{"date":"2020-10-15","product":"ARC","value":0,"farmer_unique_id":"1006242","site_id":8526},{"date":"2020-10-16","product":"ARC","value":0,"farmer_unique_id":"1006242","site_id":8526},{"date":"2020-10-17","product":"ARC","value":0,"farmer_unique_id":"1006242","site_id":8526},{"date":"2020-10-18","product":"ARC","value":0,"farmer_unique_id":"1006242","site_id":8526},{"date":"2020-10-19","product":"ARC","value":0,"farmer_unique_id":"1006242","site_id":8526},{"date":"2020-10-20","product":"ARC","value":9,"farmer_unique_id":"1006242","site_id":8526},{"date":"2020-10-21","product":"ARC","value":0,"farmer_unique_id":"1006242","site_id":8526},{"date":"2020-10-22","product":"ARC","value":0,"farmer_unique_id":"1006242","site_id":8526},{"date":"2020-10-23","product":"ARC","value":9,"farmer_unique_id":"1006242","site_id":8526},{"date":"2020-10-24","product":"ARC","value":9,"farmer_unique_id":"1006242","site_id":8526},{"date":"2020-10-25","product":"ARC","value":0,"farmer_unique_id":"1006242","site_id":8526},{"date":"2020-10-26","product":"ARC","value":0,"farmer_unique_id":"1006242","site_id":8526},{"date":"2020-10-27","product":"ARC","value":18,"farmer_unique_id":"1006242","site_id":8526},{"date":"2020-10-28","product":"ARC","value":24,"farmer_unique_id":"1006242","site_id":8526},{"date":"2020-10-29","product":"ARC","value":31,"farmer_unique_id":"1006242","site_id":8526},{"date":"2020-10-30","product":"ARC","value":16,"farmer_unique_id":"1006242","site_id":8526},{"date":"2020-10-31","product":"ARC","value":0,"farmer_unique_id":"1006242","site_id":8526},{"date":"2020-11-01","product":"ARC","value":0,"farmer_unique_id":"1006242","site_id":8526},{"date":"2020-11-02","product":"ARC","value":0,"farmer_unique_id":"1006242","site_id":8526},{"date":"2020-11-03","product":"ARC","value":0,"farmer_unique_id":"1006242","site_id":8526},{"date":"2020-11-04","product":"ARC","value":0,"farmer_unique_id":"1006242","site_id":8526},{"date":"2020-11-05","product":"ARC","value":0,"farmer_unique_id":"1006242","site_id":8526},{"date":"2020-11-06","product":"ARC","value":27,"farmer_unique_id":"1006242","site_id":8526},{"date":"2020-11-07","product":"ARC","value":11,"farmer_unique_id":"1006242","site_id":8526},{"date":"2020-11-08","product":"ARC","value":23,"farmer_unique_id":"1006242","site_id":8526},{"date":"2020-11-09","product":"ARC","value":0,"farmer_unique_id":"1006242","site_id":8526},{"date":"2020-11-10","product":"ARC","value":0,"farmer_unique_id":"1006242","site_id":8526},{"date":"2020-11-11","product":"ARC","value":9,"farmer_unique_id":"1006242","site_id":8526},{"date":"2020-11-12","product":"ARC","value":0,"farmer_unique_id":"1006242","site_id":8526},{"date":"2020-11-13","product":"ARC","value":0,"farmer_unique_id":"1006242","site_id":8526},{"date":"2020-11-14","product":"ARC","value":0,"farmer_unique_id":"1006242","site_id":8526},{"date":"2020-11-15","product":"ARC","value":12,"farmer_unique_id":"1006242","site_id":8526},{"date":"2020-11-16","product":"ARC","value":17,"farmer_unique_id":"1006242","site_id":8526},{"date":"2020-11-17","product":"ARC","value":27,"farmer_unique_id":"1006242","site_id":8526},{"date":"2020-11-18","product":"ARC","value":0,"farmer_unique_id":"1006242","site_id":8526},{"date":"2020-11-19","product":"ARC","value":0,"farmer_unique_id":"1006242","site_id":8526},{"date":"2020-11-20","product":"ARC","value":0,"farmer_unique_id":"1006242","site_id":8526},{"date":"2020-11-21","product":"ARC","value":0,"farmer_unique_id":"1006242","site_id":8526},{"date":"2020-11-22","product":"ARC","value":0,"farmer_unique_id":"1006242","site_id":8526},{"date":"2020-11-23","product":"ARC","value":0,"farmer_unique_id":"1006242","site_id":8526},{"date":"2020-11-24","product":"ARC","value":0,"farmer_unique_id":"1006242","site_id":8526},{"date":"2020-11-25","product":"ARC","value":13,"farmer_unique_id":"1006242","site_id":8526},{"date":"2020-11-26","product":"ARC","value":9,"farmer_unique_id":"1006242","site_id":8526},{"date":"2020-11-27","product":"ARC","value":10,"farmer_unique_id":"1006242","site_id":8526},{"date":"2020-11-28","product":"ARC","value":35,"farmer_unique_id":"1006242","site_id":8526},{"date":"2020-11-29","product":"ARC","value":0,"farmer_unique_id":"1006242","site_id":8526},{"date":"2020-11-30","product":"ARC","value":0,"farmer_unique_id":"1006242","site_id":8526},{"date":"2020-12-01","product":"ARC","value":9,"farmer_unique_id":"1006242","site_id":8526},{"date":"2020-12-02","product":"ARC","value":0,"farmer_unique_id":"1006242","site_id":8526},{"date":"2020-12-03","product":"ARC","value":0,"farmer_unique_id":"1006242","site_id":8526},{"date":"2020-12-04","product":"ARC","value":0,"farmer_unique_id":"1006242","site_id":8526},{"date":"2020-12-05","product":"ARC","value":0,"farmer_unique_id":"1006242","site_id":8526},{"date":"2020-12-06","product":"ARC","value":0,"farmer_unique_id":"1006242","site_id":8526},{"date":"2020-12-07","product":"ARC","value":0,"farmer_unique_id":"1006242","site_id":8526},{"date":"2020-12-08","product":"ARC","value":11,"farmer_unique_id":"1006242","site_id":8526},{"date":"2020-12-09","product":"ARC","value":0,"farmer_unique_id":"1006242","site_id":8526},{"date":"2020-12-10","product":"ARC","value":0,"farmer_unique_id":"1006242","site_id":8526},{"date":"2020-12-11","product":"ARC","value":5,"farmer_unique_id":"1006242","site_id":8526},{"date":"2020-12-12","product":"ARC","value":0,"farmer_unique_id":"1006242","site_id":8526},{"date":"2020-12-13","product":"ARC","value":0,"farmer_unique_id":"1006242","site_id":8526},{"date":"2020-12-14","product":"ARC","value":0,"farmer_unique_id":"1006242","site_id":8526},{"date":"2020-12-15","product":"ARC","value":0,"farmer_unique_id":"1006242","site_id":8526},{"date":"2020-12-16","product":"ARC","value":0,"farmer_unique_id":"1006242","site_id":8526},{"date":"2020-12-17","product":"ARC","value":5,"farmer_unique_id":"1006242","site_id":8526},{"date":"2020-12-18","product":"ARC","value":9,"farmer_unique_id":"1006242","site_id":8526},{"date":"2020-12-19","product":"ARC","value":0,"farmer_unique_id":"1006242","site_id":8526},{"date":"2020-12-20","product":"ARC","value":0,"farmer_unique_id":"1006242","site_id":8526},{"date":"2020-12-21","product":"ARC","value":0,"farmer_unique_id":"1006242","site_id":8526},{"date":"2020-12-22","product":"ARC","value":0,"farmer_unique_id":"1006242","site_id":8526},{"date":"2020-12-23","product":"ARC","value":0,"farmer_unique_id":"1006242","site_id":8526},{"date":"2020-12-24","product":"ARC","value":0,"farmer_unique_id":"1006242","site_id":8526},{"date":"2020-12-25","product":"ARC","value":0,"farmer_unique_id":"1006242","site_id":8526},{"date":"2020-12-26","product":"ARC","value":0,"farmer_unique_id":"1006242","site_id":8526},{"date":"2020-12-27","product":"ARC","value":0,"farmer_unique_id":"1006242","site_id":8526},{"date":"2020-12-28","product":"ARC","value":0,"farmer_unique_id":"1006242","site_id":8526},{"date":"2020-12-29","product":"ARC","value":0,"farmer_unique_id":"1006242","site_id":8526},{"date":"2020-12-30","product":"ARC","value":0,"farmer_unique_id":"1006242","site_id":8526},{"date":"2020-12-31","product":"ARC","value":9,"farmer_unique_id":"1006242","site_id":8526},{"date":"2021-01-01","product":"ARC","value":0,"farmer_unique_id":"1006242","site_id":8526},{"date":"2021-01-02","product":"ARC","value":0,"farmer_unique_id":"1006242","site_id":8526},{"date":"2021-01-03","product":"ARC","value":0,"farmer_unique_id":"1006242","site_id":8526},{"date":"2021-01-04","product":"ARC","value":0,"farmer_unique_id":"1006242","site_id":8526},{"date":"2021-01-05","product":"ARC","value":0,"farmer_unique_id":"1006242","site_id":8526},{"date":"2021-01-06","product":"ARC","value":0,"farmer_unique_id":"1006242","site_id":8526},{"date":"2021-01-07","product":"ARC","value":0,"farmer_unique_id":"1006242","site_id":8526},{"date":"2021-01-08","product":"ARC","value":0,"farmer_unique_id":"1006242","site_id":8526},{"date":"2021-01-09","product":"ARC","value":0,"farmer_unique_id":"1006242","site_id":8526},{"date":"2021-01-10","product":"ARC","value":0,"farmer_unique_id":"1006242","site_id":8526},{"date":"2021-01-11","product":"ARC","value":0,"farmer_unique_id":"1006242","site_id":8526},{"date":"2021-01-12","product":"ARC","value":0,"farmer_unique_id":"1006242","site_id":8526},{"date":"2021-01-13","product":"ARC","value":0,"farmer_unique_id":"1006242","site_id":8526},{"date":"2021-01-14","product":"ARC","value":0,"farmer_unique_id":"1006242","site_id":8526},{"date":"2021-01-15","product":"ARC","value":0,"farmer_unique_id":"1006242","site_id":8526},{"date":"2021-01-16","product":"ARC","value":0,"farmer_unique_id":"1006242","site_id":8526},{"date":"2021-01-17","product":"ARC","value":0,"farmer_unique_id":"1006242","site_id":8526},{"date":"2021-01-18","product":"ARC","value":0,"farmer_unique_id":"1006242","site_id":8526},{"date":"2021-01-19","product":"ARC","value":0,"farmer_unique_id":"1006242","site_id":8526},{"date":"2021-01-20","product":"ARC","value":0,"farmer_unique_id":"1006242","site_id":8526},{"date":"2021-01-21","product":"ARC","value":0,"farmer_unique_id":"1006242","site_id":8526},{"date":"2021-01-22","product":"ARC","value":17,"farmer_unique_id":"1006242","site_id":8526},{"date":"2021-01-23","product":"ARC","value":0,"farmer_unique_id":"1006242","site_id":8526},{"date":"2021-01-24","product":"ARC","value":0,"farmer_unique_id":"1006242","site_id":8526},{"date":"2021-01-25","product":"ARC","value":0,"farmer_unique_id":"1006242","site_id":8526},{"date":"2021-01-26","product":"ARC","value":0,"farmer_unique_id":"1006242","site_id":8526},{"date":"2021-01-27","product":"ARC","value":0,"farmer_unique_id":"1006242","site_id":8526},{"date":"2021-01-28","product":"ARC","value":0,"farmer_unique_id":"1006242","site_id":8526},{"date":"2021-01-29","product":"ARC","value":0,"farmer_unique_id":"1006242","site_id":8526},{"date":"2021-01-30","product":"ARC","value":0,"farmer_unique_id":"1006242","site_id":8526},{"date":"2021-01-31","product":"ARC","value":0,"farmer_unique_id":"1006242","site_id":8526},{"date":"2021-02-01","product":"ARC","value":0,"farmer_unique_id":"1006242","site_id":8526},{"date":"2021-02-02","product":"ARC","value":0,"farmer_unique_id":"1006242","site_id":8526},{"date":"2021-02-03","product":"ARC","value":0,"farmer_unique_id":"1006242","site_id":8526},{"date":"2021-02-04","product":"ARC","value":0,"farmer_unique_id":"1006242","site_id":8526},{"date":"2021-02-05","product":"ARC","value":0,"farmer_unique_id":"1006242","site_id":8526},{"date":"2021-02-06","product":"ARC","value":0,"farmer_unique_id":"1006242","site_id":8526},{"date":"2021-02-07","product":"ARC","value":0,"farmer_unique_id":"1006242","site_id":8526},{"date":"2021-02-08","product":"ARC","value":0,"farmer_unique_id":"1006242","site_id":8526},{"date":"2021-02-09","product":"ARC","value":15,"farmer_unique_id":"1006242","site_id":8526},{"date":"2021-02-10","product":"ARC","value":9,"farmer_unique_id":"1006242","site_id":8526},{"date":"2021-02-11","product":"ARC","value":10,"farmer_unique_id":"1006242","site_id":8526},{"date":"2021-02-12","product":"ARC","value":18,"farmer_unique_id":"1006242","site_id":8526},{"date":"2021-02-13","product":"ARC","value":16,"farmer_unique_id":"1006242","site_id":8526},{"date":"2021-02-14","product":"ARC","value":13,"farmer_unique_id":"1006242","site_id":8526},{"date":"2021-02-15","product":"ARC","value":0,"farmer_unique_id":"1006242","site_id":8526},{"date":"2021-02-16","product":"ARC","value":0,"farmer_unique_id":"1006242","site_id":8526},{"date":"2021-02-17","product":"ARC","value":0,"farmer_unique_id":"1006242","site_id":8526},{"date":"2021-02-18","product":"ARC","value":32,"farmer_unique_id":"1006242","site_id":8526},{"date":"2021-02-19","product":"ARC","value":0,"farmer_unique_id":"1006242","site_id":8526},{"date":"2021-02-20","product":"ARC","value":0,"farmer_unique_id":"1006242","site_id":8526},{"date":"2021-02-21","product":"ARC","value":16,"farmer_unique_id":"1006242","site_id":8526},{"date":"2021-02-22","product":"ARC","value":23,"farmer_unique_id":"1006242","site_id":8526},{"date":"2021-02-23","product":"ARC","value":7,"farmer_unique_id":"1006242","site_id":8526},{"date":"2021-02-24","product":"ARC","value":12,"farmer_unique_id":"1006242","site_id":8526},{"date":"2021-02-25","product":"ARC","value":0,"farmer_unique_id":"1006242","site_id":8526},{"date":"2021-02-26","product":"ARC","value":0,"farmer_unique_id":"1006242","site_id":8526},{"date":"2021-02-27","product":"ARC","value":0,"farmer_unique_id":"1006242","site_id":8526},{"date":"2021-02-28","product":"ARC","value":0,"farmer_unique_id":"1006242","site_id":8526},{"date":"2021-03-01","product":"ARC","value":0,"farmer_unique_id":"1006242","site_id":8526},{"date":"2021-03-02","product":"ARC","value":0,"farmer_unique_id":"1006242","site_id":8526},{"date":"2021-03-03","product":"ARC","value":0,"farmer_unique_id":"1006242","site_id":8526},{"date":"2021-03-04","product":"ARC","value":0,"farmer_unique_id":"1006242","site_id":8526},{"date":"2021-03-05","product":"ARC","value":0,"farmer_unique_id":"1006242","site_id":8526},{"date":"2021-03-06","product":"ARC","value":0,"farmer_unique_id":"1006242","site_id":8526},{"date":"2021-03-07","product":"ARC","value":0,"farmer_unique_id":"1006242","site_id":8526},{"date":"2021-03-08","product":"ARC","value":0,"farmer_unique_id":"1006242","site_id":8526},{"date":"2021-03-09","product":"ARC","value":0,"farmer_unique_id":"1006242","site_id":8526},{"date":"2021-03-10","product":"ARC","value":0,"farmer_unique_id":"1006242","site_id":8526},{"date":"2021-03-11","product":"ARC","value":0,"farmer_unique_id":"1006242","site_id":8526},{"date":"2021-03-12","product":"ARC","value":0,"farmer_unique_id":"1006242","site_id":8526},{"date":"2021-03-13","product":"ARC","value":0,"farmer_unique_id":"1006242","site_id":8526},{"date":"2021-03-14","product":"ARC","value":0,"farmer_unique_id":"1006242","site_id":8526},{"date":"2021-03-15","product":"ARC","value":0,"farmer_unique_id":"1006242","site_id":8526},{"date":"2021-03-16","product":"ARC","value":0,"farmer_unique_id":"1006242","site_id":8526},{"date":"2021-03-17","product":"ARC","value":17,"farmer_unique_id":"1006242","site_id":8526},{"date":"2021-03-18","product":"ARC","value":0,"farmer_unique_id":"1006242","site_id":8526},{"date":"2021-03-19","product":"ARC","value":0,"farmer_unique_id":"1006242","site_id":8526},{"date":"2021-03-20","product":"ARC","value":0,"farmer_unique_id":"1006242","site_id":8526},{"date":"2021-03-21","product":"ARC","value":18,"farmer_unique_id":"1006242","site_id":8526},{"date":"2021-03-22","product":"ARC","value":17.1429,"farmer_unique_id":"1006242","site_id":8526},{"date":"2021-03-23","product":"ARC","value":0,"farmer_unique_id":"1006242","site_id":8526},{"date":"2021-03-24","product":"ARC","value":0,"farmer_unique_id":"1006242","site_id":8526},{"date":"2021-03-25","product":"ARC","value":0,"farmer_unique_id":"1006242","site_id":8526},{"date":"2021-03-26","product":"ARC","value":8,"farmer_unique_id":"1006242","site_id":8526},{"date":"2021-03-27","product":"ARC","value":23,"farmer_unique_id":"1006242","site_id":8526},{"date":"2021-03-28","product":"ARC","value":25,"farmer_unique_id":"1006242","site_id":8526},{"date":"2021-03-29","product":"ARC","value":18,"farmer_unique_id":"1006242","site_id":8526},{"date":"2021-03-30","product":"ARC","value":27,"farmer_unique_id":"1006242","site_id":8526},{"date":"2021-03-31","product":"ARC","value":0,"farmer_unique_id":"1006242","site_id":8526},{"date":"2021-04-01","product":"ARC","value":8,"farmer_unique_id":"1006242","site_id":8526},{"date":"2021-04-02","product":"ARC","value":0,"farmer_unique_id":"1006242","site_id":8526},{"date":"2021-04-03","product":"ARC","value":9,"farmer_unique_id":"1006242","site_id":8526},{"date":"2021-04-04","product":"ARC","value":28,"farmer_unique_id":"1006242","site_id":8526},{"date":"2021-04-05","product":"ARC","value":23,"farmer_unique_id":"1006242","site_id":8526},{"date":"2021-04-06","product":"ARC","value":21,"farmer_unique_id":"1006242","site_id":8526},{"date":"2021-04-07","product":"ARC","value":0,"farmer_unique_id":"1006242","site_id":8526},{"date":"2021-04-08","product":"ARC","value":9,"farmer_unique_id":"1006242","site_id":8526},{"date":"2021-04-09","product":"ARC","value":21,"farmer_unique_id":"1006242","site_id":8526},{"date":"2021-04-10","product":"ARC","value":27,"farmer_unique_id":"1006242","site_id":8526},{"date":"2021-04-11","product":"ARC","value":2,"farmer_unique_id":"1006242","site_id":8526},{"date":"2021-04-12","product":"ARC","value":0,"farmer_unique_id":"1006242","site_id":8526},{"date":"2021-04-13","product":"ARC","value":18,"farmer_unique_id":"1006242","site_id":8526},{"date":"2021-04-14","product":"ARC","value":10.2857,"farmer_unique_id":"1006242","site_id":8526},{"date":"2021-04-15","product":"ARC","value":7,"farmer_unique_id":"1006242","site_id":8526},{"date":"2021-04-16","product":"ARC","value":33,"farmer_unique_id":"1006242","site_id":8526},{"date":"2021-04-17","product":"ARC","value":9,"farmer_unique_id":"1006242","site_id":8526},{"date":"2021-04-18","product":"ARC","value":9,"farmer_unique_id":"1006242","site_id":8526},{"date":"2021-04-19","product":"ARC","value":15,"farmer_unique_id":"1006242","site_id":8526},{"date":"2021-04-20","product":"ARC","value":19,"farmer_unique_id":"1006242","site_id":8526},{"date":"2021-04-21","product":"ARC","value":33,"farmer_unique_id":"1006242","site_id":8526},{"date":"2021-04-22","product":"ARC","value":25,"farmer_unique_id":"1006242","site_id":8526},{"date":"2021-04-23","product":"ARC","value":26,"farmer_unique_id":"1006242","site_id":8526},{"date":"2021-04-24","product":"ARC","value":45,"farmer_unique_id":"1006242","site_id":8526},{"date":"2021-04-25","product":"ARC","value":19,"farmer_unique_id":"1006242","site_id":8526},{"date":"2021-04-26","product":"ARC","value":16,"farmer_unique_id":"1006242","site_id":8526},{"date":"2021-04-27","product":"ARC","value":13,"farmer_unique_id":"1006242","site_id":8526},{"date":"2021-04-28","product":"ARC","value":18,"farmer_unique_id":"1006242","site_id":8526},{"date":"2021-04-29","product":"ARC","value":32,"farmer_unique_id":"1006242","site_id":8526},{"date":"2021-04-30","product":"ARC","value":9,"farmer_unique_id":"1006242","site_id":8526},{"date":"2021-05-01","product":"ARC","value":0,"farmer_unique_id":"1006242","site_id":8526},{"date":"2021-05-02","product":"ARC","value":0,"farmer_unique_id":"1006242","site_id":8526},{"date":"2021-05-03","product":"ARC","value":24,"farmer_unique_id":"1006242","site_id":8526},{"date":"2021-05-04","product":"ARC","value":9,"farmer_unique_id":"1006242","site_id":8526},{"date":"2021-05-05","product":"ARC","value":25,"farmer_unique_id":"1006242","site_id":8526},{"date":"2021-05-06","product":"ARC","value":14,"farmer_unique_id":"1006242","site_id":8526},{"date":"2021-05-07","product":"ARC","value":47,"farmer_unique_id":"1006242","site_id":8526},{"date":"2021-05-08","product":"ARC","value":36,"farmer_unique_id":"1006242","site_id":8526},{"date":"2021-05-09","product":"ARC","value":3,"farmer_unique_id":"1006242","site_id":8526},{"date":"2021-05-10","product":"ARC","value":18,"farmer_unique_id":"1006242","site_id":8526},{"date":"2021-05-11","product":"ARC","value":11,"farmer_unique_id":"1006242","site_id":8526},{"date":"2021-05-12","product":"ARC","value":12,"farmer_unique_id":"1006242","site_id":8526},{"date":"2021-05-13","product":"ARC","value":9,"farmer_unique_id":"1006242","site_id":8526},{"date":"2021-05-14","product":"ARC","value":18,"farmer_unique_id":"1006242","site_id":8526},{"date":"2021-05-15","product":"ARC","value":9,"farmer_unique_id":"1006242","site_id":8526},{"date":"2021-05-16","product":"ARC","value":9,"farmer_unique_id":"1006242","site_id":8526},{"date":"2021-05-17","product":"ARC","value":0,"farmer_unique_id":"1006242","site_id":8526},{"date":"2021-05-18","product":"ARC","value":0,"farmer_unique_id":"1006242","site_id":8526},{"date":"2021-05-19","product":"ARC","value":0,"farmer_unique_id":"1006242","site_id":8526},{"date":"2021-05-20","product":"ARC","value":0,"farmer_unique_id":"1006242","site_id":8526},{"date":"2021-05-21","product":"ARC","value":0,"farmer_unique_id":"1006242","site_id":8526},{"date":"2021-05-22","product":"ARC","value":0,"farmer_unique_id":"1006242","site_id":8526},{"date":"2021-05-23","product":"ARC","value":0,"farmer_unique_id":"1006242","site_id":8526},{"date":"2021-05-24","product":"ARC","value":0,"farmer_unique_id":"1006242","site_id":8526},{"date":"2021-05-25","product":"ARC","value":0,"farmer_unique_id":"1006242","site_id":8526},{"date":"2021-05-26","product":"ARC","value":0,"farmer_unique_id":"1006242","site_id":8526},{"date":"2021-05-27","product":"ARC","value":0,"farmer_unique_id":"1006242","site_id":8526},{"date":"2021-05-30","product":"ARC","value":9,"farmer_unique_id":"1006242","site_id":8526},{"date":"2021-05-31","product":"ARC","value":0,"farmer_unique_id":"1006242","site_id":8526},{"date":"2021-06-01","product":"ARC","value":0,"farmer_unique_id":"1006242","site_id":8526},{"date":"2021-06-02","product":"ARC","value":0,"farmer_unique_id":"1006242","site_id":8526},{"date":"2021-06-03","product":"ARC","value":18,"farmer_unique_id":"1006242","site_id":8526},{"date":"2021-06-04","product":"ARC","value":10,"farmer_unique_id":"1006242","site_id":8526},{"date":"2021-06-05","product":"ARC","value":9,"farmer_unique_id":"1006242","site_id":8526},{"date":"2021-06-06","product":"ARC","value":0,"farmer_unique_id":"1006242","site_id":8526},{"date":"2021-06-07","product":"ARC","value":0,"farmer_unique_id":"1006242","site_id":8526},{"date":"2021-06-08","product":"ARC","value":0,"farmer_unique_id":"1006242","site_id":8526},{"date":"2021-06-09","product":"ARC","value":0,"farmer_unique_id":"1006242","site_id":8526},{"date":"2021-06-10","product":"ARC","value":0,"farmer_unique_id":"1006242","site_id":8526},{"date":"2021-06-11","product":"ARC","value":0,"farmer_unique_id":"1006242","site_id":8526},{"date":"2021-06-12","product":"ARC","value":11,"farmer_unique_id":"1006242","site_id":8526},{"date":"2021-06-13","product":"ARC","value":0,"farmer_unique_id":"1006242","site_id":8526},{"date":"2021-06-14","product":"ARC","value":0,"farmer_unique_id":"1006242","site_id":8526},{"date":"2021-06-15","product":"ARC","value":0,"farmer_unique_id":"1006242","site_id":8526},{"date":"2021-06-16","product":"ARC","value":9,"farmer_unique_id":"1006242","site_id":8526},{"date":"2021-06-17","product":"ARC","value":0,"farmer_unique_id":"1006242","site_id":8526},{"date":"2021-06-18","product":"ARC","value":12,"farmer_unique_id":"1006242","site_id":8526},{"date":"2021-06-19","product":"ARC","value":0,"farmer_unique_id":"1006242","site_id":8526},{"date":"2021-06-20","product":"ARC","value":0,"farmer_unique_id":"1006242","site_id":8526},{"date":"2021-06-21","product":"ARC","value":0,"farmer_unique_id":"1006242","site_id":8526},{"date":"2021-06-22","product":"ARC","value":0,"farmer_unique_id":"1006242","site_id":8526},{"date":"2021-06-23","product":"ARC","value":0,"farmer_unique_id":"1006242","site_id":8526},{"date":"2021-06-24","product":"ARC","value":0,"farmer_unique_id":"1006242","site_id":8526},{"date":"2021-06-25","product":"ARC","value":0,"farmer_unique_id":"1006242","site_id":8526},{"date":"2021-06-26","product":"ARC","value":9,"farmer_unique_id":"1006242","site_id":8526},{"date":"2021-06-27","product":"ARC","value":0,"farmer_unique_id":"1006242","site_id":8526},{"date":"2021-06-28","product":"ARC","value":0,"farmer_unique_id":"1006242","site_id":8526},{"date":"2021-06-29","product":"ARC","value":0,"farmer_unique_id":"1006242","site_id":8526},{"date":"2021-06-30","product":"ARC","value":0,"farmer_unique_id":"1006242","site_id":8526},{"date":"2021-07-01","product":"ARC","value":9,"farmer_unique_id":"1006242","site_id":8526},{"date":"2021-07-02","product":"ARC","value":9,"farmer_unique_id":"1006242","site_id":8526},{"date":"2021-07-03","product":"ARC","value":0,"farmer_unique_id":"1006242","site_id":8526},{"date":"2021-07-04","product":"ARC","value":0,"farmer_unique_id":"1006242","site_id":8526},{"date":"2021-07-05","product":"ARC","value":0,"farmer_unique_id":"1006242","site_id":8526},{"date":"2021-07-06","product":"ARC","value":0,"farmer_unique_id":"1006242","site_id":8526},{"date":"2021-07-07","product":"ARC","value":0,"farmer_unique_id":"1006242","site_id":8526},{"date":"2021-07-08","product":"ARC","value":11,"farmer_unique_id":"1006242","site_id":8526},{"date":"2021-07-09","product":"ARC","value":0,"farmer_unique_id":"1006242","site_id":8526},{"date":"2021-07-10","product":"ARC","value":0,"farmer_unique_id":"1006242","site_id":8526},{"date":"2021-07-11","product":"ARC","value":0,"farmer_unique_id":"1006242","site_id":8526},{"date":"2021-07-12","product":"ARC","value":0,"farmer_unique_id":"1006242","site_id":8526},{"date":"2021-07-13","product":"ARC","value":0,"farmer_unique_id":"1006242","site_id":8526},{"date":"2021-07-14","product":"ARC","value":9,"farmer_unique_id":"1006242","site_id":8526},{"date":"2021-07-15","product":"ARC","value":0,"farmer_unique_id":"1006242","site_id":8526},{"date":"2021-07-16","product":"ARC","value":6,"farmer_unique_id":"1006242","site_id":8526},{"date":"2021-07-17","product":"ARC","value":10,"farmer_unique_id":"1006242","site_id":8526},{"date":"2021-07-18","product":"ARC","value":0,"farmer_unique_id":"1006242","site_id":8526},{"date":"2021-07-19","product":"ARC","value":0,"farmer_unique_id":"1006242","site_id":8526},{"date":"2021-07-20","product":"ARC","value":0,"farmer_unique_id":"1006242","site_id":8526},{"date":"2021-07-21","product":"ARC","value":0,"farmer_unique_id":"1006242","site_id":8526},{"date":"2021-07-22","product":"ARC","value":0,"farmer_unique_id":"1006242","site_id":8526},{"date":"2021-07-23","product":"ARC","value":0,"farmer_unique_id":"1006242","site_id":8526},{"date":"2021-07-24","product":"ARC","value":0,"farmer_unique_id":"1006242","site_id":8526},{"date":"2021-07-25","product":"ARC","value":0,"farmer_unique_id":"1006242","site_id":8526},{"date":"2021-07-26","product":"ARC","value":0,"farmer_unique_id":"1006242","site_id":8526},{"date":"2021-07-27","product":"ARC","value":0,"farmer_unique_id":"1006242","site_id":8526},{"date":"2021-07-28","product":"ARC","value":0,"farmer_unique_id":"1006242","site_id":8526},{"date":"2021-07-29","product":"ARC","value":0,"farmer_unique_id":"1006242","site_id":8526},{"date":"2021-07-30","product":"ARC","value":0,"farmer_unique_id":"1006242","site_id":8526},{"date":"2021-07-31","product":"ARC","value":0,"farmer_unique_id":"1006242","site_id":8526},{"date":"2021-08-01","product":"ARC","value":0,"farmer_unique_id":"1006242","site_id":8526},{"date":"2021-08-02","product":"ARC","value":0,"farmer_unique_id":"1006242","site_id":8526},{"date":"2021-08-03","product":"ARC","value":9,"farmer_unique_id":"1006242","site_id":8526},{"date":"2021-08-04","product":"ARC","value":9,"farmer_unique_id":"1006242","site_id":8526},{"date":"2021-08-05","product":"ARC","value":0,"farmer_unique_id":"1006242","site_id":8526},{"date":"2021-08-06","product":"ARC","value":9,"farmer_unique_id":"1006242","site_id":8526},{"date":"2021-08-07","product":"ARC","value":0,"farmer_unique_id":"1006242","site_id":8526},{"date":"2021-08-08","product":"ARC","value":17,"farmer_unique_id":"1006242","site_id":8526},{"date":"2021-08-09","product":"ARC","value":0,"farmer_unique_id":"1006242","site_id":8526},{"date":"2021-08-10","product":"ARC","value":0,"farmer_unique_id":"1006242","site_id":8526},{"date":"2021-08-11","product":"ARC","value":1.7193,"farmer_unique_id":"1006242","site_id":8526},{"date":"2021-08-12","product":"ARC","value":12.1667,"farmer_unique_id":"1006242","site_id":8526},{"date":"2021-08-13","product":"ARC","value":19.6029,"farmer_unique_id":"1006242","site_id":8526},{"date":"2021-08-14","product":"ARC","value":6.5742,"farmer_unique_id":"1006242","site_id":8526},{"date":"2021-08-15","product":"ARC","value":2.9353,"farmer_unique_id":"1006242","site_id":8526},{"date":"2021-08-16","product":"ARC","value":2.9383,"farmer_unique_id":"1006242","site_id":8526},{"date":"2021-08-17","product":"ARC","value":2.0854,"farmer_unique_id":"1006242","site_id":8526},{"date":"2021-08-18","product":"ARC","value":3.1422,"farmer_unique_id":"1006242","site_id":8526},{"date":"2021-08-19","product":"ARC","value":4.503,"farmer_unique_id":"1006242","site_id":8526},{"date":"2021-08-20","product":"ARC","value":9.7105,"farmer_unique_id":"1006242","site_id":8526},{"date":"2021-08-21","product":"ARC","value":5.1069,"farmer_unique_id":"1006242","site_id":8526},{"date":"2021-08-22","product":"ARC","value":1.3986,"farmer_unique_id":"1006242","site_id":8526},{"date":"2021-08-23","product":"ARC","value":0,"farmer_unique_id":"1006242","site_id":8526},{"date":"2021-08-24","product":"ARC","value":0.3399,"farmer_unique_id":"1006242","site_id":8526},{"date":"2021-08-25","product":"ARC","value":0,"farmer_unique_id":"1006242","site_id":8526},{"date":"2021-08-26","product":"ARC","value":0,"farmer_unique_id":"1006242","site_id":8526},{"date":"2021-08-27","product":"ARC","value":2.4704,"farmer_unique_id":"1006242","site_id":8526},{"date":"2021-08-28","product":"ARC","value":0,"farmer_unique_id":"1006242","site_id":8526},{"date":"2021-08-29","product":"ARC","value":0,"farmer_unique_id":"1006242","site_id":8526},{"date":"2021-08-30","product":"ARC","value":11.1565,"farmer_unique_id":"1006242","site_id":8526},{"date":"2021-08-31","product":"ARC","value":1.2096,"farmer_unique_id":"1006242","site_id":8526},{"date":"2021-09-01","product":"ARC","value":5.6656,"farmer_unique_id":"1006242","site_id":8526},{"date":"2021-09-02","product":"ARC","value":9,"farmer_unique_id":"1006242","site_id":8526},{"date":"2021-09-03","product":"ARC","value":9,"farmer_unique_id":"1006242","site_id":8526},{"date":"2021-09-04","product":"ARC","value":14.4,"farmer_unique_id":"1006242","site_id":8526},{"date":"2021-09-05","product":"ARC","value":16,"farmer_unique_id":"1006242","site_id":8526},{"date":"2021-09-06","product":"ARC","value":8,"farmer_unique_id":"1006242","site_id":8526},{"date":"2021-09-07","product":"ARC","value":0,"farmer_unique_id":"1006242","site_id":8526},{"date":"2021-09-08","product":"ARC","value":0,"farmer_unique_id":"1006242","site_id":8526},{"date":"2021-09-09","product":"ARC","value":21,"farmer_unique_id":"1006242","site_id":8526},{"date":"2021-09-10","product":"ARC","value":9,"farmer_unique_id":"1006242","site_id":8526},{"date":"2021-09-11","product":"ARC","value":5,"farmer_unique_id":"1006242","site_id":8526},{"date":"2021-09-12","product":"ARC","value":0,"farmer_unique_id":"1006242","site_id":8526},{"date":"2021-09-13","product":"ARC","value":0,"farmer_unique_id":"1006242","site_id":8526},{"date":"2021-09-14","product":"ARC","value":14,"farmer_unique_id":"1006242","site_id":8526},{"date":"2021-09-15","product":"ARC","value":18,"farmer_unique_id":"1006242","site_id":8526},{"date":"2021-09-16","product":"ARC","value":9,"farmer_unique_id":"1006242","site_id":8526},{"date":"2021-09-17","product":"ARC","value":9,"farmer_unique_id":"1006242","site_id":8526},{"date":"2021-09-18","product":"ARC","value":0,"farmer_unique_id":"1006242","site_id":8526},{"date":"2021-09-19","product":"ARC","value":18,"farmer_unique_id":"1006242","site_id":8526},{"date":"2021-09-20","product":"ARC","value":18,"farmer_unique_id":"1006242","site_id":8526},{"date":"2021-09-21","product":"ARC","value":0,"farmer_unique_id":"1006242","site_id":8526},{"date":"2021-09-22","product":"ARC","value":9,"farmer_unique_id":"1006242","site_id":8526},{"date":"2021-09-23","product":"ARC","value":9,"farmer_unique_id":"1006242","site_id":8526},{"date":"2021-09-24","product":"ARC","value":9,"farmer_unique_id":"1006242","site_id":8526},{"date":"2021-09-25","product":"ARC","value":0,"farmer_unique_id":"1006242","site_id":8526},{"date":"2021-09-26","product":"ARC","value":16,"farmer_unique_id":"1006242","site_id":8526},{"date":"2021-09-27","product":"ARC","value":0,"farmer_unique_id":"1006242","site_id":8526},{"date":"2021-09-28","product":"ARC","value":0,"farmer_unique_id":"1006242","site_id":8526},{"date":"2021-09-29","product":"ARC","value":9,"farmer_unique_id":"1006242","site_id":8526},{"date":"2021-09-30","product":"ARC","value":15,"farmer_unique_id":"1006242","site_id":8526},{"date":"2021-10-01","product":"ARC","value":12,"farmer_unique_id":"1006242","site_id":8526},{"date":"2021-10-02","product":"ARC","value":11,"farmer_unique_id":"1006242","site_id":8526},{"date":"2021-10-03","product":"ARC","value":9,"farmer_unique_id":"1006242","site_id":8526},{"date":"2021-10-04","product":"ARC","value":22,"farmer_unique_id":"1006242","site_id":8526},{"date":"2021-10-05","product":"ARC","value":17,"farmer_unique_id":"1006242","site_id":8526},{"date":"2021-10-06","product":"ARC","value":13,"farmer_unique_id":"1006242","site_id":8526},{"date":"2021-10-07","product":"ARC","value":18,"farmer_unique_id":"1006242","site_id":8526},{"date":"2021-10-08","product":"ARC","value":0,"farmer_unique_id":"1006242","site_id":8526},{"date":"2021-10-09","product":"ARC","value":9,"farmer_unique_id":"1006242","site_id":8526},{"date":"2021-10-10","product":"ARC","value":15,"farmer_unique_id":"1006242","site_id":8526},{"date":"2021-10-11","product":"ARC","value":24,"farmer_unique_id":"1006242","site_id":8526},{"date":"2021-10-12","product":"ARC","value":0,"farmer_unique_id":"1006242","site_id":8526},{"date":"2021-10-13","product":"ARC","value":0,"farmer_unique_id":"1006242","site_id":8526},{"date":"2021-10-14","product":"ARC","value":0,"farmer_unique_id":"1006242","site_id":8526},{"date":"2021-10-15","product":"ARC","value":0,"farmer_unique_id":"1006242","site_id":8526},{"date":"2021-10-16","product":"ARC","value":0,"farmer_unique_id":"1006242","site_id":8526},{"date":"2021-10-17","product":"ARC","value":9,"farmer_unique_id":"1006242","site_id":8526},{"date":"2021-10-18","product":"ARC","value":13,"farmer_unique_id":"1006242","site_id":8526},{"date":"2021-10-19","product":"ARC","value":10,"farmer_unique_id":"1006242","site_id":8526},{"date":"2021-10-20","product":"ARC","value":0,"farmer_unique_id":"1006242","site_id":8526},{"date":"2021-10-21","product":"ARC","value":5,"farmer_unique_id":"1006242","site_id":8526},{"date":"2021-10-22","product":"ARC","value":0,"farmer_unique_id":"1006242","site_id":8526},{"date":"2021-10-23","product":"ARC","value":0,"farmer_unique_id":"1006242","site_id":8526},{"date":"2021-10-24","product":"ARC","value":0,"farmer_unique_id":"1006242","site_id":8526},{"date":"2021-10-25","product":"ARC","value":0,"farmer_unique_id":"1006242","site_id":8526},{"date":"2021-10-26","product":"ARC","value":0,"farmer_unique_id":"1006242","site_id":8526},{"date":"2021-10-27","product":"ARC","value":0,"farmer_unique_id":"1006242","site_id":8526},{"date":"2021-10-28","product":"ARC","value":14,"farmer_unique_id":"1006242","site_id":8526},{"date":"2021-10-29","product":"ARC","value":10,"farmer_unique_id":"1006242","site_id":8526},{"date":"2021-10-30","product":"ARC","value":0,"farmer_unique_id":"1006242","site_id":8526},{"date":"2021-10-31","product":"ARC","value":0,"farmer_unique_id":"1006242","site_id":8526},{"date":"2021-11-01","product":"ARC","value":0,"farmer_unique_id":"1006242","site_id":8526},{"date":"2021-11-02","product":"ARC","value":6,"farmer_unique_id":"1006242","site_id":8526},{"date":"2021-11-03","product":"ARC","value":18,"farmer_unique_id":"1006242","site_id":8526},{"date":"2021-11-04","product":"ARC","value":0,"farmer_unique_id":"1006242","site_id":8526},{"date":"2021-11-05","product":"ARC","value":0,"farmer_unique_id":"1006242","site_id":8526},{"date":"2021-11-06","product":"ARC","value":0,"farmer_unique_id":"1006242","site_id":8526},{"date":"2021-11-07","product":"ARC","value":27,"farmer_unique_id":"1006242","site_id":8526},{"date":"2021-11-08","product":"ARC","value":4,"farmer_unique_id":"1006242","site_id":8526},{"date":"2021-11-09","product":"ARC","value":0,"farmer_unique_id":"1006242","site_id":8526},{"date":"2021-11-10","product":"ARC","value":0,"farmer_unique_id":"1006242","site_id":8526},{"date":"2021-11-11","product":"ARC","value":0,"farmer_unique_id":"1006242","site_id":8526},{"date":"2021-11-12","product":"ARC","value":0,"farmer_unique_id":"1006242","site_id":8526},{"date":"2021-11-13","product":"ARC","value":0,"farmer_unique_id":"1006242","site_id":8526},{"date":"2021-11-14","product":"ARC","value":0,"farmer_unique_id":"1006242","site_id":8526},{"date":"2021-11-15","product":"ARC","value":9,"farmer_unique_id":"1006242","site_id":8526},{"date":"2021-11-16","product":"ARC","value":17,"farmer_unique_id":"1006242","site_id":8526},{"date":"2021-11-17","product":"ARC","value":0,"farmer_unique_id":"1006242","site_id":8526},{"date":"2021-11-18","product":"ARC","value":0,"farmer_unique_id":"1006242","site_id":8526},{"date":"2021-11-19","product":"ARC","value":0,"farmer_unique_id":"1006242","site_id":8526},{"date":"2021-11-20","product":"ARC","value":14,"farmer_unique_id":"1006242","site_id":8526},{"date":"2021-11-21","product":"ARC","value":0,"farmer_unique_id":"1006242","site_id":8526},{"date":"2021-11-22","product":"ARC","value":0,"farmer_unique_id":"1006242","site_id":8526},{"date":"2021-11-23","product":"ARC","value":0,"farmer_unique_id":"1006242","site_id":8526},{"date":"2021-11-24","product":"ARC","value":18,"farmer_unique_id":"1006242","site_id":8526},{"date":"2021-11-25","product":"ARC","value":23,"farmer_unique_id":"1006242","site_id":8526},{"date":"2021-11-26","product":"ARC","value":24,"farmer_unique_id":"1006242","site_id":8526},{"date":"2021-11-27","product":"ARC","value":4.8333,"farmer_unique_id":"1006242","site_id":8526},{"date":"2021-11-28","product":"ARC","value":0,"farmer_unique_id":"1006242","site_id":8526},{"date":"2021-11-29","product":"ARC","value":0,"farmer_unique_id":"1006242","site_id":8526},{"date":"2021-11-30","product":"ARC","value":0,"farmer_unique_id":"1006242","site_id":8526},{"date":"2021-12-01","product":"ARC","value":0,"farmer_unique_id":"1006242","site_id":8526},{"date":"2021-12-02","product":"ARC","value":0,"farmer_unique_id":"1006242","site_id":8526},{"date":"2021-12-03","product":"ARC","value":9,"farmer_unique_id":"1006242","site_id":8526},{"date":"2021-12-04","product":"ARC","value":0,"farmer_unique_id":"1006242","site_id":8526},{"date":"2021-12-05","product":"ARC","value":0,"farmer_unique_id":"1006242","site_id":8526},{"date":"2021-12-06","product":"ARC","value":0,"farmer_unique_id":"1006242","site_id":8526},{"date":"2021-12-07","product":"ARC","value":0,"farmer_unique_id":"1006242","site_id":8526},{"date":"2021-12-08","product":"ARC","value":0,"farmer_unique_id":"1006242","site_id":8526},{"date":"2021-12-09","product":"ARC","value":7,"farmer_unique_id":"1006242","site_id":8526},{"date":"2021-12-10","product":"ARC","value":0,"farmer_unique_id":"1006242","site_id":8526},{"date":"2021-12-11","product":"ARC","value":0,"farmer_unique_id":"1006242","site_id":8526},{"date":"2021-12-12","product":"ARC","value":0,"farmer_unique_id":"1006242","site_id":8526},{"date":"2021-12-13","product":"ARC","value":0,"farmer_unique_id":"1006242","site_id":8526},{"date":"2021-12-14","product":"ARC","value":0,"farmer_unique_id":"1006242","site_id":8526},{"date":"2021-12-15","product":"ARC","value":6,"farmer_unique_id":"1006242","site_id":8526},{"date":"2021-12-16","product":"ARC","value":0,"farmer_unique_id":"1006242","site_id":8526},{"date":"2021-12-17","product":"ARC","value":0,"farmer_unique_id":"1006242","site_id":8526},{"date":"2021-12-18","product":"ARC","value":0,"farmer_unique_id":"1006242","site_id":8526},{"date":"2021-12-19","product":"ARC","value":0,"farmer_unique_id":"1006242","site_id":8526},{"date":"2021-12-20","product":"ARC","value":0,"farmer_unique_id":"1006242","site_id":8526},{"date":"2021-12-21","product":"ARC","value":0,"farmer_unique_id":"1006242","site_id":8526},{"date":"2021-12-22","product":"ARC","value":0,"farmer_unique_id":"1006242","site_id":8526},{"date":"2021-12-23","product":"ARC","value":0,"farmer_unique_id":"1006242","site_id":8526},{"date":"2021-12-24","product":"ARC","value":29,"farmer_unique_id":"1006242","site_id":8526},{"date":"2021-12-25","product":"ARC","value":11,"farmer_unique_id":"1006242","site_id":8526},{"date":"2021-12-26","product":"ARC","value":10,"farmer_unique_id":"1006242","site_id":8526},{"date":"2021-12-27","product":"ARC","value":0,"farmer_unique_id":"1006242","site_id":8526},{"date":"2021-12-28","product":"ARC","value":0,"farmer_unique_id":"1006242","site_id":8526},{"date":"2021-12-29","product":"ARC","value":12,"farmer_unique_id":"1006242","site_id":8526},{"date":"2021-12-30","product":"ARC","value":0,"farmer_unique_id":"1006242","site_id":8526},{"date":"2021-12-31","product":"ARC","value":0,"farmer_unique_id":"1006242","site_id":8526}]
