[{"date":"2020-01-11","product":"COPERNICUS/S1_GRD","band":"VH","value":-24.1754,"farmer_unique_id":"1549418","site_id":1110},{"date":"2020-01-23","product":"COPERNICUS/S1_GRD","band":"VH","value":-14.9669,"farmer_unique_id":"1549418","site_id":1110},{"date":"2020-02-04","product":"COPERNICUS/S1_GRD","band":"VH","value":-18.1041,"farmer_unique_id":"1549418","site_id":1110},{"date":"2020-02-16","product":"COPERNICUS/S1_GRD","band":"VH","value":-16.7669,"farmer_unique_id":"1549418","site_id":1110},{"date":"2020-02-28","product":"COPERNICUS/S1_GRD","band":"VH","value":-15.122,"farmer_unique_id":"1549418","site_id":1110},{"date":"2020-03-11","product":"COPERNICUS/S1_GRD","band":"VH","value":-18.4557,"farmer_unique_id":"1549418","site_id":1110},{"date":"2020-03-23","product":"COPERNICUS/S1_GRD","band":"VH","value":-16.0104,"farmer_unique_id":"1549418","site_id":1110},{"date":"2020-04-04","product":"COPERNICUS/S1_GRD","band":"VH","value":-16.8097,"farmer_unique_id":"1549418","site_id":1110},{"date":"2020-04-16","product":"COPERNICUS/S1_GRD","band":"VH","value":-17.5466,"farmer_unique_id":"1549418","site_id":1110},{"date":"2020-04-28","product":"COPERNICUS/S1_GRD","band":"VH","value":-21.9056,"farmer_unique_id":"1549418","site_id":1110},{"date":"2020-05-10","product":"COPERNICUS/S1_GRD","band":"VH","value":-16.7842,"farmer_unique_id":"1549418","site_id":1110},{"date":"2020-05-22","product":"COPERNICUS/S1_GRD","band":"VH","value":-17.4245,"farmer_unique_id":"1549418","site_id":1110},{"date":"2020-06-03","product":"COPERNICUS/S1_GRD","band":"VH","value":-15.994,"farmer_unique_id":"1549418","site_id":1110},{"date":"2020-06-15","product":"COPERNICUS/S1_GRD","band":"VH","value":-21.2731,"farmer_unique_id":"1549418","site_id":1110},{"date":"2020-06-27","product":"COPERNICUS/S1_GRD","band":"VH","value":-17.7069,"farmer_unique_id":"1549418","site_id":1110},{"date":"2020-07-09","product":"COPERNICUS/S1_GRD","band":"VH","value":-14.0946,"farmer_unique_id":"1549418","site_id":1110},{"date":"2020-07-21","product":"COPERNICUS/S1_GRD","band":"VH","value":-16.3529,"farmer_unique_id":"1549418","site_id":1110},{"date":"2020-08-02","product":"COPERNICUS/S1_GRD","band":"VH","value":-18.6151,"farmer_unique_id":"1549418","site_id":1110},{"date":"2020-08-14","product":"COPERNICUS/S1_GRD","band":"VH","value":-15.4145,"farmer_unique_id":"1549418","site_id":1110},{"date":"2020-08-26","product":"COPERNICUS/S1_GRD","band":"VH","value":-16.4389,"farmer_unique_id":"1549418","site_id":1110},{"date":"2020-09-07","product":"COPERNICUS/S1_GRD","band":"VH","value":-19.7588,"farmer_unique_id":"1549418","site_id":1110},{"date":"2020-09-19","product":"COPERNICUS/S1_GRD","band":"VH","value":-17.5369,"farmer_unique_id":"1549418","site_id":1110},{"date":"2020-10-01","product":"COPERNICUS/S1_GRD","band":"VH","value":-16.8504,"farmer_unique_id":"1549418","site_id":1110},{"date":"2020-10-13","product":"COPERNICUS/S1_GRD","band":"VH","value":-20.5824,"farmer_unique_id":"1549418","site_id":1110},{"date":"2020-10-25","product":"COPERNICUS/S1_GRD","band":"VH","value":-26.4638,"farmer_unique_id":"1549418","site_id":1110},{"date":"2020-11-06","product":"COPERNICUS/S1_GRD","band":"VH","value":-27.3911,"farmer_unique_id":"1549418","site_id":1110},{"date":"2020-11-18","product":"COPERNICUS/S1_GRD","band":"VH","value":-26.3489,"farmer_unique_id":"1549418","site_id":1110},{"date":"2020-11-30","product":"COPERNICUS/S1_GRD","band":"VH","value":-17.6659,"farmer_unique_id":"1549418","site_id":1110},{"date":"2020-12-12","product":"COPERNICUS/S1_GRD","band":"VH","value":-19.1377,"farmer_unique_id":"1549418","site_id":1110},{"date":"2020-12-24","product":"COPERNICUS/S1_GRD","band":"VH","value":-20.9678,"farmer_unique_id":"1549418","site_id":1110},{"date":"2021-01-05","product":"COPERNICUS/S1_GRD","band":"VH","value":-20.3068,"farmer_unique_id":"1549418","site_id":1110},{"date":"2021-01-17","product":"COPERNICUS/S1_GRD","band":"VH","value":-15.3911,"farmer_unique_id":"1549418","site_id":1110},{"date":"2021-01-29","product":"COPERNICUS/S1_GRD","band":"VH","value":-18.3735,"farmer_unique_id":"1549418","site_id":1110},{"date":"2021-02-10","product":"COPERNICUS/S1_GRD","band":"VH","value":-22.4605,"farmer_unique_id":"1549418","site_id":1110},{"date":"2021-02-22","product":"COPERNICUS/S1_GRD","band":"VH","value":-21.7999,"farmer_unique_id":"1549418","site_id":1110},{"date":"2021-03-06","product":"COPERNICUS/S1_GRD","band":"VH","value":-15.0888,"farmer_unique_id":"1549418","site_id":1110},{"date":"2021-03-18","product":"COPERNICUS/S1_GRD","band":"VH","value":-23.2609,"farmer_unique_id":"1549418","site_id":1110},{"date":"2021-03-30","product":"COPERNICUS/S1_GRD","band":"VH","value":-17.7554,"farmer_unique_id":"1549418","site_id":1110},{"date":"2021-04-11","product":"COPERNICUS/S1_GRD","band":"VH","value":-18.1122,"farmer_unique_id":"1549418","site_id":1110},{"date":"2021-04-23","product":"COPERNICUS/S1_GRD","band":"VH","value":-16.4304,"farmer_unique_id":"1549418","site_id":1110},{"date":"2021-05-05","product":"COPERNICUS/S1_GRD","band":"VH","value":-20.7007,"farmer_unique_id":"1549418","site_id":1110},{"date":"2021-05-17","product":"COPERNICUS/S1_GRD","band":"VH","value":-26.6854,"farmer_unique_id":"1549418","site_id":1110},{"date":"2021-05-29","product":"COPERNICUS/S1_GRD","band":"VH","value":-21.6652,"farmer_unique_id":"1549418","site_id":1110},{"date":"2021-06-10","product":"COPERNICUS/S1_GRD","band":"VH","value":-17.3373,"farmer_unique_id":"1549418","site_id":1110},{"date":"2021-06-22","product":"COPERNICUS/S1_GRD","band":"VH","value":-22.8211,"farmer_unique_id":"1549418","site_id":1110},{"date":"2021-07-04","product":"COPERNICUS/S1_GRD","band":"VH","value":-16.577,"farmer_unique_id":"1549418","site_id":1110},{"date":"2021-07-16","product":"COPERNICUS/S1_GRD","band":"VH","value":-20.1924,"farmer_unique_id":"1549418","site_id":1110},{"date":"2021-07-28","product":"COPERNICUS/S1_GRD","band":"VH","value":-21.1804,"farmer_unique_id":"1549418","site_id":1110},{"date":"2021-08-09","product":"COPERNICUS/S1_GRD","band":"VH","value":-22.3076,"farmer_unique_id":"1549418","site_id":1110},{"date":"2021-08-21","product":"COPERNICUS/S1_GRD","band":"VH","value":-19.6699,"farmer_unique_id":"1549418","site_id":1110},{"date":"2021-09-02","product":"COPERNICUS/S1_GRD","band":"VH","value":-20.8888,"farmer_unique_id":"1549418","site_id":1110},{"date":"2021-09-14","product":"COPERNICUS/S1_GRD","band":"VH","value":-23.3425,"farmer_unique_id":"1549418","site_id":1110},{"date":"2021-09-26","product":"COPERNICUS/S1_GRD","band":"VH","value":-18.5847,"farmer_unique_id":"1549418","site_id":1110},{"date":"2021-10-08","product":"COPERNICUS/S1_GRD","band":"VH","value":-19.5774,"farmer_unique_id":"1549418","site_id":1110},{"date":"2021-10-20","product":"COPERNICUS/S1_GRD","band":"VH","value":-19.3049,"farmer_unique_id":"1549418","site_id":1110},{"date":"2021-11-01","product":"COPERNICUS/S1_GRD","band":"VH","value":-20.9615,"farmer_unique_id":"1549418","site_id":1110},{"date":"2021-11-13","product":"COPERNICUS/S1_GRD","band":"VH","value":-23.6636,"farmer_unique_id":"1549418","site_id":1110},{"date":"2021-11-25","product":"COPERNICUS/S1_GRD","band":"VH","value":-16.2215,"farmer_unique_id":"1549418","site_id":1110},{"date":"2021-12-07","product":"COPERNICUS/S1_GRD","band":"VH","value":-18.2501,"farmer_unique_id":"1549418","site_id":1110},{"date":"2021-12-19","product":"COPERNICUS/S1_GRD","band":"VH","value":-20.4039,"farmer_unique_id":"1549418","site_id":1110},{"date":"2020-01-11","product":"COPERNICUS/S1_GRD","band":"VV","value":-9.2563,"farmer_unique_id":"1549418","site_id":1110},{"date":"2020-01-23","product":"COPERNICUS/S1_GRD","band":"VV","value":-7.4133,"farmer_unique_id":"1549418","site_id":1110},{"date":"2020-02-04","product":"COPERNICUS/S1_GRD","band":"VV","value":-7.8029,"farmer_unique_id":"1549418","site_id":1110},{"date":"2020-02-16","product":"COPERNICUS/S1_GRD","band":"VV","value":-7.3384,"farmer_unique_id":"1549418","site_id":1110},{"date":"2020-02-28","product":"COPERNICUS/S1_GRD","band":"VV","value":-12.5676,"farmer_unique_id":"1549418","site_id":1110},{"date":"2020-03-11","product":"COPERNICUS/S1_GRD","band":"VV","value":-10.1643,"farmer_unique_id":"1549418","site_id":1110},{"date":"2020-03-23","product":"COPERNICUS/S1_GRD","band":"VV","value":-7.9795,"farmer_unique_id":"1549418","site_id":1110},{"date":"2020-04-04","product":"COPERNICUS/S1_GRD","band":"VV","value":-12.8967,"farmer_unique_id":"1549418","site_id":1110},{"date":"2020-04-16","product":"COPERNICUS/S1_GRD","band":"VV","value":-15.916,"farmer_unique_id":"1549418","site_id":1110},{"date":"2020-04-28","product":"COPERNICUS/S1_GRD","band":"VV","value":-9.0812,"farmer_unique_id":"1549418","site_id":1110},{"date":"2020-05-10","product":"COPERNICUS/S1_GRD","band":"VV","value":-10.1933,"farmer_unique_id":"1549418","site_id":1110},{"date":"2020-05-22","product":"COPERNICUS/S1_GRD","band":"VV","value":-9.8462,"farmer_unique_id":"1549418","site_id":1110},{"date":"2020-06-03","product":"COPERNICUS/S1_GRD","band":"VV","value":-14.114,"farmer_unique_id":"1549418","site_id":1110},{"date":"2020-06-15","product":"COPERNICUS/S1_GRD","band":"VV","value":-11.8181,"farmer_unique_id":"1549418","site_id":1110},{"date":"2020-06-27","product":"COPERNICUS/S1_GRD","band":"VV","value":-12.0792,"farmer_unique_id":"1549418","site_id":1110},{"date":"2020-07-09","product":"COPERNICUS/S1_GRD","band":"VV","value":-8.6753,"farmer_unique_id":"1549418","site_id":1110},{"date":"2020-07-21","product":"COPERNICUS/S1_GRD","band":"VV","value":-15.1143,"farmer_unique_id":"1549418","site_id":1110},{"date":"2020-08-02","product":"COPERNICUS/S1_GRD","band":"VV","value":-14.0093,"farmer_unique_id":"1549418","site_id":1110},{"date":"2020-08-14","product":"COPERNICUS/S1_GRD","band":"VV","value":-12.3848,"farmer_unique_id":"1549418","site_id":1110},{"date":"2020-08-26","product":"COPERNICUS/S1_GRD","band":"VV","value":-11.9486,"farmer_unique_id":"1549418","site_id":1110},{"date":"2020-09-07","product":"COPERNICUS/S1_GRD","band":"VV","value":-10.5657,"farmer_unique_id":"1549418","site_id":1110},{"date":"2020-09-19","product":"COPERNICUS/S1_GRD","band":"VV","value":-13.8443,"farmer_unique_id":"1549418","site_id":1110},{"date":"2020-10-01","product":"COPERNICUS/S1_GRD","band":"VV","value":-14.4328,"farmer_unique_id":"1549418","site_id":1110},{"date":"2020-10-13","product":"COPERNICUS/S1_GRD","band":"VV","value":-14.0972,"farmer_unique_id":"1549418","site_id":1110},{"date":"2020-10-25","product":"COPERNICUS/S1_GRD","band":"VV","value":-15.1001,"farmer_unique_id":"1549418","site_id":1110},{"date":"2020-11-06","product":"COPERNICUS/S1_GRD","band":"VV","value":-13.9604,"farmer_unique_id":"1549418","site_id":1110},{"date":"2020-11-18","product":"COPERNICUS/S1_GRD","band":"VV","value":-10.5049,"farmer_unique_id":"1549418","site_id":1110},{"date":"2020-11-30","product":"COPERNICUS/S1_GRD","band":"VV","value":-12.1486,"farmer_unique_id":"1549418","site_id":1110},{"date":"2020-12-12","product":"COPERNICUS/S1_GRD","band":"VV","value":-14.9288,"farmer_unique_id":"1549418","site_id":1110},{"date":"2020-12-24","product":"COPERNICUS/S1_GRD","band":"VV","value":-13.572,"farmer_unique_id":"1549418","site_id":1110},{"date":"2021-01-05","product":"COPERNICUS/S1_GRD","band":"VV","value":-12.6858,"farmer_unique_id":"1549418","site_id":1110},{"date":"2021-01-17","product":"COPERNICUS/S1_GRD","band":"VV","value":-15.7345,"farmer_unique_id":"1549418","site_id":1110},{"date":"2021-01-29","product":"COPERNICUS/S1_GRD","band":"VV","value":-10.1479,"farmer_unique_id":"1549418","site_id":1110},{"date":"2021-02-10","product":"COPERNICUS/S1_GRD","band":"VV","value":-11.5639,"farmer_unique_id":"1549418","site_id":1110},{"date":"2021-02-22","product":"COPERNICUS/S1_GRD","band":"VV","value":-10.7797,"farmer_unique_id":"1549418","site_id":1110},{"date":"2021-03-06","product":"COPERNICUS/S1_GRD","band":"VV","value":-17.8589,"farmer_unique_id":"1549418","site_id":1110},{"date":"2021-03-18","product":"COPERNICUS/S1_GRD","band":"VV","value":-15.9217,"farmer_unique_id":"1549418","site_id":1110},{"date":"2021-03-30","product":"COPERNICUS/S1_GRD","band":"VV","value":-15.7652,"farmer_unique_id":"1549418","site_id":1110},{"date":"2021-04-11","product":"COPERNICUS/S1_GRD","band":"VV","value":-11.0313,"farmer_unique_id":"1549418","site_id":1110},{"date":"2021-04-23","product":"COPERNICUS/S1_GRD","band":"VV","value":-9.434,"farmer_unique_id":"1549418","site_id":1110},{"date":"2021-05-05","product":"COPERNICUS/S1_GRD","band":"VV","value":-11.0592,"farmer_unique_id":"1549418","site_id":1110},{"date":"2021-05-17","product":"COPERNICUS/S1_GRD","band":"VV","value":-9.3747,"farmer_unique_id":"1549418","site_id":1110},{"date":"2021-05-29","product":"COPERNICUS/S1_GRD","band":"VV","value":-9.8117,"farmer_unique_id":"1549418","site_id":1110},{"date":"2021-06-10","product":"COPERNICUS/S1_GRD","band":"VV","value":-11.5612,"farmer_unique_id":"1549418","site_id":1110},{"date":"2021-06-22","product":"COPERNICUS/S1_GRD","band":"VV","value":-10.6789,"farmer_unique_id":"1549418","site_id":1110},{"date":"2021-07-04","product":"COPERNICUS/S1_GRD","band":"VV","value":-12.618,"farmer_unique_id":"1549418","site_id":1110},{"date":"2021-07-16","product":"COPERNICUS/S1_GRD","band":"VV","value":-16.3152,"farmer_unique_id":"1549418","site_id":1110},{"date":"2021-07-28","product":"COPERNICUS/S1_GRD","band":"VV","value":-11.9218,"farmer_unique_id":"1549418","site_id":1110},{"date":"2021-08-09","product":"COPERNICUS/S1_GRD","band":"VV","value":-12.2889,"farmer_unique_id":"1549418","site_id":1110},{"date":"2021-08-21","product":"COPERNICUS/S1_GRD","band":"VV","value":-12.6216,"farmer_unique_id":"1549418","site_id":1110},{"date":"2021-09-02","product":"COPERNICUS/S1_GRD","band":"VV","value":-13.1277,"farmer_unique_id":"1549418","site_id":1110},{"date":"2021-09-14","product":"COPERNICUS/S1_GRD","band":"VV","value":-14.1849,"farmer_unique_id":"1549418","site_id":1110},{"date":"2021-09-26","product":"COPERNICUS/S1_GRD","band":"VV","value":-14.2466,"farmer_unique_id":"1549418","site_id":1110},{"date":"2021-10-08","product":"COPERNICUS/S1_GRD","band":"VV","value":-12.4462,"farmer_unique_id":"1549418","site_id":1110},{"date":"2021-10-20","product":"COPERNICUS/S1_GRD","band":"VV","value":-14.7629,"farmer_unique_id":"1549418","site_id":1110},{"date":"2021-11-01","product":"COPERNICUS/S1_GRD","band":"VV","value":-13.1177,"farmer_unique_id":"1549418","site_id":1110},{"date":"2021-11-13","product":"COPERNICUS/S1_GRD","band":"VV","value":-12.6877,"farmer_unique_id":"1549418","site_id":1110},{"date":"2021-11-25","product":"COPERNICUS/S1_GRD","band":"VV","value":-13.109,"farmer_unique_id":"1549418","site_id":1110},{"date":"2021-12-07","product":"COPERNICUS/S1_GRD","band":"VV","value":-13.1957,"farmer_unique_id":"1549418","site_id":1110},{"date":"2021-12-19","product":"COPERNICUS/S1_GRD","band":"VV","value":-8.661,"farmer_unique_id":"1549418","site_id":1110}]
