[{"date":"2020-01-04","product":"COPERNICUS/S1_GRD","band":"VH","value":-13.9235,"farmer_unique_id":"2805117","site_id":2883},{"date":"2020-01-09","product":"COPERNICUS/S1_GRD","band":"VH","value":-14.3005,"farmer_unique_id":"2805117","site_id":2883},{"date":"2020-01-16","product":"COPERNICUS/S1_GRD","band":"VH","value":-14.9303,"farmer_unique_id":"2805117","site_id":2883},{"date":"2020-01-21","product":"COPERNICUS/S1_GRD","band":"VH","value":-16.8394,"farmer_unique_id":"2805117","site_id":2883},{"date":"2020-01-28","product":"COPERNICUS/S1_GRD","band":"VH","value":-12.0442,"farmer_unique_id":"2805117","site_id":2883},{"date":"2020-02-02","product":"COPERNICUS/S1_GRD","band":"VH","value":-14.9607,"farmer_unique_id":"2805117","site_id":2883},{"date":"2020-02-09","product":"COPERNICUS/S1_GRD","band":"VH","value":-11.5934,"farmer_unique_id":"2805117","site_id":2883},{"date":"2020-02-14","product":"COPERNICUS/S1_GRD","band":"VH","value":-16.1396,"farmer_unique_id":"2805117","site_id":2883},{"date":"2020-02-21","product":"COPERNICUS/S1_GRD","band":"VH","value":-13.9672,"farmer_unique_id":"2805117","site_id":2883},{"date":"2020-02-26","product":"COPERNICUS/S1_GRD","band":"VH","value":-16.3286,"farmer_unique_id":"2805117","site_id":2883},{"date":"2020-03-04","product":"COPERNICUS/S1_GRD","band":"VH","value":-17.022,"farmer_unique_id":"2805117","site_id":2883},{"date":"2020-03-09","product":"COPERNICUS/S1_GRD","band":"VH","value":-15.788,"farmer_unique_id":"2805117","site_id":2883},{"date":"2020-03-16","product":"COPERNICUS/S1_GRD","band":"VH","value":-15.7905,"farmer_unique_id":"2805117","site_id":2883},{"date":"2020-03-21","product":"COPERNICUS/S1_GRD","band":"VH","value":-16.3992,"farmer_unique_id":"2805117","site_id":2883},{"date":"2020-03-28","product":"COPERNICUS/S1_GRD","band":"VH","value":-15.4573,"farmer_unique_id":"2805117","site_id":2883},{"date":"2020-04-02","product":"COPERNICUS/S1_GRD","band":"VH","value":-17.9955,"farmer_unique_id":"2805117","site_id":2883},{"date":"2020-04-09","product":"COPERNICUS/S1_GRD","band":"VH","value":-20.2202,"farmer_unique_id":"2805117","site_id":2883},{"date":"2020-04-14","product":"COPERNICUS/S1_GRD","band":"VH","value":-15.0234,"farmer_unique_id":"2805117","site_id":2883},{"date":"2020-04-21","product":"COPERNICUS/S1_GRD","band":"VH","value":-17.9975,"farmer_unique_id":"2805117","site_id":2883},{"date":"2020-04-26","product":"COPERNICUS/S1_GRD","band":"VH","value":-11.9967,"farmer_unique_id":"2805117","site_id":2883},{"date":"2020-05-03","product":"COPERNICUS/S1_GRD","band":"VH","value":-15.3435,"farmer_unique_id":"2805117","site_id":2883},{"date":"2020-05-08","product":"COPERNICUS/S1_GRD","band":"VH","value":-14.4739,"farmer_unique_id":"2805117","site_id":2883},{"date":"2020-05-15","product":"COPERNICUS/S1_GRD","band":"VH","value":-14.2822,"farmer_unique_id":"2805117","site_id":2883},{"date":"2020-05-20","product":"COPERNICUS/S1_GRD","band":"VH","value":-12.8275,"farmer_unique_id":"2805117","site_id":2883},{"date":"2020-05-27","product":"COPERNICUS/S1_GRD","band":"VH","value":-13.4082,"farmer_unique_id":"2805117","site_id":2883},{"date":"2020-06-01","product":"COPERNICUS/S1_GRD","band":"VH","value":-10.8899,"farmer_unique_id":"2805117","site_id":2883},{"date":"2020-06-08","product":"COPERNICUS/S1_GRD","band":"VH","value":-15.8347,"farmer_unique_id":"2805117","site_id":2883},{"date":"2020-06-13","product":"COPERNICUS/S1_GRD","band":"VH","value":-15.6332,"farmer_unique_id":"2805117","site_id":2883},{"date":"2020-06-20","product":"COPERNICUS/S1_GRD","band":"VH","value":-15.015,"farmer_unique_id":"2805117","site_id":2883},{"date":"2020-06-25","product":"COPERNICUS/S1_GRD","band":"VH","value":-13.1797,"farmer_unique_id":"2805117","site_id":2883},{"date":"2020-07-02","product":"COPERNICUS/S1_GRD","band":"VH","value":-15.4741,"farmer_unique_id":"2805117","site_id":2883},{"date":"2020-07-07","product":"COPERNICUS/S1_GRD","band":"VH","value":-16.8711,"farmer_unique_id":"2805117","site_id":2883},{"date":"2020-07-14","product":"COPERNICUS/S1_GRD","band":"VH","value":-10.8589,"farmer_unique_id":"2805117","site_id":2883},{"date":"2020-07-19","product":"COPERNICUS/S1_GRD","band":"VH","value":-12.6166,"farmer_unique_id":"2805117","site_id":2883},{"date":"2020-07-26","product":"COPERNICUS/S1_GRD","band":"VH","value":-16.284,"farmer_unique_id":"2805117","site_id":2883},{"date":"2020-07-31","product":"COPERNICUS/S1_GRD","band":"VH","value":-13.7204,"farmer_unique_id":"2805117","site_id":2883},{"date":"2020-08-07","product":"COPERNICUS/S1_GRD","band":"VH","value":-14.9305,"farmer_unique_id":"2805117","site_id":2883},{"date":"2020-08-12","product":"COPERNICUS/S1_GRD","band":"VH","farmer_unique_id":"2805117","site_id":2883},{"date":"2020-08-19","product":"COPERNICUS/S1_GRD","band":"VH","value":-14.4235,"farmer_unique_id":"2805117","site_id":2883},{"date":"2020-08-24","product":"COPERNICUS/S1_GRD","band":"VH","value":-15.1289,"farmer_unique_id":"2805117","site_id":2883},{"date":"2020-08-31","product":"COPERNICUS/S1_GRD","band":"VH","value":-11.133,"farmer_unique_id":"2805117","site_id":2883},{"date":"2020-09-05","product":"COPERNICUS/S1_GRD","band":"VH","value":-19.211,"farmer_unique_id":"2805117","site_id":2883},{"date":"2020-09-12","product":"COPERNICUS/S1_GRD","band":"VH","value":-20.278,"farmer_unique_id":"2805117","site_id":2883},{"date":"2020-09-17","product":"COPERNICUS/S1_GRD","band":"VH","value":-18.8122,"farmer_unique_id":"2805117","site_id":2883},{"date":"2020-09-24","product":"COPERNICUS/S1_GRD","band":"VH","value":-12.6903,"farmer_unique_id":"2805117","site_id":2883},{"date":"2020-09-29","product":"COPERNICUS/S1_GRD","band":"VH","value":-11.3767,"farmer_unique_id":"2805117","site_id":2883},{"date":"2020-10-06","product":"COPERNICUS/S1_GRD","band":"VH","value":-14.6675,"farmer_unique_id":"2805117","site_id":2883},{"date":"2020-10-11","product":"COPERNICUS/S1_GRD","band":"VH","value":-17.371,"farmer_unique_id":"2805117","site_id":2883},{"date":"2020-10-18","product":"COPERNICUS/S1_GRD","band":"VH","value":-19.7451,"farmer_unique_id":"2805117","site_id":2883},{"date":"2020-10-23","product":"COPERNICUS/S1_GRD","band":"VH","value":-12.7684,"farmer_unique_id":"2805117","site_id":2883},{"date":"2020-10-30","product":"COPERNICUS/S1_GRD","band":"VH","value":-11.2671,"farmer_unique_id":"2805117","site_id":2883},{"date":"2020-11-04","product":"COPERNICUS/S1_GRD","band":"VH","value":-15.2639,"farmer_unique_id":"2805117","site_id":2883},{"date":"2020-11-11","product":"COPERNICUS/S1_GRD","band":"VH","value":-14.2512,"farmer_unique_id":"2805117","site_id":2883},{"date":"2020-11-16","product":"COPERNICUS/S1_GRD","band":"VH","value":-13.9951,"farmer_unique_id":"2805117","site_id":2883},{"date":"2020-11-23","product":"COPERNICUS/S1_GRD","band":"VH","value":-12.8496,"farmer_unique_id":"2805117","site_id":2883},{"date":"2020-11-28","product":"COPERNICUS/S1_GRD","band":"VH","value":-14.2783,"farmer_unique_id":"2805117","site_id":2883},{"date":"2020-12-05","product":"COPERNICUS/S1_GRD","band":"VH","value":-14.0008,"farmer_unique_id":"2805117","site_id":2883},{"date":"2020-12-10","product":"COPERNICUS/S1_GRD","band":"VH","value":-15.7161,"farmer_unique_id":"2805117","site_id":2883},{"date":"2020-12-17","product":"COPERNICUS/S1_GRD","band":"VH","value":-15.4979,"farmer_unique_id":"2805117","site_id":2883},{"date":"2020-12-22","product":"COPERNICUS/S1_GRD","band":"VH","value":-14.2529,"farmer_unique_id":"2805117","site_id":2883},{"date":"2020-12-29","product":"COPERNICUS/S1_GRD","band":"VH","value":-15.006,"farmer_unique_id":"2805117","site_id":2883},{"date":"2021-01-03","product":"COPERNICUS/S1_GRD","band":"VH","value":-17.9998,"farmer_unique_id":"2805117","site_id":2883},{"date":"2021-01-10","product":"COPERNICUS/S1_GRD","band":"VH","value":-15.2352,"farmer_unique_id":"2805117","site_id":2883},{"date":"2021-01-15","product":"COPERNICUS/S1_GRD","band":"VH","value":-16.9548,"farmer_unique_id":"2805117","site_id":2883},{"date":"2021-01-22","product":"COPERNICUS/S1_GRD","band":"VH","value":-14.933,"farmer_unique_id":"2805117","site_id":2883},{"date":"2021-01-27","product":"COPERNICUS/S1_GRD","band":"VH","value":-14.959,"farmer_unique_id":"2805117","site_id":2883},{"date":"2021-02-03","product":"COPERNICUS/S1_GRD","band":"VH","value":-15.147,"farmer_unique_id":"2805117","site_id":2883},{"date":"2021-02-08","product":"COPERNICUS/S1_GRD","band":"VH","value":-19.753,"farmer_unique_id":"2805117","site_id":2883},{"date":"2021-02-15","product":"COPERNICUS/S1_GRD","band":"VH","value":-14.8341,"farmer_unique_id":"2805117","site_id":2883},{"date":"2021-02-20","product":"COPERNICUS/S1_GRD","band":"VH","value":-18.6429,"farmer_unique_id":"2805117","site_id":2883},{"date":"2021-02-27","product":"COPERNICUS/S1_GRD","band":"VH","value":-24.9189,"farmer_unique_id":"2805117","site_id":2883},{"date":"2021-03-04","product":"COPERNICUS/S1_GRD","band":"VH","value":-19.8658,"farmer_unique_id":"2805117","site_id":2883},{"date":"2021-03-11","product":"COPERNICUS/S1_GRD","band":"VH","value":-17.8854,"farmer_unique_id":"2805117","site_id":2883},{"date":"2021-03-16","product":"COPERNICUS/S1_GRD","band":"VH","value":-20.9027,"farmer_unique_id":"2805117","site_id":2883},{"date":"2021-03-23","product":"COPERNICUS/S1_GRD","band":"VH","value":-19.8328,"farmer_unique_id":"2805117","site_id":2883},{"date":"2021-03-28","product":"COPERNICUS/S1_GRD","band":"VH","value":-18.0612,"farmer_unique_id":"2805117","site_id":2883},{"date":"2021-04-04","product":"COPERNICUS/S1_GRD","band":"VH","value":-14.0574,"farmer_unique_id":"2805117","site_id":2883},{"date":"2021-04-09","product":"COPERNICUS/S1_GRD","band":"VH","value":-12.4598,"farmer_unique_id":"2805117","site_id":2883},{"date":"2021-04-16","product":"COPERNICUS/S1_GRD","band":"VH","value":-18.259,"farmer_unique_id":"2805117","site_id":2883},{"date":"2021-04-21","product":"COPERNICUS/S1_GRD","band":"VH","value":-16.3155,"farmer_unique_id":"2805117","site_id":2883},{"date":"2021-04-28","product":"COPERNICUS/S1_GRD","band":"VH","value":-15.6337,"farmer_unique_id":"2805117","site_id":2883},{"date":"2021-05-03","product":"COPERNICUS/S1_GRD","band":"VH","value":-15.8106,"farmer_unique_id":"2805117","site_id":2883},{"date":"2021-05-10","product":"COPERNICUS/S1_GRD","band":"VH","value":-12.3668,"farmer_unique_id":"2805117","site_id":2883},{"date":"2021-05-15","product":"COPERNICUS/S1_GRD","band":"VH","value":-13.4542,"farmer_unique_id":"2805117","site_id":2883},{"date":"2021-05-22","product":"COPERNICUS/S1_GRD","band":"VH","value":-15.1249,"farmer_unique_id":"2805117","site_id":2883},{"date":"2021-05-27","product":"COPERNICUS/S1_GRD","band":"VH","value":-15.0967,"farmer_unique_id":"2805117","site_id":2883},{"date":"2021-06-03","product":"COPERNICUS/S1_GRD","band":"VH","value":-17.2726,"farmer_unique_id":"2805117","site_id":2883},{"date":"2021-06-08","product":"COPERNICUS/S1_GRD","band":"VH","value":-13.7682,"farmer_unique_id":"2805117","site_id":2883},{"date":"2021-06-15","product":"COPERNICUS/S1_GRD","band":"VH","value":-16.8426,"farmer_unique_id":"2805117","site_id":2883},{"date":"2021-06-20","product":"COPERNICUS/S1_GRD","band":"VH","value":-18.7301,"farmer_unique_id":"2805117","site_id":2883},{"date":"2021-06-27","product":"COPERNICUS/S1_GRD","band":"VH","value":-12.6958,"farmer_unique_id":"2805117","site_id":2883},{"date":"2021-07-02","product":"COPERNICUS/S1_GRD","band":"VH","value":-17.3742,"farmer_unique_id":"2805117","site_id":2883},{"date":"2021-07-09","product":"COPERNICUS/S1_GRD","band":"VH","value":-14.2236,"farmer_unique_id":"2805117","site_id":2883},{"date":"2021-07-14","product":"COPERNICUS/S1_GRD","band":"VH","value":-14.7439,"farmer_unique_id":"2805117","site_id":2883},{"date":"2021-07-21","product":"COPERNICUS/S1_GRD","band":"VH","value":-13.8577,"farmer_unique_id":"2805117","site_id":2883},{"date":"2021-07-26","product":"COPERNICUS/S1_GRD","band":"VH","value":-18.7699,"farmer_unique_id":"2805117","site_id":2883},{"date":"2021-08-02","product":"COPERNICUS/S1_GRD","band":"VH","value":-19.8918,"farmer_unique_id":"2805117","site_id":2883},{"date":"2021-08-07","product":"COPERNICUS/S1_GRD","band":"VH","value":-13.7709,"farmer_unique_id":"2805117","site_id":2883},{"date":"2021-08-14","product":"COPERNICUS/S1_GRD","band":"VH","value":-11.2194,"farmer_unique_id":"2805117","site_id":2883},{"date":"2021-08-19","product":"COPERNICUS/S1_GRD","band":"VH","value":-12.2264,"farmer_unique_id":"2805117","site_id":2883},{"date":"2021-08-26","product":"COPERNICUS/S1_GRD","band":"VH","value":-16.8771,"farmer_unique_id":"2805117","site_id":2883},{"date":"2021-08-31","product":"COPERNICUS/S1_GRD","band":"VH","value":-19.7852,"farmer_unique_id":"2805117","site_id":2883},{"date":"2021-09-07","product":"COPERNICUS/S1_GRD","band":"VH","value":-18.4267,"farmer_unique_id":"2805117","site_id":2883},{"date":"2021-09-12","product":"COPERNICUS/S1_GRD","band":"VH","value":-15.0608,"farmer_unique_id":"2805117","site_id":2883},{"date":"2021-09-19","product":"COPERNICUS/S1_GRD","band":"VH","value":-16.1238,"farmer_unique_id":"2805117","site_id":2883},{"date":"2021-09-24","product":"COPERNICUS/S1_GRD","band":"VH","value":-13.4652,"farmer_unique_id":"2805117","site_id":2883},{"date":"2021-10-01","product":"COPERNICUS/S1_GRD","band":"VH","value":-18.0822,"farmer_unique_id":"2805117","site_id":2883},{"date":"2021-10-06","product":"COPERNICUS/S1_GRD","band":"VH","value":-17.2373,"farmer_unique_id":"2805117","site_id":2883},{"date":"2021-10-13","product":"COPERNICUS/S1_GRD","band":"VH","value":-16.0273,"farmer_unique_id":"2805117","site_id":2883},{"date":"2021-10-18","product":"COPERNICUS/S1_GRD","band":"VH","value":-18.0306,"farmer_unique_id":"2805117","site_id":2883},{"date":"2021-10-25","product":"COPERNICUS/S1_GRD","band":"VH","value":-17.9376,"farmer_unique_id":"2805117","site_id":2883},{"date":"2021-10-30","product":"COPERNICUS/S1_GRD","band":"VH","value":-15.135,"farmer_unique_id":"2805117","site_id":2883},{"date":"2021-11-06","product":"COPERNICUS/S1_GRD","band":"VH","value":-15.783,"farmer_unique_id":"2805117","site_id":2883},{"date":"2021-11-11","product":"COPERNICUS/S1_GRD","band":"VH","value":-15.6571,"farmer_unique_id":"2805117","site_id":2883},{"date":"2021-11-18","product":"COPERNICUS/S1_GRD","band":"VH","value":-15.9171,"farmer_unique_id":"2805117","site_id":2883},{"date":"2021-11-23","product":"COPERNICUS/S1_GRD","band":"VH","value":-17.4171,"farmer_unique_id":"2805117","site_id":2883},{"date":"2021-11-30","product":"COPERNICUS/S1_GRD","band":"VH","value":-14.7889,"farmer_unique_id":"2805117","site_id":2883},{"date":"2021-12-05","product":"COPERNICUS/S1_GRD","band":"VH","value":-16.3384,"farmer_unique_id":"2805117","site_id":2883},{"date":"2021-12-12","product":"COPERNICUS/S1_GRD","band":"VH","value":-13.9874,"farmer_unique_id":"2805117","site_id":2883},{"date":"2021-12-17","product":"COPERNICUS/S1_GRD","band":"VH","value":-17.2426,"farmer_unique_id":"2805117","site_id":2883},{"date":"2021-12-24","product":"COPERNICUS/S1_GRD","band":"VH","value":-21.9148,"farmer_unique_id":"2805117","site_id":2883},{"date":"2021-12-29","product":"COPERNICUS/S1_GRD","band":"VH","value":-16.0617,"farmer_unique_id":"2805117","site_id":2883},{"date":"2020-01-04","product":"COPERNICUS/S1_GRD","band":"VV","value":-7.8893,"farmer_unique_id":"2805117","site_id":2883},{"date":"2020-01-09","product":"COPERNICUS/S1_GRD","band":"VV","value":-8.8738,"farmer_unique_id":"2805117","site_id":2883},{"date":"2020-01-16","product":"COPERNICUS/S1_GRD","band":"VV","value":-9.1931,"farmer_unique_id":"2805117","site_id":2883},{"date":"2020-01-21","product":"COPERNICUS/S1_GRD","band":"VV","value":-10.0717,"farmer_unique_id":"2805117","site_id":2883},{"date":"2020-01-28","product":"COPERNICUS/S1_GRD","band":"VV","value":-5.1057,"farmer_unique_id":"2805117","site_id":2883},{"date":"2020-02-02","product":"COPERNICUS/S1_GRD","band":"VV","value":-12.537,"farmer_unique_id":"2805117","site_id":2883},{"date":"2020-02-09","product":"COPERNICUS/S1_GRD","band":"VV","value":-5.4615,"farmer_unique_id":"2805117","site_id":2883},{"date":"2020-02-14","product":"COPERNICUS/S1_GRD","band":"VV","value":-10.5839,"farmer_unique_id":"2805117","site_id":2883},{"date":"2020-02-21","product":"COPERNICUS/S1_GRD","band":"VV","value":-5.2501,"farmer_unique_id":"2805117","site_id":2883},{"date":"2020-02-26","product":"COPERNICUS/S1_GRD","band":"VV","value":-10.0393,"farmer_unique_id":"2805117","site_id":2883},{"date":"2020-03-04","product":"COPERNICUS/S1_GRD","band":"VV","value":-7.9823,"farmer_unique_id":"2805117","site_id":2883},{"date":"2020-03-09","product":"COPERNICUS/S1_GRD","band":"VV","value":-11.71,"farmer_unique_id":"2805117","site_id":2883},{"date":"2020-03-16","product":"COPERNICUS/S1_GRD","band":"VV","value":-6.0709,"farmer_unique_id":"2805117","site_id":2883},{"date":"2020-03-21","product":"COPERNICUS/S1_GRD","band":"VV","value":-9.1558,"farmer_unique_id":"2805117","site_id":2883},{"date":"2020-03-28","product":"COPERNICUS/S1_GRD","band":"VV","value":-6.962,"farmer_unique_id":"2805117","site_id":2883},{"date":"2020-04-02","product":"COPERNICUS/S1_GRD","band":"VV","value":-5.9728,"farmer_unique_id":"2805117","site_id":2883},{"date":"2020-04-09","product":"COPERNICUS/S1_GRD","band":"VV","value":-7.4777,"farmer_unique_id":"2805117","site_id":2883},{"date":"2020-04-14","product":"COPERNICUS/S1_GRD","band":"VV","value":-5.2309,"farmer_unique_id":"2805117","site_id":2883},{"date":"2020-04-21","product":"COPERNICUS/S1_GRD","band":"VV","value":-6.3378,"farmer_unique_id":"2805117","site_id":2883},{"date":"2020-04-26","product":"COPERNICUS/S1_GRD","band":"VV","value":-6.4369,"farmer_unique_id":"2805117","site_id":2883},{"date":"2020-05-03","product":"COPERNICUS/S1_GRD","band":"VV","value":-3.3196,"farmer_unique_id":"2805117","site_id":2883},{"date":"2020-05-08","product":"COPERNICUS/S1_GRD","band":"VV","value":-10.765,"farmer_unique_id":"2805117","site_id":2883},{"date":"2020-05-15","product":"COPERNICUS/S1_GRD","band":"VV","value":-8.9439,"farmer_unique_id":"2805117","site_id":2883},{"date":"2020-05-20","product":"COPERNICUS/S1_GRD","band":"VV","value":-5.8252,"farmer_unique_id":"2805117","site_id":2883},{"date":"2020-05-27","product":"COPERNICUS/S1_GRD","band":"VV","value":-7.1321,"farmer_unique_id":"2805117","site_id":2883},{"date":"2020-06-01","product":"COPERNICUS/S1_GRD","band":"VV","value":-6.8675,"farmer_unique_id":"2805117","site_id":2883},{"date":"2020-06-08","product":"COPERNICUS/S1_GRD","band":"VV","value":-7.5563,"farmer_unique_id":"2805117","site_id":2883},{"date":"2020-06-13","product":"COPERNICUS/S1_GRD","band":"VV","value":-9.1908,"farmer_unique_id":"2805117","site_id":2883},{"date":"2020-06-20","product":"COPERNICUS/S1_GRD","band":"VV","value":-10.6437,"farmer_unique_id":"2805117","site_id":2883},{"date":"2020-06-25","product":"COPERNICUS/S1_GRD","band":"VV","value":-8.7784,"farmer_unique_id":"2805117","site_id":2883},{"date":"2020-07-02","product":"COPERNICUS/S1_GRD","band":"VV","value":-11.5877,"farmer_unique_id":"2805117","site_id":2883},{"date":"2020-07-07","product":"COPERNICUS/S1_GRD","band":"VV","value":-9.7666,"farmer_unique_id":"2805117","site_id":2883},{"date":"2020-07-14","product":"COPERNICUS/S1_GRD","band":"VV","value":-7.0638,"farmer_unique_id":"2805117","site_id":2883},{"date":"2020-07-19","product":"COPERNICUS/S1_GRD","band":"VV","value":-8.2721,"farmer_unique_id":"2805117","site_id":2883},{"date":"2020-07-26","product":"COPERNICUS/S1_GRD","band":"VV","value":-9.0988,"farmer_unique_id":"2805117","site_id":2883},{"date":"2020-07-31","product":"COPERNICUS/S1_GRD","band":"VV","value":-7.162,"farmer_unique_id":"2805117","site_id":2883},{"date":"2020-08-07","product":"COPERNICUS/S1_GRD","band":"VV","value":-13.3423,"farmer_unique_id":"2805117","site_id":2883},{"date":"2020-08-12","product":"COPERNICUS/S1_GRD","band":"VV","value":-7.0191,"farmer_unique_id":"2805117","site_id":2883},{"date":"2020-08-19","product":"COPERNICUS/S1_GRD","band":"VV","value":-5.547,"farmer_unique_id":"2805117","site_id":2883},{"date":"2020-08-24","product":"COPERNICUS/S1_GRD","band":"VV","value":-9.0348,"farmer_unique_id":"2805117","site_id":2883},{"date":"2020-08-31","product":"COPERNICUS/S1_GRD","band":"VV","value":-5.7268,"farmer_unique_id":"2805117","site_id":2883},{"date":"2020-09-05","product":"COPERNICUS/S1_GRD","band":"VV","value":-10.0442,"farmer_unique_id":"2805117","site_id":2883},{"date":"2020-09-12","product":"COPERNICUS/S1_GRD","band":"VV","value":-8.6073,"farmer_unique_id":"2805117","site_id":2883},{"date":"2020-09-17","product":"COPERNICUS/S1_GRD","band":"VV","value":-7.4187,"farmer_unique_id":"2805117","site_id":2883},{"date":"2020-09-24","product":"COPERNICUS/S1_GRD","band":"VV","value":-6.3873,"farmer_unique_id":"2805117","site_id":2883},{"date":"2020-09-29","product":"COPERNICUS/S1_GRD","band":"VV","value":-9.693,"farmer_unique_id":"2805117","site_id":2883},{"date":"2020-10-06","product":"COPERNICUS/S1_GRD","band":"VV","value":-5.6575,"farmer_unique_id":"2805117","site_id":2883},{"date":"2020-10-11","product":"COPERNICUS/S1_GRD","band":"VV","value":-10.9976,"farmer_unique_id":"2805117","site_id":2883},{"date":"2020-10-18","product":"COPERNICUS/S1_GRD","band":"VV","value":-8.6179,"farmer_unique_id":"2805117","site_id":2883},{"date":"2020-10-23","product":"COPERNICUS/S1_GRD","band":"VV","value":-5.3352,"farmer_unique_id":"2805117","site_id":2883},{"date":"2020-10-30","product":"COPERNICUS/S1_GRD","band":"VV","value":-7.3808,"farmer_unique_id":"2805117","site_id":2883},{"date":"2020-11-04","product":"COPERNICUS/S1_GRD","band":"VV","value":-8.351,"farmer_unique_id":"2805117","site_id":2883},{"date":"2020-11-11","product":"COPERNICUS/S1_GRD","band":"VV","value":-6.9856,"farmer_unique_id":"2805117","site_id":2883},{"date":"2020-11-16","product":"COPERNICUS/S1_GRD","band":"VV","value":-9.6751,"farmer_unique_id":"2805117","site_id":2883},{"date":"2020-11-23","product":"COPERNICUS/S1_GRD","band":"VV","value":-4.3753,"farmer_unique_id":"2805117","site_id":2883},{"date":"2020-11-28","product":"COPERNICUS/S1_GRD","band":"VV","value":-9.3532,"farmer_unique_id":"2805117","site_id":2883},{"date":"2020-12-05","product":"COPERNICUS/S1_GRD","band":"VV","value":-10.7882,"farmer_unique_id":"2805117","site_id":2883},{"date":"2020-12-10","product":"COPERNICUS/S1_GRD","band":"VV","value":-12.488,"farmer_unique_id":"2805117","site_id":2883},{"date":"2020-12-17","product":"COPERNICUS/S1_GRD","band":"VV","value":-9.1557,"farmer_unique_id":"2805117","site_id":2883},{"date":"2020-12-22","product":"COPERNICUS/S1_GRD","band":"VV","value":-11.3139,"farmer_unique_id":"2805117","site_id":2883},{"date":"2020-12-29","product":"COPERNICUS/S1_GRD","band":"VV","value":-12.5291,"farmer_unique_id":"2805117","site_id":2883},{"date":"2021-01-03","product":"COPERNICUS/S1_GRD","band":"VV","value":-10.2415,"farmer_unique_id":"2805117","site_id":2883},{"date":"2021-01-10","product":"COPERNICUS/S1_GRD","band":"VV","value":-6.8961,"farmer_unique_id":"2805117","site_id":2883},{"date":"2021-01-15","product":"COPERNICUS/S1_GRD","band":"VV","value":-11.3427,"farmer_unique_id":"2805117","site_id":2883},{"date":"2021-01-22","product":"COPERNICUS/S1_GRD","band":"VV","value":-6.1594,"farmer_unique_id":"2805117","site_id":2883},{"date":"2021-01-27","product":"COPERNICUS/S1_GRD","band":"VV","value":-11.0621,"farmer_unique_id":"2805117","site_id":2883},{"date":"2021-02-03","product":"COPERNICUS/S1_GRD","band":"VV","value":-9.6835,"farmer_unique_id":"2805117","site_id":2883},{"date":"2021-02-08","product":"COPERNICUS/S1_GRD","band":"VV","value":-10.6179,"farmer_unique_id":"2805117","site_id":2883},{"date":"2021-02-15","product":"COPERNICUS/S1_GRD","band":"VV","value":-11.381,"farmer_unique_id":"2805117","site_id":2883},{"date":"2021-02-20","product":"COPERNICUS/S1_GRD","band":"VV","value":-14.6883,"farmer_unique_id":"2805117","site_id":2883},{"date":"2021-02-27","product":"COPERNICUS/S1_GRD","band":"VV","value":-15.5637,"farmer_unique_id":"2805117","site_id":2883},{"date":"2021-03-04","product":"COPERNICUS/S1_GRD","band":"VV","value":-10.0643,"farmer_unique_id":"2805117","site_id":2883},{"date":"2021-03-11","product":"COPERNICUS/S1_GRD","band":"VV","value":-10.7557,"farmer_unique_id":"2805117","site_id":2883},{"date":"2021-03-16","product":"COPERNICUS/S1_GRD","band":"VV","value":-15.1075,"farmer_unique_id":"2805117","site_id":2883},{"date":"2021-03-23","product":"COPERNICUS/S1_GRD","band":"VV","value":-8.1848,"farmer_unique_id":"2805117","site_id":2883},{"date":"2021-03-28","product":"COPERNICUS/S1_GRD","band":"VV","value":-12.8256,"farmer_unique_id":"2805117","site_id":2883},{"date":"2021-04-04","product":"COPERNICUS/S1_GRD","band":"VV","value":-2.665,"farmer_unique_id":"2805117","site_id":2883},{"date":"2021-04-09","product":"COPERNICUS/S1_GRD","band":"VV","value":-8.4916,"farmer_unique_id":"2805117","site_id":2883},{"date":"2021-04-16","product":"COPERNICUS/S1_GRD","band":"VV","value":-6.9042,"farmer_unique_id":"2805117","site_id":2883},{"date":"2021-04-21","product":"COPERNICUS/S1_GRD","band":"VV","value":-8.8624,"farmer_unique_id":"2805117","site_id":2883},{"date":"2021-04-28","product":"COPERNICUS/S1_GRD","band":"VV","value":-4.8075,"farmer_unique_id":"2805117","site_id":2883},{"date":"2021-05-03","product":"COPERNICUS/S1_GRD","band":"VV","value":-10.3027,"farmer_unique_id":"2805117","site_id":2883},{"date":"2021-05-10","product":"COPERNICUS/S1_GRD","band":"VV","value":-4.8819,"farmer_unique_id":"2805117","site_id":2883},{"date":"2021-05-15","product":"COPERNICUS/S1_GRD","band":"VV","value":-5.8441,"farmer_unique_id":"2805117","site_id":2883},{"date":"2021-05-22","product":"COPERNICUS/S1_GRD","band":"VV","value":-8.9887,"farmer_unique_id":"2805117","site_id":2883},{"date":"2021-05-27","product":"COPERNICUS/S1_GRD","band":"VV","value":-11.749,"farmer_unique_id":"2805117","site_id":2883},{"date":"2021-06-03","product":"COPERNICUS/S1_GRD","band":"VV","value":-10.5636,"farmer_unique_id":"2805117","site_id":2883},{"date":"2021-06-08","product":"COPERNICUS/S1_GRD","band":"VV","value":-8.764,"farmer_unique_id":"2805117","site_id":2883},{"date":"2021-06-15","product":"COPERNICUS/S1_GRD","band":"VV","value":-7.9136,"farmer_unique_id":"2805117","site_id":2883},{"date":"2021-06-20","product":"COPERNICUS/S1_GRD","band":"VV","value":-11.5952,"farmer_unique_id":"2805117","site_id":2883},{"date":"2021-06-27","product":"COPERNICUS/S1_GRD","band":"VV","value":-7.8344,"farmer_unique_id":"2805117","site_id":2883},{"date":"2021-07-02","product":"COPERNICUS/S1_GRD","band":"VV","value":-8.9279,"farmer_unique_id":"2805117","site_id":2883},{"date":"2021-07-09","product":"COPERNICUS/S1_GRD","band":"VV","value":-7.6561,"farmer_unique_id":"2805117","site_id":2883},{"date":"2021-07-14","product":"COPERNICUS/S1_GRD","band":"VV","value":-10.9235,"farmer_unique_id":"2805117","site_id":2883},{"date":"2021-07-21","product":"COPERNICUS/S1_GRD","band":"VV","value":-13.3585,"farmer_unique_id":"2805117","site_id":2883},{"date":"2021-07-26","product":"COPERNICUS/S1_GRD","band":"VV","value":-7.9497,"farmer_unique_id":"2805117","site_id":2883},{"date":"2021-08-02","product":"COPERNICUS/S1_GRD","band":"VV","value":-8.0586,"farmer_unique_id":"2805117","site_id":2883},{"date":"2021-08-07","product":"COPERNICUS/S1_GRD","band":"VV","value":-7.8161,"farmer_unique_id":"2805117","site_id":2883},{"date":"2021-08-14","product":"COPERNICUS/S1_GRD","band":"VV","value":-7.4319,"farmer_unique_id":"2805117","site_id":2883},{"date":"2021-08-19","product":"COPERNICUS/S1_GRD","band":"VV","value":-4.5614,"farmer_unique_id":"2805117","site_id":2883},{"date":"2021-08-26","product":"COPERNICUS/S1_GRD","band":"VV","value":-9.1086,"farmer_unique_id":"2805117","site_id":2883},{"date":"2021-08-31","product":"COPERNICUS/S1_GRD","band":"VV","value":-9.4784,"farmer_unique_id":"2805117","site_id":2883},{"date":"2021-09-07","product":"COPERNICUS/S1_GRD","band":"VV","value":-6.4921,"farmer_unique_id":"2805117","site_id":2883},{"date":"2021-09-12","product":"COPERNICUS/S1_GRD","band":"VV","value":-4.0392,"farmer_unique_id":"2805117","site_id":2883},{"date":"2021-09-19","product":"COPERNICUS/S1_GRD","band":"VV","value":-3.8157,"farmer_unique_id":"2805117","site_id":2883},{"date":"2021-09-24","product":"COPERNICUS/S1_GRD","band":"VV","value":-6.7801,"farmer_unique_id":"2805117","site_id":2883},{"date":"2021-10-01","product":"COPERNICUS/S1_GRD","band":"VV","value":-7.7318,"farmer_unique_id":"2805117","site_id":2883},{"date":"2021-10-06","product":"COPERNICUS/S1_GRD","band":"VV","value":-6.3213,"farmer_unique_id":"2805117","site_id":2883},{"date":"2021-10-13","product":"COPERNICUS/S1_GRD","band":"VV","value":-7.3159,"farmer_unique_id":"2805117","site_id":2883},{"date":"2021-10-18","product":"COPERNICUS/S1_GRD","band":"VV","value":-4.2267,"farmer_unique_id":"2805117","site_id":2883},{"date":"2021-10-25","product":"COPERNICUS/S1_GRD","band":"VV","farmer_unique_id":"2805117","site_id":2883},{"date":"2021-10-30","product":"COPERNICUS/S1_GRD","band":"VV","value":-13.4571,"farmer_unique_id":"2805117","site_id":2883},{"date":"2021-11-06","product":"COPERNICUS/S1_GRD","band":"VV","value":-9.302,"farmer_unique_id":"2805117","site_id":2883},{"date":"2021-11-11","product":"COPERNICUS/S1_GRD","band":"VV","value":-8.1581,"farmer_unique_id":"2805117","site_id":2883},{"date":"2021-11-18","product":"COPERNICUS/S1_GRD","band":"VV","value":-9.9215,"farmer_unique_id":"2805117","site_id":2883},{"date":"2021-11-23","product":"COPERNICUS/S1_GRD","band":"VV","value":-10.1221,"farmer_unique_id":"2805117","site_id":2883},{"date":"2021-11-30","product":"COPERNICUS/S1_GRD","band":"VV","value":-11.7361,"farmer_unique_id":"2805117","site_id":2883},{"date":"2021-12-05","product":"COPERNICUS/S1_GRD","band":"VV","value":-11.0755,"farmer_unique_id":"2805117","site_id":2883},{"date":"2021-12-12","product":"COPERNICUS/S1_GRD","band":"VV","value":-12.6268,"farmer_unique_id":"2805117","site_id":2883},{"date":"2021-12-17","product":"COPERNICUS/S1_GRD","band":"VV","value":-10.6074,"farmer_unique_id":"2805117","site_id":2883},{"date":"2021-12-24","product":"COPERNICUS/S1_GRD","band":"VV","value":-9.3508,"farmer_unique_id":"2805117","site_id":2883},{"date":"2021-12-29","product":"COPERNICUS/S1_GRD","band":"VV","value":-9.9627,"farmer_unique_id":"2805117","site_id":2883}]
