[{"date":"2020-01-11","product":"COPERNICUS/S1_GRD","band":"VH","value":-11.0733,"farmer_unique_id":"2640566","site_id":1371},{"date":"2020-01-23","product":"COPERNICUS/S1_GRD","band":"VH","value":-12.2343,"farmer_unique_id":"2640566","site_id":1371},{"date":"2020-02-04","product":"COPERNICUS/S1_GRD","band":"VH","value":-13.1183,"farmer_unique_id":"2640566","site_id":1371},{"date":"2020-02-16","product":"COPERNICUS/S1_GRD","band":"VH","value":-14.7397,"farmer_unique_id":"2640566","site_id":1371},{"date":"2020-02-28","product":"COPERNICUS/S1_GRD","band":"VH","value":-11.5165,"farmer_unique_id":"2640566","site_id":1371},{"date":"2020-03-11","product":"COPERNICUS/S1_GRD","band":"VH","value":-10.3995,"farmer_unique_id":"2640566","site_id":1371},{"date":"2020-03-23","product":"COPERNICUS/S1_GRD","band":"VH","value":-12.5588,"farmer_unique_id":"2640566","site_id":1371},{"date":"2020-04-04","product":"COPERNICUS/S1_GRD","band":"VH","value":-12.2135,"farmer_unique_id":"2640566","site_id":1371},{"date":"2020-04-16","product":"COPERNICUS/S1_GRD","band":"VH","value":-9.1541,"farmer_unique_id":"2640566","site_id":1371},{"date":"2020-04-28","product":"COPERNICUS/S1_GRD","band":"VH","value":-11.0652,"farmer_unique_id":"2640566","site_id":1371},{"date":"2020-05-10","product":"COPERNICUS/S1_GRD","band":"VH","value":-13.5489,"farmer_unique_id":"2640566","site_id":1371},{"date":"2020-05-22","product":"COPERNICUS/S1_GRD","band":"VH","value":-14.0522,"farmer_unique_id":"2640566","site_id":1371},{"date":"2020-06-03","product":"COPERNICUS/S1_GRD","band":"VH","value":-10.8493,"farmer_unique_id":"2640566","site_id":1371},{"date":"2020-06-15","product":"COPERNICUS/S1_GRD","band":"VH","value":-11.1065,"farmer_unique_id":"2640566","site_id":1371},{"date":"2020-06-27","product":"COPERNICUS/S1_GRD","band":"VH","value":-14.6758,"farmer_unique_id":"2640566","site_id":1371},{"date":"2020-07-09","product":"COPERNICUS/S1_GRD","band":"VH","value":-11.6491,"farmer_unique_id":"2640566","site_id":1371},{"date":"2020-07-21","product":"COPERNICUS/S1_GRD","band":"VH","value":-12.0947,"farmer_unique_id":"2640566","site_id":1371},{"date":"2020-08-02","product":"COPERNICUS/S1_GRD","band":"VH","value":-14.6245,"farmer_unique_id":"2640566","site_id":1371},{"date":"2020-08-14","product":"COPERNICUS/S1_GRD","band":"VH","value":-13.5993,"farmer_unique_id":"2640566","site_id":1371},{"date":"2020-08-26","product":"COPERNICUS/S1_GRD","band":"VH","value":-13.8808,"farmer_unique_id":"2640566","site_id":1371},{"date":"2020-09-07","product":"COPERNICUS/S1_GRD","band":"VH","value":-11.5042,"farmer_unique_id":"2640566","site_id":1371},{"date":"2020-09-19","product":"COPERNICUS/S1_GRD","band":"VH","value":-13.3487,"farmer_unique_id":"2640566","site_id":1371},{"date":"2020-10-01","product":"COPERNICUS/S1_GRD","band":"VH","value":-15.4404,"farmer_unique_id":"2640566","site_id":1371},{"date":"2020-10-13","product":"COPERNICUS/S1_GRD","band":"VH","value":-13.8927,"farmer_unique_id":"2640566","site_id":1371},{"date":"2020-10-25","product":"COPERNICUS/S1_GRD","band":"VH","value":-13.6833,"farmer_unique_id":"2640566","site_id":1371},{"date":"2020-11-06","product":"COPERNICUS/S1_GRD","band":"VH","value":-12.6379,"farmer_unique_id":"2640566","site_id":1371},{"date":"2020-11-18","product":"COPERNICUS/S1_GRD","band":"VH","value":-13.7667,"farmer_unique_id":"2640566","site_id":1371},{"date":"2020-11-30","product":"COPERNICUS/S1_GRD","band":"VH","value":-9.304,"farmer_unique_id":"2640566","site_id":1371},{"date":"2020-12-12","product":"COPERNICUS/S1_GRD","band":"VH","value":-14.1174,"farmer_unique_id":"2640566","site_id":1371},{"date":"2020-12-24","product":"COPERNICUS/S1_GRD","band":"VH","value":-15.6614,"farmer_unique_id":"2640566","site_id":1371},{"date":"2021-01-05","product":"COPERNICUS/S1_GRD","band":"VH","value":-10.2815,"farmer_unique_id":"2640566","site_id":1371},{"date":"2021-01-17","product":"COPERNICUS/S1_GRD","band":"VH","value":-10.9998,"farmer_unique_id":"2640566","site_id":1371},{"date":"2021-01-29","product":"COPERNICUS/S1_GRD","band":"VH","value":-10.2237,"farmer_unique_id":"2640566","site_id":1371},{"date":"2021-02-10","product":"COPERNICUS/S1_GRD","band":"VH","value":-14.2317,"farmer_unique_id":"2640566","site_id":1371},{"date":"2021-02-22","product":"COPERNICUS/S1_GRD","band":"VH","value":-13.5611,"farmer_unique_id":"2640566","site_id":1371},{"date":"2021-03-06","product":"COPERNICUS/S1_GRD","band":"VH","value":-20.2212,"farmer_unique_id":"2640566","site_id":1371},{"date":"2021-03-18","product":"COPERNICUS/S1_GRD","band":"VH","value":-14.1498,"farmer_unique_id":"2640566","site_id":1371},{"date":"2021-03-30","product":"COPERNICUS/S1_GRD","band":"VH","value":-12.4941,"farmer_unique_id":"2640566","site_id":1371},{"date":"2021-04-11","product":"COPERNICUS/S1_GRD","band":"VH","value":-14.6706,"farmer_unique_id":"2640566","site_id":1371},{"date":"2021-04-23","product":"COPERNICUS/S1_GRD","band":"VH","value":-12.2419,"farmer_unique_id":"2640566","site_id":1371},{"date":"2021-05-05","product":"COPERNICUS/S1_GRD","band":"VH","value":-9.9057,"farmer_unique_id":"2640566","site_id":1371},{"date":"2021-05-17","product":"COPERNICUS/S1_GRD","band":"VH","value":-12.5096,"farmer_unique_id":"2640566","site_id":1371},{"date":"2021-05-29","product":"COPERNICUS/S1_GRD","band":"VH","value":-18.851,"farmer_unique_id":"2640566","site_id":1371},{"date":"2021-06-10","product":"COPERNICUS/S1_GRD","band":"VH","value":-14.0368,"farmer_unique_id":"2640566","site_id":1371},{"date":"2021-06-22","product":"COPERNICUS/S1_GRD","band":"VH","value":-13.6045,"farmer_unique_id":"2640566","site_id":1371},{"date":"2021-07-04","product":"COPERNICUS/S1_GRD","band":"VH","value":-14.8621,"farmer_unique_id":"2640566","site_id":1371},{"date":"2021-07-16","product":"COPERNICUS/S1_GRD","band":"VH","value":-18.5328,"farmer_unique_id":"2640566","site_id":1371},{"date":"2021-07-28","product":"COPERNICUS/S1_GRD","band":"VH","value":-16.2761,"farmer_unique_id":"2640566","site_id":1371},{"date":"2021-08-09","product":"COPERNICUS/S1_GRD","band":"VH","value":-13.7013,"farmer_unique_id":"2640566","site_id":1371},{"date":"2021-08-21","product":"COPERNICUS/S1_GRD","band":"VH","value":-11.2922,"farmer_unique_id":"2640566","site_id":1371},{"date":"2021-09-02","product":"COPERNICUS/S1_GRD","band":"VH","value":-12.6015,"farmer_unique_id":"2640566","site_id":1371},{"date":"2021-09-14","product":"COPERNICUS/S1_GRD","band":"VH","value":-12.9676,"farmer_unique_id":"2640566","site_id":1371},{"date":"2021-09-26","product":"COPERNICUS/S1_GRD","band":"VH","value":-12.8295,"farmer_unique_id":"2640566","site_id":1371},{"date":"2021-10-08","product":"COPERNICUS/S1_GRD","band":"VH","value":-15.6081,"farmer_unique_id":"2640566","site_id":1371},{"date":"2021-10-20","product":"COPERNICUS/S1_GRD","band":"VH","value":-11.8269,"farmer_unique_id":"2640566","site_id":1371},{"date":"2021-11-01","product":"COPERNICUS/S1_GRD","band":"VH","value":-14.2786,"farmer_unique_id":"2640566","site_id":1371},{"date":"2021-11-13","product":"COPERNICUS/S1_GRD","band":"VH","value":-16.8514,"farmer_unique_id":"2640566","site_id":1371},{"date":"2021-11-25","product":"COPERNICUS/S1_GRD","band":"VH","value":-10.1474,"farmer_unique_id":"2640566","site_id":1371},{"date":"2021-12-07","product":"COPERNICUS/S1_GRD","band":"VH","value":-11.0152,"farmer_unique_id":"2640566","site_id":1371},{"date":"2021-12-19","product":"COPERNICUS/S1_GRD","band":"VH","value":-10.7356,"farmer_unique_id":"2640566","site_id":1371},{"date":"2020-01-11","product":"COPERNICUS/S1_GRD","band":"VV","value":-8.6618,"farmer_unique_id":"2640566","site_id":1371},{"date":"2020-01-23","product":"COPERNICUS/S1_GRD","band":"VV","value":-7.848,"farmer_unique_id":"2640566","site_id":1371},{"date":"2020-02-04","product":"COPERNICUS/S1_GRD","band":"VV","value":-7.25,"farmer_unique_id":"2640566","site_id":1371},{"date":"2020-02-16","product":"COPERNICUS/S1_GRD","band":"VV","value":-10.6434,"farmer_unique_id":"2640566","site_id":1371},{"date":"2020-02-28","product":"COPERNICUS/S1_GRD","band":"VV","value":-5.1086,"farmer_unique_id":"2640566","site_id":1371},{"date":"2020-03-11","product":"COPERNICUS/S1_GRD","band":"VV","value":-5.8215,"farmer_unique_id":"2640566","site_id":1371},{"date":"2020-03-23","product":"COPERNICUS/S1_GRD","band":"VV","value":-7.5169,"farmer_unique_id":"2640566","site_id":1371},{"date":"2020-04-04","product":"COPERNICUS/S1_GRD","band":"VV","value":-9.7207,"farmer_unique_id":"2640566","site_id":1371},{"date":"2020-04-16","product":"COPERNICUS/S1_GRD","band":"VV","value":-5.2433,"farmer_unique_id":"2640566","site_id":1371},{"date":"2020-04-28","product":"COPERNICUS/S1_GRD","band":"VV","value":-5.7695,"farmer_unique_id":"2640566","site_id":1371},{"date":"2020-05-10","product":"COPERNICUS/S1_GRD","band":"VV","value":-7.3418,"farmer_unique_id":"2640566","site_id":1371},{"date":"2020-05-22","product":"COPERNICUS/S1_GRD","band":"VV","value":-6.8366,"farmer_unique_id":"2640566","site_id":1371},{"date":"2020-06-03","product":"COPERNICUS/S1_GRD","band":"VV","value":-6.4614,"farmer_unique_id":"2640566","site_id":1371},{"date":"2020-06-15","product":"COPERNICUS/S1_GRD","band":"VV","value":-7.5039,"farmer_unique_id":"2640566","site_id":1371},{"date":"2020-06-27","product":"COPERNICUS/S1_GRD","band":"VV","value":-4.7434,"farmer_unique_id":"2640566","site_id":1371},{"date":"2020-07-09","product":"COPERNICUS/S1_GRD","band":"VV","value":-10.6884,"farmer_unique_id":"2640566","site_id":1371},{"date":"2020-07-21","product":"COPERNICUS/S1_GRD","band":"VV","value":-8.1729,"farmer_unique_id":"2640566","site_id":1371},{"date":"2020-08-02","product":"COPERNICUS/S1_GRD","band":"VV","value":-10.464,"farmer_unique_id":"2640566","site_id":1371},{"date":"2020-08-14","product":"COPERNICUS/S1_GRD","band":"VV","value":-9.9023,"farmer_unique_id":"2640566","site_id":1371},{"date":"2020-08-26","product":"COPERNICUS/S1_GRD","band":"VV","value":-7.9739,"farmer_unique_id":"2640566","site_id":1371},{"date":"2020-09-07","product":"COPERNICUS/S1_GRD","band":"VV","value":-8.7026,"farmer_unique_id":"2640566","site_id":1371},{"date":"2020-09-19","product":"COPERNICUS/S1_GRD","band":"VV","value":-8.072,"farmer_unique_id":"2640566","site_id":1371},{"date":"2020-10-01","product":"COPERNICUS/S1_GRD","band":"VV","value":-9.5698,"farmer_unique_id":"2640566","site_id":1371},{"date":"2020-10-13","product":"COPERNICUS/S1_GRD","band":"VV","value":-9.7928,"farmer_unique_id":"2640566","site_id":1371},{"date":"2020-10-25","product":"COPERNICUS/S1_GRD","band":"VV","value":-9.8897,"farmer_unique_id":"2640566","site_id":1371},{"date":"2020-11-06","product":"COPERNICUS/S1_GRD","band":"VV","value":-3.8013,"farmer_unique_id":"2640566","site_id":1371},{"date":"2020-11-18","product":"COPERNICUS/S1_GRD","band":"VV","value":-6.6384,"farmer_unique_id":"2640566","site_id":1371},{"date":"2020-11-30","product":"COPERNICUS/S1_GRD","band":"VV","value":-6.7336,"farmer_unique_id":"2640566","site_id":1371},{"date":"2020-12-12","product":"COPERNICUS/S1_GRD","band":"VV","value":-8.6956,"farmer_unique_id":"2640566","site_id":1371},{"date":"2020-12-24","product":"COPERNICUS/S1_GRD","band":"VV","value":-4.9705,"farmer_unique_id":"2640566","site_id":1371},{"date":"2021-01-05","product":"COPERNICUS/S1_GRD","band":"VV","value":-4.8538,"farmer_unique_id":"2640566","site_id":1371},{"date":"2021-01-17","product":"COPERNICUS/S1_GRD","band":"VV","value":-4.228,"farmer_unique_id":"2640566","site_id":1371},{"date":"2021-01-29","product":"COPERNICUS/S1_GRD","band":"VV","value":-5.2667,"farmer_unique_id":"2640566","site_id":1371},{"date":"2021-02-10","product":"COPERNICUS/S1_GRD","band":"VV","value":-4.6819,"farmer_unique_id":"2640566","site_id":1371},{"date":"2021-02-22","product":"COPERNICUS/S1_GRD","band":"VV","value":-5.388,"farmer_unique_id":"2640566","site_id":1371},{"date":"2021-03-06","product":"COPERNICUS/S1_GRD","band":"VV","value":-6.3423,"farmer_unique_id":"2640566","site_id":1371},{"date":"2021-03-18","product":"COPERNICUS/S1_GRD","band":"VV","value":-7.3133,"farmer_unique_id":"2640566","site_id":1371},{"date":"2021-03-30","product":"COPERNICUS/S1_GRD","band":"VV","value":-7.2303,"farmer_unique_id":"2640566","site_id":1371},{"date":"2021-04-11","product":"COPERNICUS/S1_GRD","band":"VV","value":-5.5558,"farmer_unique_id":"2640566","site_id":1371},{"date":"2021-04-23","product":"COPERNICUS/S1_GRD","band":"VV","value":-5.5531,"farmer_unique_id":"2640566","site_id":1371},{"date":"2021-05-05","product":"COPERNICUS/S1_GRD","band":"VV","value":-1.6434,"farmer_unique_id":"2640566","site_id":1371},{"date":"2021-05-17","product":"COPERNICUS/S1_GRD","band":"VV","value":-2.5525,"farmer_unique_id":"2640566","site_id":1371},{"date":"2021-05-29","product":"COPERNICUS/S1_GRD","band":"VV","value":-3.6771,"farmer_unique_id":"2640566","site_id":1371},{"date":"2021-06-10","product":"COPERNICUS/S1_GRD","band":"VV","value":-3.3337,"farmer_unique_id":"2640566","site_id":1371},{"date":"2021-06-22","product":"COPERNICUS/S1_GRD","band":"VV","value":-6.2694,"farmer_unique_id":"2640566","site_id":1371},{"date":"2021-07-04","product":"COPERNICUS/S1_GRD","band":"VV","value":-6.9276,"farmer_unique_id":"2640566","site_id":1371},{"date":"2021-07-16","product":"COPERNICUS/S1_GRD","band":"VV","value":-5.8867,"farmer_unique_id":"2640566","site_id":1371},{"date":"2021-07-28","product":"COPERNICUS/S1_GRD","band":"VV","value":-5.1969,"farmer_unique_id":"2640566","site_id":1371},{"date":"2021-08-09","product":"COPERNICUS/S1_GRD","band":"VV","value":-5.5918,"farmer_unique_id":"2640566","site_id":1371},{"date":"2021-08-21","product":"COPERNICUS/S1_GRD","band":"VV","value":-6.2258,"farmer_unique_id":"2640566","site_id":1371},{"date":"2021-09-02","product":"COPERNICUS/S1_GRD","band":"VV","value":-6.7623,"farmer_unique_id":"2640566","site_id":1371},{"date":"2021-09-14","product":"COPERNICUS/S1_GRD","band":"VV","value":-7.7522,"farmer_unique_id":"2640566","site_id":1371},{"date":"2021-09-26","product":"COPERNICUS/S1_GRD","band":"VV","value":-1.3372,"farmer_unique_id":"2640566","site_id":1371},{"date":"2021-10-08","product":"COPERNICUS/S1_GRD","band":"VV","value":-3.2799,"farmer_unique_id":"2640566","site_id":1371},{"date":"2021-10-20","product":"COPERNICUS/S1_GRD","band":"VV","value":-2.1476,"farmer_unique_id":"2640566","site_id":1371},{"date":"2021-11-01","product":"COPERNICUS/S1_GRD","band":"VV","value":-4.0364,"farmer_unique_id":"2640566","site_id":1371},{"date":"2021-11-13","product":"COPERNICUS/S1_GRD","band":"VV","value":-3.732,"farmer_unique_id":"2640566","site_id":1371},{"date":"2021-11-25","product":"COPERNICUS/S1_GRD","band":"VV","value":1.3817,"farmer_unique_id":"2640566","site_id":1371},{"date":"2021-12-07","product":"COPERNICUS/S1_GRD","band":"VV","value":-2.2403,"farmer_unique_id":"2640566","site_id":1371},{"date":"2021-12-19","product":"COPERNICUS/S1_GRD","band":"VV","value":-2.1026,"farmer_unique_id":"2640566","site_id":1371}]
