[{"date":"2020-01-11","product":"COPERNICUS/S1_GRD","band":"VH","value":-14.9647,"farmer_unique_id":"2560710","site_id":4438},{"date":"2020-01-23","product":"COPERNICUS/S1_GRD","band":"VH","value":-12.239,"farmer_unique_id":"2560710","site_id":4438},{"date":"2020-02-04","product":"COPERNICUS/S1_GRD","band":"VH","value":-10.2625,"farmer_unique_id":"2560710","site_id":4438},{"date":"2020-02-16","product":"COPERNICUS/S1_GRD","band":"VH","value":-8.6845,"farmer_unique_id":"2560710","site_id":4438},{"date":"2020-02-28","product":"COPERNICUS/S1_GRD","band":"VH","value":-11.0209,"farmer_unique_id":"2560710","site_id":4438},{"date":"2020-03-11","product":"COPERNICUS/S1_GRD","band":"VH","value":-16.8623,"farmer_unique_id":"2560710","site_id":4438},{"date":"2020-03-23","product":"COPERNICUS/S1_GRD","band":"VH","value":-14.6847,"farmer_unique_id":"2560710","site_id":4438},{"date":"2020-04-04","product":"COPERNICUS/S1_GRD","band":"VH","value":-16.1389,"farmer_unique_id":"2560710","site_id":4438},{"date":"2020-04-16","product":"COPERNICUS/S1_GRD","band":"VH","value":-13.8053,"farmer_unique_id":"2560710","site_id":4438},{"date":"2020-04-28","product":"COPERNICUS/S1_GRD","band":"VH","value":-16.7724,"farmer_unique_id":"2560710","site_id":4438},{"date":"2020-05-10","product":"COPERNICUS/S1_GRD","band":"VH","value":-11.9439,"farmer_unique_id":"2560710","site_id":4438},{"date":"2020-05-22","product":"COPERNICUS/S1_GRD","band":"VH","value":-11.9431,"farmer_unique_id":"2560710","site_id":4438},{"date":"2020-06-15","product":"COPERNICUS/S1_GRD","band":"VH","value":-11.1898,"farmer_unique_id":"2560710","site_id":4438},{"date":"2020-06-27","product":"COPERNICUS/S1_GRD","band":"VH","value":-13.801,"farmer_unique_id":"2560710","site_id":4438},{"date":"2020-07-09","product":"COPERNICUS/S1_GRD","band":"VH","value":-13.8859,"farmer_unique_id":"2560710","site_id":4438},{"date":"2020-07-21","product":"COPERNICUS/S1_GRD","band":"VH","value":-14.8156,"farmer_unique_id":"2560710","site_id":4438},{"date":"2020-08-02","product":"COPERNICUS/S1_GRD","band":"VH","value":-11.5309,"farmer_unique_id":"2560710","site_id":4438},{"date":"2020-08-14","product":"COPERNICUS/S1_GRD","band":"VH","value":-16.6878,"farmer_unique_id":"2560710","site_id":4438},{"date":"2020-08-26","product":"COPERNICUS/S1_GRD","band":"VH","value":-18.5601,"farmer_unique_id":"2560710","site_id":4438},{"date":"2020-09-07","product":"COPERNICUS/S1_GRD","band":"VH","value":-14.1964,"farmer_unique_id":"2560710","site_id":4438},{"date":"2020-09-19","product":"COPERNICUS/S1_GRD","band":"VH","value":-11.7138,"farmer_unique_id":"2560710","site_id":4438},{"date":"2020-10-01","product":"COPERNICUS/S1_GRD","band":"VH","value":-13.7391,"farmer_unique_id":"2560710","site_id":4438},{"date":"2020-10-13","product":"COPERNICUS/S1_GRD","band":"VH","value":-16.78,"farmer_unique_id":"2560710","site_id":4438},{"date":"2020-10-25","product":"COPERNICUS/S1_GRD","band":"VH","value":-10.6721,"farmer_unique_id":"2560710","site_id":4438},{"date":"2020-11-06","product":"COPERNICUS/S1_GRD","band":"VH","value":-12.9426,"farmer_unique_id":"2560710","site_id":4438},{"date":"2020-11-18","product":"COPERNICUS/S1_GRD","band":"VH","value":-11.9722,"farmer_unique_id":"2560710","site_id":4438},{"date":"2020-11-30","product":"COPERNICUS/S1_GRD","band":"VH","value":-13.0617,"farmer_unique_id":"2560710","site_id":4438},{"date":"2020-12-12","product":"COPERNICUS/S1_GRD","band":"VH","value":-13.6831,"farmer_unique_id":"2560710","site_id":4438},{"date":"2020-12-24","product":"COPERNICUS/S1_GRD","band":"VH","value":-15.363,"farmer_unique_id":"2560710","site_id":4438},{"date":"2021-01-05","product":"COPERNICUS/S1_GRD","band":"VH","value":-16.0883,"farmer_unique_id":"2560710","site_id":4438},{"date":"2021-01-17","product":"COPERNICUS/S1_GRD","band":"VH","value":-10.5709,"farmer_unique_id":"2560710","site_id":4438},{"date":"2021-01-29","product":"COPERNICUS/S1_GRD","band":"VH","value":-14.2507,"farmer_unique_id":"2560710","site_id":4438},{"date":"2021-02-10","product":"COPERNICUS/S1_GRD","band":"VH","value":-14.6277,"farmer_unique_id":"2560710","site_id":4438},{"date":"2021-02-22","product":"COPERNICUS/S1_GRD","band":"VH","value":-14.0461,"farmer_unique_id":"2560710","site_id":4438},{"date":"2021-03-06","product":"COPERNICUS/S1_GRD","band":"VH","value":-13.3348,"farmer_unique_id":"2560710","site_id":4438},{"date":"2021-03-18","product":"COPERNICUS/S1_GRD","band":"VH","value":-15.631,"farmer_unique_id":"2560710","site_id":4438},{"date":"2021-03-30","product":"COPERNICUS/S1_GRD","band":"VH","value":-14.3683,"farmer_unique_id":"2560710","site_id":4438},{"date":"2021-04-11","product":"COPERNICUS/S1_GRD","band":"VH","value":-13.918,"farmer_unique_id":"2560710","site_id":4438},{"date":"2021-04-23","product":"COPERNICUS/S1_GRD","band":"VH","value":-18.62,"farmer_unique_id":"2560710","site_id":4438},{"date":"2021-05-05","product":"COPERNICUS/S1_GRD","band":"VH","value":-13.2852,"farmer_unique_id":"2560710","site_id":4438},{"date":"2021-05-17","product":"COPERNICUS/S1_GRD","band":"VH","value":-13.562,"farmer_unique_id":"2560710","site_id":4438},{"date":"2021-05-29","product":"COPERNICUS/S1_GRD","band":"VH","value":-11.592,"farmer_unique_id":"2560710","site_id":4438},{"date":"2021-06-10","product":"COPERNICUS/S1_GRD","band":"VH","value":-16.3108,"farmer_unique_id":"2560710","site_id":4438},{"date":"2021-06-22","product":"COPERNICUS/S1_GRD","band":"VH","value":-14.2511,"farmer_unique_id":"2560710","site_id":4438},{"date":"2021-07-04","product":"COPERNICUS/S1_GRD","band":"VH","value":-14.8235,"farmer_unique_id":"2560710","site_id":4438},{"date":"2021-07-16","product":"COPERNICUS/S1_GRD","band":"VH","value":-13.3634,"farmer_unique_id":"2560710","site_id":4438},{"date":"2021-07-28","product":"COPERNICUS/S1_GRD","band":"VH","value":-14.1196,"farmer_unique_id":"2560710","site_id":4438},{"date":"2021-08-09","product":"COPERNICUS/S1_GRD","band":"VH","value":-11.3028,"farmer_unique_id":"2560710","site_id":4438},{"date":"2021-08-21","product":"COPERNICUS/S1_GRD","band":"VH","value":-11.4729,"farmer_unique_id":"2560710","site_id":4438},{"date":"2021-09-02","product":"COPERNICUS/S1_GRD","band":"VH","value":-16.6751,"farmer_unique_id":"2560710","site_id":4438},{"date":"2021-09-14","product":"COPERNICUS/S1_GRD","band":"VH","value":-14.9444,"farmer_unique_id":"2560710","site_id":4438},{"date":"2021-09-26","product":"COPERNICUS/S1_GRD","band":"VH","value":-14.1059,"farmer_unique_id":"2560710","site_id":4438},{"date":"2021-10-08","product":"COPERNICUS/S1_GRD","band":"VH","value":-14.7261,"farmer_unique_id":"2560710","site_id":4438},{"date":"2021-10-20","product":"COPERNICUS/S1_GRD","band":"VH","value":-16.3633,"farmer_unique_id":"2560710","site_id":4438},{"date":"2021-11-01","product":"COPERNICUS/S1_GRD","band":"VH","value":-13.271,"farmer_unique_id":"2560710","site_id":4438},{"date":"2021-11-13","product":"COPERNICUS/S1_GRD","band":"VH","value":-11.1742,"farmer_unique_id":"2560710","site_id":4438},{"date":"2021-11-25","product":"COPERNICUS/S1_GRD","band":"VH","value":-12.6905,"farmer_unique_id":"2560710","site_id":4438},{"date":"2021-12-07","product":"COPERNICUS/S1_GRD","band":"VH","value":-15.1371,"farmer_unique_id":"2560710","site_id":4438},{"date":"2021-12-19","product":"COPERNICUS/S1_GRD","band":"VH","value":-16.3377,"farmer_unique_id":"2560710","site_id":4438},{"date":"2020-01-11","product":"COPERNICUS/S1_GRD","band":"VV","value":-8.0739,"farmer_unique_id":"2560710","site_id":4438},{"date":"2020-01-23","product":"COPERNICUS/S1_GRD","band":"VV","value":-3.4555,"farmer_unique_id":"2560710","site_id":4438},{"date":"2020-02-04","product":"COPERNICUS/S1_GRD","band":"VV","value":-7.9051,"farmer_unique_id":"2560710","site_id":4438},{"date":"2020-02-16","product":"COPERNICUS/S1_GRD","band":"VV","value":-7.3362,"farmer_unique_id":"2560710","site_id":4438},{"date":"2020-02-28","product":"COPERNICUS/S1_GRD","band":"VV","value":-8.0589,"farmer_unique_id":"2560710","site_id":4438},{"date":"2020-03-11","product":"COPERNICUS/S1_GRD","band":"VV","value":-8.6239,"farmer_unique_id":"2560710","site_id":4438},{"date":"2020-03-23","product":"COPERNICUS/S1_GRD","band":"VV","value":-2.9161,"farmer_unique_id":"2560710","site_id":4438},{"date":"2020-04-04","product":"COPERNICUS/S1_GRD","band":"VV","value":-5.0784,"farmer_unique_id":"2560710","site_id":4438},{"date":"2020-04-16","product":"COPERNICUS/S1_GRD","band":"VV","value":-9.7158,"farmer_unique_id":"2560710","site_id":4438},{"date":"2020-04-28","product":"COPERNICUS/S1_GRD","band":"VV","value":-6.4784,"farmer_unique_id":"2560710","site_id":4438},{"date":"2020-05-10","product":"COPERNICUS/S1_GRD","band":"VV","value":-7.1805,"farmer_unique_id":"2560710","site_id":4438},{"date":"2020-05-22","product":"COPERNICUS/S1_GRD","band":"VV","value":-6.7544,"farmer_unique_id":"2560710","site_id":4438},{"date":"2020-06-15","product":"COPERNICUS/S1_GRD","band":"VV","value":-3.5306,"farmer_unique_id":"2560710","site_id":4438},{"date":"2020-06-27","product":"COPERNICUS/S1_GRD","band":"VV","value":-7.8975,"farmer_unique_id":"2560710","site_id":4438},{"date":"2020-07-09","product":"COPERNICUS/S1_GRD","band":"VV","value":-8.249,"farmer_unique_id":"2560710","site_id":4438},{"date":"2020-07-21","product":"COPERNICUS/S1_GRD","band":"VV","value":-8.7499,"farmer_unique_id":"2560710","site_id":4438},{"date":"2020-08-02","product":"COPERNICUS/S1_GRD","band":"VV","value":-6.3812,"farmer_unique_id":"2560710","site_id":4438},{"date":"2020-08-14","product":"COPERNICUS/S1_GRD","band":"VV","value":-4.3372,"farmer_unique_id":"2560710","site_id":4438},{"date":"2020-08-26","product":"COPERNICUS/S1_GRD","band":"VV","value":-6.5384,"farmer_unique_id":"2560710","site_id":4438},{"date":"2020-09-07","product":"COPERNICUS/S1_GRD","band":"VV","value":-7.7782,"farmer_unique_id":"2560710","site_id":4438},{"date":"2020-09-19","product":"COPERNICUS/S1_GRD","band":"VV","value":-6.7485,"farmer_unique_id":"2560710","site_id":4438},{"date":"2020-10-01","product":"COPERNICUS/S1_GRD","band":"VV","value":-5.5225,"farmer_unique_id":"2560710","site_id":4438},{"date":"2020-10-13","product":"COPERNICUS/S1_GRD","band":"VV","value":-8.9767,"farmer_unique_id":"2560710","site_id":4438},{"date":"2020-10-25","product":"COPERNICUS/S1_GRD","band":"VV","value":-9.0144,"farmer_unique_id":"2560710","site_id":4438},{"date":"2020-11-06","product":"COPERNICUS/S1_GRD","band":"VV","value":-8.0716,"farmer_unique_id":"2560710","site_id":4438},{"date":"2020-11-18","product":"COPERNICUS/S1_GRD","band":"VV","value":-6.369,"farmer_unique_id":"2560710","site_id":4438},{"date":"2020-11-30","product":"COPERNICUS/S1_GRD","band":"VV","value":-2.7601,"farmer_unique_id":"2560710","site_id":4438},{"date":"2020-12-12","product":"COPERNICUS/S1_GRD","band":"VV","value":-4.5436,"farmer_unique_id":"2560710","site_id":4438},{"date":"2020-12-24","product":"COPERNICUS/S1_GRD","band":"VV","value":-4.0978,"farmer_unique_id":"2560710","site_id":4438},{"date":"2021-01-05","product":"COPERNICUS/S1_GRD","band":"VV","value":-5.343,"farmer_unique_id":"2560710","site_id":4438},{"date":"2021-01-17","product":"COPERNICUS/S1_GRD","band":"VV","value":-5.9418,"farmer_unique_id":"2560710","site_id":4438},{"date":"2021-01-29","product":"COPERNICUS/S1_GRD","band":"VV","value":-6.4719,"farmer_unique_id":"2560710","site_id":4438},{"date":"2021-02-10","product":"COPERNICUS/S1_GRD","band":"VV","value":-6.3094,"farmer_unique_id":"2560710","site_id":4438},{"date":"2021-02-22","product":"COPERNICUS/S1_GRD","band":"VV","value":-4.7104,"farmer_unique_id":"2560710","site_id":4438},{"date":"2021-03-06","product":"COPERNICUS/S1_GRD","band":"VV","value":-4.4743,"farmer_unique_id":"2560710","site_id":4438},{"date":"2021-03-18","product":"COPERNICUS/S1_GRD","band":"VV","value":-5.3754,"farmer_unique_id":"2560710","site_id":4438},{"date":"2021-03-30","product":"COPERNICUS/S1_GRD","band":"VV","value":-9.0452,"farmer_unique_id":"2560710","site_id":4438},{"date":"2021-04-11","product":"COPERNICUS/S1_GRD","band":"VV","value":-4.9157,"farmer_unique_id":"2560710","site_id":4438},{"date":"2021-04-23","product":"COPERNICUS/S1_GRD","band":"VV","value":-5.0684,"farmer_unique_id":"2560710","site_id":4438},{"date":"2021-05-05","product":"COPERNICUS/S1_GRD","band":"VV","value":-8.2806,"farmer_unique_id":"2560710","site_id":4438},{"date":"2021-05-17","product":"COPERNICUS/S1_GRD","band":"VV","value":-6.9771,"farmer_unique_id":"2560710","site_id":4438},{"date":"2021-05-29","product":"COPERNICUS/S1_GRD","band":"VV","value":-9.4579,"farmer_unique_id":"2560710","site_id":4438},{"date":"2021-06-10","product":"COPERNICUS/S1_GRD","band":"VV","value":-9.5584,"farmer_unique_id":"2560710","site_id":4438},{"date":"2021-06-22","product":"COPERNICUS/S1_GRD","band":"VV","value":-6.4541,"farmer_unique_id":"2560710","site_id":4438},{"date":"2021-07-04","product":"COPERNICUS/S1_GRD","band":"VV","value":-6.9554,"farmer_unique_id":"2560710","site_id":4438},{"date":"2021-07-16","product":"COPERNICUS/S1_GRD","band":"VV","value":-9.3806,"farmer_unique_id":"2560710","site_id":4438},{"date":"2021-07-28","product":"COPERNICUS/S1_GRD","band":"VV","value":-7.3357,"farmer_unique_id":"2560710","site_id":4438},{"date":"2021-08-09","product":"COPERNICUS/S1_GRD","band":"VV","value":-5.3487,"farmer_unique_id":"2560710","site_id":4438},{"date":"2021-08-21","product":"COPERNICUS/S1_GRD","band":"VV","value":-6.5675,"farmer_unique_id":"2560710","site_id":4438},{"date":"2021-09-02","product":"COPERNICUS/S1_GRD","band":"VV","value":-12.4393,"farmer_unique_id":"2560710","site_id":4438},{"date":"2021-09-14","product":"COPERNICUS/S1_GRD","band":"VV","value":-8.5384,"farmer_unique_id":"2560710","site_id":4438},{"date":"2021-09-26","product":"COPERNICUS/S1_GRD","band":"VV","value":-9.1401,"farmer_unique_id":"2560710","site_id":4438},{"date":"2021-10-08","product":"COPERNICUS/S1_GRD","band":"VV","value":-9.0181,"farmer_unique_id":"2560710","site_id":4438},{"date":"2021-10-20","product":"COPERNICUS/S1_GRD","band":"VV","value":-11.6384,"farmer_unique_id":"2560710","site_id":4438},{"date":"2021-11-01","product":"COPERNICUS/S1_GRD","band":"VV","value":-11.5753,"farmer_unique_id":"2560710","site_id":4438},{"date":"2021-11-13","product":"COPERNICUS/S1_GRD","band":"VV","value":-8.8782,"farmer_unique_id":"2560710","site_id":4438},{"date":"2021-11-25","product":"COPERNICUS/S1_GRD","band":"VV","value":-5.1028,"farmer_unique_id":"2560710","site_id":4438},{"date":"2021-12-07","product":"COPERNICUS/S1_GRD","band":"VV","value":-5.4235,"farmer_unique_id":"2560710","site_id":4438},{"date":"2021-12-19","product":"COPERNICUS/S1_GRD","band":"VV","value":-5.4954,"farmer_unique_id":"2560710","site_id":4438}]
