[{"date":"2020-01-04","product":"COPERNICUS/S1_GRD","band":"VH","value":-17.4604,"farmer_unique_id":"278716","site_id":3978},{"date":"2020-01-09","product":"COPERNICUS/S1_GRD","band":"VH","value":-13.1155,"farmer_unique_id":"278716","site_id":3978},{"date":"2020-01-16","product":"COPERNICUS/S1_GRD","band":"VH","value":-18.1355,"farmer_unique_id":"278716","site_id":3978},{"date":"2020-01-21","product":"COPERNICUS/S1_GRD","band":"VH","value":-21.7504,"farmer_unique_id":"278716","site_id":3978},{"date":"2020-01-28","product":"COPERNICUS/S1_GRD","band":"VH","value":-17.745,"farmer_unique_id":"278716","site_id":3978},{"date":"2020-02-02","product":"COPERNICUS/S1_GRD","band":"VH","value":-17.396,"farmer_unique_id":"278716","site_id":3978},{"date":"2020-02-09","product":"COPERNICUS/S1_GRD","band":"VH","value":-19.6128,"farmer_unique_id":"278716","site_id":3978},{"date":"2020-02-14","product":"COPERNICUS/S1_GRD","band":"VH","value":-16.5085,"farmer_unique_id":"278716","site_id":3978},{"date":"2020-02-21","product":"COPERNICUS/S1_GRD","band":"VH","value":-15.1686,"farmer_unique_id":"278716","site_id":3978},{"date":"2020-02-26","product":"COPERNICUS/S1_GRD","band":"VH","value":-18.7135,"farmer_unique_id":"278716","site_id":3978},{"date":"2020-03-04","product":"COPERNICUS/S1_GRD","band":"VH","value":-16.5945,"farmer_unique_id":"278716","site_id":3978},{"date":"2020-03-09","product":"COPERNICUS/S1_GRD","band":"VH","value":-20.7435,"farmer_unique_id":"278716","site_id":3978},{"date":"2020-03-16","product":"COPERNICUS/S1_GRD","band":"VH","value":-21.1232,"farmer_unique_id":"278716","site_id":3978},{"date":"2020-03-21","product":"COPERNICUS/S1_GRD","band":"VH","value":-16.1734,"farmer_unique_id":"278716","site_id":3978},{"date":"2020-03-28","product":"COPERNICUS/S1_GRD","band":"VH","value":-15.618,"farmer_unique_id":"278716","site_id":3978},{"date":"2020-04-02","product":"COPERNICUS/S1_GRD","band":"VH","value":-19.4821,"farmer_unique_id":"278716","site_id":3978},{"date":"2020-04-09","product":"COPERNICUS/S1_GRD","band":"VH","value":-20.2467,"farmer_unique_id":"278716","site_id":3978},{"date":"2020-04-14","product":"COPERNICUS/S1_GRD","band":"VH","value":-15.8754,"farmer_unique_id":"278716","site_id":3978},{"date":"2020-04-21","product":"COPERNICUS/S1_GRD","band":"VH","value":-16.5446,"farmer_unique_id":"278716","site_id":3978},{"date":"2020-04-26","product":"COPERNICUS/S1_GRD","band":"VH","value":-25.5889,"farmer_unique_id":"278716","site_id":3978},{"date":"2020-05-03","product":"COPERNICUS/S1_GRD","band":"VH","value":-15.1892,"farmer_unique_id":"278716","site_id":3978},{"date":"2020-05-08","product":"COPERNICUS/S1_GRD","band":"VH","value":-15.4901,"farmer_unique_id":"278716","site_id":3978},{"date":"2020-05-15","product":"COPERNICUS/S1_GRD","band":"VH","value":-18.7712,"farmer_unique_id":"278716","site_id":3978},{"date":"2020-05-20","product":"COPERNICUS/S1_GRD","band":"VH","value":-16.2113,"farmer_unique_id":"278716","site_id":3978},{"date":"2020-05-27","product":"COPERNICUS/S1_GRD","band":"VH","value":-15.2505,"farmer_unique_id":"278716","site_id":3978},{"date":"2020-06-01","product":"COPERNICUS/S1_GRD","band":"VH","value":-15.2996,"farmer_unique_id":"278716","site_id":3978},{"date":"2020-06-08","product":"COPERNICUS/S1_GRD","band":"VH","value":-18.1653,"farmer_unique_id":"278716","site_id":3978},{"date":"2020-06-13","product":"COPERNICUS/S1_GRD","band":"VH","value":-18.6556,"farmer_unique_id":"278716","site_id":3978},{"date":"2020-06-20","product":"COPERNICUS/S1_GRD","band":"VH","value":-18.9189,"farmer_unique_id":"278716","site_id":3978},{"date":"2020-06-25","product":"COPERNICUS/S1_GRD","band":"VH","value":-18.3723,"farmer_unique_id":"278716","site_id":3978},{"date":"2020-07-02","product":"COPERNICUS/S1_GRD","band":"VH","value":-17.5657,"farmer_unique_id":"278716","site_id":3978},{"date":"2020-07-07","product":"COPERNICUS/S1_GRD","band":"VH","value":-13.2873,"farmer_unique_id":"278716","site_id":3978},{"date":"2020-07-14","product":"COPERNICUS/S1_GRD","band":"VH","value":-14.8487,"farmer_unique_id":"278716","site_id":3978},{"date":"2020-07-19","product":"COPERNICUS/S1_GRD","band":"VH","value":-17.3183,"farmer_unique_id":"278716","site_id":3978},{"date":"2020-07-26","product":"COPERNICUS/S1_GRD","band":"VH","value":-15.6031,"farmer_unique_id":"278716","site_id":3978},{"date":"2020-07-31","product":"COPERNICUS/S1_GRD","band":"VH","value":-18.7607,"farmer_unique_id":"278716","site_id":3978},{"date":"2020-08-07","product":"COPERNICUS/S1_GRD","band":"VH","value":-20.1466,"farmer_unique_id":"278716","site_id":3978},{"date":"2020-08-12","product":"COPERNICUS/S1_GRD","band":"VH","farmer_unique_id":"278716","site_id":3978},{"date":"2020-08-19","product":"COPERNICUS/S1_GRD","band":"VH","value":-16.3677,"farmer_unique_id":"278716","site_id":3978},{"date":"2020-08-24","product":"COPERNICUS/S1_GRD","band":"VH","value":-15.6801,"farmer_unique_id":"278716","site_id":3978},{"date":"2020-08-31","product":"COPERNICUS/S1_GRD","band":"VH","value":-14.5294,"farmer_unique_id":"278716","site_id":3978},{"date":"2020-09-05","product":"COPERNICUS/S1_GRD","band":"VH","value":-17.174,"farmer_unique_id":"278716","site_id":3978},{"date":"2020-09-12","product":"COPERNICUS/S1_GRD","band":"VH","value":-17.5515,"farmer_unique_id":"278716","site_id":3978},{"date":"2020-09-17","product":"COPERNICUS/S1_GRD","band":"VH","value":-16.4882,"farmer_unique_id":"278716","site_id":3978},{"date":"2020-09-24","product":"COPERNICUS/S1_GRD","band":"VH","value":-16.9475,"farmer_unique_id":"278716","site_id":3978},{"date":"2020-09-29","product":"COPERNICUS/S1_GRD","band":"VH","value":-15.0981,"farmer_unique_id":"278716","site_id":3978},{"date":"2020-10-06","product":"COPERNICUS/S1_GRD","band":"VH","value":-17.4047,"farmer_unique_id":"278716","site_id":3978},{"date":"2020-10-11","product":"COPERNICUS/S1_GRD","band":"VH","value":-16.4174,"farmer_unique_id":"278716","site_id":3978},{"date":"2020-10-18","product":"COPERNICUS/S1_GRD","band":"VH","value":-15.8408,"farmer_unique_id":"278716","site_id":3978},{"date":"2020-10-23","product":"COPERNICUS/S1_GRD","band":"VH","value":-17.5786,"farmer_unique_id":"278716","site_id":3978},{"date":"2020-10-30","product":"COPERNICUS/S1_GRD","band":"VH","value":-14.54,"farmer_unique_id":"278716","site_id":3978},{"date":"2020-11-04","product":"COPERNICUS/S1_GRD","band":"VH","value":-16.2731,"farmer_unique_id":"278716","site_id":3978},{"date":"2020-11-11","product":"COPERNICUS/S1_GRD","band":"VH","value":-14.659,"farmer_unique_id":"278716","site_id":3978},{"date":"2020-11-16","product":"COPERNICUS/S1_GRD","band":"VH","value":-18.2932,"farmer_unique_id":"278716","site_id":3978},{"date":"2020-11-23","product":"COPERNICUS/S1_GRD","band":"VH","value":-17.6804,"farmer_unique_id":"278716","site_id":3978},{"date":"2020-11-28","product":"COPERNICUS/S1_GRD","band":"VH","value":-18.7033,"farmer_unique_id":"278716","site_id":3978},{"date":"2020-12-05","product":"COPERNICUS/S1_GRD","band":"VH","value":-15.2397,"farmer_unique_id":"278716","site_id":3978},{"date":"2020-12-10","product":"COPERNICUS/S1_GRD","band":"VH","value":-18.5442,"farmer_unique_id":"278716","site_id":3978},{"date":"2020-12-17","product":"COPERNICUS/S1_GRD","band":"VH","value":-17.7322,"farmer_unique_id":"278716","site_id":3978},{"date":"2020-12-22","product":"COPERNICUS/S1_GRD","band":"VH","value":-16.1214,"farmer_unique_id":"278716","site_id":3978},{"date":"2020-12-29","product":"COPERNICUS/S1_GRD","band":"VH","value":-19.3907,"farmer_unique_id":"278716","site_id":3978},{"date":"2021-01-03","product":"COPERNICUS/S1_GRD","band":"VH","value":-19.7119,"farmer_unique_id":"278716","site_id":3978},{"date":"2021-01-10","product":"COPERNICUS/S1_GRD","band":"VH","value":-14.7976,"farmer_unique_id":"278716","site_id":3978},{"date":"2021-01-15","product":"COPERNICUS/S1_GRD","band":"VH","value":-15.8173,"farmer_unique_id":"278716","site_id":3978},{"date":"2021-01-22","product":"COPERNICUS/S1_GRD","band":"VH","value":-14.9505,"farmer_unique_id":"278716","site_id":3978},{"date":"2021-01-27","product":"COPERNICUS/S1_GRD","band":"VH","value":-18.6009,"farmer_unique_id":"278716","site_id":3978},{"date":"2021-02-03","product":"COPERNICUS/S1_GRD","band":"VH","value":-16.4544,"farmer_unique_id":"278716","site_id":3978},{"date":"2021-02-08","product":"COPERNICUS/S1_GRD","band":"VH","value":-17.5653,"farmer_unique_id":"278716","site_id":3978},{"date":"2021-02-15","product":"COPERNICUS/S1_GRD","band":"VH","value":-15.5077,"farmer_unique_id":"278716","site_id":3978},{"date":"2021-02-20","product":"COPERNICUS/S1_GRD","band":"VH","value":-16.2012,"farmer_unique_id":"278716","site_id":3978},{"date":"2021-02-27","product":"COPERNICUS/S1_GRD","band":"VH","value":-15.4723,"farmer_unique_id":"278716","site_id":3978},{"date":"2021-03-04","product":"COPERNICUS/S1_GRD","band":"VH","value":-17.6625,"farmer_unique_id":"278716","site_id":3978},{"date":"2021-03-11","product":"COPERNICUS/S1_GRD","band":"VH","value":-18.6599,"farmer_unique_id":"278716","site_id":3978},{"date":"2021-03-16","product":"COPERNICUS/S1_GRD","band":"VH","value":-14.3242,"farmer_unique_id":"278716","site_id":3978},{"date":"2021-03-23","product":"COPERNICUS/S1_GRD","band":"VH","value":-17.7252,"farmer_unique_id":"278716","site_id":3978},{"date":"2021-03-28","product":"COPERNICUS/S1_GRD","band":"VH","value":-14.3505,"farmer_unique_id":"278716","site_id":3978},{"date":"2021-04-04","product":"COPERNICUS/S1_GRD","band":"VH","value":-12.0646,"farmer_unique_id":"278716","site_id":3978},{"date":"2021-04-09","product":"COPERNICUS/S1_GRD","band":"VH","value":-18.6558,"farmer_unique_id":"278716","site_id":3978},{"date":"2021-04-16","product":"COPERNICUS/S1_GRD","band":"VH","value":-20.319,"farmer_unique_id":"278716","site_id":3978},{"date":"2021-04-21","product":"COPERNICUS/S1_GRD","band":"VH","value":-15.1799,"farmer_unique_id":"278716","site_id":3978},{"date":"2021-04-28","product":"COPERNICUS/S1_GRD","band":"VH","value":-16.3494,"farmer_unique_id":"278716","site_id":3978},{"date":"2021-05-03","product":"COPERNICUS/S1_GRD","band":"VH","value":-17.3328,"farmer_unique_id":"278716","site_id":3978},{"date":"2021-05-10","product":"COPERNICUS/S1_GRD","band":"VH","value":-17.3677,"farmer_unique_id":"278716","site_id":3978},{"date":"2021-05-15","product":"COPERNICUS/S1_GRD","band":"VH","value":-19.2265,"farmer_unique_id":"278716","site_id":3978},{"date":"2021-05-22","product":"COPERNICUS/S1_GRD","band":"VH","value":-19.3136,"farmer_unique_id":"278716","site_id":3978},{"date":"2021-05-27","product":"COPERNICUS/S1_GRD","band":"VH","value":-16.6348,"farmer_unique_id":"278716","site_id":3978},{"date":"2021-06-03","product":"COPERNICUS/S1_GRD","band":"VH","value":-19.0597,"farmer_unique_id":"278716","site_id":3978},{"date":"2021-06-08","product":"COPERNICUS/S1_GRD","band":"VH","value":-18.122,"farmer_unique_id":"278716","site_id":3978},{"date":"2021-06-15","product":"COPERNICUS/S1_GRD","band":"VH","value":-21.071,"farmer_unique_id":"278716","site_id":3978},{"date":"2021-06-20","product":"COPERNICUS/S1_GRD","band":"VH","value":-16.1703,"farmer_unique_id":"278716","site_id":3978},{"date":"2021-06-27","product":"COPERNICUS/S1_GRD","band":"VH","value":-16.6515,"farmer_unique_id":"278716","site_id":3978},{"date":"2021-07-02","product":"COPERNICUS/S1_GRD","band":"VH","value":-16.785,"farmer_unique_id":"278716","site_id":3978},{"date":"2021-07-09","product":"COPERNICUS/S1_GRD","band":"VH","value":-19.1082,"farmer_unique_id":"278716","site_id":3978},{"date":"2021-07-14","product":"COPERNICUS/S1_GRD","band":"VH","value":-16.1179,"farmer_unique_id":"278716","site_id":3978},{"date":"2021-07-21","product":"COPERNICUS/S1_GRD","band":"VH","value":-20.6368,"farmer_unique_id":"278716","site_id":3978},{"date":"2021-07-26","product":"COPERNICUS/S1_GRD","band":"VH","value":-17.0001,"farmer_unique_id":"278716","site_id":3978},{"date":"2021-08-02","product":"COPERNICUS/S1_GRD","band":"VH","value":-18.33,"farmer_unique_id":"278716","site_id":3978},{"date":"2021-08-07","product":"COPERNICUS/S1_GRD","band":"VH","value":-14.5675,"farmer_unique_id":"278716","site_id":3978},{"date":"2021-08-14","product":"COPERNICUS/S1_GRD","band":"VH","value":-16.1052,"farmer_unique_id":"278716","site_id":3978},{"date":"2021-08-19","product":"COPERNICUS/S1_GRD","band":"VH","value":-15.6119,"farmer_unique_id":"278716","site_id":3978},{"date":"2021-08-26","product":"COPERNICUS/S1_GRD","band":"VH","value":-18.5233,"farmer_unique_id":"278716","site_id":3978},{"date":"2021-08-31","product":"COPERNICUS/S1_GRD","band":"VH","value":-17.2703,"farmer_unique_id":"278716","site_id":3978},{"date":"2021-09-07","product":"COPERNICUS/S1_GRD","band":"VH","value":-16.0504,"farmer_unique_id":"278716","site_id":3978},{"date":"2021-09-12","product":"COPERNICUS/S1_GRD","band":"VH","value":-17.0183,"farmer_unique_id":"278716","site_id":3978},{"date":"2021-09-19","product":"COPERNICUS/S1_GRD","band":"VH","value":-16.4067,"farmer_unique_id":"278716","site_id":3978},{"date":"2021-09-24","product":"COPERNICUS/S1_GRD","band":"VH","value":-17.1687,"farmer_unique_id":"278716","site_id":3978},{"date":"2021-10-01","product":"COPERNICUS/S1_GRD","band":"VH","value":-15.898,"farmer_unique_id":"278716","site_id":3978},{"date":"2021-10-06","product":"COPERNICUS/S1_GRD","band":"VH","value":-13.038,"farmer_unique_id":"278716","site_id":3978},{"date":"2021-10-13","product":"COPERNICUS/S1_GRD","band":"VH","value":-18.1465,"farmer_unique_id":"278716","site_id":3978},{"date":"2021-10-18","product":"COPERNICUS/S1_GRD","band":"VH","value":-17.0462,"farmer_unique_id":"278716","site_id":3978},{"date":"2021-10-25","product":"COPERNICUS/S1_GRD","band":"VH","value":-18.4782,"farmer_unique_id":"278716","site_id":3978},{"date":"2021-10-30","product":"COPERNICUS/S1_GRD","band":"VH","value":-18.3598,"farmer_unique_id":"278716","site_id":3978},{"date":"2021-11-06","product":"COPERNICUS/S1_GRD","band":"VH","value":-17.9422,"farmer_unique_id":"278716","site_id":3978},{"date":"2021-11-11","product":"COPERNICUS/S1_GRD","band":"VH","value":-18.5746,"farmer_unique_id":"278716","site_id":3978},{"date":"2021-11-18","product":"COPERNICUS/S1_GRD","band":"VH","value":-18.1992,"farmer_unique_id":"278716","site_id":3978},{"date":"2021-11-23","product":"COPERNICUS/S1_GRD","band":"VH","value":-16.4597,"farmer_unique_id":"278716","site_id":3978},{"date":"2021-11-30","product":"COPERNICUS/S1_GRD","band":"VH","value":-15.8027,"farmer_unique_id":"278716","site_id":3978},{"date":"2021-12-05","product":"COPERNICUS/S1_GRD","band":"VH","value":-18.3682,"farmer_unique_id":"278716","site_id":3978},{"date":"2021-12-12","product":"COPERNICUS/S1_GRD","band":"VH","value":-14.6435,"farmer_unique_id":"278716","site_id":3978},{"date":"2021-12-17","product":"COPERNICUS/S1_GRD","band":"VH","value":-20.9274,"farmer_unique_id":"278716","site_id":3978},{"date":"2021-12-24","product":"COPERNICUS/S1_GRD","band":"VH","value":-20.2311,"farmer_unique_id":"278716","site_id":3978},{"date":"2021-12-29","product":"COPERNICUS/S1_GRD","band":"VH","value":-17.9838,"farmer_unique_id":"278716","site_id":3978},{"date":"2020-01-04","product":"COPERNICUS/S1_GRD","band":"VV","value":-9.578,"farmer_unique_id":"278716","site_id":3978},{"date":"2020-01-09","product":"COPERNICUS/S1_GRD","band":"VV","value":-12.9659,"farmer_unique_id":"278716","site_id":3978},{"date":"2020-01-16","product":"COPERNICUS/S1_GRD","band":"VV","value":-10.6909,"farmer_unique_id":"278716","site_id":3978},{"date":"2020-01-21","product":"COPERNICUS/S1_GRD","band":"VV","value":-9.8054,"farmer_unique_id":"278716","site_id":3978},{"date":"2020-01-28","product":"COPERNICUS/S1_GRD","band":"VV","value":-11.3055,"farmer_unique_id":"278716","site_id":3978},{"date":"2020-02-02","product":"COPERNICUS/S1_GRD","band":"VV","value":-13.89,"farmer_unique_id":"278716","site_id":3978},{"date":"2020-02-09","product":"COPERNICUS/S1_GRD","band":"VV","value":-8.9653,"farmer_unique_id":"278716","site_id":3978},{"date":"2020-02-14","product":"COPERNICUS/S1_GRD","band":"VV","value":-9.9886,"farmer_unique_id":"278716","site_id":3978},{"date":"2020-02-21","product":"COPERNICUS/S1_GRD","band":"VV","value":-8.711,"farmer_unique_id":"278716","site_id":3978},{"date":"2020-02-26","product":"COPERNICUS/S1_GRD","band":"VV","value":-9.4461,"farmer_unique_id":"278716","site_id":3978},{"date":"2020-03-04","product":"COPERNICUS/S1_GRD","band":"VV","value":-10.2676,"farmer_unique_id":"278716","site_id":3978},{"date":"2020-03-09","product":"COPERNICUS/S1_GRD","band":"VV","value":-13.2864,"farmer_unique_id":"278716","site_id":3978},{"date":"2020-03-16","product":"COPERNICUS/S1_GRD","band":"VV","value":-9.0137,"farmer_unique_id":"278716","site_id":3978},{"date":"2020-03-21","product":"COPERNICUS/S1_GRD","band":"VV","value":-11.0352,"farmer_unique_id":"278716","site_id":3978},{"date":"2020-03-28","product":"COPERNICUS/S1_GRD","band":"VV","value":-8.8826,"farmer_unique_id":"278716","site_id":3978},{"date":"2020-04-02","product":"COPERNICUS/S1_GRD","band":"VV","value":-11.9221,"farmer_unique_id":"278716","site_id":3978},{"date":"2020-04-09","product":"COPERNICUS/S1_GRD","band":"VV","value":-13.4237,"farmer_unique_id":"278716","site_id":3978},{"date":"2020-04-14","product":"COPERNICUS/S1_GRD","band":"VV","value":-11.4048,"farmer_unique_id":"278716","site_id":3978},{"date":"2020-04-21","product":"COPERNICUS/S1_GRD","band":"VV","value":-9.5623,"farmer_unique_id":"278716","site_id":3978},{"date":"2020-04-26","product":"COPERNICUS/S1_GRD","band":"VV","value":-7.964,"farmer_unique_id":"278716","site_id":3978},{"date":"2020-05-03","product":"COPERNICUS/S1_GRD","band":"VV","value":-8.8555,"farmer_unique_id":"278716","site_id":3978},{"date":"2020-05-08","product":"COPERNICUS/S1_GRD","band":"VV","value":-12.2425,"farmer_unique_id":"278716","site_id":3978},{"date":"2020-05-15","product":"COPERNICUS/S1_GRD","band":"VV","value":-5.8691,"farmer_unique_id":"278716","site_id":3978},{"date":"2020-05-20","product":"COPERNICUS/S1_GRD","band":"VV","value":-10.0057,"farmer_unique_id":"278716","site_id":3978},{"date":"2020-05-27","product":"COPERNICUS/S1_GRD","band":"VV","value":-11.1469,"farmer_unique_id":"278716","site_id":3978},{"date":"2020-06-01","product":"COPERNICUS/S1_GRD","band":"VV","value":-10.2921,"farmer_unique_id":"278716","site_id":3978},{"date":"2020-06-08","product":"COPERNICUS/S1_GRD","band":"VV","value":-7.4256,"farmer_unique_id":"278716","site_id":3978},{"date":"2020-06-13","product":"COPERNICUS/S1_GRD","band":"VV","value":-9.06,"farmer_unique_id":"278716","site_id":3978},{"date":"2020-06-20","product":"COPERNICUS/S1_GRD","band":"VV","value":-9.6105,"farmer_unique_id":"278716","site_id":3978},{"date":"2020-06-25","product":"COPERNICUS/S1_GRD","band":"VV","value":-9.6339,"farmer_unique_id":"278716","site_id":3978},{"date":"2020-07-02","product":"COPERNICUS/S1_GRD","band":"VV","value":-6.9928,"farmer_unique_id":"278716","site_id":3978},{"date":"2020-07-07","product":"COPERNICUS/S1_GRD","band":"VV","value":-10.7479,"farmer_unique_id":"278716","site_id":3978},{"date":"2020-07-14","product":"COPERNICUS/S1_GRD","band":"VV","value":-9.7983,"farmer_unique_id":"278716","site_id":3978},{"date":"2020-07-19","product":"COPERNICUS/S1_GRD","band":"VV","value":-11.6477,"farmer_unique_id":"278716","site_id":3978},{"date":"2020-07-26","product":"COPERNICUS/S1_GRD","band":"VV","value":-11.8624,"farmer_unique_id":"278716","site_id":3978},{"date":"2020-07-31","product":"COPERNICUS/S1_GRD","band":"VV","value":-13.8955,"farmer_unique_id":"278716","site_id":3978},{"date":"2020-08-07","product":"COPERNICUS/S1_GRD","band":"VV","value":-10.0654,"farmer_unique_id":"278716","site_id":3978},{"date":"2020-08-12","product":"COPERNICUS/S1_GRD","band":"VV","value":-12.6435,"farmer_unique_id":"278716","site_id":3978},{"date":"2020-08-19","product":"COPERNICUS/S1_GRD","band":"VV","value":-8.9291,"farmer_unique_id":"278716","site_id":3978},{"date":"2020-08-24","product":"COPERNICUS/S1_GRD","band":"VV","value":-9.3158,"farmer_unique_id":"278716","site_id":3978},{"date":"2020-08-31","product":"COPERNICUS/S1_GRD","band":"VV","value":-7.4725,"farmer_unique_id":"278716","site_id":3978},{"date":"2020-09-05","product":"COPERNICUS/S1_GRD","band":"VV","value":-8.6913,"farmer_unique_id":"278716","site_id":3978},{"date":"2020-09-12","product":"COPERNICUS/S1_GRD","band":"VV","value":-7.9759,"farmer_unique_id":"278716","site_id":3978},{"date":"2020-09-17","product":"COPERNICUS/S1_GRD","band":"VV","value":-10.4547,"farmer_unique_id":"278716","site_id":3978},{"date":"2020-09-24","product":"COPERNICUS/S1_GRD","band":"VV","value":-9.6671,"farmer_unique_id":"278716","site_id":3978},{"date":"2020-09-29","product":"COPERNICUS/S1_GRD","band":"VV","value":-11.9431,"farmer_unique_id":"278716","site_id":3978},{"date":"2020-10-06","product":"COPERNICUS/S1_GRD","band":"VV","value":-10.5351,"farmer_unique_id":"278716","site_id":3978},{"date":"2020-10-11","product":"COPERNICUS/S1_GRD","band":"VV","value":-6.9916,"farmer_unique_id":"278716","site_id":3978},{"date":"2020-10-18","product":"COPERNICUS/S1_GRD","band":"VV","value":-11.5428,"farmer_unique_id":"278716","site_id":3978},{"date":"2020-10-23","product":"COPERNICUS/S1_GRD","band":"VV","value":-8.7245,"farmer_unique_id":"278716","site_id":3978},{"date":"2020-10-30","product":"COPERNICUS/S1_GRD","band":"VV","value":-8.9738,"farmer_unique_id":"278716","site_id":3978},{"date":"2020-11-04","product":"COPERNICUS/S1_GRD","band":"VV","value":-10.3454,"farmer_unique_id":"278716","site_id":3978},{"date":"2020-11-11","product":"COPERNICUS/S1_GRD","band":"VV","value":-13.1549,"farmer_unique_id":"278716","site_id":3978},{"date":"2020-11-16","product":"COPERNICUS/S1_GRD","band":"VV","value":-11.7251,"farmer_unique_id":"278716","site_id":3978},{"date":"2020-11-23","product":"COPERNICUS/S1_GRD","band":"VV","value":-10.6586,"farmer_unique_id":"278716","site_id":3978},{"date":"2020-11-28","product":"COPERNICUS/S1_GRD","band":"VV","value":-6.477,"farmer_unique_id":"278716","site_id":3978},{"date":"2020-12-05","product":"COPERNICUS/S1_GRD","band":"VV","value":-12.9579,"farmer_unique_id":"278716","site_id":3978},{"date":"2020-12-10","product":"COPERNICUS/S1_GRD","band":"VV","value":-9.8157,"farmer_unique_id":"278716","site_id":3978},{"date":"2020-12-17","product":"COPERNICUS/S1_GRD","band":"VV","value":-11.1245,"farmer_unique_id":"278716","site_id":3978},{"date":"2020-12-22","product":"COPERNICUS/S1_GRD","band":"VV","value":-9.0201,"farmer_unique_id":"278716","site_id":3978},{"date":"2020-12-29","product":"COPERNICUS/S1_GRD","band":"VV","value":-8.3003,"farmer_unique_id":"278716","site_id":3978},{"date":"2021-01-03","product":"COPERNICUS/S1_GRD","band":"VV","value":-10.9775,"farmer_unique_id":"278716","site_id":3978},{"date":"2021-01-10","product":"COPERNICUS/S1_GRD","band":"VV","value":-11.1126,"farmer_unique_id":"278716","site_id":3978},{"date":"2021-01-15","product":"COPERNICUS/S1_GRD","band":"VV","value":-9.8342,"farmer_unique_id":"278716","site_id":3978},{"date":"2021-01-22","product":"COPERNICUS/S1_GRD","band":"VV","value":-9.3794,"farmer_unique_id":"278716","site_id":3978},{"date":"2021-01-27","product":"COPERNICUS/S1_GRD","band":"VV","value":-11.9028,"farmer_unique_id":"278716","site_id":3978},{"date":"2021-02-03","product":"COPERNICUS/S1_GRD","band":"VV","value":-9.5518,"farmer_unique_id":"278716","site_id":3978},{"date":"2021-02-08","product":"COPERNICUS/S1_GRD","band":"VV","value":-9.6296,"farmer_unique_id":"278716","site_id":3978},{"date":"2021-02-15","product":"COPERNICUS/S1_GRD","band":"VV","value":-7.3376,"farmer_unique_id":"278716","site_id":3978},{"date":"2021-02-20","product":"COPERNICUS/S1_GRD","band":"VV","value":-11.7173,"farmer_unique_id":"278716","site_id":3978},{"date":"2021-02-27","product":"COPERNICUS/S1_GRD","band":"VV","value":-8.5337,"farmer_unique_id":"278716","site_id":3978},{"date":"2021-03-04","product":"COPERNICUS/S1_GRD","band":"VV","value":-8.1296,"farmer_unique_id":"278716","site_id":3978},{"date":"2021-03-11","product":"COPERNICUS/S1_GRD","band":"VV","value":-13.0997,"farmer_unique_id":"278716","site_id":3978},{"date":"2021-03-16","product":"COPERNICUS/S1_GRD","band":"VV","value":-10.094,"farmer_unique_id":"278716","site_id":3978},{"date":"2021-03-23","product":"COPERNICUS/S1_GRD","band":"VV","value":-13.6756,"farmer_unique_id":"278716","site_id":3978},{"date":"2021-03-28","product":"COPERNICUS/S1_GRD","band":"VV","value":-12.9705,"farmer_unique_id":"278716","site_id":3978},{"date":"2021-04-04","product":"COPERNICUS/S1_GRD","band":"VV","value":-9.1868,"farmer_unique_id":"278716","site_id":3978},{"date":"2021-04-09","product":"COPERNICUS/S1_GRD","band":"VV","value":-11.0866,"farmer_unique_id":"278716","site_id":3978},{"date":"2021-04-16","product":"COPERNICUS/S1_GRD","band":"VV","value":-8.9916,"farmer_unique_id":"278716","site_id":3978},{"date":"2021-04-21","product":"COPERNICUS/S1_GRD","band":"VV","value":-11.0709,"farmer_unique_id":"278716","site_id":3978},{"date":"2021-04-28","product":"COPERNICUS/S1_GRD","band":"VV","value":-8.9649,"farmer_unique_id":"278716","site_id":3978},{"date":"2021-05-03","product":"COPERNICUS/S1_GRD","band":"VV","value":-12.4674,"farmer_unique_id":"278716","site_id":3978},{"date":"2021-05-10","product":"COPERNICUS/S1_GRD","band":"VV","value":-10.2177,"farmer_unique_id":"278716","site_id":3978},{"date":"2021-05-15","product":"COPERNICUS/S1_GRD","band":"VV","value":-14.1141,"farmer_unique_id":"278716","site_id":3978},{"date":"2021-05-22","product":"COPERNICUS/S1_GRD","band":"VV","value":-9.0205,"farmer_unique_id":"278716","site_id":3978},{"date":"2021-05-27","product":"COPERNICUS/S1_GRD","band":"VV","value":-9.0698,"farmer_unique_id":"278716","site_id":3978},{"date":"2021-06-03","product":"COPERNICUS/S1_GRD","band":"VV","value":-10.4814,"farmer_unique_id":"278716","site_id":3978},{"date":"2021-06-08","product":"COPERNICUS/S1_GRD","band":"VV","value":-8.5619,"farmer_unique_id":"278716","site_id":3978},{"date":"2021-06-15","product":"COPERNICUS/S1_GRD","band":"VV","value":-10.6475,"farmer_unique_id":"278716","site_id":3978},{"date":"2021-06-20","product":"COPERNICUS/S1_GRD","band":"VV","value":-11.9897,"farmer_unique_id":"278716","site_id":3978},{"date":"2021-06-27","product":"COPERNICUS/S1_GRD","band":"VV","value":-8.6241,"farmer_unique_id":"278716","site_id":3978},{"date":"2021-07-02","product":"COPERNICUS/S1_GRD","band":"VV","value":-9.7124,"farmer_unique_id":"278716","site_id":3978},{"date":"2021-07-09","product":"COPERNICUS/S1_GRD","band":"VV","value":-12.8377,"farmer_unique_id":"278716","site_id":3978},{"date":"2021-07-14","product":"COPERNICUS/S1_GRD","band":"VV","value":-8.7057,"farmer_unique_id":"278716","site_id":3978},{"date":"2021-07-21","product":"COPERNICUS/S1_GRD","band":"VV","value":-11.0328,"farmer_unique_id":"278716","site_id":3978},{"date":"2021-07-26","product":"COPERNICUS/S1_GRD","band":"VV","value":-11.8937,"farmer_unique_id":"278716","site_id":3978},{"date":"2021-08-02","product":"COPERNICUS/S1_GRD","band":"VV","value":-8.8247,"farmer_unique_id":"278716","site_id":3978},{"date":"2021-08-07","product":"COPERNICUS/S1_GRD","band":"VV","value":-10.3162,"farmer_unique_id":"278716","site_id":3978},{"date":"2021-08-14","product":"COPERNICUS/S1_GRD","band":"VV","value":-9.3945,"farmer_unique_id":"278716","site_id":3978},{"date":"2021-08-19","product":"COPERNICUS/S1_GRD","band":"VV","value":-7.7474,"farmer_unique_id":"278716","site_id":3978},{"date":"2021-08-26","product":"COPERNICUS/S1_GRD","band":"VV","value":-5.9931,"farmer_unique_id":"278716","site_id":3978},{"date":"2021-08-31","product":"COPERNICUS/S1_GRD","band":"VV","value":-11.1202,"farmer_unique_id":"278716","site_id":3978},{"date":"2021-09-07","product":"COPERNICUS/S1_GRD","band":"VV","value":-10.9772,"farmer_unique_id":"278716","site_id":3978},{"date":"2021-09-12","product":"COPERNICUS/S1_GRD","band":"VV","value":-10.5826,"farmer_unique_id":"278716","site_id":3978},{"date":"2021-09-19","product":"COPERNICUS/S1_GRD","band":"VV","value":-10.6725,"farmer_unique_id":"278716","site_id":3978},{"date":"2021-09-24","product":"COPERNICUS/S1_GRD","band":"VV","value":-12.6376,"farmer_unique_id":"278716","site_id":3978},{"date":"2021-10-01","product":"COPERNICUS/S1_GRD","band":"VV","value":-11.3868,"farmer_unique_id":"278716","site_id":3978},{"date":"2021-10-06","product":"COPERNICUS/S1_GRD","band":"VV","value":-10.0953,"farmer_unique_id":"278716","site_id":3978},{"date":"2021-10-13","product":"COPERNICUS/S1_GRD","band":"VV","value":-11.1508,"farmer_unique_id":"278716","site_id":3978},{"date":"2021-10-18","product":"COPERNICUS/S1_GRD","band":"VV","value":-8.1419,"farmer_unique_id":"278716","site_id":3978},{"date":"2021-10-25","product":"COPERNICUS/S1_GRD","band":"VV","farmer_unique_id":"278716","site_id":3978},{"date":"2021-10-30","product":"COPERNICUS/S1_GRD","band":"VV","value":-10.1085,"farmer_unique_id":"278716","site_id":3978},{"date":"2021-11-06","product":"COPERNICUS/S1_GRD","band":"VV","value":-11.0501,"farmer_unique_id":"278716","site_id":3978},{"date":"2021-11-11","product":"COPERNICUS/S1_GRD","band":"VV","value":-9.9068,"farmer_unique_id":"278716","site_id":3978},{"date":"2021-11-18","product":"COPERNICUS/S1_GRD","band":"VV","value":-11.3623,"farmer_unique_id":"278716","site_id":3978},{"date":"2021-11-23","product":"COPERNICUS/S1_GRD","band":"VV","value":-16.0113,"farmer_unique_id":"278716","site_id":3978},{"date":"2021-11-30","product":"COPERNICUS/S1_GRD","band":"VV","value":-11.0525,"farmer_unique_id":"278716","site_id":3978},{"date":"2021-12-05","product":"COPERNICUS/S1_GRD","band":"VV","value":-11.9537,"farmer_unique_id":"278716","site_id":3978},{"date":"2021-12-12","product":"COPERNICUS/S1_GRD","band":"VV","value":-10.4835,"farmer_unique_id":"278716","site_id":3978},{"date":"2021-12-17","product":"COPERNICUS/S1_GRD","band":"VV","value":-11.7566,"farmer_unique_id":"278716","site_id":3978},{"date":"2021-12-24","product":"COPERNICUS/S1_GRD","band":"VV","value":-13.3381,"farmer_unique_id":"278716","site_id":3978},{"date":"2021-12-29","product":"COPERNICUS/S1_GRD","band":"VV","value":-11.8371,"farmer_unique_id":"278716","site_id":3978}]
