[{"date":"2020-01-11","product":"COPERNICUS/S1_GRD","band":"VH","value":-15.516,"farmer_unique_id":"4750826","site_id":4234},{"date":"2020-01-23","product":"COPERNICUS/S1_GRD","band":"VH","value":-16.2024,"farmer_unique_id":"4750826","site_id":4234},{"date":"2020-02-04","product":"COPERNICUS/S1_GRD","band":"VH","value":-11.4015,"farmer_unique_id":"4750826","site_id":4234},{"date":"2020-02-16","product":"COPERNICUS/S1_GRD","band":"VH","value":-16.4639,"farmer_unique_id":"4750826","site_id":4234},{"date":"2020-02-28","product":"COPERNICUS/S1_GRD","band":"VH","value":-17.2522,"farmer_unique_id":"4750826","site_id":4234},{"date":"2020-03-11","product":"COPERNICUS/S1_GRD","band":"VH","value":-14.2778,"farmer_unique_id":"4750826","site_id":4234},{"date":"2020-03-23","product":"COPERNICUS/S1_GRD","band":"VH","value":-15.3823,"farmer_unique_id":"4750826","site_id":4234},{"date":"2020-04-04","product":"COPERNICUS/S1_GRD","band":"VH","value":-15.2352,"farmer_unique_id":"4750826","site_id":4234},{"date":"2020-04-16","product":"COPERNICUS/S1_GRD","band":"VH","value":-10.5835,"farmer_unique_id":"4750826","site_id":4234},{"date":"2020-04-28","product":"COPERNICUS/S1_GRD","band":"VH","value":-13.763,"farmer_unique_id":"4750826","site_id":4234},{"date":"2020-05-10","product":"COPERNICUS/S1_GRD","band":"VH","value":-13.7931,"farmer_unique_id":"4750826","site_id":4234},{"date":"2020-05-22","product":"COPERNICUS/S1_GRD","band":"VH","value":-12.4112,"farmer_unique_id":"4750826","site_id":4234},{"date":"2020-06-03","product":"COPERNICUS/S1_GRD","band":"VH","value":-17.6666,"farmer_unique_id":"4750826","site_id":4234},{"date":"2020-06-15","product":"COPERNICUS/S1_GRD","band":"VH","value":-12.028,"farmer_unique_id":"4750826","site_id":4234},{"date":"2020-06-27","product":"COPERNICUS/S1_GRD","band":"VH","value":-12.3898,"farmer_unique_id":"4750826","site_id":4234},{"date":"2020-07-09","product":"COPERNICUS/S1_GRD","band":"VH","value":-13.6696,"farmer_unique_id":"4750826","site_id":4234},{"date":"2020-07-21","product":"COPERNICUS/S1_GRD","band":"VH","value":-14.2423,"farmer_unique_id":"4750826","site_id":4234},{"date":"2020-08-02","product":"COPERNICUS/S1_GRD","band":"VH","value":-16.9891,"farmer_unique_id":"4750826","site_id":4234},{"date":"2020-08-14","product":"COPERNICUS/S1_GRD","band":"VH","value":-15.3272,"farmer_unique_id":"4750826","site_id":4234},{"date":"2020-08-26","product":"COPERNICUS/S1_GRD","band":"VH","value":-13.8506,"farmer_unique_id":"4750826","site_id":4234},{"date":"2020-09-07","product":"COPERNICUS/S1_GRD","band":"VH","value":-16.9238,"farmer_unique_id":"4750826","site_id":4234},{"date":"2020-09-19","product":"COPERNICUS/S1_GRD","band":"VH","value":-16.6327,"farmer_unique_id":"4750826","site_id":4234},{"date":"2020-10-01","product":"COPERNICUS/S1_GRD","band":"VH","value":-13.7303,"farmer_unique_id":"4750826","site_id":4234},{"date":"2020-10-13","product":"COPERNICUS/S1_GRD","band":"VH","value":-18.9948,"farmer_unique_id":"4750826","site_id":4234},{"date":"2020-10-25","product":"COPERNICUS/S1_GRD","band":"VH","value":-14.1686,"farmer_unique_id":"4750826","site_id":4234},{"date":"2020-11-06","product":"COPERNICUS/S1_GRD","band":"VH","value":-16.7311,"farmer_unique_id":"4750826","site_id":4234},{"date":"2020-11-18","product":"COPERNICUS/S1_GRD","band":"VH","value":-17.5103,"farmer_unique_id":"4750826","site_id":4234},{"date":"2020-11-30","product":"COPERNICUS/S1_GRD","band":"VH","value":-16.2203,"farmer_unique_id":"4750826","site_id":4234},{"date":"2020-12-12","product":"COPERNICUS/S1_GRD","band":"VH","value":-16.3522,"farmer_unique_id":"4750826","site_id":4234},{"date":"2020-12-24","product":"COPERNICUS/S1_GRD","band":"VH","value":-13.2117,"farmer_unique_id":"4750826","site_id":4234},{"date":"2021-01-05","product":"COPERNICUS/S1_GRD","band":"VH","value":-13.9931,"farmer_unique_id":"4750826","site_id":4234},{"date":"2021-01-17","product":"COPERNICUS/S1_GRD","band":"VH","value":-12.9979,"farmer_unique_id":"4750826","site_id":4234},{"date":"2021-01-29","product":"COPERNICUS/S1_GRD","band":"VH","value":-13.9037,"farmer_unique_id":"4750826","site_id":4234},{"date":"2021-02-10","product":"COPERNICUS/S1_GRD","band":"VH","value":-16.3413,"farmer_unique_id":"4750826","site_id":4234},{"date":"2021-02-22","product":"COPERNICUS/S1_GRD","band":"VH","value":-10.6479,"farmer_unique_id":"4750826","site_id":4234},{"date":"2021-03-06","product":"COPERNICUS/S1_GRD","band":"VH","value":-17.24,"farmer_unique_id":"4750826","site_id":4234},{"date":"2021-03-18","product":"COPERNICUS/S1_GRD","band":"VH","value":-11.5339,"farmer_unique_id":"4750826","site_id":4234},{"date":"2021-03-30","product":"COPERNICUS/S1_GRD","band":"VH","value":-14.1292,"farmer_unique_id":"4750826","site_id":4234},{"date":"2021-04-11","product":"COPERNICUS/S1_GRD","band":"VH","value":-16.9421,"farmer_unique_id":"4750826","site_id":4234},{"date":"2021-04-23","product":"COPERNICUS/S1_GRD","band":"VH","value":-13.5304,"farmer_unique_id":"4750826","site_id":4234},{"date":"2021-05-05","product":"COPERNICUS/S1_GRD","band":"VH","value":-17.9658,"farmer_unique_id":"4750826","site_id":4234},{"date":"2021-05-17","product":"COPERNICUS/S1_GRD","band":"VH","value":-14.3913,"farmer_unique_id":"4750826","site_id":4234},{"date":"2021-05-29","product":"COPERNICUS/S1_GRD","band":"VH","value":-12.8679,"farmer_unique_id":"4750826","site_id":4234},{"date":"2021-06-10","product":"COPERNICUS/S1_GRD","band":"VH","value":-12.155,"farmer_unique_id":"4750826","site_id":4234},{"date":"2021-06-22","product":"COPERNICUS/S1_GRD","band":"VH","value":-14.219,"farmer_unique_id":"4750826","site_id":4234},{"date":"2021-07-04","product":"COPERNICUS/S1_GRD","band":"VH","value":-13.2986,"farmer_unique_id":"4750826","site_id":4234},{"date":"2021-07-16","product":"COPERNICUS/S1_GRD","band":"VH","value":-12.5436,"farmer_unique_id":"4750826","site_id":4234},{"date":"2021-07-28","product":"COPERNICUS/S1_GRD","band":"VH","value":-13.1881,"farmer_unique_id":"4750826","site_id":4234},{"date":"2021-08-09","product":"COPERNICUS/S1_GRD","band":"VH","value":-16.952,"farmer_unique_id":"4750826","site_id":4234},{"date":"2021-08-21","product":"COPERNICUS/S1_GRD","band":"VH","value":-18.2308,"farmer_unique_id":"4750826","site_id":4234},{"date":"2021-09-02","product":"COPERNICUS/S1_GRD","band":"VH","value":-16.346,"farmer_unique_id":"4750826","site_id":4234},{"date":"2021-09-14","product":"COPERNICUS/S1_GRD","band":"VH","value":-15.6511,"farmer_unique_id":"4750826","site_id":4234},{"date":"2021-09-26","product":"COPERNICUS/S1_GRD","band":"VH","value":-14.6378,"farmer_unique_id":"4750826","site_id":4234},{"date":"2021-10-08","product":"COPERNICUS/S1_GRD","band":"VH","value":-15.9611,"farmer_unique_id":"4750826","site_id":4234},{"date":"2021-10-20","product":"COPERNICUS/S1_GRD","band":"VH","value":-19.5026,"farmer_unique_id":"4750826","site_id":4234},{"date":"2021-11-01","product":"COPERNICUS/S1_GRD","band":"VH","value":-20.4855,"farmer_unique_id":"4750826","site_id":4234},{"date":"2021-11-13","product":"COPERNICUS/S1_GRD","band":"VH","value":-16.4888,"farmer_unique_id":"4750826","site_id":4234},{"date":"2021-11-25","product":"COPERNICUS/S1_GRD","band":"VH","value":-12.3719,"farmer_unique_id":"4750826","site_id":4234},{"date":"2021-12-07","product":"COPERNICUS/S1_GRD","band":"VH","value":-15.4626,"farmer_unique_id":"4750826","site_id":4234},{"date":"2021-12-19","product":"COPERNICUS/S1_GRD","band":"VH","value":-16.2413,"farmer_unique_id":"4750826","site_id":4234},{"date":"2020-01-11","product":"COPERNICUS/S1_GRD","band":"VV","value":-8.9737,"farmer_unique_id":"4750826","site_id":4234},{"date":"2020-01-23","product":"COPERNICUS/S1_GRD","band":"VV","value":-9.1976,"farmer_unique_id":"4750826","site_id":4234},{"date":"2020-02-04","product":"COPERNICUS/S1_GRD","band":"VV","value":-5.6441,"farmer_unique_id":"4750826","site_id":4234},{"date":"2020-02-16","product":"COPERNICUS/S1_GRD","band":"VV","value":-5.1936,"farmer_unique_id":"4750826","site_id":4234},{"date":"2020-02-28","product":"COPERNICUS/S1_GRD","band":"VV","value":-6.8128,"farmer_unique_id":"4750826","site_id":4234},{"date":"2020-03-11","product":"COPERNICUS/S1_GRD","band":"VV","value":-6.3383,"farmer_unique_id":"4750826","site_id":4234},{"date":"2020-03-23","product":"COPERNICUS/S1_GRD","band":"VV","value":-11.1964,"farmer_unique_id":"4750826","site_id":4234},{"date":"2020-04-04","product":"COPERNICUS/S1_GRD","band":"VV","value":-9.8957,"farmer_unique_id":"4750826","site_id":4234},{"date":"2020-04-16","product":"COPERNICUS/S1_GRD","band":"VV","value":-7.6071,"farmer_unique_id":"4750826","site_id":4234},{"date":"2020-04-28","product":"COPERNICUS/S1_GRD","band":"VV","value":-8.1201,"farmer_unique_id":"4750826","site_id":4234},{"date":"2020-05-10","product":"COPERNICUS/S1_GRD","band":"VV","value":-7.6197,"farmer_unique_id":"4750826","site_id":4234},{"date":"2020-05-22","product":"COPERNICUS/S1_GRD","band":"VV","value":-7.2521,"farmer_unique_id":"4750826","site_id":4234},{"date":"2020-06-03","product":"COPERNICUS/S1_GRD","band":"VV","value":-6.1942,"farmer_unique_id":"4750826","site_id":4234},{"date":"2020-06-15","product":"COPERNICUS/S1_GRD","band":"VV","value":-8.8601,"farmer_unique_id":"4750826","site_id":4234},{"date":"2020-06-27","product":"COPERNICUS/S1_GRD","band":"VV","value":-10.248,"farmer_unique_id":"4750826","site_id":4234},{"date":"2020-07-09","product":"COPERNICUS/S1_GRD","band":"VV","value":-9.0205,"farmer_unique_id":"4750826","site_id":4234},{"date":"2020-07-21","product":"COPERNICUS/S1_GRD","band":"VV","value":-7.7999,"farmer_unique_id":"4750826","site_id":4234},{"date":"2020-08-02","product":"COPERNICUS/S1_GRD","band":"VV","value":-9.9927,"farmer_unique_id":"4750826","site_id":4234},{"date":"2020-08-14","product":"COPERNICUS/S1_GRD","band":"VV","value":-10.4828,"farmer_unique_id":"4750826","site_id":4234},{"date":"2020-08-26","product":"COPERNICUS/S1_GRD","band":"VV","value":-8.8848,"farmer_unique_id":"4750826","site_id":4234},{"date":"2020-09-07","product":"COPERNICUS/S1_GRD","band":"VV","value":-7.552,"farmer_unique_id":"4750826","site_id":4234},{"date":"2020-09-19","product":"COPERNICUS/S1_GRD","band":"VV","value":-9.6188,"farmer_unique_id":"4750826","site_id":4234},{"date":"2020-10-01","product":"COPERNICUS/S1_GRD","band":"VV","value":-12.8273,"farmer_unique_id":"4750826","site_id":4234},{"date":"2020-10-13","product":"COPERNICUS/S1_GRD","band":"VV","value":-8.2308,"farmer_unique_id":"4750826","site_id":4234},{"date":"2020-10-25","product":"COPERNICUS/S1_GRD","band":"VV","value":-11.2851,"farmer_unique_id":"4750826","site_id":4234},{"date":"2020-11-06","product":"COPERNICUS/S1_GRD","band":"VV","value":-10.2453,"farmer_unique_id":"4750826","site_id":4234},{"date":"2020-11-18","product":"COPERNICUS/S1_GRD","band":"VV","value":-8.1434,"farmer_unique_id":"4750826","site_id":4234},{"date":"2020-11-30","product":"COPERNICUS/S1_GRD","band":"VV","value":-7.763,"farmer_unique_id":"4750826","site_id":4234},{"date":"2020-12-12","product":"COPERNICUS/S1_GRD","band":"VV","value":-5.451,"farmer_unique_id":"4750826","site_id":4234},{"date":"2020-12-24","product":"COPERNICUS/S1_GRD","band":"VV","value":-10.7385,"farmer_unique_id":"4750826","site_id":4234},{"date":"2021-01-05","product":"COPERNICUS/S1_GRD","band":"VV","value":-8.301,"farmer_unique_id":"4750826","site_id":4234},{"date":"2021-01-17","product":"COPERNICUS/S1_GRD","band":"VV","value":-8.7517,"farmer_unique_id":"4750826","site_id":4234},{"date":"2021-01-29","product":"COPERNICUS/S1_GRD","band":"VV","value":-8.4235,"farmer_unique_id":"4750826","site_id":4234},{"date":"2021-02-10","product":"COPERNICUS/S1_GRD","band":"VV","value":-6.7161,"farmer_unique_id":"4750826","site_id":4234},{"date":"2021-02-22","product":"COPERNICUS/S1_GRD","band":"VV","value":-9.7161,"farmer_unique_id":"4750826","site_id":4234},{"date":"2021-03-06","product":"COPERNICUS/S1_GRD","band":"VV","value":-10.4352,"farmer_unique_id":"4750826","site_id":4234},{"date":"2021-03-18","product":"COPERNICUS/S1_GRD","band":"VV","value":-9.8834,"farmer_unique_id":"4750826","site_id":4234},{"date":"2021-03-30","product":"COPERNICUS/S1_GRD","band":"VV","value":-9.974,"farmer_unique_id":"4750826","site_id":4234},{"date":"2021-04-11","product":"COPERNICUS/S1_GRD","band":"VV","value":-10.4394,"farmer_unique_id":"4750826","site_id":4234},{"date":"2021-04-23","product":"COPERNICUS/S1_GRD","band":"VV","value":-8.1272,"farmer_unique_id":"4750826","site_id":4234},{"date":"2021-05-05","product":"COPERNICUS/S1_GRD","band":"VV","value":-10.9182,"farmer_unique_id":"4750826","site_id":4234},{"date":"2021-05-17","product":"COPERNICUS/S1_GRD","band":"VV","value":-5.5899,"farmer_unique_id":"4750826","site_id":4234},{"date":"2021-05-29","product":"COPERNICUS/S1_GRD","band":"VV","value":-9.4522,"farmer_unique_id":"4750826","site_id":4234},{"date":"2021-06-10","product":"COPERNICUS/S1_GRD","band":"VV","value":-8.0879,"farmer_unique_id":"4750826","site_id":4234},{"date":"2021-06-22","product":"COPERNICUS/S1_GRD","band":"VV","value":-9.2707,"farmer_unique_id":"4750826","site_id":4234},{"date":"2021-07-04","product":"COPERNICUS/S1_GRD","band":"VV","value":-10.7877,"farmer_unique_id":"4750826","site_id":4234},{"date":"2021-07-16","product":"COPERNICUS/S1_GRD","band":"VV","value":-8.7939,"farmer_unique_id":"4750826","site_id":4234},{"date":"2021-07-28","product":"COPERNICUS/S1_GRD","band":"VV","value":-9.4492,"farmer_unique_id":"4750826","site_id":4234},{"date":"2021-08-09","product":"COPERNICUS/S1_GRD","band":"VV","value":-9.2572,"farmer_unique_id":"4750826","site_id":4234},{"date":"2021-08-21","product":"COPERNICUS/S1_GRD","band":"VV","value":-10.6943,"farmer_unique_id":"4750826","site_id":4234},{"date":"2021-09-02","product":"COPERNICUS/S1_GRD","band":"VV","value":-10.2891,"farmer_unique_id":"4750826","site_id":4234},{"date":"2021-09-14","product":"COPERNICUS/S1_GRD","band":"VV","value":-10.6611,"farmer_unique_id":"4750826","site_id":4234},{"date":"2021-09-26","product":"COPERNICUS/S1_GRD","band":"VV","value":-11.2912,"farmer_unique_id":"4750826","site_id":4234},{"date":"2021-10-08","product":"COPERNICUS/S1_GRD","band":"VV","value":-12.5106,"farmer_unique_id":"4750826","site_id":4234},{"date":"2021-10-20","product":"COPERNICUS/S1_GRD","band":"VV","value":-5.8726,"farmer_unique_id":"4750826","site_id":4234},{"date":"2021-11-01","product":"COPERNICUS/S1_GRD","band":"VV","value":-9.0255,"farmer_unique_id":"4750826","site_id":4234},{"date":"2021-11-13","product":"COPERNICUS/S1_GRD","band":"VV","value":-8.4925,"farmer_unique_id":"4750826","site_id":4234},{"date":"2021-11-25","product":"COPERNICUS/S1_GRD","band":"VV","value":-7.1435,"farmer_unique_id":"4750826","site_id":4234},{"date":"2021-12-07","product":"COPERNICUS/S1_GRD","band":"VV","value":-2.5609,"farmer_unique_id":"4750826","site_id":4234},{"date":"2021-12-19","product":"COPERNICUS/S1_GRD","band":"VV","value":-8.4377,"farmer_unique_id":"4750826","site_id":4234}]
