[{"date":"2020-01-11","product":"COPERNICUS/S1_GRD","band":"VH","value":-15.8017,"farmer_unique_id":"3571471","site_id":10275},{"date":"2020-01-23","product":"COPERNICUS/S1_GRD","band":"VH","value":-15.6072,"farmer_unique_id":"3571471","site_id":10275},{"date":"2020-02-04","product":"COPERNICUS/S1_GRD","band":"VH","value":-14.8818,"farmer_unique_id":"3571471","site_id":10275},{"date":"2020-02-16","product":"COPERNICUS/S1_GRD","band":"VH","value":-13.1485,"farmer_unique_id":"3571471","site_id":10275},{"date":"2020-02-28","product":"COPERNICUS/S1_GRD","band":"VH","value":-12.8384,"farmer_unique_id":"3571471","site_id":10275},{"date":"2020-03-11","product":"COPERNICUS/S1_GRD","band":"VH","value":-11.369,"farmer_unique_id":"3571471","site_id":10275},{"date":"2020-03-23","product":"COPERNICUS/S1_GRD","band":"VH","value":-18.6954,"farmer_unique_id":"3571471","site_id":10275},{"date":"2020-04-04","product":"COPERNICUS/S1_GRD","band":"VH","value":-16.1844,"farmer_unique_id":"3571471","site_id":10275},{"date":"2020-04-16","product":"COPERNICUS/S1_GRD","band":"VH","value":-19.0092,"farmer_unique_id":"3571471","site_id":10275},{"date":"2020-04-28","product":"COPERNICUS/S1_GRD","band":"VH","value":-15.107,"farmer_unique_id":"3571471","site_id":10275},{"date":"2020-05-10","product":"COPERNICUS/S1_GRD","band":"VH","value":-15.2507,"farmer_unique_id":"3571471","site_id":10275},{"date":"2020-05-22","product":"COPERNICUS/S1_GRD","band":"VH","value":-16.007,"farmer_unique_id":"3571471","site_id":10275},{"date":"2020-06-03","product":"COPERNICUS/S1_GRD","band":"VH","value":-12.8422,"farmer_unique_id":"3571471","site_id":10275},{"date":"2020-06-15","product":"COPERNICUS/S1_GRD","band":"VH","value":-14.9985,"farmer_unique_id":"3571471","site_id":10275},{"date":"2020-06-27","product":"COPERNICUS/S1_GRD","band":"VH","value":-15.3315,"farmer_unique_id":"3571471","site_id":10275},{"date":"2020-07-09","product":"COPERNICUS/S1_GRD","band":"VH","value":-17.1818,"farmer_unique_id":"3571471","site_id":10275},{"date":"2020-07-21","product":"COPERNICUS/S1_GRD","band":"VH","value":-15.1228,"farmer_unique_id":"3571471","site_id":10275},{"date":"2020-08-02","product":"COPERNICUS/S1_GRD","band":"VH","value":-16.1374,"farmer_unique_id":"3571471","site_id":10275},{"date":"2020-08-14","product":"COPERNICUS/S1_GRD","band":"VH","value":-13.5482,"farmer_unique_id":"3571471","site_id":10275},{"date":"2020-08-26","product":"COPERNICUS/S1_GRD","band":"VH","value":-14.8943,"farmer_unique_id":"3571471","site_id":10275},{"date":"2020-09-07","product":"COPERNICUS/S1_GRD","band":"VH","value":-15.6365,"farmer_unique_id":"3571471","site_id":10275},{"date":"2020-09-19","product":"COPERNICUS/S1_GRD","band":"VH","value":-17.4202,"farmer_unique_id":"3571471","site_id":10275},{"date":"2020-10-01","product":"COPERNICUS/S1_GRD","band":"VH","value":-15.3247,"farmer_unique_id":"3571471","site_id":10275},{"date":"2020-10-13","product":"COPERNICUS/S1_GRD","band":"VH","value":-17.2279,"farmer_unique_id":"3571471","site_id":10275},{"date":"2020-10-25","product":"COPERNICUS/S1_GRD","band":"VH","value":-16.8559,"farmer_unique_id":"3571471","site_id":10275},{"date":"2020-11-06","product":"COPERNICUS/S1_GRD","band":"VH","value":-19.3412,"farmer_unique_id":"3571471","site_id":10275},{"date":"2020-11-18","product":"COPERNICUS/S1_GRD","band":"VH","value":-16.0948,"farmer_unique_id":"3571471","site_id":10275},{"date":"2020-11-30","product":"COPERNICUS/S1_GRD","band":"VH","value":-15.258,"farmer_unique_id":"3571471","site_id":10275},{"date":"2020-12-12","product":"COPERNICUS/S1_GRD","band":"VH","value":-16.2023,"farmer_unique_id":"3571471","site_id":10275},{"date":"2020-12-24","product":"COPERNICUS/S1_GRD","band":"VH","value":-15.0554,"farmer_unique_id":"3571471","site_id":10275},{"date":"2021-01-05","product":"COPERNICUS/S1_GRD","band":"VH","value":-17.5147,"farmer_unique_id":"3571471","site_id":10275},{"date":"2021-01-17","product":"COPERNICUS/S1_GRD","band":"VH","value":-14.4629,"farmer_unique_id":"3571471","site_id":10275},{"date":"2021-01-29","product":"COPERNICUS/S1_GRD","band":"VH","value":-15.9264,"farmer_unique_id":"3571471","site_id":10275},{"date":"2021-02-10","product":"COPERNICUS/S1_GRD","band":"VH","value":-17.5953,"farmer_unique_id":"3571471","site_id":10275},{"date":"2021-02-22","product":"COPERNICUS/S1_GRD","band":"VH","value":-13.5143,"farmer_unique_id":"3571471","site_id":10275},{"date":"2021-03-06","product":"COPERNICUS/S1_GRD","band":"VH","value":-17.8144,"farmer_unique_id":"3571471","site_id":10275},{"date":"2021-03-18","product":"COPERNICUS/S1_GRD","band":"VH","value":-17.8843,"farmer_unique_id":"3571471","site_id":10275},{"date":"2021-03-30","product":"COPERNICUS/S1_GRD","band":"VH","value":-15.5048,"farmer_unique_id":"3571471","site_id":10275},{"date":"2021-04-11","product":"COPERNICUS/S1_GRD","band":"VH","value":-14.1186,"farmer_unique_id":"3571471","site_id":10275},{"date":"2021-04-23","product":"COPERNICUS/S1_GRD","band":"VH","value":-16.4284,"farmer_unique_id":"3571471","site_id":10275},{"date":"2021-05-05","product":"COPERNICUS/S1_GRD","band":"VH","value":-17.5841,"farmer_unique_id":"3571471","site_id":10275},{"date":"2021-05-17","product":"COPERNICUS/S1_GRD","band":"VH","value":-15.7809,"farmer_unique_id":"3571471","site_id":10275},{"date":"2021-05-29","product":"COPERNICUS/S1_GRD","band":"VH","value":-14.054,"farmer_unique_id":"3571471","site_id":10275},{"date":"2021-06-10","product":"COPERNICUS/S1_GRD","band":"VH","value":-15.9044,"farmer_unique_id":"3571471","site_id":10275},{"date":"2021-06-22","product":"COPERNICUS/S1_GRD","band":"VH","value":-15.5057,"farmer_unique_id":"3571471","site_id":10275},{"date":"2021-07-04","product":"COPERNICUS/S1_GRD","band":"VH","value":-16.6561,"farmer_unique_id":"3571471","site_id":10275},{"date":"2021-07-16","product":"COPERNICUS/S1_GRD","band":"VH","value":-21.0259,"farmer_unique_id":"3571471","site_id":10275},{"date":"2021-07-28","product":"COPERNICUS/S1_GRD","band":"VH","value":-16.5922,"farmer_unique_id":"3571471","site_id":10275},{"date":"2021-08-09","product":"COPERNICUS/S1_GRD","band":"VH","value":-18.0726,"farmer_unique_id":"3571471","site_id":10275},{"date":"2021-08-21","product":"COPERNICUS/S1_GRD","band":"VH","value":-21.3506,"farmer_unique_id":"3571471","site_id":10275},{"date":"2021-09-02","product":"COPERNICUS/S1_GRD","band":"VH","value":-18.7314,"farmer_unique_id":"3571471","site_id":10275},{"date":"2021-09-14","product":"COPERNICUS/S1_GRD","band":"VH","value":-15.8992,"farmer_unique_id":"3571471","site_id":10275},{"date":"2021-09-26","product":"COPERNICUS/S1_GRD","band":"VH","value":-15.1547,"farmer_unique_id":"3571471","site_id":10275},{"date":"2021-10-08","product":"COPERNICUS/S1_GRD","band":"VH","value":-15.3318,"farmer_unique_id":"3571471","site_id":10275},{"date":"2021-10-20","product":"COPERNICUS/S1_GRD","band":"VH","value":-20.6583,"farmer_unique_id":"3571471","site_id":10275},{"date":"2021-11-01","product":"COPERNICUS/S1_GRD","band":"VH","value":-21.7225,"farmer_unique_id":"3571471","site_id":10275},{"date":"2021-11-13","product":"COPERNICUS/S1_GRD","band":"VH","value":-20.2709,"farmer_unique_id":"3571471","site_id":10275},{"date":"2021-11-25","product":"COPERNICUS/S1_GRD","band":"VH","value":-15.4852,"farmer_unique_id":"3571471","site_id":10275},{"date":"2021-12-07","product":"COPERNICUS/S1_GRD","band":"VH","value":-17.1733,"farmer_unique_id":"3571471","site_id":10275},{"date":"2021-12-19","product":"COPERNICUS/S1_GRD","band":"VH","value":-15.3594,"farmer_unique_id":"3571471","site_id":10275},{"date":"2020-01-11","product":"COPERNICUS/S1_GRD","band":"VV","value":-12.9905,"farmer_unique_id":"3571471","site_id":10275},{"date":"2020-01-23","product":"COPERNICUS/S1_GRD","band":"VV","value":-9.1418,"farmer_unique_id":"3571471","site_id":10275},{"date":"2020-02-04","product":"COPERNICUS/S1_GRD","band":"VV","value":-11.2368,"farmer_unique_id":"3571471","site_id":10275},{"date":"2020-02-16","product":"COPERNICUS/S1_GRD","band":"VV","value":-9.9716,"farmer_unique_id":"3571471","site_id":10275},{"date":"2020-02-28","product":"COPERNICUS/S1_GRD","band":"VV","value":-11.828,"farmer_unique_id":"3571471","site_id":10275},{"date":"2020-03-11","product":"COPERNICUS/S1_GRD","band":"VV","value":-10.9636,"farmer_unique_id":"3571471","site_id":10275},{"date":"2020-03-23","product":"COPERNICUS/S1_GRD","band":"VV","value":-8.5168,"farmer_unique_id":"3571471","site_id":10275},{"date":"2020-04-04","product":"COPERNICUS/S1_GRD","band":"VV","value":-8.9995,"farmer_unique_id":"3571471","site_id":10275},{"date":"2020-04-16","product":"COPERNICUS/S1_GRD","band":"VV","value":-8.2572,"farmer_unique_id":"3571471","site_id":10275},{"date":"2020-04-28","product":"COPERNICUS/S1_GRD","band":"VV","value":-8.2763,"farmer_unique_id":"3571471","site_id":10275},{"date":"2020-05-10","product":"COPERNICUS/S1_GRD","band":"VV","value":-6.8941,"farmer_unique_id":"3571471","site_id":10275},{"date":"2020-05-22","product":"COPERNICUS/S1_GRD","band":"VV","value":-11.8057,"farmer_unique_id":"3571471","site_id":10275},{"date":"2020-06-03","product":"COPERNICUS/S1_GRD","band":"VV","value":-12.4456,"farmer_unique_id":"3571471","site_id":10275},{"date":"2020-06-15","product":"COPERNICUS/S1_GRD","band":"VV","value":-10.9467,"farmer_unique_id":"3571471","site_id":10275},{"date":"2020-06-27","product":"COPERNICUS/S1_GRD","band":"VV","value":-6.9958,"farmer_unique_id":"3571471","site_id":10275},{"date":"2020-07-09","product":"COPERNICUS/S1_GRD","band":"VV","value":-10.0139,"farmer_unique_id":"3571471","site_id":10275},{"date":"2020-07-21","product":"COPERNICUS/S1_GRD","band":"VV","value":-13.489,"farmer_unique_id":"3571471","site_id":10275},{"date":"2020-08-02","product":"COPERNICUS/S1_GRD","band":"VV","value":-10.8655,"farmer_unique_id":"3571471","site_id":10275},{"date":"2020-08-14","product":"COPERNICUS/S1_GRD","band":"VV","value":-10.0863,"farmer_unique_id":"3571471","site_id":10275},{"date":"2020-08-26","product":"COPERNICUS/S1_GRD","band":"VV","value":-11.0564,"farmer_unique_id":"3571471","site_id":10275},{"date":"2020-09-07","product":"COPERNICUS/S1_GRD","band":"VV","value":-12.5491,"farmer_unique_id":"3571471","site_id":10275},{"date":"2020-09-19","product":"COPERNICUS/S1_GRD","band":"VV","value":-11.3359,"farmer_unique_id":"3571471","site_id":10275},{"date":"2020-10-01","product":"COPERNICUS/S1_GRD","band":"VV","value":-8.9083,"farmer_unique_id":"3571471","site_id":10275},{"date":"2020-10-13","product":"COPERNICUS/S1_GRD","band":"VV","value":-10.2196,"farmer_unique_id":"3571471","site_id":10275},{"date":"2020-10-25","product":"COPERNICUS/S1_GRD","band":"VV","value":-9.463,"farmer_unique_id":"3571471","site_id":10275},{"date":"2020-11-06","product":"COPERNICUS/S1_GRD","band":"VV","value":-12.9409,"farmer_unique_id":"3571471","site_id":10275},{"date":"2020-11-18","product":"COPERNICUS/S1_GRD","band":"VV","value":-10.4269,"farmer_unique_id":"3571471","site_id":10275},{"date":"2020-11-30","product":"COPERNICUS/S1_GRD","band":"VV","value":-9.2158,"farmer_unique_id":"3571471","site_id":10275},{"date":"2020-12-12","product":"COPERNICUS/S1_GRD","band":"VV","value":-11.631,"farmer_unique_id":"3571471","site_id":10275},{"date":"2020-12-24","product":"COPERNICUS/S1_GRD","band":"VV","value":-6.9507,"farmer_unique_id":"3571471","site_id":10275},{"date":"2021-01-05","product":"COPERNICUS/S1_GRD","band":"VV","value":-9.9227,"farmer_unique_id":"3571471","site_id":10275},{"date":"2021-01-17","product":"COPERNICUS/S1_GRD","band":"VV","value":-6.1424,"farmer_unique_id":"3571471","site_id":10275},{"date":"2021-01-29","product":"COPERNICUS/S1_GRD","band":"VV","value":-13.1062,"farmer_unique_id":"3571471","site_id":10275},{"date":"2021-02-10","product":"COPERNICUS/S1_GRD","band":"VV","value":-12.2301,"farmer_unique_id":"3571471","site_id":10275},{"date":"2021-02-22","product":"COPERNICUS/S1_GRD","band":"VV","value":-6.3292,"farmer_unique_id":"3571471","site_id":10275},{"date":"2021-03-06","product":"COPERNICUS/S1_GRD","band":"VV","value":-11.0304,"farmer_unique_id":"3571471","site_id":10275},{"date":"2021-03-18","product":"COPERNICUS/S1_GRD","band":"VV","value":-10.7053,"farmer_unique_id":"3571471","site_id":10275},{"date":"2021-03-30","product":"COPERNICUS/S1_GRD","band":"VV","value":-11.9093,"farmer_unique_id":"3571471","site_id":10275},{"date":"2021-04-11","product":"COPERNICUS/S1_GRD","band":"VV","value":-10.2619,"farmer_unique_id":"3571471","site_id":10275},{"date":"2021-04-23","product":"COPERNICUS/S1_GRD","band":"VV","value":-7.2944,"farmer_unique_id":"3571471","site_id":10275},{"date":"2021-05-05","product":"COPERNICUS/S1_GRD","band":"VV","value":-10.6443,"farmer_unique_id":"3571471","site_id":10275},{"date":"2021-05-17","product":"COPERNICUS/S1_GRD","band":"VV","value":-9.636,"farmer_unique_id":"3571471","site_id":10275},{"date":"2021-05-29","product":"COPERNICUS/S1_GRD","band":"VV","value":-11.0043,"farmer_unique_id":"3571471","site_id":10275},{"date":"2021-06-10","product":"COPERNICUS/S1_GRD","band":"VV","value":-10.9884,"farmer_unique_id":"3571471","site_id":10275},{"date":"2021-06-22","product":"COPERNICUS/S1_GRD","band":"VV","value":-10.8894,"farmer_unique_id":"3571471","site_id":10275},{"date":"2021-07-04","product":"COPERNICUS/S1_GRD","band":"VV","value":-9.2619,"farmer_unique_id":"3571471","site_id":10275},{"date":"2021-07-16","product":"COPERNICUS/S1_GRD","band":"VV","value":-12.5114,"farmer_unique_id":"3571471","site_id":10275},{"date":"2021-07-28","product":"COPERNICUS/S1_GRD","band":"VV","value":-12.0803,"farmer_unique_id":"3571471","site_id":10275},{"date":"2021-08-09","product":"COPERNICUS/S1_GRD","band":"VV","value":-13.5367,"farmer_unique_id":"3571471","site_id":10275},{"date":"2021-08-21","product":"COPERNICUS/S1_GRD","band":"VV","value":-14.206,"farmer_unique_id":"3571471","site_id":10275},{"date":"2021-09-02","product":"COPERNICUS/S1_GRD","band":"VV","value":-11.6152,"farmer_unique_id":"3571471","site_id":10275},{"date":"2021-09-14","product":"COPERNICUS/S1_GRD","band":"VV","value":-13.6337,"farmer_unique_id":"3571471","site_id":10275},{"date":"2021-09-26","product":"COPERNICUS/S1_GRD","band":"VV","value":-10.5458,"farmer_unique_id":"3571471","site_id":10275},{"date":"2021-10-08","product":"COPERNICUS/S1_GRD","band":"VV","value":-9.9583,"farmer_unique_id":"3571471","site_id":10275},{"date":"2021-10-20","product":"COPERNICUS/S1_GRD","band":"VV","value":-11.3757,"farmer_unique_id":"3571471","site_id":10275},{"date":"2021-11-01","product":"COPERNICUS/S1_GRD","band":"VV","value":-13.2611,"farmer_unique_id":"3571471","site_id":10275},{"date":"2021-11-13","product":"COPERNICUS/S1_GRD","band":"VV","value":-17.5027,"farmer_unique_id":"3571471","site_id":10275},{"date":"2021-11-25","product":"COPERNICUS/S1_GRD","band":"VV","value":-10.9994,"farmer_unique_id":"3571471","site_id":10275},{"date":"2021-12-07","product":"COPERNICUS/S1_GRD","band":"VV","value":-8.9747,"farmer_unique_id":"3571471","site_id":10275},{"date":"2021-12-19","product":"COPERNICUS/S1_GRD","band":"VV","value":-10.6067,"farmer_unique_id":"3571471","site_id":10275}]
