[{"date":"2020-01-04","product":"COPERNICUS/S1_GRD","band":"VH","value":-13.8267,"farmer_unique_id":"3015919","site_id":7055},{"date":"2020-01-09","product":"COPERNICUS/S1_GRD","band":"VH","value":-12.5224,"farmer_unique_id":"3015919","site_id":7055},{"date":"2020-01-16","product":"COPERNICUS/S1_GRD","band":"VH","value":-14.4846,"farmer_unique_id":"3015919","site_id":7055},{"date":"2020-01-21","product":"COPERNICUS/S1_GRD","band":"VH","value":-16.6428,"farmer_unique_id":"3015919","site_id":7055},{"date":"2020-01-28","product":"COPERNICUS/S1_GRD","band":"VH","value":-12.1994,"farmer_unique_id":"3015919","site_id":7055},{"date":"2020-02-02","product":"COPERNICUS/S1_GRD","band":"VH","value":-17.5007,"farmer_unique_id":"3015919","site_id":7055},{"date":"2020-02-09","product":"COPERNICUS/S1_GRD","band":"VH","value":-15.3287,"farmer_unique_id":"3015919","site_id":7055},{"date":"2020-02-14","product":"COPERNICUS/S1_GRD","band":"VH","value":-12.0822,"farmer_unique_id":"3015919","site_id":7055},{"date":"2020-02-21","product":"COPERNICUS/S1_GRD","band":"VH","value":-13.0909,"farmer_unique_id":"3015919","site_id":7055},{"date":"2020-02-26","product":"COPERNICUS/S1_GRD","band":"VH","value":-18.5091,"farmer_unique_id":"3015919","site_id":7055},{"date":"2020-03-04","product":"COPERNICUS/S1_GRD","band":"VH","value":-14.1229,"farmer_unique_id":"3015919","site_id":7055},{"date":"2020-03-09","product":"COPERNICUS/S1_GRD","band":"VH","value":-14.508,"farmer_unique_id":"3015919","site_id":7055},{"date":"2020-03-16","product":"COPERNICUS/S1_GRD","band":"VH","value":-12.957,"farmer_unique_id":"3015919","site_id":7055},{"date":"2020-03-21","product":"COPERNICUS/S1_GRD","band":"VH","value":-18.1168,"farmer_unique_id":"3015919","site_id":7055},{"date":"2020-03-28","product":"COPERNICUS/S1_GRD","band":"VH","value":-14.1803,"farmer_unique_id":"3015919","site_id":7055},{"date":"2020-04-02","product":"COPERNICUS/S1_GRD","band":"VH","value":-14.5229,"farmer_unique_id":"3015919","site_id":7055},{"date":"2020-04-09","product":"COPERNICUS/S1_GRD","band":"VH","value":-13.9127,"farmer_unique_id":"3015919","site_id":7055},{"date":"2020-04-14","product":"COPERNICUS/S1_GRD","band":"VH","value":-13.3034,"farmer_unique_id":"3015919","site_id":7055},{"date":"2020-04-21","product":"COPERNICUS/S1_GRD","band":"VH","value":-15.4043,"farmer_unique_id":"3015919","site_id":7055},{"date":"2020-04-26","product":"COPERNICUS/S1_GRD","band":"VH","value":-13.1401,"farmer_unique_id":"3015919","site_id":7055},{"date":"2020-05-03","product":"COPERNICUS/S1_GRD","band":"VH","value":-13.241,"farmer_unique_id":"3015919","site_id":7055},{"date":"2020-05-08","product":"COPERNICUS/S1_GRD","band":"VH","value":-14.198,"farmer_unique_id":"3015919","site_id":7055},{"date":"2020-05-15","product":"COPERNICUS/S1_GRD","band":"VH","value":-13.7397,"farmer_unique_id":"3015919","site_id":7055},{"date":"2020-05-20","product":"COPERNICUS/S1_GRD","band":"VH","value":-11.5224,"farmer_unique_id":"3015919","site_id":7055},{"date":"2020-05-27","product":"COPERNICUS/S1_GRD","band":"VH","value":-13.6533,"farmer_unique_id":"3015919","site_id":7055},{"date":"2020-06-01","product":"COPERNICUS/S1_GRD","band":"VH","value":-14.8963,"farmer_unique_id":"3015919","site_id":7055},{"date":"2020-06-08","product":"COPERNICUS/S1_GRD","band":"VH","value":-16.6588,"farmer_unique_id":"3015919","site_id":7055},{"date":"2020-06-13","product":"COPERNICUS/S1_GRD","band":"VH","value":-13.7947,"farmer_unique_id":"3015919","site_id":7055},{"date":"2020-06-20","product":"COPERNICUS/S1_GRD","band":"VH","value":-14.678,"farmer_unique_id":"3015919","site_id":7055},{"date":"2020-06-25","product":"COPERNICUS/S1_GRD","band":"VH","value":-16.3097,"farmer_unique_id":"3015919","site_id":7055},{"date":"2020-07-02","product":"COPERNICUS/S1_GRD","band":"VH","value":-16.2271,"farmer_unique_id":"3015919","site_id":7055},{"date":"2020-07-07","product":"COPERNICUS/S1_GRD","band":"VH","value":-15.598,"farmer_unique_id":"3015919","site_id":7055},{"date":"2020-07-14","product":"COPERNICUS/S1_GRD","band":"VH","value":-15.6579,"farmer_unique_id":"3015919","site_id":7055},{"date":"2020-07-19","product":"COPERNICUS/S1_GRD","band":"VH","value":-17.5171,"farmer_unique_id":"3015919","site_id":7055},{"date":"2020-07-26","product":"COPERNICUS/S1_GRD","band":"VH","value":-15.0965,"farmer_unique_id":"3015919","site_id":7055},{"date":"2020-07-31","product":"COPERNICUS/S1_GRD","band":"VH","value":-16.0788,"farmer_unique_id":"3015919","site_id":7055},{"date":"2020-08-07","product":"COPERNICUS/S1_GRD","band":"VH","value":-18.2168,"farmer_unique_id":"3015919","site_id":7055},{"date":"2020-08-12","product":"COPERNICUS/S1_GRD","band":"VH","farmer_unique_id":"3015919","site_id":7055},{"date":"2020-08-19","product":"COPERNICUS/S1_GRD","band":"VH","value":-16.1205,"farmer_unique_id":"3015919","site_id":7055},{"date":"2020-08-24","product":"COPERNICUS/S1_GRD","band":"VH","value":-14.589,"farmer_unique_id":"3015919","site_id":7055},{"date":"2020-08-31","product":"COPERNICUS/S1_GRD","band":"VH","value":-12.8144,"farmer_unique_id":"3015919","site_id":7055},{"date":"2020-09-05","product":"COPERNICUS/S1_GRD","band":"VH","value":-17.9403,"farmer_unique_id":"3015919","site_id":7055},{"date":"2020-09-12","product":"COPERNICUS/S1_GRD","band":"VH","value":-16.1716,"farmer_unique_id":"3015919","site_id":7055},{"date":"2020-09-17","product":"COPERNICUS/S1_GRD","band":"VH","value":-16.0295,"farmer_unique_id":"3015919","site_id":7055},{"date":"2020-09-24","product":"COPERNICUS/S1_GRD","band":"VH","value":-15.82,"farmer_unique_id":"3015919","site_id":7055},{"date":"2020-09-29","product":"COPERNICUS/S1_GRD","band":"VH","value":-12.9002,"farmer_unique_id":"3015919","site_id":7055},{"date":"2020-10-06","product":"COPERNICUS/S1_GRD","band":"VH","value":-17.1434,"farmer_unique_id":"3015919","site_id":7055},{"date":"2020-10-11","product":"COPERNICUS/S1_GRD","band":"VH","value":-12.3883,"farmer_unique_id":"3015919","site_id":7055},{"date":"2020-10-18","product":"COPERNICUS/S1_GRD","band":"VH","value":-16.9105,"farmer_unique_id":"3015919","site_id":7055},{"date":"2020-10-23","product":"COPERNICUS/S1_GRD","band":"VH","value":-19.1706,"farmer_unique_id":"3015919","site_id":7055},{"date":"2020-10-30","product":"COPERNICUS/S1_GRD","band":"VH","value":-13.1866,"farmer_unique_id":"3015919","site_id":7055},{"date":"2020-11-04","product":"COPERNICUS/S1_GRD","band":"VH","value":-19.5049,"farmer_unique_id":"3015919","site_id":7055},{"date":"2020-11-11","product":"COPERNICUS/S1_GRD","band":"VH","value":-13.2377,"farmer_unique_id":"3015919","site_id":7055},{"date":"2020-11-16","product":"COPERNICUS/S1_GRD","band":"VH","value":-13.9562,"farmer_unique_id":"3015919","site_id":7055},{"date":"2020-11-23","product":"COPERNICUS/S1_GRD","band":"VH","value":-13.1456,"farmer_unique_id":"3015919","site_id":7055},{"date":"2020-11-28","product":"COPERNICUS/S1_GRD","band":"VH","value":-13.7336,"farmer_unique_id":"3015919","site_id":7055},{"date":"2020-12-05","product":"COPERNICUS/S1_GRD","band":"VH","value":-14.2656,"farmer_unique_id":"3015919","site_id":7055},{"date":"2020-12-10","product":"COPERNICUS/S1_GRD","band":"VH","value":-14.9931,"farmer_unique_id":"3015919","site_id":7055},{"date":"2020-12-17","product":"COPERNICUS/S1_GRD","band":"VH","value":-14.7767,"farmer_unique_id":"3015919","site_id":7055},{"date":"2020-12-22","product":"COPERNICUS/S1_GRD","band":"VH","value":-13.2782,"farmer_unique_id":"3015919","site_id":7055},{"date":"2020-12-29","product":"COPERNICUS/S1_GRD","band":"VH","value":-16.507,"farmer_unique_id":"3015919","site_id":7055},{"date":"2021-01-03","product":"COPERNICUS/S1_GRD","band":"VH","value":-13.7282,"farmer_unique_id":"3015919","site_id":7055},{"date":"2021-01-10","product":"COPERNICUS/S1_GRD","band":"VH","value":-16.422,"farmer_unique_id":"3015919","site_id":7055},{"date":"2021-01-15","product":"COPERNICUS/S1_GRD","band":"VH","value":-13.9079,"farmer_unique_id":"3015919","site_id":7055},{"date":"2021-01-22","product":"COPERNICUS/S1_GRD","band":"VH","value":-14.9653,"farmer_unique_id":"3015919","site_id":7055},{"date":"2021-01-27","product":"COPERNICUS/S1_GRD","band":"VH","value":-19.0463,"farmer_unique_id":"3015919","site_id":7055},{"date":"2021-02-03","product":"COPERNICUS/S1_GRD","band":"VH","value":-17.1831,"farmer_unique_id":"3015919","site_id":7055},{"date":"2021-02-08","product":"COPERNICUS/S1_GRD","band":"VH","value":-17.479,"farmer_unique_id":"3015919","site_id":7055},{"date":"2021-02-15","product":"COPERNICUS/S1_GRD","band":"VH","value":-17.2062,"farmer_unique_id":"3015919","site_id":7055},{"date":"2021-02-20","product":"COPERNICUS/S1_GRD","band":"VH","value":-16.0802,"farmer_unique_id":"3015919","site_id":7055},{"date":"2021-02-27","product":"COPERNICUS/S1_GRD","band":"VH","value":-15.8615,"farmer_unique_id":"3015919","site_id":7055},{"date":"2021-03-04","product":"COPERNICUS/S1_GRD","band":"VH","value":-15.3629,"farmer_unique_id":"3015919","site_id":7055},{"date":"2021-03-11","product":"COPERNICUS/S1_GRD","band":"VH","value":-16.8944,"farmer_unique_id":"3015919","site_id":7055},{"date":"2021-03-16","product":"COPERNICUS/S1_GRD","band":"VH","value":-11.9488,"farmer_unique_id":"3015919","site_id":7055},{"date":"2021-03-23","product":"COPERNICUS/S1_GRD","band":"VH","value":-16.8194,"farmer_unique_id":"3015919","site_id":7055},{"date":"2021-03-28","product":"COPERNICUS/S1_GRD","band":"VH","value":-17.4898,"farmer_unique_id":"3015919","site_id":7055},{"date":"2021-04-04","product":"COPERNICUS/S1_GRD","band":"VH","value":-14.7926,"farmer_unique_id":"3015919","site_id":7055},{"date":"2021-04-09","product":"COPERNICUS/S1_GRD","band":"VH","value":-13.7666,"farmer_unique_id":"3015919","site_id":7055},{"date":"2021-04-16","product":"COPERNICUS/S1_GRD","band":"VH","value":-15.0611,"farmer_unique_id":"3015919","site_id":7055},{"date":"2021-04-21","product":"COPERNICUS/S1_GRD","band":"VH","value":-12.1457,"farmer_unique_id":"3015919","site_id":7055},{"date":"2021-04-28","product":"COPERNICUS/S1_GRD","band":"VH","value":-13.8933,"farmer_unique_id":"3015919","site_id":7055},{"date":"2021-05-03","product":"COPERNICUS/S1_GRD","band":"VH","value":-17.3275,"farmer_unique_id":"3015919","site_id":7055},{"date":"2021-05-10","product":"COPERNICUS/S1_GRD","band":"VH","value":-17.0344,"farmer_unique_id":"3015919","site_id":7055},{"date":"2021-05-15","product":"COPERNICUS/S1_GRD","band":"VH","value":-11.5792,"farmer_unique_id":"3015919","site_id":7055},{"date":"2021-05-22","product":"COPERNICUS/S1_GRD","band":"VH","value":-14.9787,"farmer_unique_id":"3015919","site_id":7055},{"date":"2021-05-27","product":"COPERNICUS/S1_GRD","band":"VH","value":-13.0611,"farmer_unique_id":"3015919","site_id":7055},{"date":"2021-06-03","product":"COPERNICUS/S1_GRD","band":"VH","value":-14.3005,"farmer_unique_id":"3015919","site_id":7055},{"date":"2021-06-08","product":"COPERNICUS/S1_GRD","band":"VH","value":-14.1541,"farmer_unique_id":"3015919","site_id":7055},{"date":"2021-06-15","product":"COPERNICUS/S1_GRD","band":"VH","value":-15.7263,"farmer_unique_id":"3015919","site_id":7055},{"date":"2021-06-20","product":"COPERNICUS/S1_GRD","band":"VH","value":-13.8382,"farmer_unique_id":"3015919","site_id":7055},{"date":"2021-06-27","product":"COPERNICUS/S1_GRD","band":"VH","value":-16.2135,"farmer_unique_id":"3015919","site_id":7055},{"date":"2021-07-02","product":"COPERNICUS/S1_GRD","band":"VH","value":-18.1632,"farmer_unique_id":"3015919","site_id":7055},{"date":"2021-07-09","product":"COPERNICUS/S1_GRD","band":"VH","value":-14.9931,"farmer_unique_id":"3015919","site_id":7055},{"date":"2021-07-14","product":"COPERNICUS/S1_GRD","band":"VH","value":-13.5458,"farmer_unique_id":"3015919","site_id":7055},{"date":"2021-07-21","product":"COPERNICUS/S1_GRD","band":"VH","value":-19.0295,"farmer_unique_id":"3015919","site_id":7055},{"date":"2021-07-26","product":"COPERNICUS/S1_GRD","band":"VH","value":-12.9218,"farmer_unique_id":"3015919","site_id":7055},{"date":"2021-08-02","product":"COPERNICUS/S1_GRD","band":"VH","value":-14.5211,"farmer_unique_id":"3015919","site_id":7055},{"date":"2021-08-07","product":"COPERNICUS/S1_GRD","band":"VH","value":-12.7656,"farmer_unique_id":"3015919","site_id":7055},{"date":"2021-08-14","product":"COPERNICUS/S1_GRD","band":"VH","value":-13.7783,"farmer_unique_id":"3015919","site_id":7055},{"date":"2021-08-19","product":"COPERNICUS/S1_GRD","band":"VH","value":-16.9128,"farmer_unique_id":"3015919","site_id":7055},{"date":"2021-08-26","product":"COPERNICUS/S1_GRD","band":"VH","value":-16.9308,"farmer_unique_id":"3015919","site_id":7055},{"date":"2021-08-31","product":"COPERNICUS/S1_GRD","band":"VH","value":-17.5431,"farmer_unique_id":"3015919","site_id":7055},{"date":"2021-09-07","product":"COPERNICUS/S1_GRD","band":"VH","value":-15.2489,"farmer_unique_id":"3015919","site_id":7055},{"date":"2021-09-12","product":"COPERNICUS/S1_GRD","band":"VH","value":-17.0847,"farmer_unique_id":"3015919","site_id":7055},{"date":"2021-09-19","product":"COPERNICUS/S1_GRD","band":"VH","value":-12.7712,"farmer_unique_id":"3015919","site_id":7055},{"date":"2021-09-24","product":"COPERNICUS/S1_GRD","band":"VH","value":-13.9328,"farmer_unique_id":"3015919","site_id":7055},{"date":"2021-10-01","product":"COPERNICUS/S1_GRD","band":"VH","value":-15.6221,"farmer_unique_id":"3015919","site_id":7055},{"date":"2021-10-06","product":"COPERNICUS/S1_GRD","band":"VH","value":-12.3935,"farmer_unique_id":"3015919","site_id":7055},{"date":"2021-10-13","product":"COPERNICUS/S1_GRD","band":"VH","value":-18.2253,"farmer_unique_id":"3015919","site_id":7055},{"date":"2021-10-18","product":"COPERNICUS/S1_GRD","band":"VH","value":-15.3549,"farmer_unique_id":"3015919","site_id":7055},{"date":"2021-10-25","product":"COPERNICUS/S1_GRD","band":"VH","value":-16.8532,"farmer_unique_id":"3015919","site_id":7055},{"date":"2021-10-30","product":"COPERNICUS/S1_GRD","band":"VH","value":-12.3366,"farmer_unique_id":"3015919","site_id":7055},{"date":"2021-11-06","product":"COPERNICUS/S1_GRD","band":"VH","value":-15.8613,"farmer_unique_id":"3015919","site_id":7055},{"date":"2021-11-11","product":"COPERNICUS/S1_GRD","band":"VH","value":-18.8004,"farmer_unique_id":"3015919","site_id":7055},{"date":"2021-11-18","product":"COPERNICUS/S1_GRD","band":"VH","value":-16.8226,"farmer_unique_id":"3015919","site_id":7055},{"date":"2021-11-23","product":"COPERNICUS/S1_GRD","band":"VH","value":-13.6403,"farmer_unique_id":"3015919","site_id":7055},{"date":"2021-11-30","product":"COPERNICUS/S1_GRD","band":"VH","value":-15.1917,"farmer_unique_id":"3015919","site_id":7055},{"date":"2021-12-05","product":"COPERNICUS/S1_GRD","band":"VH","value":-12.4954,"farmer_unique_id":"3015919","site_id":7055},{"date":"2021-12-12","product":"COPERNICUS/S1_GRD","band":"VH","value":-13.3998,"farmer_unique_id":"3015919","site_id":7055},{"date":"2021-12-17","product":"COPERNICUS/S1_GRD","band":"VH","value":-12.8046,"farmer_unique_id":"3015919","site_id":7055},{"date":"2021-12-24","product":"COPERNICUS/S1_GRD","band":"VH","value":-17.9276,"farmer_unique_id":"3015919","site_id":7055},{"date":"2021-12-29","product":"COPERNICUS/S1_GRD","band":"VH","value":-16.5391,"farmer_unique_id":"3015919","site_id":7055},{"date":"2020-01-04","product":"COPERNICUS/S1_GRD","band":"VV","value":-8.0281,"farmer_unique_id":"3015919","site_id":7055},{"date":"2020-01-09","product":"COPERNICUS/S1_GRD","band":"VV","value":-7.1928,"farmer_unique_id":"3015919","site_id":7055},{"date":"2020-01-16","product":"COPERNICUS/S1_GRD","band":"VV","value":-11.107,"farmer_unique_id":"3015919","site_id":7055},{"date":"2020-01-21","product":"COPERNICUS/S1_GRD","band":"VV","value":-10.8051,"farmer_unique_id":"3015919","site_id":7055},{"date":"2020-01-28","product":"COPERNICUS/S1_GRD","band":"VV","value":-6.017,"farmer_unique_id":"3015919","site_id":7055},{"date":"2020-02-02","product":"COPERNICUS/S1_GRD","band":"VV","value":-9.6064,"farmer_unique_id":"3015919","site_id":7055},{"date":"2020-02-09","product":"COPERNICUS/S1_GRD","band":"VV","value":-8.4108,"farmer_unique_id":"3015919","site_id":7055},{"date":"2020-02-14","product":"COPERNICUS/S1_GRD","band":"VV","value":-6.8174,"farmer_unique_id":"3015919","site_id":7055},{"date":"2020-02-21","product":"COPERNICUS/S1_GRD","band":"VV","value":-9.0834,"farmer_unique_id":"3015919","site_id":7055},{"date":"2020-02-26","product":"COPERNICUS/S1_GRD","band":"VV","value":-8.6367,"farmer_unique_id":"3015919","site_id":7055},{"date":"2020-03-04","product":"COPERNICUS/S1_GRD","band":"VV","value":-7.1174,"farmer_unique_id":"3015919","site_id":7055},{"date":"2020-03-09","product":"COPERNICUS/S1_GRD","band":"VV","value":-8.3994,"farmer_unique_id":"3015919","site_id":7055},{"date":"2020-03-16","product":"COPERNICUS/S1_GRD","band":"VV","value":-6.5893,"farmer_unique_id":"3015919","site_id":7055},{"date":"2020-03-21","product":"COPERNICUS/S1_GRD","band":"VV","value":-4.9398,"farmer_unique_id":"3015919","site_id":7055},{"date":"2020-03-28","product":"COPERNICUS/S1_GRD","band":"VV","value":-6.0299,"farmer_unique_id":"3015919","site_id":7055},{"date":"2020-04-02","product":"COPERNICUS/S1_GRD","band":"VV","value":-10.5295,"farmer_unique_id":"3015919","site_id":7055},{"date":"2020-04-09","product":"COPERNICUS/S1_GRD","band":"VV","value":-10.9541,"farmer_unique_id":"3015919","site_id":7055},{"date":"2020-04-14","product":"COPERNICUS/S1_GRD","band":"VV","value":-7.5254,"farmer_unique_id":"3015919","site_id":7055},{"date":"2020-04-21","product":"COPERNICUS/S1_GRD","band":"VV","value":-9.7203,"farmer_unique_id":"3015919","site_id":7055},{"date":"2020-04-26","product":"COPERNICUS/S1_GRD","band":"VV","value":-7.9401,"farmer_unique_id":"3015919","site_id":7055},{"date":"2020-05-03","product":"COPERNICUS/S1_GRD","band":"VV","value":-7.9581,"farmer_unique_id":"3015919","site_id":7055},{"date":"2020-05-08","product":"COPERNICUS/S1_GRD","band":"VV","value":-5.6469,"farmer_unique_id":"3015919","site_id":7055},{"date":"2020-05-15","product":"COPERNICUS/S1_GRD","band":"VV","value":-8.4248,"farmer_unique_id":"3015919","site_id":7055},{"date":"2020-05-20","product":"COPERNICUS/S1_GRD","band":"VV","value":-11.5267,"farmer_unique_id":"3015919","site_id":7055},{"date":"2020-05-27","product":"COPERNICUS/S1_GRD","band":"VV","value":-5.8677,"farmer_unique_id":"3015919","site_id":7055},{"date":"2020-06-01","product":"COPERNICUS/S1_GRD","band":"VV","value":-10.3899,"farmer_unique_id":"3015919","site_id":7055},{"date":"2020-06-08","product":"COPERNICUS/S1_GRD","band":"VV","value":-7.1752,"farmer_unique_id":"3015919","site_id":7055},{"date":"2020-06-13","product":"COPERNICUS/S1_GRD","band":"VV","value":-6.8461,"farmer_unique_id":"3015919","site_id":7055},{"date":"2020-06-20","product":"COPERNICUS/S1_GRD","band":"VV","value":-10.4777,"farmer_unique_id":"3015919","site_id":7055},{"date":"2020-06-25","product":"COPERNICUS/S1_GRD","band":"VV","value":-10.1232,"farmer_unique_id":"3015919","site_id":7055},{"date":"2020-07-02","product":"COPERNICUS/S1_GRD","band":"VV","value":-8.6138,"farmer_unique_id":"3015919","site_id":7055},{"date":"2020-07-07","product":"COPERNICUS/S1_GRD","band":"VV","value":-10.5127,"farmer_unique_id":"3015919","site_id":7055},{"date":"2020-07-14","product":"COPERNICUS/S1_GRD","band":"VV","value":-5.0195,"farmer_unique_id":"3015919","site_id":7055},{"date":"2020-07-19","product":"COPERNICUS/S1_GRD","band":"VV","value":-6.8436,"farmer_unique_id":"3015919","site_id":7055},{"date":"2020-07-26","product":"COPERNICUS/S1_GRD","band":"VV","value":-8.6862,"farmer_unique_id":"3015919","site_id":7055},{"date":"2020-07-31","product":"COPERNICUS/S1_GRD","band":"VV","value":-9.8141,"farmer_unique_id":"3015919","site_id":7055},{"date":"2020-08-07","product":"COPERNICUS/S1_GRD","band":"VV","value":-8.062,"farmer_unique_id":"3015919","site_id":7055},{"date":"2020-08-12","product":"COPERNICUS/S1_GRD","band":"VV","value":-12.36,"farmer_unique_id":"3015919","site_id":7055},{"date":"2020-08-19","product":"COPERNICUS/S1_GRD","band":"VV","value":-8.3102,"farmer_unique_id":"3015919","site_id":7055},{"date":"2020-08-24","product":"COPERNICUS/S1_GRD","band":"VV","value":-10.9904,"farmer_unique_id":"3015919","site_id":7055},{"date":"2020-08-31","product":"COPERNICUS/S1_GRD","band":"VV","value":-11.1707,"farmer_unique_id":"3015919","site_id":7055},{"date":"2020-09-05","product":"COPERNICUS/S1_GRD","band":"VV","value":-12.0769,"farmer_unique_id":"3015919","site_id":7055},{"date":"2020-09-12","product":"COPERNICUS/S1_GRD","band":"VV","value":-11.195,"farmer_unique_id":"3015919","site_id":7055},{"date":"2020-09-17","product":"COPERNICUS/S1_GRD","band":"VV","value":-8.0268,"farmer_unique_id":"3015919","site_id":7055},{"date":"2020-09-24","product":"COPERNICUS/S1_GRD","band":"VV","value":-9.921,"farmer_unique_id":"3015919","site_id":7055},{"date":"2020-09-29","product":"COPERNICUS/S1_GRD","band":"VV","value":-11.6202,"farmer_unique_id":"3015919","site_id":7055},{"date":"2020-10-06","product":"COPERNICUS/S1_GRD","band":"VV","value":-9.223,"farmer_unique_id":"3015919","site_id":7055},{"date":"2020-10-11","product":"COPERNICUS/S1_GRD","band":"VV","value":-7.6728,"farmer_unique_id":"3015919","site_id":7055},{"date":"2020-10-18","product":"COPERNICUS/S1_GRD","band":"VV","value":-9.1179,"farmer_unique_id":"3015919","site_id":7055},{"date":"2020-10-23","product":"COPERNICUS/S1_GRD","band":"VV","value":-10.6563,"farmer_unique_id":"3015919","site_id":7055},{"date":"2020-10-30","product":"COPERNICUS/S1_GRD","band":"VV","value":-7.4817,"farmer_unique_id":"3015919","site_id":7055},{"date":"2020-11-04","product":"COPERNICUS/S1_GRD","band":"VV","value":-11.4242,"farmer_unique_id":"3015919","site_id":7055},{"date":"2020-11-11","product":"COPERNICUS/S1_GRD","band":"VV","value":-10.857,"farmer_unique_id":"3015919","site_id":7055},{"date":"2020-11-16","product":"COPERNICUS/S1_GRD","band":"VV","value":-10.384,"farmer_unique_id":"3015919","site_id":7055},{"date":"2020-11-23","product":"COPERNICUS/S1_GRD","band":"VV","value":-7.6744,"farmer_unique_id":"3015919","site_id":7055},{"date":"2020-11-28","product":"COPERNICUS/S1_GRD","band":"VV","value":-10.3022,"farmer_unique_id":"3015919","site_id":7055},{"date":"2020-12-05","product":"COPERNICUS/S1_GRD","band":"VV","value":-10.3693,"farmer_unique_id":"3015919","site_id":7055},{"date":"2020-12-10","product":"COPERNICUS/S1_GRD","band":"VV","value":-9.404,"farmer_unique_id":"3015919","site_id":7055},{"date":"2020-12-17","product":"COPERNICUS/S1_GRD","band":"VV","value":-9.9759,"farmer_unique_id":"3015919","site_id":7055},{"date":"2020-12-22","product":"COPERNICUS/S1_GRD","band":"VV","value":-7.9149,"farmer_unique_id":"3015919","site_id":7055},{"date":"2020-12-29","product":"COPERNICUS/S1_GRD","band":"VV","value":-8.6949,"farmer_unique_id":"3015919","site_id":7055},{"date":"2021-01-03","product":"COPERNICUS/S1_GRD","band":"VV","value":-11.3379,"farmer_unique_id":"3015919","site_id":7055},{"date":"2021-01-10","product":"COPERNICUS/S1_GRD","band":"VV","value":-7.7118,"farmer_unique_id":"3015919","site_id":7055},{"date":"2021-01-15","product":"COPERNICUS/S1_GRD","band":"VV","value":-10.5778,"farmer_unique_id":"3015919","site_id":7055},{"date":"2021-01-22","product":"COPERNICUS/S1_GRD","band":"VV","value":-9.1902,"farmer_unique_id":"3015919","site_id":7055},{"date":"2021-01-27","product":"COPERNICUS/S1_GRD","band":"VV","value":-8.7631,"farmer_unique_id":"3015919","site_id":7055},{"date":"2021-02-03","product":"COPERNICUS/S1_GRD","band":"VV","value":-13.766,"farmer_unique_id":"3015919","site_id":7055},{"date":"2021-02-08","product":"COPERNICUS/S1_GRD","band":"VV","value":-13.604,"farmer_unique_id":"3015919","site_id":7055},{"date":"2021-02-15","product":"COPERNICUS/S1_GRD","band":"VV","value":-11.8184,"farmer_unique_id":"3015919","site_id":7055},{"date":"2021-02-20","product":"COPERNICUS/S1_GRD","band":"VV","value":-11.8246,"farmer_unique_id":"3015919","site_id":7055},{"date":"2021-02-27","product":"COPERNICUS/S1_GRD","band":"VV","value":-13.1401,"farmer_unique_id":"3015919","site_id":7055},{"date":"2021-03-04","product":"COPERNICUS/S1_GRD","band":"VV","value":-8.8652,"farmer_unique_id":"3015919","site_id":7055},{"date":"2021-03-11","product":"COPERNICUS/S1_GRD","band":"VV","value":-9.1903,"farmer_unique_id":"3015919","site_id":7055},{"date":"2021-03-16","product":"COPERNICUS/S1_GRD","band":"VV","value":-9.2111,"farmer_unique_id":"3015919","site_id":7055},{"date":"2021-03-23","product":"COPERNICUS/S1_GRD","band":"VV","value":-12.1051,"farmer_unique_id":"3015919","site_id":7055},{"date":"2021-03-28","product":"COPERNICUS/S1_GRD","band":"VV","value":-10.2703,"farmer_unique_id":"3015919","site_id":7055},{"date":"2021-04-04","product":"COPERNICUS/S1_GRD","band":"VV","value":-9.1094,"farmer_unique_id":"3015919","site_id":7055},{"date":"2021-04-09","product":"COPERNICUS/S1_GRD","band":"VV","value":-10.4933,"farmer_unique_id":"3015919","site_id":7055},{"date":"2021-04-16","product":"COPERNICUS/S1_GRD","band":"VV","value":-7.6225,"farmer_unique_id":"3015919","site_id":7055},{"date":"2021-04-21","product":"COPERNICUS/S1_GRD","band":"VV","value":-8.1894,"farmer_unique_id":"3015919","site_id":7055},{"date":"2021-04-28","product":"COPERNICUS/S1_GRD","band":"VV","value":-9.2057,"farmer_unique_id":"3015919","site_id":7055},{"date":"2021-05-03","product":"COPERNICUS/S1_GRD","band":"VV","value":-8.2834,"farmer_unique_id":"3015919","site_id":7055},{"date":"2021-05-10","product":"COPERNICUS/S1_GRD","band":"VV","value":-11.2003,"farmer_unique_id":"3015919","site_id":7055},{"date":"2021-05-15","product":"COPERNICUS/S1_GRD","band":"VV","value":-13.9586,"farmer_unique_id":"3015919","site_id":7055},{"date":"2021-05-22","product":"COPERNICUS/S1_GRD","band":"VV","value":-10.921,"farmer_unique_id":"3015919","site_id":7055},{"date":"2021-05-27","product":"COPERNICUS/S1_GRD","band":"VV","value":-11.787,"farmer_unique_id":"3015919","site_id":7055},{"date":"2021-06-03","product":"COPERNICUS/S1_GRD","band":"VV","value":-5.9778,"farmer_unique_id":"3015919","site_id":7055},{"date":"2021-06-08","product":"COPERNICUS/S1_GRD","band":"VV","value":-10.8261,"farmer_unique_id":"3015919","site_id":7055},{"date":"2021-06-15","product":"COPERNICUS/S1_GRD","band":"VV","value":-7.6808,"farmer_unique_id":"3015919","site_id":7055},{"date":"2021-06-20","product":"COPERNICUS/S1_GRD","band":"VV","value":-8.4419,"farmer_unique_id":"3015919","site_id":7055},{"date":"2021-06-27","product":"COPERNICUS/S1_GRD","band":"VV","value":-5.8902,"farmer_unique_id":"3015919","site_id":7055},{"date":"2021-07-02","product":"COPERNICUS/S1_GRD","band":"VV","value":-9.4373,"farmer_unique_id":"3015919","site_id":7055},{"date":"2021-07-09","product":"COPERNICUS/S1_GRD","band":"VV","value":-8.8656,"farmer_unique_id":"3015919","site_id":7055},{"date":"2021-07-14","product":"COPERNICUS/S1_GRD","band":"VV","value":-9.9993,"farmer_unique_id":"3015919","site_id":7055},{"date":"2021-07-21","product":"COPERNICUS/S1_GRD","band":"VV","value":-12.1039,"farmer_unique_id":"3015919","site_id":7055},{"date":"2021-07-26","product":"COPERNICUS/S1_GRD","band":"VV","value":-6.5634,"farmer_unique_id":"3015919","site_id":7055},{"date":"2021-08-02","product":"COPERNICUS/S1_GRD","band":"VV","value":-7.0619,"farmer_unique_id":"3015919","site_id":7055},{"date":"2021-08-07","product":"COPERNICUS/S1_GRD","band":"VV","value":-7.6042,"farmer_unique_id":"3015919","site_id":7055},{"date":"2021-08-14","product":"COPERNICUS/S1_GRD","band":"VV","value":-8.6709,"farmer_unique_id":"3015919","site_id":7055},{"date":"2021-08-19","product":"COPERNICUS/S1_GRD","band":"VV","value":-7.221,"farmer_unique_id":"3015919","site_id":7055},{"date":"2021-08-26","product":"COPERNICUS/S1_GRD","band":"VV","value":-8.3187,"farmer_unique_id":"3015919","site_id":7055},{"date":"2021-08-31","product":"COPERNICUS/S1_GRD","band":"VV","value":-6.4877,"farmer_unique_id":"3015919","site_id":7055},{"date":"2021-09-07","product":"COPERNICUS/S1_GRD","band":"VV","value":-5.9775,"farmer_unique_id":"3015919","site_id":7055},{"date":"2021-09-12","product":"COPERNICUS/S1_GRD","band":"VV","value":-5.1464,"farmer_unique_id":"3015919","site_id":7055},{"date":"2021-09-19","product":"COPERNICUS/S1_GRD","band":"VV","value":-7.6121,"farmer_unique_id":"3015919","site_id":7055},{"date":"2021-09-24","product":"COPERNICUS/S1_GRD","band":"VV","value":-7.8398,"farmer_unique_id":"3015919","site_id":7055},{"date":"2021-10-01","product":"COPERNICUS/S1_GRD","band":"VV","value":-7.3259,"farmer_unique_id":"3015919","site_id":7055},{"date":"2021-10-06","product":"COPERNICUS/S1_GRD","band":"VV","value":-9.7048,"farmer_unique_id":"3015919","site_id":7055},{"date":"2021-10-13","product":"COPERNICUS/S1_GRD","band":"VV","value":-9.839,"farmer_unique_id":"3015919","site_id":7055},{"date":"2021-10-18","product":"COPERNICUS/S1_GRD","band":"VV","value":-10.7043,"farmer_unique_id":"3015919","site_id":7055},{"date":"2021-10-25","product":"COPERNICUS/S1_GRD","band":"VV","farmer_unique_id":"3015919","site_id":7055},{"date":"2021-10-30","product":"COPERNICUS/S1_GRD","band":"VV","value":-12.2002,"farmer_unique_id":"3015919","site_id":7055},{"date":"2021-11-06","product":"COPERNICUS/S1_GRD","band":"VV","value":-5.9092,"farmer_unique_id":"3015919","site_id":7055},{"date":"2021-11-11","product":"COPERNICUS/S1_GRD","band":"VV","value":-9.8874,"farmer_unique_id":"3015919","site_id":7055},{"date":"2021-11-18","product":"COPERNICUS/S1_GRD","band":"VV","value":-8.7928,"farmer_unique_id":"3015919","site_id":7055},{"date":"2021-11-23","product":"COPERNICUS/S1_GRD","band":"VV","value":-9.5986,"farmer_unique_id":"3015919","site_id":7055},{"date":"2021-11-30","product":"COPERNICUS/S1_GRD","band":"VV","value":-7.365,"farmer_unique_id":"3015919","site_id":7055},{"date":"2021-12-05","product":"COPERNICUS/S1_GRD","band":"VV","value":-17.3946,"farmer_unique_id":"3015919","site_id":7055},{"date":"2021-12-12","product":"COPERNICUS/S1_GRD","band":"VV","value":-12.0204,"farmer_unique_id":"3015919","site_id":7055},{"date":"2021-12-17","product":"COPERNICUS/S1_GRD","band":"VV","value":-9.7858,"farmer_unique_id":"3015919","site_id":7055},{"date":"2021-12-24","product":"COPERNICUS/S1_GRD","band":"VV","value":-10.0019,"farmer_unique_id":"3015919","site_id":7055},{"date":"2021-12-29","product":"COPERNICUS/S1_GRD","band":"VV","value":-14.9065,"farmer_unique_id":"3015919","site_id":7055}]
