[{"date":"2020-01-11","product":"COPERNICUS/S1_GRD","band":"VH","value":-15.3138,"farmer_unique_id":"2973495","site_id":2426},{"date":"2020-01-23","product":"COPERNICUS/S1_GRD","band":"VH","value":-13.7482,"farmer_unique_id":"2973495","site_id":2426},{"date":"2020-02-04","product":"COPERNICUS/S1_GRD","band":"VH","value":-14.3513,"farmer_unique_id":"2973495","site_id":2426},{"date":"2020-02-16","product":"COPERNICUS/S1_GRD","band":"VH","value":-12.437,"farmer_unique_id":"2973495","site_id":2426},{"date":"2020-02-28","product":"COPERNICUS/S1_GRD","band":"VH","value":-12.9561,"farmer_unique_id":"2973495","site_id":2426},{"date":"2020-03-11","product":"COPERNICUS/S1_GRD","band":"VH","value":-18.9881,"farmer_unique_id":"2973495","site_id":2426},{"date":"2020-03-23","product":"COPERNICUS/S1_GRD","band":"VH","value":-15.5581,"farmer_unique_id":"2973495","site_id":2426},{"date":"2020-04-04","product":"COPERNICUS/S1_GRD","band":"VH","value":-18.0673,"farmer_unique_id":"2973495","site_id":2426},{"date":"2020-04-16","product":"COPERNICUS/S1_GRD","band":"VH","value":-14.9481,"farmer_unique_id":"2973495","site_id":2426},{"date":"2020-04-28","product":"COPERNICUS/S1_GRD","band":"VH","value":-14.5392,"farmer_unique_id":"2973495","site_id":2426},{"date":"2020-05-10","product":"COPERNICUS/S1_GRD","band":"VH","value":-17.0198,"farmer_unique_id":"2973495","site_id":2426},{"date":"2020-05-22","product":"COPERNICUS/S1_GRD","band":"VH","value":-15.8696,"farmer_unique_id":"2973495","site_id":2426},{"date":"2020-06-03","product":"COPERNICUS/S1_GRD","band":"VH","value":-15.1257,"farmer_unique_id":"2973495","site_id":2426},{"date":"2020-06-15","product":"COPERNICUS/S1_GRD","band":"VH","value":-14.1013,"farmer_unique_id":"2973495","site_id":2426},{"date":"2020-06-27","product":"COPERNICUS/S1_GRD","band":"VH","value":-19.1515,"farmer_unique_id":"2973495","site_id":2426},{"date":"2020-07-09","product":"COPERNICUS/S1_GRD","band":"VH","value":-14.978,"farmer_unique_id":"2973495","site_id":2426},{"date":"2020-07-21","product":"COPERNICUS/S1_GRD","band":"VH","value":-15.4644,"farmer_unique_id":"2973495","site_id":2426},{"date":"2020-08-02","product":"COPERNICUS/S1_GRD","band":"VH","value":-15.8076,"farmer_unique_id":"2973495","site_id":2426},{"date":"2020-08-14","product":"COPERNICUS/S1_GRD","band":"VH","value":-18.3528,"farmer_unique_id":"2973495","site_id":2426},{"date":"2020-08-26","product":"COPERNICUS/S1_GRD","band":"VH","value":-16.0796,"farmer_unique_id":"2973495","site_id":2426},{"date":"2020-09-07","product":"COPERNICUS/S1_GRD","band":"VH","value":-16.7856,"farmer_unique_id":"2973495","site_id":2426},{"date":"2020-09-19","product":"COPERNICUS/S1_GRD","band":"VH","value":-20.4386,"farmer_unique_id":"2973495","site_id":2426},{"date":"2020-10-01","product":"COPERNICUS/S1_GRD","band":"VH","value":-16.3686,"farmer_unique_id":"2973495","site_id":2426},{"date":"2020-10-13","product":"COPERNICUS/S1_GRD","band":"VH","value":-18.9995,"farmer_unique_id":"2973495","site_id":2426},{"date":"2020-10-25","product":"COPERNICUS/S1_GRD","band":"VH","value":-17.4936,"farmer_unique_id":"2973495","site_id":2426},{"date":"2020-11-06","product":"COPERNICUS/S1_GRD","band":"VH","value":-18.4466,"farmer_unique_id":"2973495","site_id":2426},{"date":"2020-11-18","product":"COPERNICUS/S1_GRD","band":"VH","value":-12.3424,"farmer_unique_id":"2973495","site_id":2426},{"date":"2020-11-30","product":"COPERNICUS/S1_GRD","band":"VH","value":-12.7591,"farmer_unique_id":"2973495","site_id":2426},{"date":"2020-12-12","product":"COPERNICUS/S1_GRD","band":"VH","value":-17.1396,"farmer_unique_id":"2973495","site_id":2426},{"date":"2020-12-24","product":"COPERNICUS/S1_GRD","band":"VH","value":-13.2795,"farmer_unique_id":"2973495","site_id":2426},{"date":"2021-01-05","product":"COPERNICUS/S1_GRD","band":"VH","value":-13.6923,"farmer_unique_id":"2973495","site_id":2426},{"date":"2021-01-17","product":"COPERNICUS/S1_GRD","band":"VH","value":-25.1657,"farmer_unique_id":"2973495","site_id":2426},{"date":"2021-01-29","product":"COPERNICUS/S1_GRD","band":"VH","value":-15.0401,"farmer_unique_id":"2973495","site_id":2426},{"date":"2021-02-10","product":"COPERNICUS/S1_GRD","band":"VH","value":-14.0472,"farmer_unique_id":"2973495","site_id":2426},{"date":"2021-02-22","product":"COPERNICUS/S1_GRD","band":"VH","value":-17.7107,"farmer_unique_id":"2973495","site_id":2426},{"date":"2021-03-06","product":"COPERNICUS/S1_GRD","band":"VH","value":-20.6113,"farmer_unique_id":"2973495","site_id":2426},{"date":"2021-03-18","product":"COPERNICUS/S1_GRD","band":"VH","value":-16.4847,"farmer_unique_id":"2973495","site_id":2426},{"date":"2021-03-30","product":"COPERNICUS/S1_GRD","band":"VH","value":-20.5345,"farmer_unique_id":"2973495","site_id":2426},{"date":"2021-04-11","product":"COPERNICUS/S1_GRD","band":"VH","value":-19.7346,"farmer_unique_id":"2973495","site_id":2426},{"date":"2021-04-23","product":"COPERNICUS/S1_GRD","band":"VH","value":-12.6081,"farmer_unique_id":"2973495","site_id":2426},{"date":"2021-05-05","product":"COPERNICUS/S1_GRD","band":"VH","value":-14.9899,"farmer_unique_id":"2973495","site_id":2426},{"date":"2021-05-17","product":"COPERNICUS/S1_GRD","band":"VH","value":-15.81,"farmer_unique_id":"2973495","site_id":2426},{"date":"2021-05-29","product":"COPERNICUS/S1_GRD","band":"VH","value":-17.8205,"farmer_unique_id":"2973495","site_id":2426},{"date":"2021-06-10","product":"COPERNICUS/S1_GRD","band":"VH","value":-17.0691,"farmer_unique_id":"2973495","site_id":2426},{"date":"2021-06-22","product":"COPERNICUS/S1_GRD","band":"VH","value":-21.004,"farmer_unique_id":"2973495","site_id":2426},{"date":"2021-07-04","product":"COPERNICUS/S1_GRD","band":"VH","value":-19.4362,"farmer_unique_id":"2973495","site_id":2426},{"date":"2021-07-16","product":"COPERNICUS/S1_GRD","band":"VH","value":-17.5967,"farmer_unique_id":"2973495","site_id":2426},{"date":"2021-07-28","product":"COPERNICUS/S1_GRD","band":"VH","value":-15.159,"farmer_unique_id":"2973495","site_id":2426},{"date":"2021-08-09","product":"COPERNICUS/S1_GRD","band":"VH","value":-18.0811,"farmer_unique_id":"2973495","site_id":2426},{"date":"2021-08-21","product":"COPERNICUS/S1_GRD","band":"VH","value":-17.3157,"farmer_unique_id":"2973495","site_id":2426},{"date":"2021-09-02","product":"COPERNICUS/S1_GRD","band":"VH","value":-20.127,"farmer_unique_id":"2973495","site_id":2426},{"date":"2021-09-14","product":"COPERNICUS/S1_GRD","band":"VH","value":-16.7795,"farmer_unique_id":"2973495","site_id":2426},{"date":"2021-09-26","product":"COPERNICUS/S1_GRD","band":"VH","value":-14.707,"farmer_unique_id":"2973495","site_id":2426},{"date":"2021-10-08","product":"COPERNICUS/S1_GRD","band":"VH","value":-14.1623,"farmer_unique_id":"2973495","site_id":2426},{"date":"2021-10-20","product":"COPERNICUS/S1_GRD","band":"VH","value":-16.6211,"farmer_unique_id":"2973495","site_id":2426},{"date":"2021-11-01","product":"COPERNICUS/S1_GRD","band":"VH","value":-12.6981,"farmer_unique_id":"2973495","site_id":2426},{"date":"2021-11-13","product":"COPERNICUS/S1_GRD","band":"VH","value":-15.72,"farmer_unique_id":"2973495","site_id":2426},{"date":"2021-11-25","product":"COPERNICUS/S1_GRD","band":"VH","value":-11.1262,"farmer_unique_id":"2973495","site_id":2426},{"date":"2021-12-07","product":"COPERNICUS/S1_GRD","band":"VH","value":-16.069,"farmer_unique_id":"2973495","site_id":2426},{"date":"2021-12-19","product":"COPERNICUS/S1_GRD","band":"VH","value":-15.9084,"farmer_unique_id":"2973495","site_id":2426},{"date":"2020-01-11","product":"COPERNICUS/S1_GRD","band":"VV","value":-8.1745,"farmer_unique_id":"2973495","site_id":2426},{"date":"2020-01-23","product":"COPERNICUS/S1_GRD","band":"VV","value":-9.8816,"farmer_unique_id":"2973495","site_id":2426},{"date":"2020-02-04","product":"COPERNICUS/S1_GRD","band":"VV","value":-10.8456,"farmer_unique_id":"2973495","site_id":2426},{"date":"2020-02-16","product":"COPERNICUS/S1_GRD","band":"VV","value":-10.2368,"farmer_unique_id":"2973495","site_id":2426},{"date":"2020-02-28","product":"COPERNICUS/S1_GRD","band":"VV","value":-14.378,"farmer_unique_id":"2973495","site_id":2426},{"date":"2020-03-11","product":"COPERNICUS/S1_GRD","band":"VV","value":-11.0451,"farmer_unique_id":"2973495","site_id":2426},{"date":"2020-03-23","product":"COPERNICUS/S1_GRD","band":"VV","value":-9.4426,"farmer_unique_id":"2973495","site_id":2426},{"date":"2020-04-04","product":"COPERNICUS/S1_GRD","band":"VV","value":-10.2534,"farmer_unique_id":"2973495","site_id":2426},{"date":"2020-04-16","product":"COPERNICUS/S1_GRD","band":"VV","value":-7.1139,"farmer_unique_id":"2973495","site_id":2426},{"date":"2020-04-28","product":"COPERNICUS/S1_GRD","band":"VV","value":-13.951,"farmer_unique_id":"2973495","site_id":2426},{"date":"2020-05-10","product":"COPERNICUS/S1_GRD","band":"VV","value":-11.2644,"farmer_unique_id":"2973495","site_id":2426},{"date":"2020-05-22","product":"COPERNICUS/S1_GRD","band":"VV","value":-10.4808,"farmer_unique_id":"2973495","site_id":2426},{"date":"2020-06-03","product":"COPERNICUS/S1_GRD","band":"VV","value":-9.6628,"farmer_unique_id":"2973495","site_id":2426},{"date":"2020-06-15","product":"COPERNICUS/S1_GRD","band":"VV","value":-9.7713,"farmer_unique_id":"2973495","site_id":2426},{"date":"2020-06-27","product":"COPERNICUS/S1_GRD","band":"VV","value":-9.7508,"farmer_unique_id":"2973495","site_id":2426},{"date":"2020-07-09","product":"COPERNICUS/S1_GRD","band":"VV","value":-10.0236,"farmer_unique_id":"2973495","site_id":2426},{"date":"2020-07-21","product":"COPERNICUS/S1_GRD","band":"VV","value":-10.5016,"farmer_unique_id":"2973495","site_id":2426},{"date":"2020-08-02","product":"COPERNICUS/S1_GRD","band":"VV","value":-8.613,"farmer_unique_id":"2973495","site_id":2426},{"date":"2020-08-14","product":"COPERNICUS/S1_GRD","band":"VV","value":-9.0387,"farmer_unique_id":"2973495","site_id":2426},{"date":"2020-08-26","product":"COPERNICUS/S1_GRD","band":"VV","value":-13.6924,"farmer_unique_id":"2973495","site_id":2426},{"date":"2020-09-07","product":"COPERNICUS/S1_GRD","band":"VV","value":-12.6958,"farmer_unique_id":"2973495","site_id":2426},{"date":"2020-09-19","product":"COPERNICUS/S1_GRD","band":"VV","value":-12.5487,"farmer_unique_id":"2973495","site_id":2426},{"date":"2020-10-01","product":"COPERNICUS/S1_GRD","band":"VV","value":-12.6397,"farmer_unique_id":"2973495","site_id":2426},{"date":"2020-10-13","product":"COPERNICUS/S1_GRD","band":"VV","value":-10.3777,"farmer_unique_id":"2973495","site_id":2426},{"date":"2020-10-25","product":"COPERNICUS/S1_GRD","band":"VV","value":-12.5228,"farmer_unique_id":"2973495","site_id":2426},{"date":"2020-11-06","product":"COPERNICUS/S1_GRD","band":"VV","value":-11.8661,"farmer_unique_id":"2973495","site_id":2426},{"date":"2020-11-18","product":"COPERNICUS/S1_GRD","band":"VV","value":-10.398,"farmer_unique_id":"2973495","site_id":2426},{"date":"2020-11-30","product":"COPERNICUS/S1_GRD","band":"VV","value":-10.6103,"farmer_unique_id":"2973495","site_id":2426},{"date":"2020-12-12","product":"COPERNICUS/S1_GRD","band":"VV","value":-9.0897,"farmer_unique_id":"2973495","site_id":2426},{"date":"2020-12-24","product":"COPERNICUS/S1_GRD","band":"VV","value":-8.9484,"farmer_unique_id":"2973495","site_id":2426},{"date":"2021-01-05","product":"COPERNICUS/S1_GRD","band":"VV","value":-10.2003,"farmer_unique_id":"2973495","site_id":2426},{"date":"2021-01-17","product":"COPERNICUS/S1_GRD","band":"VV","value":-9.5616,"farmer_unique_id":"2973495","site_id":2426},{"date":"2021-01-29","product":"COPERNICUS/S1_GRD","band":"VV","value":-12.7618,"farmer_unique_id":"2973495","site_id":2426},{"date":"2021-02-10","product":"COPERNICUS/S1_GRD","band":"VV","value":-12.0309,"farmer_unique_id":"2973495","site_id":2426},{"date":"2021-02-22","product":"COPERNICUS/S1_GRD","band":"VV","value":-10.8427,"farmer_unique_id":"2973495","site_id":2426},{"date":"2021-03-06","product":"COPERNICUS/S1_GRD","band":"VV","value":-10.0345,"farmer_unique_id":"2973495","site_id":2426},{"date":"2021-03-18","product":"COPERNICUS/S1_GRD","band":"VV","value":-11.3353,"farmer_unique_id":"2973495","site_id":2426},{"date":"2021-03-30","product":"COPERNICUS/S1_GRD","band":"VV","value":-11.2089,"farmer_unique_id":"2973495","site_id":2426},{"date":"2021-04-11","product":"COPERNICUS/S1_GRD","band":"VV","value":-7.7613,"farmer_unique_id":"2973495","site_id":2426},{"date":"2021-04-23","product":"COPERNICUS/S1_GRD","band":"VV","value":-8.169,"farmer_unique_id":"2973495","site_id":2426},{"date":"2021-05-05","product":"COPERNICUS/S1_GRD","band":"VV","value":-10.5575,"farmer_unique_id":"2973495","site_id":2426},{"date":"2021-05-17","product":"COPERNICUS/S1_GRD","band":"VV","value":-8.5195,"farmer_unique_id":"2973495","site_id":2426},{"date":"2021-05-29","product":"COPERNICUS/S1_GRD","band":"VV","value":-9.0031,"farmer_unique_id":"2973495","site_id":2426},{"date":"2021-06-10","product":"COPERNICUS/S1_GRD","band":"VV","value":-10.0659,"farmer_unique_id":"2973495","site_id":2426},{"date":"2021-06-22","product":"COPERNICUS/S1_GRD","band":"VV","value":-11.2251,"farmer_unique_id":"2973495","site_id":2426},{"date":"2021-07-04","product":"COPERNICUS/S1_GRD","band":"VV","value":-12.5034,"farmer_unique_id":"2973495","site_id":2426},{"date":"2021-07-16","product":"COPERNICUS/S1_GRD","band":"VV","value":-11.9423,"farmer_unique_id":"2973495","site_id":2426},{"date":"2021-07-28","product":"COPERNICUS/S1_GRD","band":"VV","value":-13.5297,"farmer_unique_id":"2973495","site_id":2426},{"date":"2021-08-09","product":"COPERNICUS/S1_GRD","band":"VV","value":-13.92,"farmer_unique_id":"2973495","site_id":2426},{"date":"2021-08-21","product":"COPERNICUS/S1_GRD","band":"VV","value":-14.2476,"farmer_unique_id":"2973495","site_id":2426},{"date":"2021-09-02","product":"COPERNICUS/S1_GRD","band":"VV","value":-13.6236,"farmer_unique_id":"2973495","site_id":2426},{"date":"2021-09-14","product":"COPERNICUS/S1_GRD","band":"VV","value":-8.6799,"farmer_unique_id":"2973495","site_id":2426},{"date":"2021-09-26","product":"COPERNICUS/S1_GRD","band":"VV","value":-13.6052,"farmer_unique_id":"2973495","site_id":2426},{"date":"2021-10-08","product":"COPERNICUS/S1_GRD","band":"VV","value":-11.8587,"farmer_unique_id":"2973495","site_id":2426},{"date":"2021-10-20","product":"COPERNICUS/S1_GRD","band":"VV","value":-9.7545,"farmer_unique_id":"2973495","site_id":2426},{"date":"2021-11-01","product":"COPERNICUS/S1_GRD","band":"VV","value":-6.7959,"farmer_unique_id":"2973495","site_id":2426},{"date":"2021-11-13","product":"COPERNICUS/S1_GRD","band":"VV","value":-12.0741,"farmer_unique_id":"2973495","site_id":2426},{"date":"2021-11-25","product":"COPERNICUS/S1_GRD","band":"VV","value":-7.7394,"farmer_unique_id":"2973495","site_id":2426},{"date":"2021-12-07","product":"COPERNICUS/S1_GRD","band":"VV","value":-8.9428,"farmer_unique_id":"2973495","site_id":2426},{"date":"2021-12-19","product":"COPERNICUS/S1_GRD","band":"VV","value":-9.267,"farmer_unique_id":"2973495","site_id":2426}]
