[{"date":"2020-01-11","product":"COPERNICUS/S1_GRD","band":"VH","value":-14.27,"farmer_unique_id":"4042844","site_id":2512},{"date":"2020-01-23","product":"COPERNICUS/S1_GRD","band":"VH","value":-12.0045,"farmer_unique_id":"4042844","site_id":2512},{"date":"2020-02-04","product":"COPERNICUS/S1_GRD","band":"VH","value":-16.0894,"farmer_unique_id":"4042844","site_id":2512},{"date":"2020-02-16","product":"COPERNICUS/S1_GRD","band":"VH","value":-16.8569,"farmer_unique_id":"4042844","site_id":2512},{"date":"2020-02-28","product":"COPERNICUS/S1_GRD","band":"VH","value":-16.1722,"farmer_unique_id":"4042844","site_id":2512},{"date":"2020-03-11","product":"COPERNICUS/S1_GRD","band":"VH","value":-17.2848,"farmer_unique_id":"4042844","site_id":2512},{"date":"2020-03-23","product":"COPERNICUS/S1_GRD","band":"VH","value":-16.0762,"farmer_unique_id":"4042844","site_id":2512},{"date":"2020-04-04","product":"COPERNICUS/S1_GRD","band":"VH","value":-20.1853,"farmer_unique_id":"4042844","site_id":2512},{"date":"2020-04-16","product":"COPERNICUS/S1_GRD","band":"VH","value":-12.9626,"farmer_unique_id":"4042844","site_id":2512},{"date":"2020-04-28","product":"COPERNICUS/S1_GRD","band":"VH","value":-18.6402,"farmer_unique_id":"4042844","site_id":2512},{"date":"2020-05-10","product":"COPERNICUS/S1_GRD","band":"VH","value":-16.6873,"farmer_unique_id":"4042844","site_id":2512},{"date":"2020-05-22","product":"COPERNICUS/S1_GRD","band":"VH","value":-17.0061,"farmer_unique_id":"4042844","site_id":2512},{"date":"2020-06-03","product":"COPERNICUS/S1_GRD","band":"VH","value":-16.3306,"farmer_unique_id":"4042844","site_id":2512},{"date":"2020-06-15","product":"COPERNICUS/S1_GRD","band":"VH","value":-11.3249,"farmer_unique_id":"4042844","site_id":2512},{"date":"2020-06-27","product":"COPERNICUS/S1_GRD","band":"VH","value":-19.7854,"farmer_unique_id":"4042844","site_id":2512},{"date":"2020-07-09","product":"COPERNICUS/S1_GRD","band":"VH","value":-14.0042,"farmer_unique_id":"4042844","site_id":2512},{"date":"2020-07-21","product":"COPERNICUS/S1_GRD","band":"VH","value":-14.3791,"farmer_unique_id":"4042844","site_id":2512},{"date":"2020-08-02","product":"COPERNICUS/S1_GRD","band":"VH","value":-16.679,"farmer_unique_id":"4042844","site_id":2512},{"date":"2020-08-14","product":"COPERNICUS/S1_GRD","band":"VH","value":-18.6808,"farmer_unique_id":"4042844","site_id":2512},{"date":"2020-08-26","product":"COPERNICUS/S1_GRD","band":"VH","value":-19.5357,"farmer_unique_id":"4042844","site_id":2512},{"date":"2020-09-07","product":"COPERNICUS/S1_GRD","band":"VH","value":-17.2194,"farmer_unique_id":"4042844","site_id":2512},{"date":"2020-09-19","product":"COPERNICUS/S1_GRD","band":"VH","value":-16.8392,"farmer_unique_id":"4042844","site_id":2512},{"date":"2020-10-01","product":"COPERNICUS/S1_GRD","band":"VH","value":-21.589,"farmer_unique_id":"4042844","site_id":2512},{"date":"2020-10-13","product":"COPERNICUS/S1_GRD","band":"VH","value":-12.1565,"farmer_unique_id":"4042844","site_id":2512},{"date":"2020-10-25","product":"COPERNICUS/S1_GRD","band":"VH","value":-18.9473,"farmer_unique_id":"4042844","site_id":2512},{"date":"2020-11-06","product":"COPERNICUS/S1_GRD","band":"VH","value":-14.2783,"farmer_unique_id":"4042844","site_id":2512},{"date":"2020-11-18","product":"COPERNICUS/S1_GRD","band":"VH","value":-13.4145,"farmer_unique_id":"4042844","site_id":2512},{"date":"2020-11-30","product":"COPERNICUS/S1_GRD","band":"VH","value":-14.7384,"farmer_unique_id":"4042844","site_id":2512},{"date":"2020-12-12","product":"COPERNICUS/S1_GRD","band":"VH","value":-14.4637,"farmer_unique_id":"4042844","site_id":2512},{"date":"2020-12-24","product":"COPERNICUS/S1_GRD","band":"VH","value":-19.925,"farmer_unique_id":"4042844","site_id":2512},{"date":"2021-01-05","product":"COPERNICUS/S1_GRD","band":"VH","value":-17.7236,"farmer_unique_id":"4042844","site_id":2512},{"date":"2021-01-17","product":"COPERNICUS/S1_GRD","band":"VH","value":-18.84,"farmer_unique_id":"4042844","site_id":2512},{"date":"2021-01-29","product":"COPERNICUS/S1_GRD","band":"VH","value":-18.9162,"farmer_unique_id":"4042844","site_id":2512},{"date":"2021-02-10","product":"COPERNICUS/S1_GRD","band":"VH","value":-17.4354,"farmer_unique_id":"4042844","site_id":2512},{"date":"2021-02-22","product":"COPERNICUS/S1_GRD","band":"VH","value":-14.951,"farmer_unique_id":"4042844","site_id":2512},{"date":"2021-03-06","product":"COPERNICUS/S1_GRD","band":"VH","value":-18.2876,"farmer_unique_id":"4042844","site_id":2512},{"date":"2021-03-18","product":"COPERNICUS/S1_GRD","band":"VH","value":-17.8472,"farmer_unique_id":"4042844","site_id":2512},{"date":"2021-03-30","product":"COPERNICUS/S1_GRD","band":"VH","value":-12.5046,"farmer_unique_id":"4042844","site_id":2512},{"date":"2021-04-11","product":"COPERNICUS/S1_GRD","band":"VH","value":-17.9686,"farmer_unique_id":"4042844","site_id":2512},{"date":"2021-04-23","product":"COPERNICUS/S1_GRD","band":"VH","value":-18.7893,"farmer_unique_id":"4042844","site_id":2512},{"date":"2021-05-05","product":"COPERNICUS/S1_GRD","band":"VH","value":-18.8731,"farmer_unique_id":"4042844","site_id":2512},{"date":"2021-05-17","product":"COPERNICUS/S1_GRD","band":"VH","value":-16.4558,"farmer_unique_id":"4042844","site_id":2512},{"date":"2021-05-29","product":"COPERNICUS/S1_GRD","band":"VH","value":-17.9403,"farmer_unique_id":"4042844","site_id":2512},{"date":"2021-06-10","product":"COPERNICUS/S1_GRD","band":"VH","value":-16.0088,"farmer_unique_id":"4042844","site_id":2512},{"date":"2021-06-22","product":"COPERNICUS/S1_GRD","band":"VH","value":-17.3793,"farmer_unique_id":"4042844","site_id":2512},{"date":"2021-07-04","product":"COPERNICUS/S1_GRD","band":"VH","value":-15.1344,"farmer_unique_id":"4042844","site_id":2512},{"date":"2021-07-16","product":"COPERNICUS/S1_GRD","band":"VH","value":-16.6892,"farmer_unique_id":"4042844","site_id":2512},{"date":"2021-07-28","product":"COPERNICUS/S1_GRD","band":"VH","value":-15.8996,"farmer_unique_id":"4042844","site_id":2512},{"date":"2021-08-09","product":"COPERNICUS/S1_GRD","band":"VH","value":-15.7849,"farmer_unique_id":"4042844","site_id":2512},{"date":"2021-08-21","product":"COPERNICUS/S1_GRD","band":"VH","value":-18.7378,"farmer_unique_id":"4042844","site_id":2512},{"date":"2021-09-02","product":"COPERNICUS/S1_GRD","band":"VH","value":-18.1998,"farmer_unique_id":"4042844","site_id":2512},{"date":"2021-09-14","product":"COPERNICUS/S1_GRD","band":"VH","value":-17.2264,"farmer_unique_id":"4042844","site_id":2512},{"date":"2021-09-26","product":"COPERNICUS/S1_GRD","band":"VH","value":-20.1709,"farmer_unique_id":"4042844","site_id":2512},{"date":"2021-10-08","product":"COPERNICUS/S1_GRD","band":"VH","value":-16.5663,"farmer_unique_id":"4042844","site_id":2512},{"date":"2021-10-20","product":"COPERNICUS/S1_GRD","band":"VH","value":-15.2058,"farmer_unique_id":"4042844","site_id":2512},{"date":"2021-11-01","product":"COPERNICUS/S1_GRD","band":"VH","value":-13.9396,"farmer_unique_id":"4042844","site_id":2512},{"date":"2021-11-13","product":"COPERNICUS/S1_GRD","band":"VH","value":-14.2483,"farmer_unique_id":"4042844","site_id":2512},{"date":"2021-11-25","product":"COPERNICUS/S1_GRD","band":"VH","value":-18.9716,"farmer_unique_id":"4042844","site_id":2512},{"date":"2021-12-07","product":"COPERNICUS/S1_GRD","band":"VH","value":-16.7711,"farmer_unique_id":"4042844","site_id":2512},{"date":"2021-12-19","product":"COPERNICUS/S1_GRD","band":"VH","value":-15.7154,"farmer_unique_id":"4042844","site_id":2512},{"date":"2020-01-11","product":"COPERNICUS/S1_GRD","band":"VV","value":-9.9929,"farmer_unique_id":"4042844","site_id":2512},{"date":"2020-01-23","product":"COPERNICUS/S1_GRD","band":"VV","value":-10.1125,"farmer_unique_id":"4042844","site_id":2512},{"date":"2020-02-04","product":"COPERNICUS/S1_GRD","band":"VV","value":-12.2485,"farmer_unique_id":"4042844","site_id":2512},{"date":"2020-02-16","product":"COPERNICUS/S1_GRD","band":"VV","value":-7.6289,"farmer_unique_id":"4042844","site_id":2512},{"date":"2020-02-28","product":"COPERNICUS/S1_GRD","band":"VV","value":-7.4621,"farmer_unique_id":"4042844","site_id":2512},{"date":"2020-03-11","product":"COPERNICUS/S1_GRD","band":"VV","value":-13.0329,"farmer_unique_id":"4042844","site_id":2512},{"date":"2020-03-23","product":"COPERNICUS/S1_GRD","band":"VV","value":-11.2283,"farmer_unique_id":"4042844","site_id":2512},{"date":"2020-04-04","product":"COPERNICUS/S1_GRD","band":"VV","value":-11.0569,"farmer_unique_id":"4042844","site_id":2512},{"date":"2020-04-16","product":"COPERNICUS/S1_GRD","band":"VV","value":-8.6768,"farmer_unique_id":"4042844","site_id":2512},{"date":"2020-04-28","product":"COPERNICUS/S1_GRD","band":"VV","value":-11.3742,"farmer_unique_id":"4042844","site_id":2512},{"date":"2020-05-10","product":"COPERNICUS/S1_GRD","band":"VV","value":-8.4634,"farmer_unique_id":"4042844","site_id":2512},{"date":"2020-05-22","product":"COPERNICUS/S1_GRD","band":"VV","value":-9.5609,"farmer_unique_id":"4042844","site_id":2512},{"date":"2020-06-03","product":"COPERNICUS/S1_GRD","band":"VV","value":-10.9836,"farmer_unique_id":"4042844","site_id":2512},{"date":"2020-06-15","product":"COPERNICUS/S1_GRD","band":"VV","value":-13.7607,"farmer_unique_id":"4042844","site_id":2512},{"date":"2020-06-27","product":"COPERNICUS/S1_GRD","band":"VV","value":-12.6267,"farmer_unique_id":"4042844","site_id":2512},{"date":"2020-07-09","product":"COPERNICUS/S1_GRD","band":"VV","value":-9.2925,"farmer_unique_id":"4042844","site_id":2512},{"date":"2020-07-21","product":"COPERNICUS/S1_GRD","band":"VV","value":-11.1862,"farmer_unique_id":"4042844","site_id":2512},{"date":"2020-08-02","product":"COPERNICUS/S1_GRD","band":"VV","value":-10.3235,"farmer_unique_id":"4042844","site_id":2512},{"date":"2020-08-14","product":"COPERNICUS/S1_GRD","band":"VV","value":-12.1808,"farmer_unique_id":"4042844","site_id":2512},{"date":"2020-08-26","product":"COPERNICUS/S1_GRD","band":"VV","value":-11.0135,"farmer_unique_id":"4042844","site_id":2512},{"date":"2020-09-07","product":"COPERNICUS/S1_GRD","band":"VV","value":-10.5697,"farmer_unique_id":"4042844","site_id":2512},{"date":"2020-09-19","product":"COPERNICUS/S1_GRD","band":"VV","value":-10.6676,"farmer_unique_id":"4042844","site_id":2512},{"date":"2020-10-01","product":"COPERNICUS/S1_GRD","band":"VV","value":-12.0092,"farmer_unique_id":"4042844","site_id":2512},{"date":"2020-10-13","product":"COPERNICUS/S1_GRD","band":"VV","value":-9.9665,"farmer_unique_id":"4042844","site_id":2512},{"date":"2020-10-25","product":"COPERNICUS/S1_GRD","band":"VV","value":-11.9308,"farmer_unique_id":"4042844","site_id":2512},{"date":"2020-11-06","product":"COPERNICUS/S1_GRD","band":"VV","value":-11.1342,"farmer_unique_id":"4042844","site_id":2512},{"date":"2020-11-18","product":"COPERNICUS/S1_GRD","band":"VV","value":-10.9559,"farmer_unique_id":"4042844","site_id":2512},{"date":"2020-11-30","product":"COPERNICUS/S1_GRD","band":"VV","value":-10.5598,"farmer_unique_id":"4042844","site_id":2512},{"date":"2020-12-12","product":"COPERNICUS/S1_GRD","band":"VV","value":-10.0879,"farmer_unique_id":"4042844","site_id":2512},{"date":"2020-12-24","product":"COPERNICUS/S1_GRD","band":"VV","value":-11.0509,"farmer_unique_id":"4042844","site_id":2512},{"date":"2021-01-05","product":"COPERNICUS/S1_GRD","band":"VV","value":-13.247,"farmer_unique_id":"4042844","site_id":2512},{"date":"2021-01-17","product":"COPERNICUS/S1_GRD","band":"VV","value":-11.7213,"farmer_unique_id":"4042844","site_id":2512},{"date":"2021-01-29","product":"COPERNICUS/S1_GRD","band":"VV","value":-11.3655,"farmer_unique_id":"4042844","site_id":2512},{"date":"2021-02-10","product":"COPERNICUS/S1_GRD","band":"VV","value":-14.6736,"farmer_unique_id":"4042844","site_id":2512},{"date":"2021-02-22","product":"COPERNICUS/S1_GRD","band":"VV","value":-8.522,"farmer_unique_id":"4042844","site_id":2512},{"date":"2021-03-06","product":"COPERNICUS/S1_GRD","band":"VV","value":-12.4859,"farmer_unique_id":"4042844","site_id":2512},{"date":"2021-03-18","product":"COPERNICUS/S1_GRD","band":"VV","value":-13.4308,"farmer_unique_id":"4042844","site_id":2512},{"date":"2021-03-30","product":"COPERNICUS/S1_GRD","band":"VV","value":-10.7816,"farmer_unique_id":"4042844","site_id":2512},{"date":"2021-04-11","product":"COPERNICUS/S1_GRD","band":"VV","value":-11.7696,"farmer_unique_id":"4042844","site_id":2512},{"date":"2021-04-23","product":"COPERNICUS/S1_GRD","band":"VV","value":-10.6736,"farmer_unique_id":"4042844","site_id":2512},{"date":"2021-05-05","product":"COPERNICUS/S1_GRD","band":"VV","value":-9.1831,"farmer_unique_id":"4042844","site_id":2512},{"date":"2021-05-17","product":"COPERNICUS/S1_GRD","band":"VV","value":-10.2341,"farmer_unique_id":"4042844","site_id":2512},{"date":"2021-05-29","product":"COPERNICUS/S1_GRD","band":"VV","value":-10.1808,"farmer_unique_id":"4042844","site_id":2512},{"date":"2021-06-10","product":"COPERNICUS/S1_GRD","band":"VV","value":-7.1561,"farmer_unique_id":"4042844","site_id":2512},{"date":"2021-06-22","product":"COPERNICUS/S1_GRD","band":"VV","value":-10.187,"farmer_unique_id":"4042844","site_id":2512},{"date":"2021-07-04","product":"COPERNICUS/S1_GRD","band":"VV","value":-11.9698,"farmer_unique_id":"4042844","site_id":2512},{"date":"2021-07-16","product":"COPERNICUS/S1_GRD","band":"VV","value":-11.7935,"farmer_unique_id":"4042844","site_id":2512},{"date":"2021-07-28","product":"COPERNICUS/S1_GRD","band":"VV","value":-10.6963,"farmer_unique_id":"4042844","site_id":2512},{"date":"2021-08-09","product":"COPERNICUS/S1_GRD","band":"VV","value":-9.2509,"farmer_unique_id":"4042844","site_id":2512},{"date":"2021-08-21","product":"COPERNICUS/S1_GRD","band":"VV","value":-12.4038,"farmer_unique_id":"4042844","site_id":2512},{"date":"2021-09-02","product":"COPERNICUS/S1_GRD","band":"VV","value":-11.9128,"farmer_unique_id":"4042844","site_id":2512},{"date":"2021-09-14","product":"COPERNICUS/S1_GRD","band":"VV","value":-9.9068,"farmer_unique_id":"4042844","site_id":2512},{"date":"2021-09-26","product":"COPERNICUS/S1_GRD","band":"VV","value":-12.754,"farmer_unique_id":"4042844","site_id":2512},{"date":"2021-10-08","product":"COPERNICUS/S1_GRD","band":"VV","value":-11.5861,"farmer_unique_id":"4042844","site_id":2512},{"date":"2021-10-20","product":"COPERNICUS/S1_GRD","band":"VV","value":-9.6172,"farmer_unique_id":"4042844","site_id":2512},{"date":"2021-11-01","product":"COPERNICUS/S1_GRD","band":"VV","value":-12.7849,"farmer_unique_id":"4042844","site_id":2512},{"date":"2021-11-13","product":"COPERNICUS/S1_GRD","band":"VV","value":-12.1584,"farmer_unique_id":"4042844","site_id":2512},{"date":"2021-11-25","product":"COPERNICUS/S1_GRD","band":"VV","value":-10.246,"farmer_unique_id":"4042844","site_id":2512},{"date":"2021-12-07","product":"COPERNICUS/S1_GRD","band":"VV","value":-11.1591,"farmer_unique_id":"4042844","site_id":2512},{"date":"2021-12-19","product":"COPERNICUS/S1_GRD","band":"VV","value":-10.4254,"farmer_unique_id":"4042844","site_id":2512}]
