[{"date":"2020-01-11","product":"COPERNICUS/S1_GRD","band":"VH","value":-15.1197,"farmer_unique_id":"876082","site_id":6812},{"date":"2020-01-23","product":"COPERNICUS/S1_GRD","band":"VH","value":-16.9749,"farmer_unique_id":"876082","site_id":6812},{"date":"2020-02-04","product":"COPERNICUS/S1_GRD","band":"VH","value":-14.1146,"farmer_unique_id":"876082","site_id":6812},{"date":"2020-02-16","product":"COPERNICUS/S1_GRD","band":"VH","value":-16.8133,"farmer_unique_id":"876082","site_id":6812},{"date":"2020-02-28","product":"COPERNICUS/S1_GRD","band":"VH","value":-14.9182,"farmer_unique_id":"876082","site_id":6812},{"date":"2020-03-11","product":"COPERNICUS/S1_GRD","band":"VH","value":-14.3673,"farmer_unique_id":"876082","site_id":6812},{"date":"2020-03-23","product":"COPERNICUS/S1_GRD","band":"VH","value":-15.5404,"farmer_unique_id":"876082","site_id":6812},{"date":"2020-04-04","product":"COPERNICUS/S1_GRD","band":"VH","value":-12.7691,"farmer_unique_id":"876082","site_id":6812},{"date":"2020-04-16","product":"COPERNICUS/S1_GRD","band":"VH","value":-9.6036,"farmer_unique_id":"876082","site_id":6812},{"date":"2020-04-28","product":"COPERNICUS/S1_GRD","band":"VH","value":-12.9156,"farmer_unique_id":"876082","site_id":6812},{"date":"2020-05-10","product":"COPERNICUS/S1_GRD","band":"VH","value":-14.0913,"farmer_unique_id":"876082","site_id":6812},{"date":"2020-05-22","product":"COPERNICUS/S1_GRD","band":"VH","value":-10.8969,"farmer_unique_id":"876082","site_id":6812},{"date":"2020-06-15","product":"COPERNICUS/S1_GRD","band":"VH","value":-16.978,"farmer_unique_id":"876082","site_id":6812},{"date":"2020-06-27","product":"COPERNICUS/S1_GRD","band":"VH","value":-14.506,"farmer_unique_id":"876082","site_id":6812},{"date":"2020-07-09","product":"COPERNICUS/S1_GRD","band":"VH","value":-15.4457,"farmer_unique_id":"876082","site_id":6812},{"date":"2020-07-21","product":"COPERNICUS/S1_GRD","band":"VH","value":-14.8889,"farmer_unique_id":"876082","site_id":6812},{"date":"2020-08-02","product":"COPERNICUS/S1_GRD","band":"VH","value":-14.7462,"farmer_unique_id":"876082","site_id":6812},{"date":"2020-08-14","product":"COPERNICUS/S1_GRD","band":"VH","value":-13.7893,"farmer_unique_id":"876082","site_id":6812},{"date":"2020-08-26","product":"COPERNICUS/S1_GRD","band":"VH","value":-17.2632,"farmer_unique_id":"876082","site_id":6812},{"date":"2020-09-07","product":"COPERNICUS/S1_GRD","band":"VH","value":-18.1197,"farmer_unique_id":"876082","site_id":6812},{"date":"2020-09-19","product":"COPERNICUS/S1_GRD","band":"VH","value":-13.938,"farmer_unique_id":"876082","site_id":6812},{"date":"2020-10-01","product":"COPERNICUS/S1_GRD","band":"VH","value":-15.6166,"farmer_unique_id":"876082","site_id":6812},{"date":"2020-10-13","product":"COPERNICUS/S1_GRD","band":"VH","value":-19.4969,"farmer_unique_id":"876082","site_id":6812},{"date":"2020-10-25","product":"COPERNICUS/S1_GRD","band":"VH","value":-17.9162,"farmer_unique_id":"876082","site_id":6812},{"date":"2020-11-06","product":"COPERNICUS/S1_GRD","band":"VH","value":-15.1958,"farmer_unique_id":"876082","site_id":6812},{"date":"2020-11-18","product":"COPERNICUS/S1_GRD","band":"VH","value":-16.3015,"farmer_unique_id":"876082","site_id":6812},{"date":"2020-11-30","product":"COPERNICUS/S1_GRD","band":"VH","value":-16.893,"farmer_unique_id":"876082","site_id":6812},{"date":"2020-12-12","product":"COPERNICUS/S1_GRD","band":"VH","value":-15.3669,"farmer_unique_id":"876082","site_id":6812},{"date":"2020-12-24","product":"COPERNICUS/S1_GRD","band":"VH","value":-15.2936,"farmer_unique_id":"876082","site_id":6812},{"date":"2021-01-05","product":"COPERNICUS/S1_GRD","band":"VH","value":-16.2721,"farmer_unique_id":"876082","site_id":6812},{"date":"2021-01-17","product":"COPERNICUS/S1_GRD","band":"VH","value":-17.0805,"farmer_unique_id":"876082","site_id":6812},{"date":"2021-01-29","product":"COPERNICUS/S1_GRD","band":"VH","value":-17.9181,"farmer_unique_id":"876082","site_id":6812},{"date":"2021-02-10","product":"COPERNICUS/S1_GRD","band":"VH","value":-15.1138,"farmer_unique_id":"876082","site_id":6812},{"date":"2021-02-22","product":"COPERNICUS/S1_GRD","band":"VH","value":-14.3595,"farmer_unique_id":"876082","site_id":6812},{"date":"2021-03-06","product":"COPERNICUS/S1_GRD","band":"VH","value":-19.6408,"farmer_unique_id":"876082","site_id":6812},{"date":"2021-03-18","product":"COPERNICUS/S1_GRD","band":"VH","value":-14.8177,"farmer_unique_id":"876082","site_id":6812},{"date":"2021-03-30","product":"COPERNICUS/S1_GRD","band":"VH","value":-13.8115,"farmer_unique_id":"876082","site_id":6812},{"date":"2021-04-11","product":"COPERNICUS/S1_GRD","band":"VH","value":-17.9839,"farmer_unique_id":"876082","site_id":6812},{"date":"2021-04-23","product":"COPERNICUS/S1_GRD","band":"VH","value":-16.5476,"farmer_unique_id":"876082","site_id":6812},{"date":"2021-05-05","product":"COPERNICUS/S1_GRD","band":"VH","value":-14.5573,"farmer_unique_id":"876082","site_id":6812},{"date":"2021-05-17","product":"COPERNICUS/S1_GRD","band":"VH","value":-18.0979,"farmer_unique_id":"876082","site_id":6812},{"date":"2021-05-29","product":"COPERNICUS/S1_GRD","band":"VH","value":-15.0298,"farmer_unique_id":"876082","site_id":6812},{"date":"2021-06-10","product":"COPERNICUS/S1_GRD","band":"VH","value":-14.8503,"farmer_unique_id":"876082","site_id":6812},{"date":"2021-06-22","product":"COPERNICUS/S1_GRD","band":"VH","value":-19.1315,"farmer_unique_id":"876082","site_id":6812},{"date":"2021-07-04","product":"COPERNICUS/S1_GRD","band":"VH","value":-17.5784,"farmer_unique_id":"876082","site_id":6812},{"date":"2021-07-16","product":"COPERNICUS/S1_GRD","band":"VH","value":-14.8555,"farmer_unique_id":"876082","site_id":6812},{"date":"2021-07-28","product":"COPERNICUS/S1_GRD","band":"VH","value":-17.4606,"farmer_unique_id":"876082","site_id":6812},{"date":"2021-08-09","product":"COPERNICUS/S1_GRD","band":"VH","value":-18.15,"farmer_unique_id":"876082","site_id":6812},{"date":"2021-08-21","product":"COPERNICUS/S1_GRD","band":"VH","value":-19.4181,"farmer_unique_id":"876082","site_id":6812},{"date":"2021-09-02","product":"COPERNICUS/S1_GRD","band":"VH","value":-21.0064,"farmer_unique_id":"876082","site_id":6812},{"date":"2021-09-14","product":"COPERNICUS/S1_GRD","band":"VH","value":-15.9815,"farmer_unique_id":"876082","site_id":6812},{"date":"2021-09-26","product":"COPERNICUS/S1_GRD","band":"VH","value":-19.296,"farmer_unique_id":"876082","site_id":6812},{"date":"2021-10-08","product":"COPERNICUS/S1_GRD","band":"VH","value":-16.9336,"farmer_unique_id":"876082","site_id":6812},{"date":"2021-10-20","product":"COPERNICUS/S1_GRD","band":"VH","value":-14.902,"farmer_unique_id":"876082","site_id":6812},{"date":"2021-11-01","product":"COPERNICUS/S1_GRD","band":"VH","value":-16.6487,"farmer_unique_id":"876082","site_id":6812},{"date":"2021-11-13","product":"COPERNICUS/S1_GRD","band":"VH","value":-14.3124,"farmer_unique_id":"876082","site_id":6812},{"date":"2021-11-25","product":"COPERNICUS/S1_GRD","band":"VH","value":-17.557,"farmer_unique_id":"876082","site_id":6812},{"date":"2021-12-07","product":"COPERNICUS/S1_GRD","band":"VH","value":-11.6894,"farmer_unique_id":"876082","site_id":6812},{"date":"2021-12-19","product":"COPERNICUS/S1_GRD","band":"VH","value":-12.9221,"farmer_unique_id":"876082","site_id":6812},{"date":"2020-01-11","product":"COPERNICUS/S1_GRD","band":"VV","value":-9.7305,"farmer_unique_id":"876082","site_id":6812},{"date":"2020-01-23","product":"COPERNICUS/S1_GRD","band":"VV","value":-8.633,"farmer_unique_id":"876082","site_id":6812},{"date":"2020-02-04","product":"COPERNICUS/S1_GRD","band":"VV","value":-7.7767,"farmer_unique_id":"876082","site_id":6812},{"date":"2020-02-16","product":"COPERNICUS/S1_GRD","band":"VV","value":-9.1366,"farmer_unique_id":"876082","site_id":6812},{"date":"2020-02-28","product":"COPERNICUS/S1_GRD","band":"VV","value":-9.4734,"farmer_unique_id":"876082","site_id":6812},{"date":"2020-03-11","product":"COPERNICUS/S1_GRD","band":"VV","value":-5.826,"farmer_unique_id":"876082","site_id":6812},{"date":"2020-03-23","product":"COPERNICUS/S1_GRD","band":"VV","value":-11.2606,"farmer_unique_id":"876082","site_id":6812},{"date":"2020-04-04","product":"COPERNICUS/S1_GRD","band":"VV","value":-9.6221,"farmer_unique_id":"876082","site_id":6812},{"date":"2020-04-16","product":"COPERNICUS/S1_GRD","band":"VV","value":-8.6043,"farmer_unique_id":"876082","site_id":6812},{"date":"2020-04-28","product":"COPERNICUS/S1_GRD","band":"VV","value":-5.3222,"farmer_unique_id":"876082","site_id":6812},{"date":"2020-05-10","product":"COPERNICUS/S1_GRD","band":"VV","value":-9.0928,"farmer_unique_id":"876082","site_id":6812},{"date":"2020-05-22","product":"COPERNICUS/S1_GRD","band":"VV","value":-9.7686,"farmer_unique_id":"876082","site_id":6812},{"date":"2020-06-15","product":"COPERNICUS/S1_GRD","band":"VV","value":-8.8389,"farmer_unique_id":"876082","site_id":6812},{"date":"2020-06-27","product":"COPERNICUS/S1_GRD","band":"VV","value":-6.8239,"farmer_unique_id":"876082","site_id":6812},{"date":"2020-07-09","product":"COPERNICUS/S1_GRD","band":"VV","value":-5.5137,"farmer_unique_id":"876082","site_id":6812},{"date":"2020-07-21","product":"COPERNICUS/S1_GRD","band":"VV","value":-9.5937,"farmer_unique_id":"876082","site_id":6812},{"date":"2020-08-02","product":"COPERNICUS/S1_GRD","band":"VV","value":-9.7414,"farmer_unique_id":"876082","site_id":6812},{"date":"2020-08-14","product":"COPERNICUS/S1_GRD","band":"VV","value":-11.5408,"farmer_unique_id":"876082","site_id":6812},{"date":"2020-08-26","product":"COPERNICUS/S1_GRD","band":"VV","value":-8.7675,"farmer_unique_id":"876082","site_id":6812},{"date":"2020-09-07","product":"COPERNICUS/S1_GRD","band":"VV","value":-10.802,"farmer_unique_id":"876082","site_id":6812},{"date":"2020-09-19","product":"COPERNICUS/S1_GRD","band":"VV","value":-10.0799,"farmer_unique_id":"876082","site_id":6812},{"date":"2020-10-01","product":"COPERNICUS/S1_GRD","band":"VV","value":-9.1977,"farmer_unique_id":"876082","site_id":6812},{"date":"2020-10-13","product":"COPERNICUS/S1_GRD","band":"VV","value":-10.6552,"farmer_unique_id":"876082","site_id":6812},{"date":"2020-10-25","product":"COPERNICUS/S1_GRD","band":"VV","value":-8.9989,"farmer_unique_id":"876082","site_id":6812},{"date":"2020-11-06","product":"COPERNICUS/S1_GRD","band":"VV","value":-11.6343,"farmer_unique_id":"876082","site_id":6812},{"date":"2020-11-18","product":"COPERNICUS/S1_GRD","band":"VV","value":-8.4407,"farmer_unique_id":"876082","site_id":6812},{"date":"2020-11-30","product":"COPERNICUS/S1_GRD","band":"VV","value":-6.9124,"farmer_unique_id":"876082","site_id":6812},{"date":"2020-12-12","product":"COPERNICUS/S1_GRD","band":"VV","value":-11.6368,"farmer_unique_id":"876082","site_id":6812},{"date":"2020-12-24","product":"COPERNICUS/S1_GRD","band":"VV","value":-9.055,"farmer_unique_id":"876082","site_id":6812},{"date":"2021-01-05","product":"COPERNICUS/S1_GRD","band":"VV","value":-9.6591,"farmer_unique_id":"876082","site_id":6812},{"date":"2021-01-17","product":"COPERNICUS/S1_GRD","band":"VV","value":-8.3868,"farmer_unique_id":"876082","site_id":6812},{"date":"2021-01-29","product":"COPERNICUS/S1_GRD","band":"VV","value":-9.5588,"farmer_unique_id":"876082","site_id":6812},{"date":"2021-02-10","product":"COPERNICUS/S1_GRD","band":"VV","value":-7.8816,"farmer_unique_id":"876082","site_id":6812},{"date":"2021-02-22","product":"COPERNICUS/S1_GRD","band":"VV","value":-7.2668,"farmer_unique_id":"876082","site_id":6812},{"date":"2021-03-06","product":"COPERNICUS/S1_GRD","band":"VV","value":-14.4556,"farmer_unique_id":"876082","site_id":6812},{"date":"2021-03-18","product":"COPERNICUS/S1_GRD","band":"VV","value":-10.3597,"farmer_unique_id":"876082","site_id":6812},{"date":"2021-03-30","product":"COPERNICUS/S1_GRD","band":"VV","value":-9.217,"farmer_unique_id":"876082","site_id":6812},{"date":"2021-04-11","product":"COPERNICUS/S1_GRD","band":"VV","value":-9.4881,"farmer_unique_id":"876082","site_id":6812},{"date":"2021-04-23","product":"COPERNICUS/S1_GRD","band":"VV","value":-7.8978,"farmer_unique_id":"876082","site_id":6812},{"date":"2021-05-05","product":"COPERNICUS/S1_GRD","band":"VV","value":-9.9138,"farmer_unique_id":"876082","site_id":6812},{"date":"2021-05-17","product":"COPERNICUS/S1_GRD","band":"VV","value":-8.8057,"farmer_unique_id":"876082","site_id":6812},{"date":"2021-05-29","product":"COPERNICUS/S1_GRD","band":"VV","value":-10.4767,"farmer_unique_id":"876082","site_id":6812},{"date":"2021-06-10","product":"COPERNICUS/S1_GRD","band":"VV","value":-11.0223,"farmer_unique_id":"876082","site_id":6812},{"date":"2021-06-22","product":"COPERNICUS/S1_GRD","band":"VV","value":-10.0475,"farmer_unique_id":"876082","site_id":6812},{"date":"2021-07-04","product":"COPERNICUS/S1_GRD","band":"VV","value":-7.3276,"farmer_unique_id":"876082","site_id":6812},{"date":"2021-07-16","product":"COPERNICUS/S1_GRD","band":"VV","value":-7.1324,"farmer_unique_id":"876082","site_id":6812},{"date":"2021-07-28","product":"COPERNICUS/S1_GRD","band":"VV","value":-8.8017,"farmer_unique_id":"876082","site_id":6812},{"date":"2021-08-09","product":"COPERNICUS/S1_GRD","band":"VV","value":-10.2169,"farmer_unique_id":"876082","site_id":6812},{"date":"2021-08-21","product":"COPERNICUS/S1_GRD","band":"VV","value":-10.7267,"farmer_unique_id":"876082","site_id":6812},{"date":"2021-09-02","product":"COPERNICUS/S1_GRD","band":"VV","value":-10.2777,"farmer_unique_id":"876082","site_id":6812},{"date":"2021-09-14","product":"COPERNICUS/S1_GRD","band":"VV","value":-9.8421,"farmer_unique_id":"876082","site_id":6812},{"date":"2021-09-26","product":"COPERNICUS/S1_GRD","band":"VV","value":-11.3269,"farmer_unique_id":"876082","site_id":6812},{"date":"2021-10-08","product":"COPERNICUS/S1_GRD","band":"VV","value":-10.9156,"farmer_unique_id":"876082","site_id":6812},{"date":"2021-10-20","product":"COPERNICUS/S1_GRD","band":"VV","value":-5.7912,"farmer_unique_id":"876082","site_id":6812},{"date":"2021-11-01","product":"COPERNICUS/S1_GRD","band":"VV","value":-10.7897,"farmer_unique_id":"876082","site_id":6812},{"date":"2021-11-13","product":"COPERNICUS/S1_GRD","band":"VV","value":-8.9565,"farmer_unique_id":"876082","site_id":6812},{"date":"2021-11-25","product":"COPERNICUS/S1_GRD","band":"VV","value":-10.1258,"farmer_unique_id":"876082","site_id":6812},{"date":"2021-12-07","product":"COPERNICUS/S1_GRD","band":"VV","value":-7.8388,"farmer_unique_id":"876082","site_id":6812},{"date":"2021-12-19","product":"COPERNICUS/S1_GRD","band":"VV","value":-8.8271,"farmer_unique_id":"876082","site_id":6812}]
