[{"date":"2020-01-11","product":"COPERNICUS/S1_GRD","band":"VH","value":-14.9092,"farmer_unique_id":"EM1311","site_id":54},{"date":"2020-01-23","product":"COPERNICUS/S1_GRD","band":"VH","value":-13.3574,"farmer_unique_id":"EM1311","site_id":54},{"date":"2020-02-04","product":"COPERNICUS/S1_GRD","band":"VH","value":-14.5861,"farmer_unique_id":"EM1311","site_id":54},{"date":"2020-02-16","product":"COPERNICUS/S1_GRD","band":"VH","value":-13.6293,"farmer_unique_id":"EM1311","site_id":54},{"date":"2020-02-28","product":"COPERNICUS/S1_GRD","band":"VH","value":-14.7731,"farmer_unique_id":"EM1311","site_id":54},{"date":"2020-03-11","product":"COPERNICUS/S1_GRD","band":"VH","value":-20.7596,"farmer_unique_id":"EM1311","site_id":54},{"date":"2020-03-23","product":"COPERNICUS/S1_GRD","band":"VH","value":-12.1876,"farmer_unique_id":"EM1311","site_id":54},{"date":"2020-04-04","product":"COPERNICUS/S1_GRD","band":"VH","value":-16.386,"farmer_unique_id":"EM1311","site_id":54},{"date":"2020-04-16","product":"COPERNICUS/S1_GRD","band":"VH","value":-15.4655,"farmer_unique_id":"EM1311","site_id":54},{"date":"2020-04-28","product":"COPERNICUS/S1_GRD","band":"VH","value":-12.6413,"farmer_unique_id":"EM1311","site_id":54},{"date":"2020-05-10","product":"COPERNICUS/S1_GRD","band":"VH","value":-15.848,"farmer_unique_id":"EM1311","site_id":54},{"date":"2020-05-22","product":"COPERNICUS/S1_GRD","band":"VH","value":-11.7008,"farmer_unique_id":"EM1311","site_id":54},{"date":"2020-06-15","product":"COPERNICUS/S1_GRD","band":"VH","value":-12.5866,"farmer_unique_id":"EM1311","site_id":54},{"date":"2020-06-27","product":"COPERNICUS/S1_GRD","band":"VH","value":-14.2396,"farmer_unique_id":"EM1311","site_id":54},{"date":"2020-07-09","product":"COPERNICUS/S1_GRD","band":"VH","value":-13.2766,"farmer_unique_id":"EM1311","site_id":54},{"date":"2020-07-21","product":"COPERNICUS/S1_GRD","band":"VH","value":-15.0253,"farmer_unique_id":"EM1311","site_id":54},{"date":"2020-08-02","product":"COPERNICUS/S1_GRD","band":"VH","value":-13.9145,"farmer_unique_id":"EM1311","site_id":54},{"date":"2020-08-14","product":"COPERNICUS/S1_GRD","band":"VH","value":-15.7513,"farmer_unique_id":"EM1311","site_id":54},{"date":"2020-08-26","product":"COPERNICUS/S1_GRD","band":"VH","value":-15.2591,"farmer_unique_id":"EM1311","site_id":54},{"date":"2020-09-07","product":"COPERNICUS/S1_GRD","band":"VH","value":-15.4399,"farmer_unique_id":"EM1311","site_id":54},{"date":"2020-09-19","product":"COPERNICUS/S1_GRD","band":"VH","value":-14.9163,"farmer_unique_id":"EM1311","site_id":54},{"date":"2020-10-01","product":"COPERNICUS/S1_GRD","band":"VH","value":-13.6577,"farmer_unique_id":"EM1311","site_id":54},{"date":"2020-10-13","product":"COPERNICUS/S1_GRD","band":"VH","value":-18.1924,"farmer_unique_id":"EM1311","site_id":54},{"date":"2020-10-25","product":"COPERNICUS/S1_GRD","band":"VH","value":-15.4488,"farmer_unique_id":"EM1311","site_id":54},{"date":"2020-11-06","product":"COPERNICUS/S1_GRD","band":"VH","value":-14.9261,"farmer_unique_id":"EM1311","site_id":54},{"date":"2020-11-18","product":"COPERNICUS/S1_GRD","band":"VH","value":-14.7262,"farmer_unique_id":"EM1311","site_id":54},{"date":"2020-11-30","product":"COPERNICUS/S1_GRD","band":"VH","value":-11.5049,"farmer_unique_id":"EM1311","site_id":54},{"date":"2020-12-12","product":"COPERNICUS/S1_GRD","band":"VH","value":-14.6007,"farmer_unique_id":"EM1311","site_id":54},{"date":"2020-12-24","product":"COPERNICUS/S1_GRD","band":"VH","value":-13.4127,"farmer_unique_id":"EM1311","site_id":54},{"date":"2021-01-05","product":"COPERNICUS/S1_GRD","band":"VH","value":-16.0248,"farmer_unique_id":"EM1311","site_id":54},{"date":"2021-01-17","product":"COPERNICUS/S1_GRD","band":"VH","value":-15.3547,"farmer_unique_id":"EM1311","site_id":54},{"date":"2021-01-29","product":"COPERNICUS/S1_GRD","band":"VH","value":-13.2283,"farmer_unique_id":"EM1311","site_id":54},{"date":"2021-02-10","product":"COPERNICUS/S1_GRD","band":"VH","value":-12.4856,"farmer_unique_id":"EM1311","site_id":54},{"date":"2021-02-22","product":"COPERNICUS/S1_GRD","band":"VH","value":-11.5465,"farmer_unique_id":"EM1311","site_id":54},{"date":"2021-03-06","product":"COPERNICUS/S1_GRD","band":"VH","value":-16.5472,"farmer_unique_id":"EM1311","site_id":54},{"date":"2021-03-18","product":"COPERNICUS/S1_GRD","band":"VH","value":-16.5539,"farmer_unique_id":"EM1311","site_id":54},{"date":"2021-03-30","product":"COPERNICUS/S1_GRD","band":"VH","value":-15.529,"farmer_unique_id":"EM1311","site_id":54},{"date":"2021-04-11","product":"COPERNICUS/S1_GRD","band":"VH","value":-14.3563,"farmer_unique_id":"EM1311","site_id":54},{"date":"2021-04-23","product":"COPERNICUS/S1_GRD","band":"VH","value":-15.3723,"farmer_unique_id":"EM1311","site_id":54},{"date":"2021-05-05","product":"COPERNICUS/S1_GRD","band":"VH","value":-21.5638,"farmer_unique_id":"EM1311","site_id":54},{"date":"2021-05-17","product":"COPERNICUS/S1_GRD","band":"VH","value":-15.2605,"farmer_unique_id":"EM1311","site_id":54},{"date":"2021-05-29","product":"COPERNICUS/S1_GRD","band":"VH","value":-17.2378,"farmer_unique_id":"EM1311","site_id":54},{"date":"2021-06-10","product":"COPERNICUS/S1_GRD","band":"VH","value":-14.6336,"farmer_unique_id":"EM1311","site_id":54},{"date":"2021-06-22","product":"COPERNICUS/S1_GRD","band":"VH","value":-13.7111,"farmer_unique_id":"EM1311","site_id":54},{"date":"2021-07-04","product":"COPERNICUS/S1_GRD","band":"VH","value":-19.0633,"farmer_unique_id":"EM1311","site_id":54},{"date":"2021-07-16","product":"COPERNICUS/S1_GRD","band":"VH","value":-15.1224,"farmer_unique_id":"EM1311","site_id":54},{"date":"2021-07-28","product":"COPERNICUS/S1_GRD","band":"VH","value":-12.4959,"farmer_unique_id":"EM1311","site_id":54},{"date":"2021-08-09","product":"COPERNICUS/S1_GRD","band":"VH","value":-15.4373,"farmer_unique_id":"EM1311","site_id":54},{"date":"2021-08-21","product":"COPERNICUS/S1_GRD","band":"VH","value":-14.9668,"farmer_unique_id":"EM1311","site_id":54},{"date":"2021-09-02","product":"COPERNICUS/S1_GRD","band":"VH","value":-14.7258,"farmer_unique_id":"EM1311","site_id":54},{"date":"2021-09-14","product":"COPERNICUS/S1_GRD","band":"VH","value":-14.7586,"farmer_unique_id":"EM1311","site_id":54},{"date":"2021-09-26","product":"COPERNICUS/S1_GRD","band":"VH","value":-14.2957,"farmer_unique_id":"EM1311","site_id":54},{"date":"2021-10-08","product":"COPERNICUS/S1_GRD","band":"VH","value":-15.5548,"farmer_unique_id":"EM1311","site_id":54},{"date":"2021-10-20","product":"COPERNICUS/S1_GRD","band":"VH","value":-16.0061,"farmer_unique_id":"EM1311","site_id":54},{"date":"2021-11-01","product":"COPERNICUS/S1_GRD","band":"VH","value":-17.4066,"farmer_unique_id":"EM1311","site_id":54},{"date":"2021-11-13","product":"COPERNICUS/S1_GRD","band":"VH","value":-15.2861,"farmer_unique_id":"EM1311","site_id":54},{"date":"2021-11-25","product":"COPERNICUS/S1_GRD","band":"VH","value":-11.6753,"farmer_unique_id":"EM1311","site_id":54},{"date":"2021-12-07","product":"COPERNICUS/S1_GRD","band":"VH","value":-16.7071,"farmer_unique_id":"EM1311","site_id":54},{"date":"2021-12-19","product":"COPERNICUS/S1_GRD","band":"VH","value":-14.1333,"farmer_unique_id":"EM1311","site_id":54},{"date":"2020-01-11","product":"COPERNICUS/S1_GRD","band":"VV","value":-7.9381,"farmer_unique_id":"EM1311","site_id":54},{"date":"2020-01-23","product":"COPERNICUS/S1_GRD","band":"VV","value":-6.449,"farmer_unique_id":"EM1311","site_id":54},{"date":"2020-02-04","product":"COPERNICUS/S1_GRD","band":"VV","value":-10.9561,"farmer_unique_id":"EM1311","site_id":54},{"date":"2020-02-16","product":"COPERNICUS/S1_GRD","band":"VV","value":-7.6815,"farmer_unique_id":"EM1311","site_id":54},{"date":"2020-02-28","product":"COPERNICUS/S1_GRD","band":"VV","value":-8.6132,"farmer_unique_id":"EM1311","site_id":54},{"date":"2020-03-11","product":"COPERNICUS/S1_GRD","band":"VV","value":-7.9355,"farmer_unique_id":"EM1311","site_id":54},{"date":"2020-03-23","product":"COPERNICUS/S1_GRD","band":"VV","value":-8.6133,"farmer_unique_id":"EM1311","site_id":54},{"date":"2020-04-04","product":"COPERNICUS/S1_GRD","band":"VV","value":-3.7488,"farmer_unique_id":"EM1311","site_id":54},{"date":"2020-04-16","product":"COPERNICUS/S1_GRD","band":"VV","value":-10.2283,"farmer_unique_id":"EM1311","site_id":54},{"date":"2020-04-28","product":"COPERNICUS/S1_GRD","band":"VV","value":-6.0402,"farmer_unique_id":"EM1311","site_id":54},{"date":"2020-05-10","product":"COPERNICUS/S1_GRD","band":"VV","value":-10.6895,"farmer_unique_id":"EM1311","site_id":54},{"date":"2020-05-22","product":"COPERNICUS/S1_GRD","band":"VV","value":-7.9364,"farmer_unique_id":"EM1311","site_id":54},{"date":"2020-06-15","product":"COPERNICUS/S1_GRD","band":"VV","value":-8.7378,"farmer_unique_id":"EM1311","site_id":54},{"date":"2020-06-27","product":"COPERNICUS/S1_GRD","band":"VV","value":-7.901,"farmer_unique_id":"EM1311","site_id":54},{"date":"2020-07-09","product":"COPERNICUS/S1_GRD","band":"VV","value":-6.3816,"farmer_unique_id":"EM1311","site_id":54},{"date":"2020-07-21","product":"COPERNICUS/S1_GRD","band":"VV","value":-9.3466,"farmer_unique_id":"EM1311","site_id":54},{"date":"2020-08-02","product":"COPERNICUS/S1_GRD","band":"VV","value":-9.5497,"farmer_unique_id":"EM1311","site_id":54},{"date":"2020-08-14","product":"COPERNICUS/S1_GRD","band":"VV","value":-9.1133,"farmer_unique_id":"EM1311","site_id":54},{"date":"2020-08-26","product":"COPERNICUS/S1_GRD","band":"VV","value":-9.3062,"farmer_unique_id":"EM1311","site_id":54},{"date":"2020-09-07","product":"COPERNICUS/S1_GRD","band":"VV","value":-7.7659,"farmer_unique_id":"EM1311","site_id":54},{"date":"2020-09-19","product":"COPERNICUS/S1_GRD","band":"VV","value":-8.7996,"farmer_unique_id":"EM1311","site_id":54},{"date":"2020-10-01","product":"COPERNICUS/S1_GRD","band":"VV","value":-8.25,"farmer_unique_id":"EM1311","site_id":54},{"date":"2020-10-13","product":"COPERNICUS/S1_GRD","band":"VV","value":-9.6588,"farmer_unique_id":"EM1311","site_id":54},{"date":"2020-10-25","product":"COPERNICUS/S1_GRD","band":"VV","value":-8.4377,"farmer_unique_id":"EM1311","site_id":54},{"date":"2020-11-06","product":"COPERNICUS/S1_GRD","band":"VV","value":-8.2975,"farmer_unique_id":"EM1311","site_id":54},{"date":"2020-11-18","product":"COPERNICUS/S1_GRD","band":"VV","value":-11.7773,"farmer_unique_id":"EM1311","site_id":54},{"date":"2020-11-30","product":"COPERNICUS/S1_GRD","band":"VV","value":-9.8142,"farmer_unique_id":"EM1311","site_id":54},{"date":"2020-12-12","product":"COPERNICUS/S1_GRD","band":"VV","value":-10.9795,"farmer_unique_id":"EM1311","site_id":54},{"date":"2020-12-24","product":"COPERNICUS/S1_GRD","band":"VV","value":-8.165,"farmer_unique_id":"EM1311","site_id":54},{"date":"2021-01-05","product":"COPERNICUS/S1_GRD","band":"VV","value":-7.7415,"farmer_unique_id":"EM1311","site_id":54},{"date":"2021-01-17","product":"COPERNICUS/S1_GRD","band":"VV","value":-5.2519,"farmer_unique_id":"EM1311","site_id":54},{"date":"2021-01-29","product":"COPERNICUS/S1_GRD","band":"VV","value":-10.6912,"farmer_unique_id":"EM1311","site_id":54},{"date":"2021-02-10","product":"COPERNICUS/S1_GRD","band":"VV","value":-6.4816,"farmer_unique_id":"EM1311","site_id":54},{"date":"2021-02-22","product":"COPERNICUS/S1_GRD","band":"VV","value":-8.9043,"farmer_unique_id":"EM1311","site_id":54},{"date":"2021-03-06","product":"COPERNICUS/S1_GRD","band":"VV","value":-11.3842,"farmer_unique_id":"EM1311","site_id":54},{"date":"2021-03-18","product":"COPERNICUS/S1_GRD","band":"VV","value":-6.9101,"farmer_unique_id":"EM1311","site_id":54},{"date":"2021-03-30","product":"COPERNICUS/S1_GRD","band":"VV","value":-6.8472,"farmer_unique_id":"EM1311","site_id":54},{"date":"2021-04-11","product":"COPERNICUS/S1_GRD","band":"VV","value":-9.1688,"farmer_unique_id":"EM1311","site_id":54},{"date":"2021-04-23","product":"COPERNICUS/S1_GRD","band":"VV","value":-6.8283,"farmer_unique_id":"EM1311","site_id":54},{"date":"2021-05-05","product":"COPERNICUS/S1_GRD","band":"VV","value":-5.5884,"farmer_unique_id":"EM1311","site_id":54},{"date":"2021-05-17","product":"COPERNICUS/S1_GRD","band":"VV","value":-9.9391,"farmer_unique_id":"EM1311","site_id":54},{"date":"2021-05-29","product":"COPERNICUS/S1_GRD","band":"VV","value":-5.4382,"farmer_unique_id":"EM1311","site_id":54},{"date":"2021-06-10","product":"COPERNICUS/S1_GRD","band":"VV","value":-13.0643,"farmer_unique_id":"EM1311","site_id":54},{"date":"2021-06-22","product":"COPERNICUS/S1_GRD","band":"VV","value":-10.7599,"farmer_unique_id":"EM1311","site_id":54},{"date":"2021-07-04","product":"COPERNICUS/S1_GRD","band":"VV","value":-12.0151,"farmer_unique_id":"EM1311","site_id":54},{"date":"2021-07-16","product":"COPERNICUS/S1_GRD","band":"VV","value":-9.0352,"farmer_unique_id":"EM1311","site_id":54},{"date":"2021-07-28","product":"COPERNICUS/S1_GRD","band":"VV","value":-9.5867,"farmer_unique_id":"EM1311","site_id":54},{"date":"2021-08-09","product":"COPERNICUS/S1_GRD","band":"VV","value":-10.9315,"farmer_unique_id":"EM1311","site_id":54},{"date":"2021-08-21","product":"COPERNICUS/S1_GRD","band":"VV","value":-8.473,"farmer_unique_id":"EM1311","site_id":54},{"date":"2021-09-02","product":"COPERNICUS/S1_GRD","band":"VV","value":-10.1955,"farmer_unique_id":"EM1311","site_id":54},{"date":"2021-09-14","product":"COPERNICUS/S1_GRD","band":"VV","value":-7.5004,"farmer_unique_id":"EM1311","site_id":54},{"date":"2021-09-26","product":"COPERNICUS/S1_GRD","band":"VV","value":-8.8489,"farmer_unique_id":"EM1311","site_id":54},{"date":"2021-10-08","product":"COPERNICUS/S1_GRD","band":"VV","value":-6.1354,"farmer_unique_id":"EM1311","site_id":54},{"date":"2021-10-20","product":"COPERNICUS/S1_GRD","band":"VV","value":-8.191,"farmer_unique_id":"EM1311","site_id":54},{"date":"2021-11-01","product":"COPERNICUS/S1_GRD","band":"VV","value":-10.0365,"farmer_unique_id":"EM1311","site_id":54},{"date":"2021-11-13","product":"COPERNICUS/S1_GRD","band":"VV","value":-9.0111,"farmer_unique_id":"EM1311","site_id":54},{"date":"2021-11-25","product":"COPERNICUS/S1_GRD","band":"VV","value":-13.5035,"farmer_unique_id":"EM1311","site_id":54},{"date":"2021-12-07","product":"COPERNICUS/S1_GRD","band":"VV","value":-10.6777,"farmer_unique_id":"EM1311","site_id":54},{"date":"2021-12-19","product":"COPERNICUS/S1_GRD","band":"VV","value":-8.5738,"farmer_unique_id":"EM1311","site_id":54}]
