[{"date":"2020-01-11","product":"COPERNICUS/S1_GRD","band":"VH","value":-14.2716,"farmer_unique_id":"1241099","site_id":10634},{"date":"2020-01-23","product":"COPERNICUS/S1_GRD","band":"VH","value":-15.0245,"farmer_unique_id":"1241099","site_id":10634},{"date":"2020-02-04","product":"COPERNICUS/S1_GRD","band":"VH","value":-14.3816,"farmer_unique_id":"1241099","site_id":10634},{"date":"2020-02-16","product":"COPERNICUS/S1_GRD","band":"VH","value":-13.5857,"farmer_unique_id":"1241099","site_id":10634},{"date":"2020-02-28","product":"COPERNICUS/S1_GRD","band":"VH","value":-17.8917,"farmer_unique_id":"1241099","site_id":10634},{"date":"2020-03-11","product":"COPERNICUS/S1_GRD","band":"VH","value":-14.5794,"farmer_unique_id":"1241099","site_id":10634},{"date":"2020-03-23","product":"COPERNICUS/S1_GRD","band":"VH","value":-16.7288,"farmer_unique_id":"1241099","site_id":10634},{"date":"2020-04-04","product":"COPERNICUS/S1_GRD","band":"VH","value":-17.9421,"farmer_unique_id":"1241099","site_id":10634},{"date":"2020-04-16","product":"COPERNICUS/S1_GRD","band":"VH","value":-16.3088,"farmer_unique_id":"1241099","site_id":10634},{"date":"2020-04-28","product":"COPERNICUS/S1_GRD","band":"VH","value":-15.4083,"farmer_unique_id":"1241099","site_id":10634},{"date":"2020-05-10","product":"COPERNICUS/S1_GRD","band":"VH","value":-13.5938,"farmer_unique_id":"1241099","site_id":10634},{"date":"2020-05-22","product":"COPERNICUS/S1_GRD","band":"VH","value":-17.9242,"farmer_unique_id":"1241099","site_id":10634},{"date":"2020-06-15","product":"COPERNICUS/S1_GRD","band":"VH","value":-18.7099,"farmer_unique_id":"1241099","site_id":10634},{"date":"2020-06-27","product":"COPERNICUS/S1_GRD","band":"VH","value":-20.3528,"farmer_unique_id":"1241099","site_id":10634},{"date":"2020-07-09","product":"COPERNICUS/S1_GRD","band":"VH","value":-16.8596,"farmer_unique_id":"1241099","site_id":10634},{"date":"2020-07-21","product":"COPERNICUS/S1_GRD","band":"VH","value":-20.0122,"farmer_unique_id":"1241099","site_id":10634},{"date":"2020-08-02","product":"COPERNICUS/S1_GRD","band":"VH","value":-19.006,"farmer_unique_id":"1241099","site_id":10634},{"date":"2020-08-14","product":"COPERNICUS/S1_GRD","band":"VH","value":-14.0541,"farmer_unique_id":"1241099","site_id":10634},{"date":"2020-08-26","product":"COPERNICUS/S1_GRD","band":"VH","value":-16.5387,"farmer_unique_id":"1241099","site_id":10634},{"date":"2020-09-07","product":"COPERNICUS/S1_GRD","band":"VH","value":-19.122,"farmer_unique_id":"1241099","site_id":10634},{"date":"2020-09-19","product":"COPERNICUS/S1_GRD","band":"VH","value":-15.2537,"farmer_unique_id":"1241099","site_id":10634},{"date":"2020-10-01","product":"COPERNICUS/S1_GRD","band":"VH","value":-15.921,"farmer_unique_id":"1241099","site_id":10634},{"date":"2020-10-13","product":"COPERNICUS/S1_GRD","band":"VH","value":-15.7026,"farmer_unique_id":"1241099","site_id":10634},{"date":"2020-10-25","product":"COPERNICUS/S1_GRD","band":"VH","value":-20.2681,"farmer_unique_id":"1241099","site_id":10634},{"date":"2020-11-06","product":"COPERNICUS/S1_GRD","band":"VH","value":-16.3981,"farmer_unique_id":"1241099","site_id":10634},{"date":"2020-11-18","product":"COPERNICUS/S1_GRD","band":"VH","value":-15.918,"farmer_unique_id":"1241099","site_id":10634},{"date":"2020-11-30","product":"COPERNICUS/S1_GRD","band":"VH","value":-16.7226,"farmer_unique_id":"1241099","site_id":10634},{"date":"2020-12-12","product":"COPERNICUS/S1_GRD","band":"VH","value":-18.8862,"farmer_unique_id":"1241099","site_id":10634},{"date":"2020-12-24","product":"COPERNICUS/S1_GRD","band":"VH","value":-15.7015,"farmer_unique_id":"1241099","site_id":10634},{"date":"2021-01-05","product":"COPERNICUS/S1_GRD","band":"VH","value":-14.5592,"farmer_unique_id":"1241099","site_id":10634},{"date":"2021-01-17","product":"COPERNICUS/S1_GRD","band":"VH","value":-19.4027,"farmer_unique_id":"1241099","site_id":10634},{"date":"2021-01-29","product":"COPERNICUS/S1_GRD","band":"VH","value":-15.2814,"farmer_unique_id":"1241099","site_id":10634},{"date":"2021-02-10","product":"COPERNICUS/S1_GRD","band":"VH","value":-15.3194,"farmer_unique_id":"1241099","site_id":10634},{"date":"2021-02-22","product":"COPERNICUS/S1_GRD","band":"VH","value":-15.0076,"farmer_unique_id":"1241099","site_id":10634},{"date":"2021-03-06","product":"COPERNICUS/S1_GRD","band":"VH","value":-20.6393,"farmer_unique_id":"1241099","site_id":10634},{"date":"2021-03-18","product":"COPERNICUS/S1_GRD","band":"VH","value":-17.9374,"farmer_unique_id":"1241099","site_id":10634},{"date":"2021-03-30","product":"COPERNICUS/S1_GRD","band":"VH","value":-18.6363,"farmer_unique_id":"1241099","site_id":10634},{"date":"2021-04-11","product":"COPERNICUS/S1_GRD","band":"VH","value":-19.3075,"farmer_unique_id":"1241099","site_id":10634},{"date":"2021-04-23","product":"COPERNICUS/S1_GRD","band":"VH","value":-17.6424,"farmer_unique_id":"1241099","site_id":10634},{"date":"2021-05-05","product":"COPERNICUS/S1_GRD","band":"VH","value":-15.7679,"farmer_unique_id":"1241099","site_id":10634},{"date":"2021-05-17","product":"COPERNICUS/S1_GRD","band":"VH","value":-16.5448,"farmer_unique_id":"1241099","site_id":10634},{"date":"2021-05-29","product":"COPERNICUS/S1_GRD","band":"VH","value":-19.385,"farmer_unique_id":"1241099","site_id":10634},{"date":"2021-06-10","product":"COPERNICUS/S1_GRD","band":"VH","value":-15.7363,"farmer_unique_id":"1241099","site_id":10634},{"date":"2021-06-22","product":"COPERNICUS/S1_GRD","band":"VH","value":-20.6206,"farmer_unique_id":"1241099","site_id":10634},{"date":"2021-07-04","product":"COPERNICUS/S1_GRD","band":"VH","value":-22.2029,"farmer_unique_id":"1241099","site_id":10634},{"date":"2021-07-16","product":"COPERNICUS/S1_GRD","band":"VH","value":-17.5367,"farmer_unique_id":"1241099","site_id":10634},{"date":"2021-07-28","product":"COPERNICUS/S1_GRD","band":"VH","value":-19.3693,"farmer_unique_id":"1241099","site_id":10634},{"date":"2021-08-09","product":"COPERNICUS/S1_GRD","band":"VH","value":-17.3938,"farmer_unique_id":"1241099","site_id":10634},{"date":"2021-08-21","product":"COPERNICUS/S1_GRD","band":"VH","value":-18.8861,"farmer_unique_id":"1241099","site_id":10634},{"date":"2021-09-02","product":"COPERNICUS/S1_GRD","band":"VH","value":-15.091,"farmer_unique_id":"1241099","site_id":10634},{"date":"2021-09-14","product":"COPERNICUS/S1_GRD","band":"VH","value":-21.5529,"farmer_unique_id":"1241099","site_id":10634},{"date":"2021-09-26","product":"COPERNICUS/S1_GRD","band":"VH","value":-18.1569,"farmer_unique_id":"1241099","site_id":10634},{"date":"2021-10-08","product":"COPERNICUS/S1_GRD","band":"VH","value":-19.8423,"farmer_unique_id":"1241099","site_id":10634},{"date":"2021-10-20","product":"COPERNICUS/S1_GRD","band":"VH","value":-18.8333,"farmer_unique_id":"1241099","site_id":10634},{"date":"2021-11-01","product":"COPERNICUS/S1_GRD","band":"VH","value":-18.9069,"farmer_unique_id":"1241099","site_id":10634},{"date":"2021-11-13","product":"COPERNICUS/S1_GRD","band":"VH","value":-18.4971,"farmer_unique_id":"1241099","site_id":10634},{"date":"2021-11-25","product":"COPERNICUS/S1_GRD","band":"VH","value":-20.0355,"farmer_unique_id":"1241099","site_id":10634},{"date":"2021-12-07","product":"COPERNICUS/S1_GRD","band":"VH","value":-16.4184,"farmer_unique_id":"1241099","site_id":10634},{"date":"2021-12-19","product":"COPERNICUS/S1_GRD","band":"VH","value":-14.2272,"farmer_unique_id":"1241099","site_id":10634},{"date":"2020-01-11","product":"COPERNICUS/S1_GRD","band":"VV","value":-8.7519,"farmer_unique_id":"1241099","site_id":10634},{"date":"2020-01-23","product":"COPERNICUS/S1_GRD","band":"VV","value":-9.937,"farmer_unique_id":"1241099","site_id":10634},{"date":"2020-02-04","product":"COPERNICUS/S1_GRD","band":"VV","value":-10.493,"farmer_unique_id":"1241099","site_id":10634},{"date":"2020-02-16","product":"COPERNICUS/S1_GRD","band":"VV","value":-8.8804,"farmer_unique_id":"1241099","site_id":10634},{"date":"2020-02-28","product":"COPERNICUS/S1_GRD","band":"VV","value":-15.0036,"farmer_unique_id":"1241099","site_id":10634},{"date":"2020-03-11","product":"COPERNICUS/S1_GRD","band":"VV","value":-8.7399,"farmer_unique_id":"1241099","site_id":10634},{"date":"2020-03-23","product":"COPERNICUS/S1_GRD","band":"VV","value":-12.9852,"farmer_unique_id":"1241099","site_id":10634},{"date":"2020-04-04","product":"COPERNICUS/S1_GRD","band":"VV","value":-9.6193,"farmer_unique_id":"1241099","site_id":10634},{"date":"2020-04-16","product":"COPERNICUS/S1_GRD","band":"VV","value":-8.9304,"farmer_unique_id":"1241099","site_id":10634},{"date":"2020-04-28","product":"COPERNICUS/S1_GRD","band":"VV","value":-12.0599,"farmer_unique_id":"1241099","site_id":10634},{"date":"2020-05-10","product":"COPERNICUS/S1_GRD","band":"VV","value":-8.7907,"farmer_unique_id":"1241099","site_id":10634},{"date":"2020-05-22","product":"COPERNICUS/S1_GRD","band":"VV","value":-9.9109,"farmer_unique_id":"1241099","site_id":10634},{"date":"2020-06-15","product":"COPERNICUS/S1_GRD","band":"VV","value":-10.5862,"farmer_unique_id":"1241099","site_id":10634},{"date":"2020-06-27","product":"COPERNICUS/S1_GRD","band":"VV","value":-9.6526,"farmer_unique_id":"1241099","site_id":10634},{"date":"2020-07-09","product":"COPERNICUS/S1_GRD","band":"VV","value":-11.8552,"farmer_unique_id":"1241099","site_id":10634},{"date":"2020-07-21","product":"COPERNICUS/S1_GRD","band":"VV","value":-13.2503,"farmer_unique_id":"1241099","site_id":10634},{"date":"2020-08-02","product":"COPERNICUS/S1_GRD","band":"VV","value":-10.7738,"farmer_unique_id":"1241099","site_id":10634},{"date":"2020-08-14","product":"COPERNICUS/S1_GRD","band":"VV","value":-16.5817,"farmer_unique_id":"1241099","site_id":10634},{"date":"2020-08-26","product":"COPERNICUS/S1_GRD","band":"VV","value":-12.3273,"farmer_unique_id":"1241099","site_id":10634},{"date":"2020-09-07","product":"COPERNICUS/S1_GRD","band":"VV","value":-15.2169,"farmer_unique_id":"1241099","site_id":10634},{"date":"2020-09-19","product":"COPERNICUS/S1_GRD","band":"VV","value":-11.0487,"farmer_unique_id":"1241099","site_id":10634},{"date":"2020-10-01","product":"COPERNICUS/S1_GRD","band":"VV","value":-14.077,"farmer_unique_id":"1241099","site_id":10634},{"date":"2020-10-13","product":"COPERNICUS/S1_GRD","band":"VV","value":-17.5382,"farmer_unique_id":"1241099","site_id":10634},{"date":"2020-10-25","product":"COPERNICUS/S1_GRD","band":"VV","value":-12.3365,"farmer_unique_id":"1241099","site_id":10634},{"date":"2020-11-06","product":"COPERNICUS/S1_GRD","band":"VV","value":-10.054,"farmer_unique_id":"1241099","site_id":10634},{"date":"2020-11-18","product":"COPERNICUS/S1_GRD","band":"VV","value":-13.2164,"farmer_unique_id":"1241099","site_id":10634},{"date":"2020-11-30","product":"COPERNICUS/S1_GRD","band":"VV","value":-9.3613,"farmer_unique_id":"1241099","site_id":10634},{"date":"2020-12-12","product":"COPERNICUS/S1_GRD","band":"VV","value":-9.3783,"farmer_unique_id":"1241099","site_id":10634},{"date":"2020-12-24","product":"COPERNICUS/S1_GRD","band":"VV","value":-10.6962,"farmer_unique_id":"1241099","site_id":10634},{"date":"2021-01-05","product":"COPERNICUS/S1_GRD","band":"VV","value":-17.351,"farmer_unique_id":"1241099","site_id":10634},{"date":"2021-01-17","product":"COPERNICUS/S1_GRD","band":"VV","value":-12.0022,"farmer_unique_id":"1241099","site_id":10634},{"date":"2021-01-29","product":"COPERNICUS/S1_GRD","band":"VV","value":-11.802,"farmer_unique_id":"1241099","site_id":10634},{"date":"2021-02-10","product":"COPERNICUS/S1_GRD","band":"VV","value":-8.6245,"farmer_unique_id":"1241099","site_id":10634},{"date":"2021-02-22","product":"COPERNICUS/S1_GRD","band":"VV","value":-11.6609,"farmer_unique_id":"1241099","site_id":10634},{"date":"2021-03-06","product":"COPERNICUS/S1_GRD","band":"VV","value":-11.7635,"farmer_unique_id":"1241099","site_id":10634},{"date":"2021-03-18","product":"COPERNICUS/S1_GRD","band":"VV","value":-13.0056,"farmer_unique_id":"1241099","site_id":10634},{"date":"2021-03-30","product":"COPERNICUS/S1_GRD","band":"VV","value":-9.6173,"farmer_unique_id":"1241099","site_id":10634},{"date":"2021-04-11","product":"COPERNICUS/S1_GRD","band":"VV","value":-9.8162,"farmer_unique_id":"1241099","site_id":10634},{"date":"2021-04-23","product":"COPERNICUS/S1_GRD","band":"VV","value":-9.1415,"farmer_unique_id":"1241099","site_id":10634},{"date":"2021-05-05","product":"COPERNICUS/S1_GRD","band":"VV","value":-12.3702,"farmer_unique_id":"1241099","site_id":10634},{"date":"2021-05-17","product":"COPERNICUS/S1_GRD","band":"VV","value":-13.3133,"farmer_unique_id":"1241099","site_id":10634},{"date":"2021-05-29","product":"COPERNICUS/S1_GRD","band":"VV","value":-15.9739,"farmer_unique_id":"1241099","site_id":10634},{"date":"2021-06-10","product":"COPERNICUS/S1_GRD","band":"VV","value":-8.2045,"farmer_unique_id":"1241099","site_id":10634},{"date":"2021-06-22","product":"COPERNICUS/S1_GRD","band":"VV","value":-12.8442,"farmer_unique_id":"1241099","site_id":10634},{"date":"2021-07-04","product":"COPERNICUS/S1_GRD","band":"VV","value":-15.8135,"farmer_unique_id":"1241099","site_id":10634},{"date":"2021-07-16","product":"COPERNICUS/S1_GRD","band":"VV","value":-15.3789,"farmer_unique_id":"1241099","site_id":10634},{"date":"2021-07-28","product":"COPERNICUS/S1_GRD","band":"VV","value":-12.8269,"farmer_unique_id":"1241099","site_id":10634},{"date":"2021-08-09","product":"COPERNICUS/S1_GRD","band":"VV","value":-13.3266,"farmer_unique_id":"1241099","site_id":10634},{"date":"2021-08-21","product":"COPERNICUS/S1_GRD","band":"VV","value":-13.7961,"farmer_unique_id":"1241099","site_id":10634},{"date":"2021-09-02","product":"COPERNICUS/S1_GRD","band":"VV","value":-12.4185,"farmer_unique_id":"1241099","site_id":10634},{"date":"2021-09-14","product":"COPERNICUS/S1_GRD","band":"VV","value":-13.9439,"farmer_unique_id":"1241099","site_id":10634},{"date":"2021-09-26","product":"COPERNICUS/S1_GRD","band":"VV","value":-12.0816,"farmer_unique_id":"1241099","site_id":10634},{"date":"2021-10-08","product":"COPERNICUS/S1_GRD","band":"VV","value":-13.1242,"farmer_unique_id":"1241099","site_id":10634},{"date":"2021-10-20","product":"COPERNICUS/S1_GRD","band":"VV","value":-12.2853,"farmer_unique_id":"1241099","site_id":10634},{"date":"2021-11-01","product":"COPERNICUS/S1_GRD","band":"VV","value":-11.217,"farmer_unique_id":"1241099","site_id":10634},{"date":"2021-11-13","product":"COPERNICUS/S1_GRD","band":"VV","value":-13.9765,"farmer_unique_id":"1241099","site_id":10634},{"date":"2021-11-25","product":"COPERNICUS/S1_GRD","band":"VV","value":-12.3392,"farmer_unique_id":"1241099","site_id":10634},{"date":"2021-12-07","product":"COPERNICUS/S1_GRD","band":"VV","value":-14.0763,"farmer_unique_id":"1241099","site_id":10634},{"date":"2021-12-19","product":"COPERNICUS/S1_GRD","band":"VV","value":-10.1794,"farmer_unique_id":"1241099","site_id":10634}]
