[{"date":"2020-01-11","product":"COPERNICUS/S1_GRD","band":"VH","value":-15.1937,"farmer_unique_id":"ME3154","site_id":3421},{"date":"2020-01-23","product":"COPERNICUS/S1_GRD","band":"VH","value":-14.8707,"farmer_unique_id":"ME3154","site_id":3421},{"date":"2020-02-04","product":"COPERNICUS/S1_GRD","band":"VH","value":-12.6426,"farmer_unique_id":"ME3154","site_id":3421},{"date":"2020-02-16","product":"COPERNICUS/S1_GRD","band":"VH","value":-12.1206,"farmer_unique_id":"ME3154","site_id":3421},{"date":"2020-02-28","product":"COPERNICUS/S1_GRD","band":"VH","value":-12.8318,"farmer_unique_id":"ME3154","site_id":3421},{"date":"2020-03-11","product":"COPERNICUS/S1_GRD","band":"VH","value":-13.6851,"farmer_unique_id":"ME3154","site_id":3421},{"date":"2020-03-23","product":"COPERNICUS/S1_GRD","band":"VH","value":-15.6338,"farmer_unique_id":"ME3154","site_id":3421},{"date":"2020-04-04","product":"COPERNICUS/S1_GRD","band":"VH","value":-15.5166,"farmer_unique_id":"ME3154","site_id":3421},{"date":"2020-04-16","product":"COPERNICUS/S1_GRD","band":"VH","value":-14.5378,"farmer_unique_id":"ME3154","site_id":3421},{"date":"2020-04-28","product":"COPERNICUS/S1_GRD","band":"VH","value":-13.1865,"farmer_unique_id":"ME3154","site_id":3421},{"date":"2020-05-10","product":"COPERNICUS/S1_GRD","band":"VH","value":-13.6501,"farmer_unique_id":"ME3154","site_id":3421},{"date":"2020-05-22","product":"COPERNICUS/S1_GRD","band":"VH","value":-16.364,"farmer_unique_id":"ME3154","site_id":3421},{"date":"2020-06-03","product":"COPERNICUS/S1_GRD","band":"VH","value":-15.2179,"farmer_unique_id":"ME3154","site_id":3421},{"date":"2020-06-15","product":"COPERNICUS/S1_GRD","band":"VH","value":-14.5835,"farmer_unique_id":"ME3154","site_id":3421},{"date":"2020-06-27","product":"COPERNICUS/S1_GRD","band":"VH","value":-13.1139,"farmer_unique_id":"ME3154","site_id":3421},{"date":"2020-07-09","product":"COPERNICUS/S1_GRD","band":"VH","value":-17.956,"farmer_unique_id":"ME3154","site_id":3421},{"date":"2020-07-21","product":"COPERNICUS/S1_GRD","band":"VH","value":-11.4494,"farmer_unique_id":"ME3154","site_id":3421},{"date":"2020-08-02","product":"COPERNICUS/S1_GRD","band":"VH","value":-15.553,"farmer_unique_id":"ME3154","site_id":3421},{"date":"2020-08-14","product":"COPERNICUS/S1_GRD","band":"VH","value":-14.0488,"farmer_unique_id":"ME3154","site_id":3421},{"date":"2020-08-26","product":"COPERNICUS/S1_GRD","band":"VH","value":-17.1239,"farmer_unique_id":"ME3154","site_id":3421},{"date":"2020-09-07","product":"COPERNICUS/S1_GRD","band":"VH","value":-14.7623,"farmer_unique_id":"ME3154","site_id":3421},{"date":"2020-09-19","product":"COPERNICUS/S1_GRD","band":"VH","value":-17.735,"farmer_unique_id":"ME3154","site_id":3421},{"date":"2020-10-01","product":"COPERNICUS/S1_GRD","band":"VH","value":-16.4574,"farmer_unique_id":"ME3154","site_id":3421},{"date":"2020-10-13","product":"COPERNICUS/S1_GRD","band":"VH","value":-15.1633,"farmer_unique_id":"ME3154","site_id":3421},{"date":"2020-10-25","product":"COPERNICUS/S1_GRD","band":"VH","value":-14.9981,"farmer_unique_id":"ME3154","site_id":3421},{"date":"2020-11-06","product":"COPERNICUS/S1_GRD","band":"VH","value":-12.8247,"farmer_unique_id":"ME3154","site_id":3421},{"date":"2020-11-18","product":"COPERNICUS/S1_GRD","band":"VH","value":-15.2902,"farmer_unique_id":"ME3154","site_id":3421},{"date":"2020-11-30","product":"COPERNICUS/S1_GRD","band":"VH","value":-11.7965,"farmer_unique_id":"ME3154","site_id":3421},{"date":"2020-12-12","product":"COPERNICUS/S1_GRD","band":"VH","value":-16.331,"farmer_unique_id":"ME3154","site_id":3421},{"date":"2020-12-24","product":"COPERNICUS/S1_GRD","band":"VH","value":-14.8991,"farmer_unique_id":"ME3154","site_id":3421},{"date":"2021-01-05","product":"COPERNICUS/S1_GRD","band":"VH","value":-15.7244,"farmer_unique_id":"ME3154","site_id":3421},{"date":"2021-01-17","product":"COPERNICUS/S1_GRD","band":"VH","value":-16.5568,"farmer_unique_id":"ME3154","site_id":3421},{"date":"2021-01-29","product":"COPERNICUS/S1_GRD","band":"VH","value":-13.6895,"farmer_unique_id":"ME3154","site_id":3421},{"date":"2021-02-10","product":"COPERNICUS/S1_GRD","band":"VH","value":-11.6293,"farmer_unique_id":"ME3154","site_id":3421},{"date":"2021-02-22","product":"COPERNICUS/S1_GRD","band":"VH","value":-16.4064,"farmer_unique_id":"ME3154","site_id":3421},{"date":"2021-03-06","product":"COPERNICUS/S1_GRD","band":"VH","value":-20.1307,"farmer_unique_id":"ME3154","site_id":3421},{"date":"2021-03-18","product":"COPERNICUS/S1_GRD","band":"VH","value":-13.9104,"farmer_unique_id":"ME3154","site_id":3421},{"date":"2021-03-30","product":"COPERNICUS/S1_GRD","band":"VH","value":-20.8746,"farmer_unique_id":"ME3154","site_id":3421},{"date":"2021-04-11","product":"COPERNICUS/S1_GRD","band":"VH","value":-17.1165,"farmer_unique_id":"ME3154","site_id":3421},{"date":"2021-04-23","product":"COPERNICUS/S1_GRD","band":"VH","value":-14.1978,"farmer_unique_id":"ME3154","site_id":3421},{"date":"2021-05-05","product":"COPERNICUS/S1_GRD","band":"VH","value":-15.6972,"farmer_unique_id":"ME3154","site_id":3421},{"date":"2021-05-17","product":"COPERNICUS/S1_GRD","band":"VH","value":-12.2203,"farmer_unique_id":"ME3154","site_id":3421},{"date":"2021-05-29","product":"COPERNICUS/S1_GRD","band":"VH","value":-12.6832,"farmer_unique_id":"ME3154","site_id":3421},{"date":"2021-06-10","product":"COPERNICUS/S1_GRD","band":"VH","value":-10.9575,"farmer_unique_id":"ME3154","site_id":3421},{"date":"2021-06-22","product":"COPERNICUS/S1_GRD","band":"VH","value":-14.6495,"farmer_unique_id":"ME3154","site_id":3421},{"date":"2021-07-04","product":"COPERNICUS/S1_GRD","band":"VH","value":-18.7141,"farmer_unique_id":"ME3154","site_id":3421},{"date":"2021-07-16","product":"COPERNICUS/S1_GRD","band":"VH","value":-18.1316,"farmer_unique_id":"ME3154","site_id":3421},{"date":"2021-07-28","product":"COPERNICUS/S1_GRD","band":"VH","value":-19.9666,"farmer_unique_id":"ME3154","site_id":3421},{"date":"2021-08-09","product":"COPERNICUS/S1_GRD","band":"VH","value":-16.9398,"farmer_unique_id":"ME3154","site_id":3421},{"date":"2021-08-21","product":"COPERNICUS/S1_GRD","band":"VH","value":-16.583,"farmer_unique_id":"ME3154","site_id":3421},{"date":"2021-09-02","product":"COPERNICUS/S1_GRD","band":"VH","value":-18.7657,"farmer_unique_id":"ME3154","site_id":3421},{"date":"2021-09-14","product":"COPERNICUS/S1_GRD","band":"VH","value":-19.1656,"farmer_unique_id":"ME3154","site_id":3421},{"date":"2021-09-26","product":"COPERNICUS/S1_GRD","band":"VH","value":-19.1748,"farmer_unique_id":"ME3154","site_id":3421},{"date":"2021-10-08","product":"COPERNICUS/S1_GRD","band":"VH","value":-14.7691,"farmer_unique_id":"ME3154","site_id":3421},{"date":"2021-10-20","product":"COPERNICUS/S1_GRD","band":"VH","value":-17.4524,"farmer_unique_id":"ME3154","site_id":3421},{"date":"2021-11-01","product":"COPERNICUS/S1_GRD","band":"VH","value":-15.1953,"farmer_unique_id":"ME3154","site_id":3421},{"date":"2021-11-13","product":"COPERNICUS/S1_GRD","band":"VH","value":-13.5324,"farmer_unique_id":"ME3154","site_id":3421},{"date":"2021-11-25","product":"COPERNICUS/S1_GRD","band":"VH","value":-13.6352,"farmer_unique_id":"ME3154","site_id":3421},{"date":"2021-12-07","product":"COPERNICUS/S1_GRD","band":"VH","value":-11.7596,"farmer_unique_id":"ME3154","site_id":3421},{"date":"2021-12-19","product":"COPERNICUS/S1_GRD","band":"VH","value":-15.046,"farmer_unique_id":"ME3154","site_id":3421},{"date":"2020-01-11","product":"COPERNICUS/S1_GRD","band":"VV","value":-11.5992,"farmer_unique_id":"ME3154","site_id":3421},{"date":"2020-01-23","product":"COPERNICUS/S1_GRD","band":"VV","value":-10.5755,"farmer_unique_id":"ME3154","site_id":3421},{"date":"2020-02-04","product":"COPERNICUS/S1_GRD","band":"VV","value":-7.2174,"farmer_unique_id":"ME3154","site_id":3421},{"date":"2020-02-16","product":"COPERNICUS/S1_GRD","band":"VV","value":-7.9718,"farmer_unique_id":"ME3154","site_id":3421},{"date":"2020-02-28","product":"COPERNICUS/S1_GRD","band":"VV","value":-11.0224,"farmer_unique_id":"ME3154","site_id":3421},{"date":"2020-03-11","product":"COPERNICUS/S1_GRD","band":"VV","value":-8.6679,"farmer_unique_id":"ME3154","site_id":3421},{"date":"2020-03-23","product":"COPERNICUS/S1_GRD","band":"VV","value":-5.6805,"farmer_unique_id":"ME3154","site_id":3421},{"date":"2020-04-04","product":"COPERNICUS/S1_GRD","band":"VV","value":-9.4625,"farmer_unique_id":"ME3154","site_id":3421},{"date":"2020-04-16","product":"COPERNICUS/S1_GRD","band":"VV","value":-5.7804,"farmer_unique_id":"ME3154","site_id":3421},{"date":"2020-04-28","product":"COPERNICUS/S1_GRD","band":"VV","value":-7.035,"farmer_unique_id":"ME3154","site_id":3421},{"date":"2020-05-10","product":"COPERNICUS/S1_GRD","band":"VV","value":-7.931,"farmer_unique_id":"ME3154","site_id":3421},{"date":"2020-05-22","product":"COPERNICUS/S1_GRD","band":"VV","value":-6.3396,"farmer_unique_id":"ME3154","site_id":3421},{"date":"2020-06-03","product":"COPERNICUS/S1_GRD","band":"VV","value":-11.1709,"farmer_unique_id":"ME3154","site_id":3421},{"date":"2020-06-15","product":"COPERNICUS/S1_GRD","band":"VV","value":-7.9124,"farmer_unique_id":"ME3154","site_id":3421},{"date":"2020-06-27","product":"COPERNICUS/S1_GRD","band":"VV","value":-8.3066,"farmer_unique_id":"ME3154","site_id":3421},{"date":"2020-07-09","product":"COPERNICUS/S1_GRD","band":"VV","value":-11.5231,"farmer_unique_id":"ME3154","site_id":3421},{"date":"2020-07-21","product":"COPERNICUS/S1_GRD","band":"VV","value":-10.2788,"farmer_unique_id":"ME3154","site_id":3421},{"date":"2020-08-02","product":"COPERNICUS/S1_GRD","band":"VV","value":-11.592,"farmer_unique_id":"ME3154","site_id":3421},{"date":"2020-08-14","product":"COPERNICUS/S1_GRD","band":"VV","value":-8.9608,"farmer_unique_id":"ME3154","site_id":3421},{"date":"2020-08-26","product":"COPERNICUS/S1_GRD","band":"VV","value":-7.7686,"farmer_unique_id":"ME3154","site_id":3421},{"date":"2020-09-07","product":"COPERNICUS/S1_GRD","band":"VV","value":-5.524,"farmer_unique_id":"ME3154","site_id":3421},{"date":"2020-09-19","product":"COPERNICUS/S1_GRD","band":"VV","value":-7.5409,"farmer_unique_id":"ME3154","site_id":3421},{"date":"2020-10-01","product":"COPERNICUS/S1_GRD","band":"VV","value":-8.6763,"farmer_unique_id":"ME3154","site_id":3421},{"date":"2020-10-13","product":"COPERNICUS/S1_GRD","band":"VV","value":-9.6228,"farmer_unique_id":"ME3154","site_id":3421},{"date":"2020-10-25","product":"COPERNICUS/S1_GRD","band":"VV","value":-11.9625,"farmer_unique_id":"ME3154","site_id":3421},{"date":"2020-11-06","product":"COPERNICUS/S1_GRD","band":"VV","value":-5.4367,"farmer_unique_id":"ME3154","site_id":3421},{"date":"2020-11-18","product":"COPERNICUS/S1_GRD","band":"VV","value":-6.7036,"farmer_unique_id":"ME3154","site_id":3421},{"date":"2020-11-30","product":"COPERNICUS/S1_GRD","band":"VV","value":-7.6531,"farmer_unique_id":"ME3154","site_id":3421},{"date":"2020-12-12","product":"COPERNICUS/S1_GRD","band":"VV","value":-10.819,"farmer_unique_id":"ME3154","site_id":3421},{"date":"2020-12-24","product":"COPERNICUS/S1_GRD","band":"VV","value":-5.1362,"farmer_unique_id":"ME3154","site_id":3421},{"date":"2021-01-05","product":"COPERNICUS/S1_GRD","band":"VV","value":-7.7953,"farmer_unique_id":"ME3154","site_id":3421},{"date":"2021-01-17","product":"COPERNICUS/S1_GRD","band":"VV","value":-8.207,"farmer_unique_id":"ME3154","site_id":3421},{"date":"2021-01-29","product":"COPERNICUS/S1_GRD","band":"VV","value":-9.136,"farmer_unique_id":"ME3154","site_id":3421},{"date":"2021-02-10","product":"COPERNICUS/S1_GRD","band":"VV","value":-5.8844,"farmer_unique_id":"ME3154","site_id":3421},{"date":"2021-02-22","product":"COPERNICUS/S1_GRD","band":"VV","value":-10.7366,"farmer_unique_id":"ME3154","site_id":3421},{"date":"2021-03-06","product":"COPERNICUS/S1_GRD","band":"VV","value":-8.062,"farmer_unique_id":"ME3154","site_id":3421},{"date":"2021-03-18","product":"COPERNICUS/S1_GRD","band":"VV","value":-8.9924,"farmer_unique_id":"ME3154","site_id":3421},{"date":"2021-03-30","product":"COPERNICUS/S1_GRD","band":"VV","value":-10.1461,"farmer_unique_id":"ME3154","site_id":3421},{"date":"2021-04-11","product":"COPERNICUS/S1_GRD","band":"VV","value":-9.886,"farmer_unique_id":"ME3154","site_id":3421},{"date":"2021-04-23","product":"COPERNICUS/S1_GRD","band":"VV","value":-2.9999,"farmer_unique_id":"ME3154","site_id":3421},{"date":"2021-05-05","product":"COPERNICUS/S1_GRD","band":"VV","value":-7.0564,"farmer_unique_id":"ME3154","site_id":3421},{"date":"2021-05-17","product":"COPERNICUS/S1_GRD","band":"VV","value":-5.571,"farmer_unique_id":"ME3154","site_id":3421},{"date":"2021-05-29","product":"COPERNICUS/S1_GRD","band":"VV","value":-6.0479,"farmer_unique_id":"ME3154","site_id":3421},{"date":"2021-06-10","product":"COPERNICUS/S1_GRD","band":"VV","value":-7.8415,"farmer_unique_id":"ME3154","site_id":3421},{"date":"2021-06-22","product":"COPERNICUS/S1_GRD","band":"VV","value":-6.6327,"farmer_unique_id":"ME3154","site_id":3421},{"date":"2021-07-04","product":"COPERNICUS/S1_GRD","band":"VV","value":-10.9712,"farmer_unique_id":"ME3154","site_id":3421},{"date":"2021-07-16","product":"COPERNICUS/S1_GRD","band":"VV","value":-9.37,"farmer_unique_id":"ME3154","site_id":3421},{"date":"2021-07-28","product":"COPERNICUS/S1_GRD","band":"VV","value":-7.8736,"farmer_unique_id":"ME3154","site_id":3421},{"date":"2021-08-09","product":"COPERNICUS/S1_GRD","band":"VV","value":-14.516,"farmer_unique_id":"ME3154","site_id":3421},{"date":"2021-08-21","product":"COPERNICUS/S1_GRD","band":"VV","value":-8.2728,"farmer_unique_id":"ME3154","site_id":3421},{"date":"2021-09-02","product":"COPERNICUS/S1_GRD","band":"VV","value":-8.5747,"farmer_unique_id":"ME3154","site_id":3421},{"date":"2021-09-14","product":"COPERNICUS/S1_GRD","band":"VV","value":-11.2267,"farmer_unique_id":"ME3154","site_id":3421},{"date":"2021-09-26","product":"COPERNICUS/S1_GRD","band":"VV","value":-10.8276,"farmer_unique_id":"ME3154","site_id":3421},{"date":"2021-10-08","product":"COPERNICUS/S1_GRD","band":"VV","value":-8.1157,"farmer_unique_id":"ME3154","site_id":3421},{"date":"2021-10-20","product":"COPERNICUS/S1_GRD","band":"VV","value":-8.2917,"farmer_unique_id":"ME3154","site_id":3421},{"date":"2021-11-01","product":"COPERNICUS/S1_GRD","band":"VV","value":-8.972,"farmer_unique_id":"ME3154","site_id":3421},{"date":"2021-11-13","product":"COPERNICUS/S1_GRD","band":"VV","value":-8.2229,"farmer_unique_id":"ME3154","site_id":3421},{"date":"2021-11-25","product":"COPERNICUS/S1_GRD","band":"VV","value":-7.0496,"farmer_unique_id":"ME3154","site_id":3421},{"date":"2021-12-07","product":"COPERNICUS/S1_GRD","band":"VV","value":-8.3689,"farmer_unique_id":"ME3154","site_id":3421},{"date":"2021-12-19","product":"COPERNICUS/S1_GRD","band":"VV","value":-10.4467,"farmer_unique_id":"ME3154","site_id":3421}]
