[{"date":"2020-01-04","product":"COPERNICUS/S1_GRD","band":"VH","value":-13.298,"farmer_unique_id":"2109000","site_id":4700},{"date":"2020-01-16","product":"COPERNICUS/S1_GRD","band":"VH","value":-15.6349,"farmer_unique_id":"2109000","site_id":4700},{"date":"2020-01-28","product":"COPERNICUS/S1_GRD","band":"VH","value":-14.7287,"farmer_unique_id":"2109000","site_id":4700},{"date":"2020-02-09","product":"COPERNICUS/S1_GRD","band":"VH","value":-12.909,"farmer_unique_id":"2109000","site_id":4700},{"date":"2020-02-21","product":"COPERNICUS/S1_GRD","band":"VH","value":-16.3653,"farmer_unique_id":"2109000","site_id":4700},{"date":"2020-03-04","product":"COPERNICUS/S1_GRD","band":"VH","value":-13.9619,"farmer_unique_id":"2109000","site_id":4700},{"date":"2020-03-16","product":"COPERNICUS/S1_GRD","band":"VH","value":-15.9379,"farmer_unique_id":"2109000","site_id":4700},{"date":"2020-03-28","product":"COPERNICUS/S1_GRD","band":"VH","value":-13.1751,"farmer_unique_id":"2109000","site_id":4700},{"date":"2020-04-09","product":"COPERNICUS/S1_GRD","band":"VH","value":-12.8341,"farmer_unique_id":"2109000","site_id":4700},{"date":"2020-04-21","product":"COPERNICUS/S1_GRD","band":"VH","value":-13.398,"farmer_unique_id":"2109000","site_id":4700},{"date":"2020-05-03","product":"COPERNICUS/S1_GRD","band":"VH","value":-12.8193,"farmer_unique_id":"2109000","site_id":4700},{"date":"2020-05-15","product":"COPERNICUS/S1_GRD","band":"VH","value":-13.5032,"farmer_unique_id":"2109000","site_id":4700},{"date":"2020-05-27","product":"COPERNICUS/S1_GRD","band":"VH","value":-16.6051,"farmer_unique_id":"2109000","site_id":4700},{"date":"2020-06-08","product":"COPERNICUS/S1_GRD","band":"VH","value":-14.0209,"farmer_unique_id":"2109000","site_id":4700},{"date":"2020-06-20","product":"COPERNICUS/S1_GRD","band":"VH","value":-13.3403,"farmer_unique_id":"2109000","site_id":4700},{"date":"2020-07-02","product":"COPERNICUS/S1_GRD","band":"VH","value":-18.3086,"farmer_unique_id":"2109000","site_id":4700},{"date":"2020-07-14","product":"COPERNICUS/S1_GRD","band":"VH","value":-12.6142,"farmer_unique_id":"2109000","site_id":4700},{"date":"2020-07-26","product":"COPERNICUS/S1_GRD","band":"VH","value":-17.0456,"farmer_unique_id":"2109000","site_id":4700},{"date":"2020-08-07","product":"COPERNICUS/S1_GRD","band":"VH","value":-14.9556,"farmer_unique_id":"2109000","site_id":4700},{"date":"2020-08-19","product":"COPERNICUS/S1_GRD","band":"VH","value":-14.5262,"farmer_unique_id":"2109000","site_id":4700},{"date":"2020-08-31","product":"COPERNICUS/S1_GRD","band":"VH","value":-14.9458,"farmer_unique_id":"2109000","site_id":4700},{"date":"2020-09-12","product":"COPERNICUS/S1_GRD","band":"VH","value":-14.8263,"farmer_unique_id":"2109000","site_id":4700},{"date":"2020-09-24","product":"COPERNICUS/S1_GRD","band":"VH","value":-12.2988,"farmer_unique_id":"2109000","site_id":4700},{"date":"2020-10-06","product":"COPERNICUS/S1_GRD","band":"VH","value":-13.798,"farmer_unique_id":"2109000","site_id":4700},{"date":"2020-10-18","product":"COPERNICUS/S1_GRD","band":"VH","value":-10.9044,"farmer_unique_id":"2109000","site_id":4700},{"date":"2020-10-30","product":"COPERNICUS/S1_GRD","band":"VH","value":-16.2457,"farmer_unique_id":"2109000","site_id":4700},{"date":"2020-11-11","product":"COPERNICUS/S1_GRD","band":"VH","value":-15.625,"farmer_unique_id":"2109000","site_id":4700},{"date":"2020-11-23","product":"COPERNICUS/S1_GRD","band":"VH","value":-15.1427,"farmer_unique_id":"2109000","site_id":4700},{"date":"2020-12-05","product":"COPERNICUS/S1_GRD","band":"VH","value":-15.9153,"farmer_unique_id":"2109000","site_id":4700},{"date":"2020-12-17","product":"COPERNICUS/S1_GRD","band":"VH","value":-19.6902,"farmer_unique_id":"2109000","site_id":4700},{"date":"2020-12-29","product":"COPERNICUS/S1_GRD","band":"VH","value":-16.4113,"farmer_unique_id":"2109000","site_id":4700},{"date":"2021-01-10","product":"COPERNICUS/S1_GRD","band":"VH","value":-18.0451,"farmer_unique_id":"2109000","site_id":4700},{"date":"2021-01-22","product":"COPERNICUS/S1_GRD","band":"VH","value":-15.9282,"farmer_unique_id":"2109000","site_id":4700},{"date":"2021-02-03","product":"COPERNICUS/S1_GRD","band":"VH","value":-15.1511,"farmer_unique_id":"2109000","site_id":4700},{"date":"2021-02-15","product":"COPERNICUS/S1_GRD","band":"VH","value":-15.0857,"farmer_unique_id":"2109000","site_id":4700},{"date":"2021-02-27","product":"COPERNICUS/S1_GRD","band":"VH","value":-16.2197,"farmer_unique_id":"2109000","site_id":4700},{"date":"2021-03-11","product":"COPERNICUS/S1_GRD","band":"VH","value":-17.7151,"farmer_unique_id":"2109000","site_id":4700},{"date":"2021-03-23","product":"COPERNICUS/S1_GRD","band":"VH","value":-19.6945,"farmer_unique_id":"2109000","site_id":4700},{"date":"2021-04-04","product":"COPERNICUS/S1_GRD","band":"VH","value":-14.7459,"farmer_unique_id":"2109000","site_id":4700},{"date":"2021-04-16","product":"COPERNICUS/S1_GRD","band":"VH","value":-18.8466,"farmer_unique_id":"2109000","site_id":4700},{"date":"2021-04-28","product":"COPERNICUS/S1_GRD","band":"VH","value":-15.1965,"farmer_unique_id":"2109000","site_id":4700},{"date":"2021-05-10","product":"COPERNICUS/S1_GRD","band":"VH","value":-14.9154,"farmer_unique_id":"2109000","site_id":4700},{"date":"2021-05-22","product":"COPERNICUS/S1_GRD","band":"VH","value":-12.7182,"farmer_unique_id":"2109000","site_id":4700},{"date":"2021-06-03","product":"COPERNICUS/S1_GRD","band":"VH","value":-14.1947,"farmer_unique_id":"2109000","site_id":4700},{"date":"2021-06-15","product":"COPERNICUS/S1_GRD","band":"VH","value":-14.2458,"farmer_unique_id":"2109000","site_id":4700},{"date":"2021-06-27","product":"COPERNICUS/S1_GRD","band":"VH","value":-16.2398,"farmer_unique_id":"2109000","site_id":4700},{"date":"2021-07-09","product":"COPERNICUS/S1_GRD","band":"VH","value":-15.7292,"farmer_unique_id":"2109000","site_id":4700},{"date":"2021-07-21","product":"COPERNICUS/S1_GRD","band":"VH","value":-12.779,"farmer_unique_id":"2109000","site_id":4700},{"date":"2021-08-02","product":"COPERNICUS/S1_GRD","band":"VH","value":-16.4616,"farmer_unique_id":"2109000","site_id":4700},{"date":"2021-08-14","product":"COPERNICUS/S1_GRD","band":"VH","value":-20.2922,"farmer_unique_id":"2109000","site_id":4700},{"date":"2021-08-26","product":"COPERNICUS/S1_GRD","band":"VH","value":-15.9096,"farmer_unique_id":"2109000","site_id":4700},{"date":"2021-09-07","product":"COPERNICUS/S1_GRD","band":"VH","value":-18.234,"farmer_unique_id":"2109000","site_id":4700},{"date":"2021-09-19","product":"COPERNICUS/S1_GRD","band":"VH","value":-13.1102,"farmer_unique_id":"2109000","site_id":4700},{"date":"2021-10-01","product":"COPERNICUS/S1_GRD","band":"VH","value":-12.3054,"farmer_unique_id":"2109000","site_id":4700},{"date":"2021-10-13","product":"COPERNICUS/S1_GRD","band":"VH","value":-16.4038,"farmer_unique_id":"2109000","site_id":4700},{"date":"2021-10-25","product":"COPERNICUS/S1_GRD","band":"VH","value":-20.4417,"farmer_unique_id":"2109000","site_id":4700},{"date":"2021-11-06","product":"COPERNICUS/S1_GRD","band":"VH","value":-16.0788,"farmer_unique_id":"2109000","site_id":4700},{"date":"2021-11-18","product":"COPERNICUS/S1_GRD","band":"VH","value":-19.5357,"farmer_unique_id":"2109000","site_id":4700},{"date":"2021-11-30","product":"COPERNICUS/S1_GRD","band":"VH","value":-21.8616,"farmer_unique_id":"2109000","site_id":4700},{"date":"2021-12-12","product":"COPERNICUS/S1_GRD","band":"VH","value":-19.0399,"farmer_unique_id":"2109000","site_id":4700},{"date":"2021-12-24","product":"COPERNICUS/S1_GRD","band":"VH","value":-16.5226,"farmer_unique_id":"2109000","site_id":4700},{"date":"2020-01-04","product":"COPERNICUS/S1_GRD","band":"VV","value":-10.8982,"farmer_unique_id":"2109000","site_id":4700},{"date":"2020-01-16","product":"COPERNICUS/S1_GRD","band":"VV","value":-11.029,"farmer_unique_id":"2109000","site_id":4700},{"date":"2020-01-28","product":"COPERNICUS/S1_GRD","band":"VV","value":-9.8845,"farmer_unique_id":"2109000","site_id":4700},{"date":"2020-02-09","product":"COPERNICUS/S1_GRD","band":"VV","value":-8.2224,"farmer_unique_id":"2109000","site_id":4700},{"date":"2020-02-21","product":"COPERNICUS/S1_GRD","band":"VV","value":-8.5239,"farmer_unique_id":"2109000","site_id":4700},{"date":"2020-03-04","product":"COPERNICUS/S1_GRD","band":"VV","value":-8.5267,"farmer_unique_id":"2109000","site_id":4700},{"date":"2020-03-16","product":"COPERNICUS/S1_GRD","band":"VV","value":-7.6388,"farmer_unique_id":"2109000","site_id":4700},{"date":"2020-03-28","product":"COPERNICUS/S1_GRD","band":"VV","value":-10.3127,"farmer_unique_id":"2109000","site_id":4700},{"date":"2020-04-09","product":"COPERNICUS/S1_GRD","band":"VV","value":-8.3655,"farmer_unique_id":"2109000","site_id":4700},{"date":"2020-04-21","product":"COPERNICUS/S1_GRD","band":"VV","value":-6.7547,"farmer_unique_id":"2109000","site_id":4700},{"date":"2020-05-03","product":"COPERNICUS/S1_GRD","band":"VV","value":-7.2551,"farmer_unique_id":"2109000","site_id":4700},{"date":"2020-05-15","product":"COPERNICUS/S1_GRD","band":"VV","value":-7.8633,"farmer_unique_id":"2109000","site_id":4700},{"date":"2020-05-27","product":"COPERNICUS/S1_GRD","band":"VV","value":-13.672,"farmer_unique_id":"2109000","site_id":4700},{"date":"2020-06-08","product":"COPERNICUS/S1_GRD","band":"VV","value":-9.3348,"farmer_unique_id":"2109000","site_id":4700},{"date":"2020-06-20","product":"COPERNICUS/S1_GRD","band":"VV","value":-9.0843,"farmer_unique_id":"2109000","site_id":4700},{"date":"2020-07-02","product":"COPERNICUS/S1_GRD","band":"VV","value":-7.8406,"farmer_unique_id":"2109000","site_id":4700},{"date":"2020-07-14","product":"COPERNICUS/S1_GRD","band":"VV","value":-10.0785,"farmer_unique_id":"2109000","site_id":4700},{"date":"2020-07-26","product":"COPERNICUS/S1_GRD","band":"VV","value":-7.2571,"farmer_unique_id":"2109000","site_id":4700},{"date":"2020-08-07","product":"COPERNICUS/S1_GRD","band":"VV","value":-7.415,"farmer_unique_id":"2109000","site_id":4700},{"date":"2020-08-19","product":"COPERNICUS/S1_GRD","band":"VV","value":-7.7555,"farmer_unique_id":"2109000","site_id":4700},{"date":"2020-08-31","product":"COPERNICUS/S1_GRD","band":"VV","value":-6.0896,"farmer_unique_id":"2109000","site_id":4700},{"date":"2020-09-12","product":"COPERNICUS/S1_GRD","band":"VV","value":-7.4371,"farmer_unique_id":"2109000","site_id":4700},{"date":"2020-09-24","product":"COPERNICUS/S1_GRD","band":"VV","value":-3.9598,"farmer_unique_id":"2109000","site_id":4700},{"date":"2020-10-06","product":"COPERNICUS/S1_GRD","band":"VV","value":-5.3275,"farmer_unique_id":"2109000","site_id":4700},{"date":"2020-10-18","product":"COPERNICUS/S1_GRD","band":"VV","value":-7.4088,"farmer_unique_id":"2109000","site_id":4700},{"date":"2020-10-30","product":"COPERNICUS/S1_GRD","band":"VV","value":-12.0398,"farmer_unique_id":"2109000","site_id":4700},{"date":"2020-11-11","product":"COPERNICUS/S1_GRD","band":"VV","value":-9.3776,"farmer_unique_id":"2109000","site_id":4700},{"date":"2020-11-23","product":"COPERNICUS/S1_GRD","band":"VV","value":-10.2215,"farmer_unique_id":"2109000","site_id":4700},{"date":"2020-12-05","product":"COPERNICUS/S1_GRD","band":"VV","value":-9.2509,"farmer_unique_id":"2109000","site_id":4700},{"date":"2020-12-17","product":"COPERNICUS/S1_GRD","band":"VV","value":-10.4279,"farmer_unique_id":"2109000","site_id":4700},{"date":"2020-12-29","product":"COPERNICUS/S1_GRD","band":"VV","value":-10.2798,"farmer_unique_id":"2109000","site_id":4700},{"date":"2021-01-10","product":"COPERNICUS/S1_GRD","band":"VV","value":-7.7447,"farmer_unique_id":"2109000","site_id":4700},{"date":"2021-01-22","product":"COPERNICUS/S1_GRD","band":"VV","value":-10.5364,"farmer_unique_id":"2109000","site_id":4700},{"date":"2021-02-03","product":"COPERNICUS/S1_GRD","band":"VV","value":-11.0218,"farmer_unique_id":"2109000","site_id":4700},{"date":"2021-02-15","product":"COPERNICUS/S1_GRD","band":"VV","value":-10.4179,"farmer_unique_id":"2109000","site_id":4700},{"date":"2021-02-27","product":"COPERNICUS/S1_GRD","band":"VV","value":-10.7997,"farmer_unique_id":"2109000","site_id":4700},{"date":"2021-03-11","product":"COPERNICUS/S1_GRD","band":"VV","value":-10.9918,"farmer_unique_id":"2109000","site_id":4700},{"date":"2021-03-23","product":"COPERNICUS/S1_GRD","band":"VV","value":-10.7245,"farmer_unique_id":"2109000","site_id":4700},{"date":"2021-04-04","product":"COPERNICUS/S1_GRD","band":"VV","value":-4.4463,"farmer_unique_id":"2109000","site_id":4700},{"date":"2021-04-16","product":"COPERNICUS/S1_GRD","band":"VV","value":-11.5784,"farmer_unique_id":"2109000","site_id":4700},{"date":"2021-04-28","product":"COPERNICUS/S1_GRD","band":"VV","value":-7.5654,"farmer_unique_id":"2109000","site_id":4700},{"date":"2021-05-10","product":"COPERNICUS/S1_GRD","band":"VV","value":-7.1357,"farmer_unique_id":"2109000","site_id":4700},{"date":"2021-05-22","product":"COPERNICUS/S1_GRD","band":"VV","value":-8.6355,"farmer_unique_id":"2109000","site_id":4700},{"date":"2021-06-03","product":"COPERNICUS/S1_GRD","band":"VV","value":-5.7075,"farmer_unique_id":"2109000","site_id":4700},{"date":"2021-06-15","product":"COPERNICUS/S1_GRD","band":"VV","value":-7.1053,"farmer_unique_id":"2109000","site_id":4700},{"date":"2021-06-27","product":"COPERNICUS/S1_GRD","band":"VV","value":-6.3764,"farmer_unique_id":"2109000","site_id":4700},{"date":"2021-07-09","product":"COPERNICUS/S1_GRD","band":"VV","value":-8.1859,"farmer_unique_id":"2109000","site_id":4700},{"date":"2021-07-21","product":"COPERNICUS/S1_GRD","band":"VV","value":-5.7397,"farmer_unique_id":"2109000","site_id":4700},{"date":"2021-08-02","product":"COPERNICUS/S1_GRD","band":"VV","value":-8.7824,"farmer_unique_id":"2109000","site_id":4700},{"date":"2021-08-14","product":"COPERNICUS/S1_GRD","band":"VV","value":-9.2649,"farmer_unique_id":"2109000","site_id":4700},{"date":"2021-08-26","product":"COPERNICUS/S1_GRD","band":"VV","value":-7.1661,"farmer_unique_id":"2109000","site_id":4700},{"date":"2021-09-07","product":"COPERNICUS/S1_GRD","band":"VV","value":-8.8739,"farmer_unique_id":"2109000","site_id":4700},{"date":"2021-09-19","product":"COPERNICUS/S1_GRD","band":"VV","value":-8.9758,"farmer_unique_id":"2109000","site_id":4700},{"date":"2021-10-01","product":"COPERNICUS/S1_GRD","band":"VV","value":-10.6874,"farmer_unique_id":"2109000","site_id":4700},{"date":"2021-10-13","product":"COPERNICUS/S1_GRD","band":"VV","value":-10.5112,"farmer_unique_id":"2109000","site_id":4700},{"date":"2021-10-25","product":"COPERNICUS/S1_GRD","band":"VV","farmer_unique_id":"2109000","site_id":4700},{"date":"2021-11-06","product":"COPERNICUS/S1_GRD","band":"VV","value":-12.3638,"farmer_unique_id":"2109000","site_id":4700},{"date":"2021-11-18","product":"COPERNICUS/S1_GRD","band":"VV","value":-11.2802,"farmer_unique_id":"2109000","site_id":4700},{"date":"2021-11-30","product":"COPERNICUS/S1_GRD","band":"VV","value":-8.3478,"farmer_unique_id":"2109000","site_id":4700},{"date":"2021-12-12","product":"COPERNICUS/S1_GRD","band":"VV","value":-8.5062,"farmer_unique_id":"2109000","site_id":4700},{"date":"2021-12-24","product":"COPERNICUS/S1_GRD","band":"VV","value":-11.9613,"farmer_unique_id":"2109000","site_id":4700}]
