[{"date":"2020-01-11","product":"COPERNICUS/S1_GRD","band":"VH","value":-13.1318,"farmer_unique_id":"2114098","site_id":8011},{"date":"2020-01-23","product":"COPERNICUS/S1_GRD","band":"VH","value":-20.0229,"farmer_unique_id":"2114098","site_id":8011},{"date":"2020-02-04","product":"COPERNICUS/S1_GRD","band":"VH","value":-14.4076,"farmer_unique_id":"2114098","site_id":8011},{"date":"2020-02-16","product":"COPERNICUS/S1_GRD","band":"VH","value":-12.7918,"farmer_unique_id":"2114098","site_id":8011},{"date":"2020-02-28","product":"COPERNICUS/S1_GRD","band":"VH","value":-16.2569,"farmer_unique_id":"2114098","site_id":8011},{"date":"2020-03-11","product":"COPERNICUS/S1_GRD","band":"VH","value":-21.5477,"farmer_unique_id":"2114098","site_id":8011},{"date":"2020-03-23","product":"COPERNICUS/S1_GRD","band":"VH","value":-18.7957,"farmer_unique_id":"2114098","site_id":8011},{"date":"2020-04-04","product":"COPERNICUS/S1_GRD","band":"VH","value":-17.5558,"farmer_unique_id":"2114098","site_id":8011},{"date":"2020-04-16","product":"COPERNICUS/S1_GRD","band":"VH","value":-15.119,"farmer_unique_id":"2114098","site_id":8011},{"date":"2020-04-28","product":"COPERNICUS/S1_GRD","band":"VH","value":-18.4055,"farmer_unique_id":"2114098","site_id":8011},{"date":"2020-05-10","product":"COPERNICUS/S1_GRD","band":"VH","value":-15.0381,"farmer_unique_id":"2114098","site_id":8011},{"date":"2020-05-22","product":"COPERNICUS/S1_GRD","band":"VH","value":-16.1792,"farmer_unique_id":"2114098","site_id":8011},{"date":"2020-06-15","product":"COPERNICUS/S1_GRD","band":"VH","value":-14.7963,"farmer_unique_id":"2114098","site_id":8011},{"date":"2020-06-27","product":"COPERNICUS/S1_GRD","band":"VH","value":-17.5617,"farmer_unique_id":"2114098","site_id":8011},{"date":"2020-07-09","product":"COPERNICUS/S1_GRD","band":"VH","value":-16.2943,"farmer_unique_id":"2114098","site_id":8011},{"date":"2020-07-21","product":"COPERNICUS/S1_GRD","band":"VH","value":-19.4512,"farmer_unique_id":"2114098","site_id":8011},{"date":"2020-08-02","product":"COPERNICUS/S1_GRD","band":"VH","value":-20.5045,"farmer_unique_id":"2114098","site_id":8011},{"date":"2020-08-14","product":"COPERNICUS/S1_GRD","band":"VH","value":-19.5692,"farmer_unique_id":"2114098","site_id":8011},{"date":"2020-08-26","product":"COPERNICUS/S1_GRD","band":"VH","value":-20.5044,"farmer_unique_id":"2114098","site_id":8011},{"date":"2020-09-07","product":"COPERNICUS/S1_GRD","band":"VH","value":-17.9184,"farmer_unique_id":"2114098","site_id":8011},{"date":"2020-09-19","product":"COPERNICUS/S1_GRD","band":"VH","value":-14.5693,"farmer_unique_id":"2114098","site_id":8011},{"date":"2020-10-01","product":"COPERNICUS/S1_GRD","band":"VH","value":-18.6968,"farmer_unique_id":"2114098","site_id":8011},{"date":"2020-10-13","product":"COPERNICUS/S1_GRD","band":"VH","value":-16.1662,"farmer_unique_id":"2114098","site_id":8011},{"date":"2020-10-25","product":"COPERNICUS/S1_GRD","band":"VH","value":-16.1776,"farmer_unique_id":"2114098","site_id":8011},{"date":"2020-11-06","product":"COPERNICUS/S1_GRD","band":"VH","value":-15.2107,"farmer_unique_id":"2114098","site_id":8011},{"date":"2020-11-18","product":"COPERNICUS/S1_GRD","band":"VH","value":-15.9574,"farmer_unique_id":"2114098","site_id":8011},{"date":"2020-11-30","product":"COPERNICUS/S1_GRD","band":"VH","value":-21.5404,"farmer_unique_id":"2114098","site_id":8011},{"date":"2020-12-12","product":"COPERNICUS/S1_GRD","band":"VH","value":-18.411,"farmer_unique_id":"2114098","site_id":8011},{"date":"2020-12-24","product":"COPERNICUS/S1_GRD","band":"VH","value":-16.3286,"farmer_unique_id":"2114098","site_id":8011},{"date":"2021-01-05","product":"COPERNICUS/S1_GRD","band":"VH","value":-15.144,"farmer_unique_id":"2114098","site_id":8011},{"date":"2021-01-17","product":"COPERNICUS/S1_GRD","band":"VH","value":-17.0668,"farmer_unique_id":"2114098","site_id":8011},{"date":"2021-01-29","product":"COPERNICUS/S1_GRD","band":"VH","value":-19.6842,"farmer_unique_id":"2114098","site_id":8011},{"date":"2021-02-10","product":"COPERNICUS/S1_GRD","band":"VH","value":-17.7218,"farmer_unique_id":"2114098","site_id":8011},{"date":"2021-02-22","product":"COPERNICUS/S1_GRD","band":"VH","value":-21.9753,"farmer_unique_id":"2114098","site_id":8011},{"date":"2021-03-06","product":"COPERNICUS/S1_GRD","band":"VH","value":-20.0938,"farmer_unique_id":"2114098","site_id":8011},{"date":"2021-03-18","product":"COPERNICUS/S1_GRD","band":"VH","value":-20.1271,"farmer_unique_id":"2114098","site_id":8011},{"date":"2021-03-30","product":"COPERNICUS/S1_GRD","band":"VH","value":-18.8045,"farmer_unique_id":"2114098","site_id":8011},{"date":"2021-04-11","product":"COPERNICUS/S1_GRD","band":"VH","value":-16.0253,"farmer_unique_id":"2114098","site_id":8011},{"date":"2021-04-23","product":"COPERNICUS/S1_GRD","band":"VH","value":-20.4366,"farmer_unique_id":"2114098","site_id":8011},{"date":"2021-05-05","product":"COPERNICUS/S1_GRD","band":"VH","value":-15.3651,"farmer_unique_id":"2114098","site_id":8011},{"date":"2021-05-17","product":"COPERNICUS/S1_GRD","band":"VH","value":-21.1833,"farmer_unique_id":"2114098","site_id":8011},{"date":"2021-05-29","product":"COPERNICUS/S1_GRD","band":"VH","value":-13.4025,"farmer_unique_id":"2114098","site_id":8011},{"date":"2021-06-10","product":"COPERNICUS/S1_GRD","band":"VH","value":-14.8642,"farmer_unique_id":"2114098","site_id":8011},{"date":"2021-06-22","product":"COPERNICUS/S1_GRD","band":"VH","value":-18.3909,"farmer_unique_id":"2114098","site_id":8011},{"date":"2021-07-04","product":"COPERNICUS/S1_GRD","band":"VH","value":-19.2769,"farmer_unique_id":"2114098","site_id":8011},{"date":"2021-07-16","product":"COPERNICUS/S1_GRD","band":"VH","value":-24.4012,"farmer_unique_id":"2114098","site_id":8011},{"date":"2021-07-28","product":"COPERNICUS/S1_GRD","band":"VH","value":-24.9715,"farmer_unique_id":"2114098","site_id":8011},{"date":"2021-08-09","product":"COPERNICUS/S1_GRD","band":"VH","value":-19.1234,"farmer_unique_id":"2114098","site_id":8011},{"date":"2021-08-21","product":"COPERNICUS/S1_GRD","band":"VH","value":-21.6587,"farmer_unique_id":"2114098","site_id":8011},{"date":"2021-09-02","product":"COPERNICUS/S1_GRD","band":"VH","value":-18.7022,"farmer_unique_id":"2114098","site_id":8011},{"date":"2021-09-14","product":"COPERNICUS/S1_GRD","band":"VH","value":-21.5132,"farmer_unique_id":"2114098","site_id":8011},{"date":"2021-09-26","product":"COPERNICUS/S1_GRD","band":"VH","value":-22.3386,"farmer_unique_id":"2114098","site_id":8011},{"date":"2021-10-08","product":"COPERNICUS/S1_GRD","band":"VH","value":-20.8901,"farmer_unique_id":"2114098","site_id":8011},{"date":"2021-10-20","product":"COPERNICUS/S1_GRD","band":"VH","value":-20.8997,"farmer_unique_id":"2114098","site_id":8011},{"date":"2021-11-01","product":"COPERNICUS/S1_GRD","band":"VH","value":-18.8771,"farmer_unique_id":"2114098","site_id":8011},{"date":"2021-11-13","product":"COPERNICUS/S1_GRD","band":"VH","value":-17.9567,"farmer_unique_id":"2114098","site_id":8011},{"date":"2021-11-25","product":"COPERNICUS/S1_GRD","band":"VH","value":-21.7502,"farmer_unique_id":"2114098","site_id":8011},{"date":"2021-12-07","product":"COPERNICUS/S1_GRD","band":"VH","value":-15.5645,"farmer_unique_id":"2114098","site_id":8011},{"date":"2021-12-19","product":"COPERNICUS/S1_GRD","band":"VH","value":-18.1771,"farmer_unique_id":"2114098","site_id":8011},{"date":"2020-01-11","product":"COPERNICUS/S1_GRD","band":"VV","value":-10.4366,"farmer_unique_id":"2114098","site_id":8011},{"date":"2020-01-23","product":"COPERNICUS/S1_GRD","band":"VV","value":-13.0882,"farmer_unique_id":"2114098","site_id":8011},{"date":"2020-02-04","product":"COPERNICUS/S1_GRD","band":"VV","value":-9.2647,"farmer_unique_id":"2114098","site_id":8011},{"date":"2020-02-16","product":"COPERNICUS/S1_GRD","band":"VV","value":-5.3165,"farmer_unique_id":"2114098","site_id":8011},{"date":"2020-02-28","product":"COPERNICUS/S1_GRD","band":"VV","value":-13.1533,"farmer_unique_id":"2114098","site_id":8011},{"date":"2020-03-11","product":"COPERNICUS/S1_GRD","band":"VV","value":-8.6712,"farmer_unique_id":"2114098","site_id":8011},{"date":"2020-03-23","product":"COPERNICUS/S1_GRD","band":"VV","value":-12.3439,"farmer_unique_id":"2114098","site_id":8011},{"date":"2020-04-04","product":"COPERNICUS/S1_GRD","band":"VV","value":-8.6675,"farmer_unique_id":"2114098","site_id":8011},{"date":"2020-04-16","product":"COPERNICUS/S1_GRD","band":"VV","value":-10.0551,"farmer_unique_id":"2114098","site_id":8011},{"date":"2020-04-28","product":"COPERNICUS/S1_GRD","band":"VV","value":-11.3594,"farmer_unique_id":"2114098","site_id":8011},{"date":"2020-05-10","product":"COPERNICUS/S1_GRD","band":"VV","value":-10.5386,"farmer_unique_id":"2114098","site_id":8011},{"date":"2020-05-22","product":"COPERNICUS/S1_GRD","band":"VV","value":-7.3059,"farmer_unique_id":"2114098","site_id":8011},{"date":"2020-06-15","product":"COPERNICUS/S1_GRD","band":"VV","value":-12.291,"farmer_unique_id":"2114098","site_id":8011},{"date":"2020-06-27","product":"COPERNICUS/S1_GRD","band":"VV","value":-10.3384,"farmer_unique_id":"2114098","site_id":8011},{"date":"2020-07-09","product":"COPERNICUS/S1_GRD","band":"VV","value":-9.1113,"farmer_unique_id":"2114098","site_id":8011},{"date":"2020-07-21","product":"COPERNICUS/S1_GRD","band":"VV","value":-11.3733,"farmer_unique_id":"2114098","site_id":8011},{"date":"2020-08-02","product":"COPERNICUS/S1_GRD","band":"VV","value":-12.3907,"farmer_unique_id":"2114098","site_id":8011},{"date":"2020-08-14","product":"COPERNICUS/S1_GRD","band":"VV","value":-12.7345,"farmer_unique_id":"2114098","site_id":8011},{"date":"2020-08-26","product":"COPERNICUS/S1_GRD","band":"VV","value":-12.3297,"farmer_unique_id":"2114098","site_id":8011},{"date":"2020-09-07","product":"COPERNICUS/S1_GRD","band":"VV","value":-13.1195,"farmer_unique_id":"2114098","site_id":8011},{"date":"2020-09-19","product":"COPERNICUS/S1_GRD","band":"VV","value":-10.9267,"farmer_unique_id":"2114098","site_id":8011},{"date":"2020-10-01","product":"COPERNICUS/S1_GRD","band":"VV","value":-13.4966,"farmer_unique_id":"2114098","site_id":8011},{"date":"2020-10-13","product":"COPERNICUS/S1_GRD","band":"VV","value":-11.3522,"farmer_unique_id":"2114098","site_id":8011},{"date":"2020-10-25","product":"COPERNICUS/S1_GRD","band":"VV","value":-13.8856,"farmer_unique_id":"2114098","site_id":8011},{"date":"2020-11-06","product":"COPERNICUS/S1_GRD","band":"VV","value":-9.3494,"farmer_unique_id":"2114098","site_id":8011},{"date":"2020-11-18","product":"COPERNICUS/S1_GRD","band":"VV","value":-10.8038,"farmer_unique_id":"2114098","site_id":8011},{"date":"2020-11-30","product":"COPERNICUS/S1_GRD","band":"VV","value":-10.3748,"farmer_unique_id":"2114098","site_id":8011},{"date":"2020-12-12","product":"COPERNICUS/S1_GRD","band":"VV","value":-11.5862,"farmer_unique_id":"2114098","site_id":8011},{"date":"2020-12-24","product":"COPERNICUS/S1_GRD","band":"VV","value":-11.5157,"farmer_unique_id":"2114098","site_id":8011},{"date":"2021-01-05","product":"COPERNICUS/S1_GRD","band":"VV","value":-10.2517,"farmer_unique_id":"2114098","site_id":8011},{"date":"2021-01-17","product":"COPERNICUS/S1_GRD","band":"VV","value":-11.0374,"farmer_unique_id":"2114098","site_id":8011},{"date":"2021-01-29","product":"COPERNICUS/S1_GRD","band":"VV","value":-10.5425,"farmer_unique_id":"2114098","site_id":8011},{"date":"2021-02-10","product":"COPERNICUS/S1_GRD","band":"VV","value":-13.4915,"farmer_unique_id":"2114098","site_id":8011},{"date":"2021-02-22","product":"COPERNICUS/S1_GRD","band":"VV","value":-14.7812,"farmer_unique_id":"2114098","site_id":8011},{"date":"2021-03-06","product":"COPERNICUS/S1_GRD","band":"VV","value":-13.6507,"farmer_unique_id":"2114098","site_id":8011},{"date":"2021-03-18","product":"COPERNICUS/S1_GRD","band":"VV","value":-13.1918,"farmer_unique_id":"2114098","site_id":8011},{"date":"2021-03-30","product":"COPERNICUS/S1_GRD","band":"VV","value":-10.4404,"farmer_unique_id":"2114098","site_id":8011},{"date":"2021-04-11","product":"COPERNICUS/S1_GRD","band":"VV","value":-8.9654,"farmer_unique_id":"2114098","site_id":8011},{"date":"2021-04-23","product":"COPERNICUS/S1_GRD","band":"VV","value":-10.8405,"farmer_unique_id":"2114098","site_id":8011},{"date":"2021-05-05","product":"COPERNICUS/S1_GRD","band":"VV","value":-11.8275,"farmer_unique_id":"2114098","site_id":8011},{"date":"2021-05-17","product":"COPERNICUS/S1_GRD","band":"VV","value":-8.5018,"farmer_unique_id":"2114098","site_id":8011},{"date":"2021-05-29","product":"COPERNICUS/S1_GRD","band":"VV","value":-9.9865,"farmer_unique_id":"2114098","site_id":8011},{"date":"2021-06-10","product":"COPERNICUS/S1_GRD","band":"VV","value":-10.4615,"farmer_unique_id":"2114098","site_id":8011},{"date":"2021-06-22","product":"COPERNICUS/S1_GRD","band":"VV","value":-12.8691,"farmer_unique_id":"2114098","site_id":8011},{"date":"2021-07-04","product":"COPERNICUS/S1_GRD","band":"VV","value":-10.5199,"farmer_unique_id":"2114098","site_id":8011},{"date":"2021-07-16","product":"COPERNICUS/S1_GRD","band":"VV","value":-13.2841,"farmer_unique_id":"2114098","site_id":8011},{"date":"2021-07-28","product":"COPERNICUS/S1_GRD","band":"VV","value":-12.0114,"farmer_unique_id":"2114098","site_id":8011},{"date":"2021-08-09","product":"COPERNICUS/S1_GRD","band":"VV","value":-11.3051,"farmer_unique_id":"2114098","site_id":8011},{"date":"2021-08-21","product":"COPERNICUS/S1_GRD","band":"VV","value":-12.3791,"farmer_unique_id":"2114098","site_id":8011},{"date":"2021-09-02","product":"COPERNICUS/S1_GRD","band":"VV","value":-11.6347,"farmer_unique_id":"2114098","site_id":8011},{"date":"2021-09-14","product":"COPERNICUS/S1_GRD","band":"VV","value":-12.9486,"farmer_unique_id":"2114098","site_id":8011},{"date":"2021-09-26","product":"COPERNICUS/S1_GRD","band":"VV","value":-12.8606,"farmer_unique_id":"2114098","site_id":8011},{"date":"2021-10-08","product":"COPERNICUS/S1_GRD","band":"VV","value":-12.1919,"farmer_unique_id":"2114098","site_id":8011},{"date":"2021-10-20","product":"COPERNICUS/S1_GRD","band":"VV","value":-14.4252,"farmer_unique_id":"2114098","site_id":8011},{"date":"2021-11-01","product":"COPERNICUS/S1_GRD","band":"VV","value":-10.25,"farmer_unique_id":"2114098","site_id":8011},{"date":"2021-11-13","product":"COPERNICUS/S1_GRD","band":"VV","value":-11.7288,"farmer_unique_id":"2114098","site_id":8011},{"date":"2021-11-25","product":"COPERNICUS/S1_GRD","band":"VV","value":-14.1702,"farmer_unique_id":"2114098","site_id":8011},{"date":"2021-12-07","product":"COPERNICUS/S1_GRD","band":"VV","value":-8.3953,"farmer_unique_id":"2114098","site_id":8011},{"date":"2021-12-19","product":"COPERNICUS/S1_GRD","band":"VV","value":-11.8662,"farmer_unique_id":"2114098","site_id":8011}]
