[{"date":"2020-01-11","product":"COPERNICUS/S1_GRD","band":"VH","value":-12.8961,"farmer_unique_id":"MC005","site_id":3337},{"date":"2020-01-23","product":"COPERNICUS/S1_GRD","band":"VH","value":-16.5329,"farmer_unique_id":"MC005","site_id":3337},{"date":"2020-02-04","product":"COPERNICUS/S1_GRD","band":"VH","value":-14.3665,"farmer_unique_id":"MC005","site_id":3337},{"date":"2020-02-16","product":"COPERNICUS/S1_GRD","band":"VH","value":-13.8521,"farmer_unique_id":"MC005","site_id":3337},{"date":"2020-02-28","product":"COPERNICUS/S1_GRD","band":"VH","value":-11.8473,"farmer_unique_id":"MC005","site_id":3337},{"date":"2020-03-11","product":"COPERNICUS/S1_GRD","band":"VH","value":-14.6544,"farmer_unique_id":"MC005","site_id":3337},{"date":"2020-03-23","product":"COPERNICUS/S1_GRD","band":"VH","value":-15.9829,"farmer_unique_id":"MC005","site_id":3337},{"date":"2020-04-04","product":"COPERNICUS/S1_GRD","band":"VH","value":-15.1274,"farmer_unique_id":"MC005","site_id":3337},{"date":"2020-04-16","product":"COPERNICUS/S1_GRD","band":"VH","value":-14.1919,"farmer_unique_id":"MC005","site_id":3337},{"date":"2020-04-28","product":"COPERNICUS/S1_GRD","band":"VH","value":-14.2337,"farmer_unique_id":"MC005","site_id":3337},{"date":"2020-05-10","product":"COPERNICUS/S1_GRD","band":"VH","value":-15.6756,"farmer_unique_id":"MC005","site_id":3337},{"date":"2020-05-22","product":"COPERNICUS/S1_GRD","band":"VH","value":-17.9127,"farmer_unique_id":"MC005","site_id":3337},{"date":"2020-06-15","product":"COPERNICUS/S1_GRD","band":"VH","value":-16.422,"farmer_unique_id":"MC005","site_id":3337},{"date":"2020-06-27","product":"COPERNICUS/S1_GRD","band":"VH","value":-15.1588,"farmer_unique_id":"MC005","site_id":3337},{"date":"2020-07-09","product":"COPERNICUS/S1_GRD","band":"VH","value":-24.1246,"farmer_unique_id":"MC005","site_id":3337},{"date":"2020-07-21","product":"COPERNICUS/S1_GRD","band":"VH","value":-19.726,"farmer_unique_id":"MC005","site_id":3337},{"date":"2020-08-02","product":"COPERNICUS/S1_GRD","band":"VH","value":-22.228,"farmer_unique_id":"MC005","site_id":3337},{"date":"2020-08-14","product":"COPERNICUS/S1_GRD","band":"VH","value":-15.2795,"farmer_unique_id":"MC005","site_id":3337},{"date":"2020-08-26","product":"COPERNICUS/S1_GRD","band":"VH","value":-22.3449,"farmer_unique_id":"MC005","site_id":3337},{"date":"2020-09-07","product":"COPERNICUS/S1_GRD","band":"VH","value":-17.6477,"farmer_unique_id":"MC005","site_id":3337},{"date":"2020-09-19","product":"COPERNICUS/S1_GRD","band":"VH","value":-20.5813,"farmer_unique_id":"MC005","site_id":3337},{"date":"2020-10-01","product":"COPERNICUS/S1_GRD","band":"VH","value":-18.661,"farmer_unique_id":"MC005","site_id":3337},{"date":"2020-10-13","product":"COPERNICUS/S1_GRD","band":"VH","value":-18.3408,"farmer_unique_id":"MC005","site_id":3337},{"date":"2020-10-25","product":"COPERNICUS/S1_GRD","band":"VH","value":-19.3726,"farmer_unique_id":"MC005","site_id":3337},{"date":"2020-11-06","product":"COPERNICUS/S1_GRD","band":"VH","value":-20.1335,"farmer_unique_id":"MC005","site_id":3337},{"date":"2020-11-18","product":"COPERNICUS/S1_GRD","band":"VH","value":-20.9992,"farmer_unique_id":"MC005","site_id":3337},{"date":"2020-11-30","product":"COPERNICUS/S1_GRD","band":"VH","value":-15.9383,"farmer_unique_id":"MC005","site_id":3337},{"date":"2020-12-12","product":"COPERNICUS/S1_GRD","band":"VH","value":-15.5325,"farmer_unique_id":"MC005","site_id":3337},{"date":"2020-12-24","product":"COPERNICUS/S1_GRD","band":"VH","value":-17.6341,"farmer_unique_id":"MC005","site_id":3337},{"date":"2021-01-05","product":"COPERNICUS/S1_GRD","band":"VH","value":-14.8061,"farmer_unique_id":"MC005","site_id":3337},{"date":"2021-01-17","product":"COPERNICUS/S1_GRD","band":"VH","value":-24.1484,"farmer_unique_id":"MC005","site_id":3337},{"date":"2021-01-29","product":"COPERNICUS/S1_GRD","band":"VH","value":-16.7136,"farmer_unique_id":"MC005","site_id":3337},{"date":"2021-02-10","product":"COPERNICUS/S1_GRD","band":"VH","value":-15.6772,"farmer_unique_id":"MC005","site_id":3337},{"date":"2021-02-22","product":"COPERNICUS/S1_GRD","band":"VH","value":-15.352,"farmer_unique_id":"MC005","site_id":3337},{"date":"2021-03-06","product":"COPERNICUS/S1_GRD","band":"VH","value":-17.0175,"farmer_unique_id":"MC005","site_id":3337},{"date":"2021-03-18","product":"COPERNICUS/S1_GRD","band":"VH","value":-24.1087,"farmer_unique_id":"MC005","site_id":3337},{"date":"2021-03-30","product":"COPERNICUS/S1_GRD","band":"VH","value":-17.4761,"farmer_unique_id":"MC005","site_id":3337},{"date":"2021-04-11","product":"COPERNICUS/S1_GRD","band":"VH","value":-19.5666,"farmer_unique_id":"MC005","site_id":3337},{"date":"2021-04-23","product":"COPERNICUS/S1_GRD","band":"VH","value":-14.4473,"farmer_unique_id":"MC005","site_id":3337},{"date":"2021-05-05","product":"COPERNICUS/S1_GRD","band":"VH","value":-18.8095,"farmer_unique_id":"MC005","site_id":3337},{"date":"2021-05-17","product":"COPERNICUS/S1_GRD","band":"VH","value":-15.8943,"farmer_unique_id":"MC005","site_id":3337},{"date":"2021-05-29","product":"COPERNICUS/S1_GRD","band":"VH","value":-18.5905,"farmer_unique_id":"MC005","site_id":3337},{"date":"2021-06-10","product":"COPERNICUS/S1_GRD","band":"VH","value":-17.5849,"farmer_unique_id":"MC005","site_id":3337},{"date":"2021-06-22","product":"COPERNICUS/S1_GRD","band":"VH","value":-16.574,"farmer_unique_id":"MC005","site_id":3337},{"date":"2021-07-04","product":"COPERNICUS/S1_GRD","band":"VH","value":-23.4603,"farmer_unique_id":"MC005","site_id":3337},{"date":"2021-07-16","product":"COPERNICUS/S1_GRD","band":"VH","value":-20.9664,"farmer_unique_id":"MC005","site_id":3337},{"date":"2021-07-28","product":"COPERNICUS/S1_GRD","band":"VH","value":-23.0414,"farmer_unique_id":"MC005","site_id":3337},{"date":"2021-08-09","product":"COPERNICUS/S1_GRD","band":"VH","value":-16.112,"farmer_unique_id":"MC005","site_id":3337},{"date":"2021-08-21","product":"COPERNICUS/S1_GRD","band":"VH","value":-18.1972,"farmer_unique_id":"MC005","site_id":3337},{"date":"2021-09-02","product":"COPERNICUS/S1_GRD","band":"VH","value":-17.7776,"farmer_unique_id":"MC005","site_id":3337},{"date":"2021-09-14","product":"COPERNICUS/S1_GRD","band":"VH","value":-19.8589,"farmer_unique_id":"MC005","site_id":3337},{"date":"2021-09-26","product":"COPERNICUS/S1_GRD","band":"VH","value":-19.3475,"farmer_unique_id":"MC005","site_id":3337},{"date":"2021-10-08","product":"COPERNICUS/S1_GRD","band":"VH","value":-22.7702,"farmer_unique_id":"MC005","site_id":3337},{"date":"2021-10-20","product":"COPERNICUS/S1_GRD","band":"VH","value":-19.1897,"farmer_unique_id":"MC005","site_id":3337},{"date":"2021-11-01","product":"COPERNICUS/S1_GRD","band":"VH","value":-22.8182,"farmer_unique_id":"MC005","site_id":3337},{"date":"2021-11-13","product":"COPERNICUS/S1_GRD","band":"VH","value":-20.2222,"farmer_unique_id":"MC005","site_id":3337},{"date":"2021-11-25","product":"COPERNICUS/S1_GRD","band":"VH","value":-18.2082,"farmer_unique_id":"MC005","site_id":3337},{"date":"2021-12-07","product":"COPERNICUS/S1_GRD","band":"VH","value":-17.7478,"farmer_unique_id":"MC005","site_id":3337},{"date":"2021-12-19","product":"COPERNICUS/S1_GRD","band":"VH","value":-14.9394,"farmer_unique_id":"MC005","site_id":3337},{"date":"2020-01-11","product":"COPERNICUS/S1_GRD","band":"VV","value":-11.6228,"farmer_unique_id":"MC005","site_id":3337},{"date":"2020-01-23","product":"COPERNICUS/S1_GRD","band":"VV","value":-9.6418,"farmer_unique_id":"MC005","site_id":3337},{"date":"2020-02-04","product":"COPERNICUS/S1_GRD","band":"VV","value":-8.7135,"farmer_unique_id":"MC005","site_id":3337},{"date":"2020-02-16","product":"COPERNICUS/S1_GRD","band":"VV","value":-8.4777,"farmer_unique_id":"MC005","site_id":3337},{"date":"2020-02-28","product":"COPERNICUS/S1_GRD","band":"VV","value":-8.2517,"farmer_unique_id":"MC005","site_id":3337},{"date":"2020-03-11","product":"COPERNICUS/S1_GRD","band":"VV","value":-7.8464,"farmer_unique_id":"MC005","site_id":3337},{"date":"2020-03-23","product":"COPERNICUS/S1_GRD","band":"VV","value":-10.1277,"farmer_unique_id":"MC005","site_id":3337},{"date":"2020-04-04","product":"COPERNICUS/S1_GRD","band":"VV","value":-8.9199,"farmer_unique_id":"MC005","site_id":3337},{"date":"2020-04-16","product":"COPERNICUS/S1_GRD","band":"VV","value":-11.1422,"farmer_unique_id":"MC005","site_id":3337},{"date":"2020-04-28","product":"COPERNICUS/S1_GRD","band":"VV","value":-12.074,"farmer_unique_id":"MC005","site_id":3337},{"date":"2020-05-10","product":"COPERNICUS/S1_GRD","band":"VV","value":-9.2766,"farmer_unique_id":"MC005","site_id":3337},{"date":"2020-05-22","product":"COPERNICUS/S1_GRD","band":"VV","value":-11.2412,"farmer_unique_id":"MC005","site_id":3337},{"date":"2020-06-15","product":"COPERNICUS/S1_GRD","band":"VV","value":-10.0316,"farmer_unique_id":"MC005","site_id":3337},{"date":"2020-06-27","product":"COPERNICUS/S1_GRD","band":"VV","value":-11.5141,"farmer_unique_id":"MC005","site_id":3337},{"date":"2020-07-09","product":"COPERNICUS/S1_GRD","band":"VV","value":-10.3719,"farmer_unique_id":"MC005","site_id":3337},{"date":"2020-07-21","product":"COPERNICUS/S1_GRD","band":"VV","value":-9.4435,"farmer_unique_id":"MC005","site_id":3337},{"date":"2020-08-02","product":"COPERNICUS/S1_GRD","band":"VV","value":-14.1568,"farmer_unique_id":"MC005","site_id":3337},{"date":"2020-08-14","product":"COPERNICUS/S1_GRD","band":"VV","value":-10.7886,"farmer_unique_id":"MC005","site_id":3337},{"date":"2020-08-26","product":"COPERNICUS/S1_GRD","band":"VV","value":-11.9369,"farmer_unique_id":"MC005","site_id":3337},{"date":"2020-09-07","product":"COPERNICUS/S1_GRD","band":"VV","value":-11.8759,"farmer_unique_id":"MC005","site_id":3337},{"date":"2020-09-19","product":"COPERNICUS/S1_GRD","band":"VV","value":-11.3758,"farmer_unique_id":"MC005","site_id":3337},{"date":"2020-10-01","product":"COPERNICUS/S1_GRD","band":"VV","value":-13.1439,"farmer_unique_id":"MC005","site_id":3337},{"date":"2020-10-13","product":"COPERNICUS/S1_GRD","band":"VV","value":-12.4001,"farmer_unique_id":"MC005","site_id":3337},{"date":"2020-10-25","product":"COPERNICUS/S1_GRD","band":"VV","value":-12.1096,"farmer_unique_id":"MC005","site_id":3337},{"date":"2020-11-06","product":"COPERNICUS/S1_GRD","band":"VV","value":-9.4791,"farmer_unique_id":"MC005","site_id":3337},{"date":"2020-11-18","product":"COPERNICUS/S1_GRD","band":"VV","value":-9.5758,"farmer_unique_id":"MC005","site_id":3337},{"date":"2020-11-30","product":"COPERNICUS/S1_GRD","band":"VV","value":-10.8062,"farmer_unique_id":"MC005","site_id":3337},{"date":"2020-12-12","product":"COPERNICUS/S1_GRD","band":"VV","value":-11.9974,"farmer_unique_id":"MC005","site_id":3337},{"date":"2020-12-24","product":"COPERNICUS/S1_GRD","band":"VV","value":-8.4256,"farmer_unique_id":"MC005","site_id":3337},{"date":"2021-01-05","product":"COPERNICUS/S1_GRD","band":"VV","value":-11.4031,"farmer_unique_id":"MC005","site_id":3337},{"date":"2021-01-17","product":"COPERNICUS/S1_GRD","band":"VV","value":-7.9994,"farmer_unique_id":"MC005","site_id":3337},{"date":"2021-01-29","product":"COPERNICUS/S1_GRD","band":"VV","value":-9.6921,"farmer_unique_id":"MC005","site_id":3337},{"date":"2021-02-10","product":"COPERNICUS/S1_GRD","band":"VV","value":-12.4746,"farmer_unique_id":"MC005","site_id":3337},{"date":"2021-02-22","product":"COPERNICUS/S1_GRD","band":"VV","value":-13.5844,"farmer_unique_id":"MC005","site_id":3337},{"date":"2021-03-06","product":"COPERNICUS/S1_GRD","band":"VV","value":-12.7311,"farmer_unique_id":"MC005","site_id":3337},{"date":"2021-03-18","product":"COPERNICUS/S1_GRD","band":"VV","value":-14.3074,"farmer_unique_id":"MC005","site_id":3337},{"date":"2021-03-30","product":"COPERNICUS/S1_GRD","band":"VV","value":-9.8169,"farmer_unique_id":"MC005","site_id":3337},{"date":"2021-04-11","product":"COPERNICUS/S1_GRD","band":"VV","value":-13.0702,"farmer_unique_id":"MC005","site_id":3337},{"date":"2021-04-23","product":"COPERNICUS/S1_GRD","band":"VV","value":-9.3343,"farmer_unique_id":"MC005","site_id":3337},{"date":"2021-05-05","product":"COPERNICUS/S1_GRD","band":"VV","value":-9.4176,"farmer_unique_id":"MC005","site_id":3337},{"date":"2021-05-17","product":"COPERNICUS/S1_GRD","band":"VV","value":-14.8278,"farmer_unique_id":"MC005","site_id":3337},{"date":"2021-05-29","product":"COPERNICUS/S1_GRD","band":"VV","value":-16.2759,"farmer_unique_id":"MC005","site_id":3337},{"date":"2021-06-10","product":"COPERNICUS/S1_GRD","band":"VV","value":-12.9337,"farmer_unique_id":"MC005","site_id":3337},{"date":"2021-06-22","product":"COPERNICUS/S1_GRD","band":"VV","value":-10.884,"farmer_unique_id":"MC005","site_id":3337},{"date":"2021-07-04","product":"COPERNICUS/S1_GRD","band":"VV","value":-13.4291,"farmer_unique_id":"MC005","site_id":3337},{"date":"2021-07-16","product":"COPERNICUS/S1_GRD","band":"VV","value":-12.4379,"farmer_unique_id":"MC005","site_id":3337},{"date":"2021-07-28","product":"COPERNICUS/S1_GRD","band":"VV","value":-14.1228,"farmer_unique_id":"MC005","site_id":3337},{"date":"2021-08-09","product":"COPERNICUS/S1_GRD","band":"VV","value":-11.5179,"farmer_unique_id":"MC005","site_id":3337},{"date":"2021-08-21","product":"COPERNICUS/S1_GRD","band":"VV","value":-9.7574,"farmer_unique_id":"MC005","site_id":3337},{"date":"2021-09-02","product":"COPERNICUS/S1_GRD","band":"VV","value":-10.381,"farmer_unique_id":"MC005","site_id":3337},{"date":"2021-09-14","product":"COPERNICUS/S1_GRD","band":"VV","value":-14.9524,"farmer_unique_id":"MC005","site_id":3337},{"date":"2021-09-26","product":"COPERNICUS/S1_GRD","band":"VV","value":-10.7674,"farmer_unique_id":"MC005","site_id":3337},{"date":"2021-10-08","product":"COPERNICUS/S1_GRD","band":"VV","value":-15.5014,"farmer_unique_id":"MC005","site_id":3337},{"date":"2021-10-20","product":"COPERNICUS/S1_GRD","band":"VV","value":-11.6704,"farmer_unique_id":"MC005","site_id":3337},{"date":"2021-11-01","product":"COPERNICUS/S1_GRD","band":"VV","value":-9.6745,"farmer_unique_id":"MC005","site_id":3337},{"date":"2021-11-13","product":"COPERNICUS/S1_GRD","band":"VV","value":-14.9789,"farmer_unique_id":"MC005","site_id":3337},{"date":"2021-11-25","product":"COPERNICUS/S1_GRD","band":"VV","value":-13.5207,"farmer_unique_id":"MC005","site_id":3337},{"date":"2021-12-07","product":"COPERNICUS/S1_GRD","band":"VV","value":-6.8483,"farmer_unique_id":"MC005","site_id":3337},{"date":"2021-12-19","product":"COPERNICUS/S1_GRD","band":"VV","value":-8.993,"farmer_unique_id":"MC005","site_id":3337}]
