[{"date":"2020-01-11","product":"COPERNICUS/S1_GRD","band":"VH","value":-17.4186,"farmer_unique_id":"3756284","site_id":2241},{"date":"2020-01-23","product":"COPERNICUS/S1_GRD","band":"VH","value":-14.4096,"farmer_unique_id":"3756284","site_id":2241},{"date":"2020-02-04","product":"COPERNICUS/S1_GRD","band":"VH","value":-16.0124,"farmer_unique_id":"3756284","site_id":2241},{"date":"2020-02-16","product":"COPERNICUS/S1_GRD","band":"VH","value":-17.3146,"farmer_unique_id":"3756284","site_id":2241},{"date":"2020-02-28","product":"COPERNICUS/S1_GRD","band":"VH","value":-15.2665,"farmer_unique_id":"3756284","site_id":2241},{"date":"2020-03-11","product":"COPERNICUS/S1_GRD","band":"VH","value":-14.9399,"farmer_unique_id":"3756284","site_id":2241},{"date":"2020-03-23","product":"COPERNICUS/S1_GRD","band":"VH","value":-16.2293,"farmer_unique_id":"3756284","site_id":2241},{"date":"2020-04-04","product":"COPERNICUS/S1_GRD","band":"VH","value":-19.8141,"farmer_unique_id":"3756284","site_id":2241},{"date":"2020-04-16","product":"COPERNICUS/S1_GRD","band":"VH","value":-14.2579,"farmer_unique_id":"3756284","site_id":2241},{"date":"2020-04-28","product":"COPERNICUS/S1_GRD","band":"VH","value":-14.9569,"farmer_unique_id":"3756284","site_id":2241},{"date":"2020-05-10","product":"COPERNICUS/S1_GRD","band":"VH","value":-17.0869,"farmer_unique_id":"3756284","site_id":2241},{"date":"2020-05-22","product":"COPERNICUS/S1_GRD","band":"VH","value":-18.8505,"farmer_unique_id":"3756284","site_id":2241},{"date":"2020-06-15","product":"COPERNICUS/S1_GRD","band":"VH","value":-13.6465,"farmer_unique_id":"3756284","site_id":2241},{"date":"2020-06-27","product":"COPERNICUS/S1_GRD","band":"VH","value":-13.772,"farmer_unique_id":"3756284","site_id":2241},{"date":"2020-07-09","product":"COPERNICUS/S1_GRD","band":"VH","value":-15.7936,"farmer_unique_id":"3756284","site_id":2241},{"date":"2020-07-21","product":"COPERNICUS/S1_GRD","band":"VH","value":-17.9098,"farmer_unique_id":"3756284","site_id":2241},{"date":"2020-08-02","product":"COPERNICUS/S1_GRD","band":"VH","value":-18.2468,"farmer_unique_id":"3756284","site_id":2241},{"date":"2020-08-14","product":"COPERNICUS/S1_GRD","band":"VH","value":-12.7377,"farmer_unique_id":"3756284","site_id":2241},{"date":"2020-08-26","product":"COPERNICUS/S1_GRD","band":"VH","value":-16.0777,"farmer_unique_id":"3756284","site_id":2241},{"date":"2020-09-07","product":"COPERNICUS/S1_GRD","band":"VH","value":-17.5075,"farmer_unique_id":"3756284","site_id":2241},{"date":"2020-09-19","product":"COPERNICUS/S1_GRD","band":"VH","value":-17.1347,"farmer_unique_id":"3756284","site_id":2241},{"date":"2020-10-01","product":"COPERNICUS/S1_GRD","band":"VH","value":-16.083,"farmer_unique_id":"3756284","site_id":2241},{"date":"2020-10-13","product":"COPERNICUS/S1_GRD","band":"VH","value":-19.2256,"farmer_unique_id":"3756284","site_id":2241},{"date":"2020-10-25","product":"COPERNICUS/S1_GRD","band":"VH","value":-15.4995,"farmer_unique_id":"3756284","site_id":2241},{"date":"2020-11-06","product":"COPERNICUS/S1_GRD","band":"VH","value":-15.0465,"farmer_unique_id":"3756284","site_id":2241},{"date":"2020-11-18","product":"COPERNICUS/S1_GRD","band":"VH","value":-19.2111,"farmer_unique_id":"3756284","site_id":2241},{"date":"2020-11-30","product":"COPERNICUS/S1_GRD","band":"VH","value":-15.7284,"farmer_unique_id":"3756284","site_id":2241},{"date":"2020-12-12","product":"COPERNICUS/S1_GRD","band":"VH","value":-19.3639,"farmer_unique_id":"3756284","site_id":2241},{"date":"2020-12-24","product":"COPERNICUS/S1_GRD","band":"VH","value":-16.5834,"farmer_unique_id":"3756284","site_id":2241},{"date":"2021-01-05","product":"COPERNICUS/S1_GRD","band":"VH","value":-19.2654,"farmer_unique_id":"3756284","site_id":2241},{"date":"2021-01-17","product":"COPERNICUS/S1_GRD","band":"VH","value":-17.5493,"farmer_unique_id":"3756284","site_id":2241},{"date":"2021-01-29","product":"COPERNICUS/S1_GRD","band":"VH","value":-15.5798,"farmer_unique_id":"3756284","site_id":2241},{"date":"2021-02-10","product":"COPERNICUS/S1_GRD","band":"VH","value":-14.9808,"farmer_unique_id":"3756284","site_id":2241},{"date":"2021-02-22","product":"COPERNICUS/S1_GRD","band":"VH","value":-15.0727,"farmer_unique_id":"3756284","site_id":2241},{"date":"2021-03-06","product":"COPERNICUS/S1_GRD","band":"VH","value":-19.1551,"farmer_unique_id":"3756284","site_id":2241},{"date":"2021-03-18","product":"COPERNICUS/S1_GRD","band":"VH","value":-15.3033,"farmer_unique_id":"3756284","site_id":2241},{"date":"2021-03-30","product":"COPERNICUS/S1_GRD","band":"VH","value":-16.9022,"farmer_unique_id":"3756284","site_id":2241},{"date":"2021-04-11","product":"COPERNICUS/S1_GRD","band":"VH","value":-17.8756,"farmer_unique_id":"3756284","site_id":2241},{"date":"2021-04-23","product":"COPERNICUS/S1_GRD","band":"VH","value":-15.1239,"farmer_unique_id":"3756284","site_id":2241},{"date":"2021-05-05","product":"COPERNICUS/S1_GRD","band":"VH","value":-16.2394,"farmer_unique_id":"3756284","site_id":2241},{"date":"2021-05-17","product":"COPERNICUS/S1_GRD","band":"VH","value":-14.248,"farmer_unique_id":"3756284","site_id":2241},{"date":"2021-05-29","product":"COPERNICUS/S1_GRD","band":"VH","value":-17.1361,"farmer_unique_id":"3756284","site_id":2241},{"date":"2021-06-10","product":"COPERNICUS/S1_GRD","band":"VH","value":-14.397,"farmer_unique_id":"3756284","site_id":2241},{"date":"2021-06-22","product":"COPERNICUS/S1_GRD","band":"VH","value":-14.4881,"farmer_unique_id":"3756284","site_id":2241},{"date":"2021-07-04","product":"COPERNICUS/S1_GRD","band":"VH","value":-16.3594,"farmer_unique_id":"3756284","site_id":2241},{"date":"2021-07-16","product":"COPERNICUS/S1_GRD","band":"VH","value":-15.9326,"farmer_unique_id":"3756284","site_id":2241},{"date":"2021-07-28","product":"COPERNICUS/S1_GRD","band":"VH","value":-17.0054,"farmer_unique_id":"3756284","site_id":2241},{"date":"2021-08-09","product":"COPERNICUS/S1_GRD","band":"VH","value":-16.4312,"farmer_unique_id":"3756284","site_id":2241},{"date":"2021-08-21","product":"COPERNICUS/S1_GRD","band":"VH","value":-18.417,"farmer_unique_id":"3756284","site_id":2241},{"date":"2021-09-02","product":"COPERNICUS/S1_GRD","band":"VH","value":-19.7061,"farmer_unique_id":"3756284","site_id":2241},{"date":"2021-09-14","product":"COPERNICUS/S1_GRD","band":"VH","value":-19.9111,"farmer_unique_id":"3756284","site_id":2241},{"date":"2021-09-26","product":"COPERNICUS/S1_GRD","band":"VH","value":-18.1417,"farmer_unique_id":"3756284","site_id":2241},{"date":"2021-10-08","product":"COPERNICUS/S1_GRD","band":"VH","value":-16.9915,"farmer_unique_id":"3756284","site_id":2241},{"date":"2021-10-20","product":"COPERNICUS/S1_GRD","band":"VH","value":-16.3531,"farmer_unique_id":"3756284","site_id":2241},{"date":"2021-11-01","product":"COPERNICUS/S1_GRD","band":"VH","value":-18.288,"farmer_unique_id":"3756284","site_id":2241},{"date":"2021-11-13","product":"COPERNICUS/S1_GRD","band":"VH","value":-23.2201,"farmer_unique_id":"3756284","site_id":2241},{"date":"2021-11-25","product":"COPERNICUS/S1_GRD","band":"VH","value":-17.4228,"farmer_unique_id":"3756284","site_id":2241},{"date":"2021-12-07","product":"COPERNICUS/S1_GRD","band":"VH","value":-15.8109,"farmer_unique_id":"3756284","site_id":2241},{"date":"2021-12-19","product":"COPERNICUS/S1_GRD","band":"VH","value":-13.9094,"farmer_unique_id":"3756284","site_id":2241},{"date":"2020-01-11","product":"COPERNICUS/S1_GRD","band":"VV","value":-6.1088,"farmer_unique_id":"3756284","site_id":2241},{"date":"2020-01-23","product":"COPERNICUS/S1_GRD","band":"VV","value":-13.0769,"farmer_unique_id":"3756284","site_id":2241},{"date":"2020-02-04","product":"COPERNICUS/S1_GRD","band":"VV","value":-11.3771,"farmer_unique_id":"3756284","site_id":2241},{"date":"2020-02-16","product":"COPERNICUS/S1_GRD","band":"VV","value":-10.6563,"farmer_unique_id":"3756284","site_id":2241},{"date":"2020-02-28","product":"COPERNICUS/S1_GRD","band":"VV","value":-11.0865,"farmer_unique_id":"3756284","site_id":2241},{"date":"2020-03-11","product":"COPERNICUS/S1_GRD","band":"VV","value":-8.1092,"farmer_unique_id":"3756284","site_id":2241},{"date":"2020-03-23","product":"COPERNICUS/S1_GRD","band":"VV","value":-7.6891,"farmer_unique_id":"3756284","site_id":2241},{"date":"2020-04-04","product":"COPERNICUS/S1_GRD","band":"VV","value":-7.8714,"farmer_unique_id":"3756284","site_id":2241},{"date":"2020-04-16","product":"COPERNICUS/S1_GRD","band":"VV","value":-9.3516,"farmer_unique_id":"3756284","site_id":2241},{"date":"2020-04-28","product":"COPERNICUS/S1_GRD","band":"VV","value":-7.872,"farmer_unique_id":"3756284","site_id":2241},{"date":"2020-05-10","product":"COPERNICUS/S1_GRD","band":"VV","value":-9.52,"farmer_unique_id":"3756284","site_id":2241},{"date":"2020-05-22","product":"COPERNICUS/S1_GRD","band":"VV","value":-8.5106,"farmer_unique_id":"3756284","site_id":2241},{"date":"2020-06-15","product":"COPERNICUS/S1_GRD","band":"VV","value":-11.1924,"farmer_unique_id":"3756284","site_id":2241},{"date":"2020-06-27","product":"COPERNICUS/S1_GRD","band":"VV","value":-7.5015,"farmer_unique_id":"3756284","site_id":2241},{"date":"2020-07-09","product":"COPERNICUS/S1_GRD","band":"VV","value":-9.1707,"farmer_unique_id":"3756284","site_id":2241},{"date":"2020-07-21","product":"COPERNICUS/S1_GRD","band":"VV","value":-12.5637,"farmer_unique_id":"3756284","site_id":2241},{"date":"2020-08-02","product":"COPERNICUS/S1_GRD","band":"VV","value":-10.4002,"farmer_unique_id":"3756284","site_id":2241},{"date":"2020-08-14","product":"COPERNICUS/S1_GRD","band":"VV","value":-8.6121,"farmer_unique_id":"3756284","site_id":2241},{"date":"2020-08-26","product":"COPERNICUS/S1_GRD","band":"VV","value":-8.1406,"farmer_unique_id":"3756284","site_id":2241},{"date":"2020-09-07","product":"COPERNICUS/S1_GRD","band":"VV","value":-8.5595,"farmer_unique_id":"3756284","site_id":2241},{"date":"2020-09-19","product":"COPERNICUS/S1_GRD","band":"VV","value":-10.3155,"farmer_unique_id":"3756284","site_id":2241},{"date":"2020-10-01","product":"COPERNICUS/S1_GRD","band":"VV","value":-6.1105,"farmer_unique_id":"3756284","site_id":2241},{"date":"2020-10-13","product":"COPERNICUS/S1_GRD","band":"VV","value":-15.9349,"farmer_unique_id":"3756284","site_id":2241},{"date":"2020-10-25","product":"COPERNICUS/S1_GRD","band":"VV","value":-4.7434,"farmer_unique_id":"3756284","site_id":2241},{"date":"2020-11-06","product":"COPERNICUS/S1_GRD","band":"VV","value":-3.6703,"farmer_unique_id":"3756284","site_id":2241},{"date":"2020-11-18","product":"COPERNICUS/S1_GRD","band":"VV","value":-10.2772,"farmer_unique_id":"3756284","site_id":2241},{"date":"2020-11-30","product":"COPERNICUS/S1_GRD","band":"VV","value":-6.6455,"farmer_unique_id":"3756284","site_id":2241},{"date":"2020-12-12","product":"COPERNICUS/S1_GRD","band":"VV","value":-12.5492,"farmer_unique_id":"3756284","site_id":2241},{"date":"2020-12-24","product":"COPERNICUS/S1_GRD","band":"VV","value":-10.6326,"farmer_unique_id":"3756284","site_id":2241},{"date":"2021-01-05","product":"COPERNICUS/S1_GRD","band":"VV","value":-8.9258,"farmer_unique_id":"3756284","site_id":2241},{"date":"2021-01-17","product":"COPERNICUS/S1_GRD","band":"VV","value":-10.9835,"farmer_unique_id":"3756284","site_id":2241},{"date":"2021-01-29","product":"COPERNICUS/S1_GRD","band":"VV","value":-8.2578,"farmer_unique_id":"3756284","site_id":2241},{"date":"2021-02-10","product":"COPERNICUS/S1_GRD","band":"VV","value":-8.4801,"farmer_unique_id":"3756284","site_id":2241},{"date":"2021-02-22","product":"COPERNICUS/S1_GRD","band":"VV","value":-6.3538,"farmer_unique_id":"3756284","site_id":2241},{"date":"2021-03-06","product":"COPERNICUS/S1_GRD","band":"VV","value":-11.611,"farmer_unique_id":"3756284","site_id":2241},{"date":"2021-03-18","product":"COPERNICUS/S1_GRD","band":"VV","value":-13.4895,"farmer_unique_id":"3756284","site_id":2241},{"date":"2021-03-30","product":"COPERNICUS/S1_GRD","band":"VV","value":-8.4676,"farmer_unique_id":"3756284","site_id":2241},{"date":"2021-04-11","product":"COPERNICUS/S1_GRD","band":"VV","value":-12.0985,"farmer_unique_id":"3756284","site_id":2241},{"date":"2021-04-23","product":"COPERNICUS/S1_GRD","band":"VV","value":-8.4675,"farmer_unique_id":"3756284","site_id":2241},{"date":"2021-05-05","product":"COPERNICUS/S1_GRD","band":"VV","value":-6.9439,"farmer_unique_id":"3756284","site_id":2241},{"date":"2021-05-17","product":"COPERNICUS/S1_GRD","band":"VV","value":-7.7691,"farmer_unique_id":"3756284","site_id":2241},{"date":"2021-05-29","product":"COPERNICUS/S1_GRD","band":"VV","value":-10.4286,"farmer_unique_id":"3756284","site_id":2241},{"date":"2021-06-10","product":"COPERNICUS/S1_GRD","band":"VV","value":-8.1174,"farmer_unique_id":"3756284","site_id":2241},{"date":"2021-06-22","product":"COPERNICUS/S1_GRD","band":"VV","value":-9.8858,"farmer_unique_id":"3756284","site_id":2241},{"date":"2021-07-04","product":"COPERNICUS/S1_GRD","band":"VV","value":-10.4585,"farmer_unique_id":"3756284","site_id":2241},{"date":"2021-07-16","product":"COPERNICUS/S1_GRD","band":"VV","value":-10.4673,"farmer_unique_id":"3756284","site_id":2241},{"date":"2021-07-28","product":"COPERNICUS/S1_GRD","band":"VV","value":-8.705,"farmer_unique_id":"3756284","site_id":2241},{"date":"2021-08-09","product":"COPERNICUS/S1_GRD","band":"VV","value":-11.1379,"farmer_unique_id":"3756284","site_id":2241},{"date":"2021-08-21","product":"COPERNICUS/S1_GRD","band":"VV","value":-11.5134,"farmer_unique_id":"3756284","site_id":2241},{"date":"2021-09-02","product":"COPERNICUS/S1_GRD","band":"VV","value":-11.3041,"farmer_unique_id":"3756284","site_id":2241},{"date":"2021-09-14","product":"COPERNICUS/S1_GRD","band":"VV","value":-8.4009,"farmer_unique_id":"3756284","site_id":2241},{"date":"2021-09-26","product":"COPERNICUS/S1_GRD","band":"VV","value":-14.3563,"farmer_unique_id":"3756284","site_id":2241},{"date":"2021-10-08","product":"COPERNICUS/S1_GRD","band":"VV","value":-7.6821,"farmer_unique_id":"3756284","site_id":2241},{"date":"2021-10-20","product":"COPERNICUS/S1_GRD","band":"VV","value":-8.8895,"farmer_unique_id":"3756284","site_id":2241},{"date":"2021-11-01","product":"COPERNICUS/S1_GRD","band":"VV","value":-7.6427,"farmer_unique_id":"3756284","site_id":2241},{"date":"2021-11-13","product":"COPERNICUS/S1_GRD","band":"VV","value":-12.1369,"farmer_unique_id":"3756284","site_id":2241},{"date":"2021-11-25","product":"COPERNICUS/S1_GRD","band":"VV","value":-9.8525,"farmer_unique_id":"3756284","site_id":2241},{"date":"2021-12-07","product":"COPERNICUS/S1_GRD","band":"VV","value":-5.9515,"farmer_unique_id":"3756284","site_id":2241},{"date":"2021-12-19","product":"COPERNICUS/S1_GRD","band":"VV","value":-11.8971,"farmer_unique_id":"3756284","site_id":2241}]
