[{"date":"2020-01-11","product":"COPERNICUS/S1_GRD","band":"VH","value":-13.4191,"farmer_unique_id":"4197212","site_id":4842},{"date":"2020-01-23","product":"COPERNICUS/S1_GRD","band":"VH","value":-13.3215,"farmer_unique_id":"4197212","site_id":4842},{"date":"2020-02-04","product":"COPERNICUS/S1_GRD","band":"VH","value":-14.9323,"farmer_unique_id":"4197212","site_id":4842},{"date":"2020-02-16","product":"COPERNICUS/S1_GRD","band":"VH","value":-11.2389,"farmer_unique_id":"4197212","site_id":4842},{"date":"2020-02-28","product":"COPERNICUS/S1_GRD","band":"VH","value":-13.8365,"farmer_unique_id":"4197212","site_id":4842},{"date":"2020-03-11","product":"COPERNICUS/S1_GRD","band":"VH","value":-12.2308,"farmer_unique_id":"4197212","site_id":4842},{"date":"2020-03-23","product":"COPERNICUS/S1_GRD","band":"VH","value":-11.4761,"farmer_unique_id":"4197212","site_id":4842},{"date":"2020-04-04","product":"COPERNICUS/S1_GRD","band":"VH","value":-19.353,"farmer_unique_id":"4197212","site_id":4842},{"date":"2020-04-16","product":"COPERNICUS/S1_GRD","band":"VH","value":-12.4278,"farmer_unique_id":"4197212","site_id":4842},{"date":"2020-04-28","product":"COPERNICUS/S1_GRD","band":"VH","value":-14.516,"farmer_unique_id":"4197212","site_id":4842},{"date":"2020-05-10","product":"COPERNICUS/S1_GRD","band":"VH","value":-12.6123,"farmer_unique_id":"4197212","site_id":4842},{"date":"2020-05-22","product":"COPERNICUS/S1_GRD","band":"VH","value":-13.0941,"farmer_unique_id":"4197212","site_id":4842},{"date":"2020-06-03","product":"COPERNICUS/S1_GRD","band":"VH","value":-18.1698,"farmer_unique_id":"4197212","site_id":4842},{"date":"2020-06-15","product":"COPERNICUS/S1_GRD","band":"VH","value":-12.2486,"farmer_unique_id":"4197212","site_id":4842},{"date":"2020-06-27","product":"COPERNICUS/S1_GRD","band":"VH","value":-10.8672,"farmer_unique_id":"4197212","site_id":4842},{"date":"2020-07-09","product":"COPERNICUS/S1_GRD","band":"VH","value":-15.6088,"farmer_unique_id":"4197212","site_id":4842},{"date":"2020-07-21","product":"COPERNICUS/S1_GRD","band":"VH","value":-13.1502,"farmer_unique_id":"4197212","site_id":4842},{"date":"2020-08-02","product":"COPERNICUS/S1_GRD","band":"VH","value":-15.0184,"farmer_unique_id":"4197212","site_id":4842},{"date":"2020-08-14","product":"COPERNICUS/S1_GRD","band":"VH","value":-13.7498,"farmer_unique_id":"4197212","site_id":4842},{"date":"2020-08-26","product":"COPERNICUS/S1_GRD","band":"VH","value":-12.9103,"farmer_unique_id":"4197212","site_id":4842},{"date":"2020-09-07","product":"COPERNICUS/S1_GRD","band":"VH","value":-13.3009,"farmer_unique_id":"4197212","site_id":4842},{"date":"2020-09-19","product":"COPERNICUS/S1_GRD","band":"VH","value":-13.907,"farmer_unique_id":"4197212","site_id":4842},{"date":"2020-10-01","product":"COPERNICUS/S1_GRD","band":"VH","value":-15.188,"farmer_unique_id":"4197212","site_id":4842},{"date":"2020-10-13","product":"COPERNICUS/S1_GRD","band":"VH","value":-12.8063,"farmer_unique_id":"4197212","site_id":4842},{"date":"2020-10-25","product":"COPERNICUS/S1_GRD","band":"VH","value":-15.8544,"farmer_unique_id":"4197212","site_id":4842},{"date":"2020-11-06","product":"COPERNICUS/S1_GRD","band":"VH","value":-14.3287,"farmer_unique_id":"4197212","site_id":4842},{"date":"2020-11-18","product":"COPERNICUS/S1_GRD","band":"VH","value":-15.1297,"farmer_unique_id":"4197212","site_id":4842},{"date":"2020-11-30","product":"COPERNICUS/S1_GRD","band":"VH","value":-15.4649,"farmer_unique_id":"4197212","site_id":4842},{"date":"2020-12-12","product":"COPERNICUS/S1_GRD","band":"VH","value":-13.6405,"farmer_unique_id":"4197212","site_id":4842},{"date":"2020-12-24","product":"COPERNICUS/S1_GRD","band":"VH","value":-13.1523,"farmer_unique_id":"4197212","site_id":4842},{"date":"2021-01-05","product":"COPERNICUS/S1_GRD","band":"VH","value":-14.373,"farmer_unique_id":"4197212","site_id":4842},{"date":"2021-01-17","product":"COPERNICUS/S1_GRD","band":"VH","value":-17.0138,"farmer_unique_id":"4197212","site_id":4842},{"date":"2021-01-29","product":"COPERNICUS/S1_GRD","band":"VH","value":-19.9228,"farmer_unique_id":"4197212","site_id":4842},{"date":"2021-02-10","product":"COPERNICUS/S1_GRD","band":"VH","value":-13.8969,"farmer_unique_id":"4197212","site_id":4842},{"date":"2021-02-22","product":"COPERNICUS/S1_GRD","band":"VH","value":-14.8943,"farmer_unique_id":"4197212","site_id":4842},{"date":"2021-03-06","product":"COPERNICUS/S1_GRD","band":"VH","value":-11.3312,"farmer_unique_id":"4197212","site_id":4842},{"date":"2021-03-18","product":"COPERNICUS/S1_GRD","band":"VH","value":-18.43,"farmer_unique_id":"4197212","site_id":4842},{"date":"2021-03-30","product":"COPERNICUS/S1_GRD","band":"VH","value":-14.2646,"farmer_unique_id":"4197212","site_id":4842},{"date":"2021-04-11","product":"COPERNICUS/S1_GRD","band":"VH","value":-16.5071,"farmer_unique_id":"4197212","site_id":4842},{"date":"2021-04-23","product":"COPERNICUS/S1_GRD","band":"VH","value":-16.3526,"farmer_unique_id":"4197212","site_id":4842},{"date":"2021-05-05","product":"COPERNICUS/S1_GRD","band":"VH","value":-13.1355,"farmer_unique_id":"4197212","site_id":4842},{"date":"2021-05-17","product":"COPERNICUS/S1_GRD","band":"VH","value":-12.9674,"farmer_unique_id":"4197212","site_id":4842},{"date":"2021-05-29","product":"COPERNICUS/S1_GRD","band":"VH","value":-16.2695,"farmer_unique_id":"4197212","site_id":4842},{"date":"2021-06-10","product":"COPERNICUS/S1_GRD","band":"VH","value":-15.6589,"farmer_unique_id":"4197212","site_id":4842},{"date":"2021-06-22","product":"COPERNICUS/S1_GRD","band":"VH","value":-15.0443,"farmer_unique_id":"4197212","site_id":4842},{"date":"2021-07-04","product":"COPERNICUS/S1_GRD","band":"VH","value":-12.4391,"farmer_unique_id":"4197212","site_id":4842},{"date":"2021-07-16","product":"COPERNICUS/S1_GRD","band":"VH","value":-15.965,"farmer_unique_id":"4197212","site_id":4842},{"date":"2021-07-28","product":"COPERNICUS/S1_GRD","band":"VH","value":-16.2951,"farmer_unique_id":"4197212","site_id":4842},{"date":"2021-08-09","product":"COPERNICUS/S1_GRD","band":"VH","value":-15.3674,"farmer_unique_id":"4197212","site_id":4842},{"date":"2021-08-21","product":"COPERNICUS/S1_GRD","band":"VH","value":-15.7729,"farmer_unique_id":"4197212","site_id":4842},{"date":"2021-09-02","product":"COPERNICUS/S1_GRD","band":"VH","value":-13.8536,"farmer_unique_id":"4197212","site_id":4842},{"date":"2021-09-14","product":"COPERNICUS/S1_GRD","band":"VH","value":-13.398,"farmer_unique_id":"4197212","site_id":4842},{"date":"2021-09-26","product":"COPERNICUS/S1_GRD","band":"VH","value":-15.4976,"farmer_unique_id":"4197212","site_id":4842},{"date":"2021-10-08","product":"COPERNICUS/S1_GRD","band":"VH","value":-16.1715,"farmer_unique_id":"4197212","site_id":4842},{"date":"2021-10-20","product":"COPERNICUS/S1_GRD","band":"VH","value":-15.6786,"farmer_unique_id":"4197212","site_id":4842},{"date":"2021-11-01","product":"COPERNICUS/S1_GRD","band":"VH","value":-10.9859,"farmer_unique_id":"4197212","site_id":4842},{"date":"2021-11-13","product":"COPERNICUS/S1_GRD","band":"VH","value":-15.1105,"farmer_unique_id":"4197212","site_id":4842},{"date":"2021-11-25","product":"COPERNICUS/S1_GRD","band":"VH","value":-16.4149,"farmer_unique_id":"4197212","site_id":4842},{"date":"2021-12-07","product":"COPERNICUS/S1_GRD","band":"VH","value":-16.5887,"farmer_unique_id":"4197212","site_id":4842},{"date":"2021-12-19","product":"COPERNICUS/S1_GRD","band":"VH","value":-15.8332,"farmer_unique_id":"4197212","site_id":4842},{"date":"2020-01-11","product":"COPERNICUS/S1_GRD","band":"VV","value":-6.8884,"farmer_unique_id":"4197212","site_id":4842},{"date":"2020-01-23","product":"COPERNICUS/S1_GRD","band":"VV","value":-7.9308,"farmer_unique_id":"4197212","site_id":4842},{"date":"2020-02-04","product":"COPERNICUS/S1_GRD","band":"VV","value":-7.327,"farmer_unique_id":"4197212","site_id":4842},{"date":"2020-02-16","product":"COPERNICUS/S1_GRD","band":"VV","value":-8.4287,"farmer_unique_id":"4197212","site_id":4842},{"date":"2020-02-28","product":"COPERNICUS/S1_GRD","band":"VV","value":-3.7093,"farmer_unique_id":"4197212","site_id":4842},{"date":"2020-03-11","product":"COPERNICUS/S1_GRD","band":"VV","value":-9.9316,"farmer_unique_id":"4197212","site_id":4842},{"date":"2020-03-23","product":"COPERNICUS/S1_GRD","band":"VV","value":-8.7131,"farmer_unique_id":"4197212","site_id":4842},{"date":"2020-04-04","product":"COPERNICUS/S1_GRD","band":"VV","value":-7.3192,"farmer_unique_id":"4197212","site_id":4842},{"date":"2020-04-16","product":"COPERNICUS/S1_GRD","band":"VV","value":-4.959,"farmer_unique_id":"4197212","site_id":4842},{"date":"2020-04-28","product":"COPERNICUS/S1_GRD","band":"VV","value":-9.6687,"farmer_unique_id":"4197212","site_id":4842},{"date":"2020-05-10","product":"COPERNICUS/S1_GRD","band":"VV","value":-2.1258,"farmer_unique_id":"4197212","site_id":4842},{"date":"2020-05-22","product":"COPERNICUS/S1_GRD","band":"VV","value":-6.598,"farmer_unique_id":"4197212","site_id":4842},{"date":"2020-06-03","product":"COPERNICUS/S1_GRD","band":"VV","value":-10.9663,"farmer_unique_id":"4197212","site_id":4842},{"date":"2020-06-15","product":"COPERNICUS/S1_GRD","band":"VV","value":-6.108,"farmer_unique_id":"4197212","site_id":4842},{"date":"2020-06-27","product":"COPERNICUS/S1_GRD","band":"VV","value":-7.2532,"farmer_unique_id":"4197212","site_id":4842},{"date":"2020-07-09","product":"COPERNICUS/S1_GRD","band":"VV","value":-6.0441,"farmer_unique_id":"4197212","site_id":4842},{"date":"2020-07-21","product":"COPERNICUS/S1_GRD","band":"VV","value":-7.8629,"farmer_unique_id":"4197212","site_id":4842},{"date":"2020-08-02","product":"COPERNICUS/S1_GRD","band":"VV","value":-5.1153,"farmer_unique_id":"4197212","site_id":4842},{"date":"2020-08-14","product":"COPERNICUS/S1_GRD","band":"VV","value":-8.5022,"farmer_unique_id":"4197212","site_id":4842},{"date":"2020-08-26","product":"COPERNICUS/S1_GRD","band":"VV","value":-11.1042,"farmer_unique_id":"4197212","site_id":4842},{"date":"2020-09-07","product":"COPERNICUS/S1_GRD","band":"VV","value":-10.7087,"farmer_unique_id":"4197212","site_id":4842},{"date":"2020-09-19","product":"COPERNICUS/S1_GRD","band":"VV","value":-6.3057,"farmer_unique_id":"4197212","site_id":4842},{"date":"2020-10-01","product":"COPERNICUS/S1_GRD","band":"VV","value":-9.5238,"farmer_unique_id":"4197212","site_id":4842},{"date":"2020-10-13","product":"COPERNICUS/S1_GRD","band":"VV","value":-6.8434,"farmer_unique_id":"4197212","site_id":4842},{"date":"2020-10-25","product":"COPERNICUS/S1_GRD","band":"VV","value":-7.1243,"farmer_unique_id":"4197212","site_id":4842},{"date":"2020-11-06","product":"COPERNICUS/S1_GRD","band":"VV","value":-4.2618,"farmer_unique_id":"4197212","site_id":4842},{"date":"2020-11-18","product":"COPERNICUS/S1_GRD","band":"VV","value":-5.9547,"farmer_unique_id":"4197212","site_id":4842},{"date":"2020-11-30","product":"COPERNICUS/S1_GRD","band":"VV","value":-7.6162,"farmer_unique_id":"4197212","site_id":4842},{"date":"2020-12-12","product":"COPERNICUS/S1_GRD","band":"VV","value":-7.6843,"farmer_unique_id":"4197212","site_id":4842},{"date":"2020-12-24","product":"COPERNICUS/S1_GRD","band":"VV","value":-5.7543,"farmer_unique_id":"4197212","site_id":4842},{"date":"2021-01-05","product":"COPERNICUS/S1_GRD","band":"VV","value":-8.319,"farmer_unique_id":"4197212","site_id":4842},{"date":"2021-01-17","product":"COPERNICUS/S1_GRD","band":"VV","value":-11.5867,"farmer_unique_id":"4197212","site_id":4842},{"date":"2021-01-29","product":"COPERNICUS/S1_GRD","band":"VV","value":-7.4752,"farmer_unique_id":"4197212","site_id":4842},{"date":"2021-02-10","product":"COPERNICUS/S1_GRD","band":"VV","value":-4.8579,"farmer_unique_id":"4197212","site_id":4842},{"date":"2021-02-22","product":"COPERNICUS/S1_GRD","band":"VV","value":-6.0327,"farmer_unique_id":"4197212","site_id":4842},{"date":"2021-03-06","product":"COPERNICUS/S1_GRD","band":"VV","value":-10.3281,"farmer_unique_id":"4197212","site_id":4842},{"date":"2021-03-18","product":"COPERNICUS/S1_GRD","band":"VV","value":-7.1971,"farmer_unique_id":"4197212","site_id":4842},{"date":"2021-03-30","product":"COPERNICUS/S1_GRD","band":"VV","value":-5.9788,"farmer_unique_id":"4197212","site_id":4842},{"date":"2021-04-11","product":"COPERNICUS/S1_GRD","band":"VV","value":-9.177,"farmer_unique_id":"4197212","site_id":4842},{"date":"2021-04-23","product":"COPERNICUS/S1_GRD","band":"VV","value":-7.1609,"farmer_unique_id":"4197212","site_id":4842},{"date":"2021-05-05","product":"COPERNICUS/S1_GRD","band":"VV","value":-6.9107,"farmer_unique_id":"4197212","site_id":4842},{"date":"2021-05-17","product":"COPERNICUS/S1_GRD","band":"VV","value":-12.1577,"farmer_unique_id":"4197212","site_id":4842},{"date":"2021-05-29","product":"COPERNICUS/S1_GRD","band":"VV","value":-6.6499,"farmer_unique_id":"4197212","site_id":4842},{"date":"2021-06-10","product":"COPERNICUS/S1_GRD","band":"VV","value":-9.1122,"farmer_unique_id":"4197212","site_id":4842},{"date":"2021-06-22","product":"COPERNICUS/S1_GRD","band":"VV","value":-6.434,"farmer_unique_id":"4197212","site_id":4842},{"date":"2021-07-04","product":"COPERNICUS/S1_GRD","band":"VV","value":-5.8885,"farmer_unique_id":"4197212","site_id":4842},{"date":"2021-07-16","product":"COPERNICUS/S1_GRD","band":"VV","value":-7.7965,"farmer_unique_id":"4197212","site_id":4842},{"date":"2021-07-28","product":"COPERNICUS/S1_GRD","band":"VV","value":-11.2314,"farmer_unique_id":"4197212","site_id":4842},{"date":"2021-08-09","product":"COPERNICUS/S1_GRD","band":"VV","value":-11.2196,"farmer_unique_id":"4197212","site_id":4842},{"date":"2021-08-21","product":"COPERNICUS/S1_GRD","band":"VV","value":-7.5689,"farmer_unique_id":"4197212","site_id":4842},{"date":"2021-09-02","product":"COPERNICUS/S1_GRD","band":"VV","value":-7.4932,"farmer_unique_id":"4197212","site_id":4842},{"date":"2021-09-14","product":"COPERNICUS/S1_GRD","band":"VV","value":-5.3339,"farmer_unique_id":"4197212","site_id":4842},{"date":"2021-09-26","product":"COPERNICUS/S1_GRD","band":"VV","value":-8.6928,"farmer_unique_id":"4197212","site_id":4842},{"date":"2021-10-08","product":"COPERNICUS/S1_GRD","band":"VV","value":-8.903,"farmer_unique_id":"4197212","site_id":4842},{"date":"2021-10-20","product":"COPERNICUS/S1_GRD","band":"VV","value":-6.3913,"farmer_unique_id":"4197212","site_id":4842},{"date":"2021-11-01","product":"COPERNICUS/S1_GRD","band":"VV","value":-7.7262,"farmer_unique_id":"4197212","site_id":4842},{"date":"2021-11-13","product":"COPERNICUS/S1_GRD","band":"VV","value":-6.9593,"farmer_unique_id":"4197212","site_id":4842},{"date":"2021-11-25","product":"COPERNICUS/S1_GRD","band":"VV","value":-6.5149,"farmer_unique_id":"4197212","site_id":4842},{"date":"2021-12-07","product":"COPERNICUS/S1_GRD","band":"VV","value":-5.7013,"farmer_unique_id":"4197212","site_id":4842},{"date":"2021-12-19","product":"COPERNICUS/S1_GRD","band":"VV","value":-6.5486,"farmer_unique_id":"4197212","site_id":4842}]
