[{"date":"2020-01-11","product":"COPERNICUS/S1_GRD","band":"VH","value":-14.3133,"farmer_unique_id":"ME3261","site_id":3193},{"date":"2020-01-23","product":"COPERNICUS/S1_GRD","band":"VH","value":-15.7462,"farmer_unique_id":"ME3261","site_id":3193},{"date":"2020-02-04","product":"COPERNICUS/S1_GRD","band":"VH","value":-11.7779,"farmer_unique_id":"ME3261","site_id":3193},{"date":"2020-02-16","product":"COPERNICUS/S1_GRD","band":"VH","value":-8.4527,"farmer_unique_id":"ME3261","site_id":3193},{"date":"2020-02-28","product":"COPERNICUS/S1_GRD","band":"VH","value":-13.0759,"farmer_unique_id":"ME3261","site_id":3193},{"date":"2020-03-11","product":"COPERNICUS/S1_GRD","band":"VH","value":-14.1171,"farmer_unique_id":"ME3261","site_id":3193},{"date":"2020-03-23","product":"COPERNICUS/S1_GRD","band":"VH","value":-13.1802,"farmer_unique_id":"ME3261","site_id":3193},{"date":"2020-04-04","product":"COPERNICUS/S1_GRD","band":"VH","value":-14.1112,"farmer_unique_id":"ME3261","site_id":3193},{"date":"2020-04-16","product":"COPERNICUS/S1_GRD","band":"VH","value":-17.7571,"farmer_unique_id":"ME3261","site_id":3193},{"date":"2020-04-28","product":"COPERNICUS/S1_GRD","band":"VH","value":-18.8189,"farmer_unique_id":"ME3261","site_id":3193},{"date":"2020-05-10","product":"COPERNICUS/S1_GRD","band":"VH","value":-16.1664,"farmer_unique_id":"ME3261","site_id":3193},{"date":"2020-05-22","product":"COPERNICUS/S1_GRD","band":"VH","value":-12.7913,"farmer_unique_id":"ME3261","site_id":3193},{"date":"2020-06-03","product":"COPERNICUS/S1_GRD","band":"VH","value":-12.7493,"farmer_unique_id":"ME3261","site_id":3193},{"date":"2020-06-15","product":"COPERNICUS/S1_GRD","band":"VH","value":-13.6278,"farmer_unique_id":"ME3261","site_id":3193},{"date":"2020-06-27","product":"COPERNICUS/S1_GRD","band":"VH","value":-14.1093,"farmer_unique_id":"ME3261","site_id":3193},{"date":"2020-07-09","product":"COPERNICUS/S1_GRD","band":"VH","value":-16.6343,"farmer_unique_id":"ME3261","site_id":3193},{"date":"2020-07-21","product":"COPERNICUS/S1_GRD","band":"VH","value":-12.8552,"farmer_unique_id":"ME3261","site_id":3193},{"date":"2020-08-02","product":"COPERNICUS/S1_GRD","band":"VH","value":-11.8002,"farmer_unique_id":"ME3261","site_id":3193},{"date":"2020-08-14","product":"COPERNICUS/S1_GRD","band":"VH","value":-12.6348,"farmer_unique_id":"ME3261","site_id":3193},{"date":"2020-08-26","product":"COPERNICUS/S1_GRD","band":"VH","value":-13.9153,"farmer_unique_id":"ME3261","site_id":3193},{"date":"2020-09-07","product":"COPERNICUS/S1_GRD","band":"VH","value":-14.4083,"farmer_unique_id":"ME3261","site_id":3193},{"date":"2020-09-19","product":"COPERNICUS/S1_GRD","band":"VH","value":-18.4765,"farmer_unique_id":"ME3261","site_id":3193},{"date":"2020-10-01","product":"COPERNICUS/S1_GRD","band":"VH","value":-19.7071,"farmer_unique_id":"ME3261","site_id":3193},{"date":"2020-10-13","product":"COPERNICUS/S1_GRD","band":"VH","value":-21.0434,"farmer_unique_id":"ME3261","site_id":3193},{"date":"2020-10-25","product":"COPERNICUS/S1_GRD","band":"VH","value":-20.4668,"farmer_unique_id":"ME3261","site_id":3193},{"date":"2020-11-06","product":"COPERNICUS/S1_GRD","band":"VH","value":-18.7468,"farmer_unique_id":"ME3261","site_id":3193},{"date":"2020-11-18","product":"COPERNICUS/S1_GRD","band":"VH","value":-17.4355,"farmer_unique_id":"ME3261","site_id":3193},{"date":"2020-11-30","product":"COPERNICUS/S1_GRD","band":"VH","value":-14.4841,"farmer_unique_id":"ME3261","site_id":3193},{"date":"2020-12-12","product":"COPERNICUS/S1_GRD","band":"VH","value":-17.1058,"farmer_unique_id":"ME3261","site_id":3193},{"date":"2020-12-24","product":"COPERNICUS/S1_GRD","band":"VH","value":-14.9518,"farmer_unique_id":"ME3261","site_id":3193},{"date":"2021-01-05","product":"COPERNICUS/S1_GRD","band":"VH","value":-14.2712,"farmer_unique_id":"ME3261","site_id":3193},{"date":"2021-01-17","product":"COPERNICUS/S1_GRD","band":"VH","value":-18.1279,"farmer_unique_id":"ME3261","site_id":3193},{"date":"2021-01-29","product":"COPERNICUS/S1_GRD","band":"VH","value":-11.2029,"farmer_unique_id":"ME3261","site_id":3193},{"date":"2021-02-10","product":"COPERNICUS/S1_GRD","band":"VH","value":-17.6294,"farmer_unique_id":"ME3261","site_id":3193},{"date":"2021-02-22","product":"COPERNICUS/S1_GRD","band":"VH","value":-14.6014,"farmer_unique_id":"ME3261","site_id":3193},{"date":"2021-03-06","product":"COPERNICUS/S1_GRD","band":"VH","value":-17.3151,"farmer_unique_id":"ME3261","site_id":3193},{"date":"2021-03-18","product":"COPERNICUS/S1_GRD","band":"VH","value":-14.0551,"farmer_unique_id":"ME3261","site_id":3193},{"date":"2021-03-30","product":"COPERNICUS/S1_GRD","band":"VH","value":-18.2258,"farmer_unique_id":"ME3261","site_id":3193},{"date":"2021-04-11","product":"COPERNICUS/S1_GRD","band":"VH","value":-17.0645,"farmer_unique_id":"ME3261","site_id":3193},{"date":"2021-04-23","product":"COPERNICUS/S1_GRD","band":"VH","value":-17.1078,"farmer_unique_id":"ME3261","site_id":3193},{"date":"2021-05-05","product":"COPERNICUS/S1_GRD","band":"VH","value":-15.5781,"farmer_unique_id":"ME3261","site_id":3193},{"date":"2021-05-17","product":"COPERNICUS/S1_GRD","band":"VH","value":-12.9104,"farmer_unique_id":"ME3261","site_id":3193},{"date":"2021-05-29","product":"COPERNICUS/S1_GRD","band":"VH","value":-14.3776,"farmer_unique_id":"ME3261","site_id":3193},{"date":"2021-06-10","product":"COPERNICUS/S1_GRD","band":"VH","value":-15.0486,"farmer_unique_id":"ME3261","site_id":3193},{"date":"2021-06-22","product":"COPERNICUS/S1_GRD","band":"VH","value":-13.0299,"farmer_unique_id":"ME3261","site_id":3193},{"date":"2021-07-04","product":"COPERNICUS/S1_GRD","band":"VH","value":-17.4127,"farmer_unique_id":"ME3261","site_id":3193},{"date":"2021-07-16","product":"COPERNICUS/S1_GRD","band":"VH","value":-18.9526,"farmer_unique_id":"ME3261","site_id":3193},{"date":"2021-07-28","product":"COPERNICUS/S1_GRD","band":"VH","value":-18.6611,"farmer_unique_id":"ME3261","site_id":3193},{"date":"2021-08-09","product":"COPERNICUS/S1_GRD","band":"VH","value":-17.2889,"farmer_unique_id":"ME3261","site_id":3193},{"date":"2021-08-21","product":"COPERNICUS/S1_GRD","band":"VH","value":-22.01,"farmer_unique_id":"ME3261","site_id":3193},{"date":"2021-09-02","product":"COPERNICUS/S1_GRD","band":"VH","value":-17.5123,"farmer_unique_id":"ME3261","site_id":3193},{"date":"2021-09-14","product":"COPERNICUS/S1_GRD","band":"VH","value":-20.4832,"farmer_unique_id":"ME3261","site_id":3193},{"date":"2021-09-26","product":"COPERNICUS/S1_GRD","band":"VH","value":-16.9231,"farmer_unique_id":"ME3261","site_id":3193},{"date":"2021-10-08","product":"COPERNICUS/S1_GRD","band":"VH","value":-17.435,"farmer_unique_id":"ME3261","site_id":3193},{"date":"2021-10-20","product":"COPERNICUS/S1_GRD","band":"VH","value":-17.8406,"farmer_unique_id":"ME3261","site_id":3193},{"date":"2021-11-01","product":"COPERNICUS/S1_GRD","band":"VH","value":-21.1648,"farmer_unique_id":"ME3261","site_id":3193},{"date":"2021-11-13","product":"COPERNICUS/S1_GRD","band":"VH","value":-21.8308,"farmer_unique_id":"ME3261","site_id":3193},{"date":"2021-11-25","product":"COPERNICUS/S1_GRD","band":"VH","value":-16.3544,"farmer_unique_id":"ME3261","site_id":3193},{"date":"2021-12-07","product":"COPERNICUS/S1_GRD","band":"VH","value":-16.4265,"farmer_unique_id":"ME3261","site_id":3193},{"date":"2021-12-19","product":"COPERNICUS/S1_GRD","band":"VH","value":-18.9712,"farmer_unique_id":"ME3261","site_id":3193},{"date":"2020-01-11","product":"COPERNICUS/S1_GRD","band":"VV","value":-11.0896,"farmer_unique_id":"ME3261","site_id":3193},{"date":"2020-01-23","product":"COPERNICUS/S1_GRD","band":"VV","value":-12.1581,"farmer_unique_id":"ME3261","site_id":3193},{"date":"2020-02-04","product":"COPERNICUS/S1_GRD","band":"VV","value":-11.7126,"farmer_unique_id":"ME3261","site_id":3193},{"date":"2020-02-16","product":"COPERNICUS/S1_GRD","band":"VV","value":-7.4574,"farmer_unique_id":"ME3261","site_id":3193},{"date":"2020-02-28","product":"COPERNICUS/S1_GRD","band":"VV","value":-9.2144,"farmer_unique_id":"ME3261","site_id":3193},{"date":"2020-03-11","product":"COPERNICUS/S1_GRD","band":"VV","value":-11.3469,"farmer_unique_id":"ME3261","site_id":3193},{"date":"2020-03-23","product":"COPERNICUS/S1_GRD","band":"VV","value":-8.3922,"farmer_unique_id":"ME3261","site_id":3193},{"date":"2020-04-04","product":"COPERNICUS/S1_GRD","band":"VV","value":-9.9068,"farmer_unique_id":"ME3261","site_id":3193},{"date":"2020-04-16","product":"COPERNICUS/S1_GRD","band":"VV","value":-6.0774,"farmer_unique_id":"ME3261","site_id":3193},{"date":"2020-04-28","product":"COPERNICUS/S1_GRD","band":"VV","value":-7.6609,"farmer_unique_id":"ME3261","site_id":3193},{"date":"2020-05-10","product":"COPERNICUS/S1_GRD","band":"VV","value":-12.6714,"farmer_unique_id":"ME3261","site_id":3193},{"date":"2020-05-22","product":"COPERNICUS/S1_GRD","band":"VV","value":-9.8774,"farmer_unique_id":"ME3261","site_id":3193},{"date":"2020-06-03","product":"COPERNICUS/S1_GRD","band":"VV","value":-8.8086,"farmer_unique_id":"ME3261","site_id":3193},{"date":"2020-06-15","product":"COPERNICUS/S1_GRD","band":"VV","value":-7.8876,"farmer_unique_id":"ME3261","site_id":3193},{"date":"2020-06-27","product":"COPERNICUS/S1_GRD","band":"VV","value":-8.1614,"farmer_unique_id":"ME3261","site_id":3193},{"date":"2020-07-09","product":"COPERNICUS/S1_GRD","band":"VV","value":-9.8401,"farmer_unique_id":"ME3261","site_id":3193},{"date":"2020-07-21","product":"COPERNICUS/S1_GRD","band":"VV","value":-8.1209,"farmer_unique_id":"ME3261","site_id":3193},{"date":"2020-08-02","product":"COPERNICUS/S1_GRD","band":"VV","value":-13.0083,"farmer_unique_id":"ME3261","site_id":3193},{"date":"2020-08-14","product":"COPERNICUS/S1_GRD","band":"VV","value":-12.3855,"farmer_unique_id":"ME3261","site_id":3193},{"date":"2020-08-26","product":"COPERNICUS/S1_GRD","band":"VV","value":-13.6972,"farmer_unique_id":"ME3261","site_id":3193},{"date":"2020-09-07","product":"COPERNICUS/S1_GRD","band":"VV","value":-11.3256,"farmer_unique_id":"ME3261","site_id":3193},{"date":"2020-09-19","product":"COPERNICUS/S1_GRD","band":"VV","value":-13.7227,"farmer_unique_id":"ME3261","site_id":3193},{"date":"2020-10-01","product":"COPERNICUS/S1_GRD","band":"VV","value":-14.491,"farmer_unique_id":"ME3261","site_id":3193},{"date":"2020-10-13","product":"COPERNICUS/S1_GRD","band":"VV","value":-12.8765,"farmer_unique_id":"ME3261","site_id":3193},{"date":"2020-10-25","product":"COPERNICUS/S1_GRD","band":"VV","value":-10.3987,"farmer_unique_id":"ME3261","site_id":3193},{"date":"2020-11-06","product":"COPERNICUS/S1_GRD","band":"VV","value":-14.5584,"farmer_unique_id":"ME3261","site_id":3193},{"date":"2020-11-18","product":"COPERNICUS/S1_GRD","band":"VV","value":-10.624,"farmer_unique_id":"ME3261","site_id":3193},{"date":"2020-11-30","product":"COPERNICUS/S1_GRD","band":"VV","value":-15.596,"farmer_unique_id":"ME3261","site_id":3193},{"date":"2020-12-12","product":"COPERNICUS/S1_GRD","band":"VV","value":-11.8547,"farmer_unique_id":"ME3261","site_id":3193},{"date":"2020-12-24","product":"COPERNICUS/S1_GRD","band":"VV","value":-8.3342,"farmer_unique_id":"ME3261","site_id":3193},{"date":"2021-01-05","product":"COPERNICUS/S1_GRD","band":"VV","value":-13.2059,"farmer_unique_id":"ME3261","site_id":3193},{"date":"2021-01-17","product":"COPERNICUS/S1_GRD","band":"VV","value":-14.2244,"farmer_unique_id":"ME3261","site_id":3193},{"date":"2021-01-29","product":"COPERNICUS/S1_GRD","band":"VV","value":-13.2636,"farmer_unique_id":"ME3261","site_id":3193},{"date":"2021-02-10","product":"COPERNICUS/S1_GRD","band":"VV","value":-10.0709,"farmer_unique_id":"ME3261","site_id":3193},{"date":"2021-02-22","product":"COPERNICUS/S1_GRD","band":"VV","value":-9.9571,"farmer_unique_id":"ME3261","site_id":3193},{"date":"2021-03-06","product":"COPERNICUS/S1_GRD","band":"VV","value":-11.1103,"farmer_unique_id":"ME3261","site_id":3193},{"date":"2021-03-18","product":"COPERNICUS/S1_GRD","band":"VV","value":-10.0562,"farmer_unique_id":"ME3261","site_id":3193},{"date":"2021-03-30","product":"COPERNICUS/S1_GRD","band":"VV","value":-11.3015,"farmer_unique_id":"ME3261","site_id":3193},{"date":"2021-04-11","product":"COPERNICUS/S1_GRD","band":"VV","value":-12.32,"farmer_unique_id":"ME3261","site_id":3193},{"date":"2021-04-23","product":"COPERNICUS/S1_GRD","band":"VV","value":-11.9426,"farmer_unique_id":"ME3261","site_id":3193},{"date":"2021-05-05","product":"COPERNICUS/S1_GRD","band":"VV","value":-12.974,"farmer_unique_id":"ME3261","site_id":3193},{"date":"2021-05-17","product":"COPERNICUS/S1_GRD","band":"VV","value":-13.0634,"farmer_unique_id":"ME3261","site_id":3193},{"date":"2021-05-29","product":"COPERNICUS/S1_GRD","band":"VV","value":-15.7488,"farmer_unique_id":"ME3261","site_id":3193},{"date":"2021-06-10","product":"COPERNICUS/S1_GRD","band":"VV","value":-5.5545,"farmer_unique_id":"ME3261","site_id":3193},{"date":"2021-06-22","product":"COPERNICUS/S1_GRD","band":"VV","value":-9.3652,"farmer_unique_id":"ME3261","site_id":3193},{"date":"2021-07-04","product":"COPERNICUS/S1_GRD","band":"VV","value":-13.9142,"farmer_unique_id":"ME3261","site_id":3193},{"date":"2021-07-16","product":"COPERNICUS/S1_GRD","band":"VV","value":-13.9755,"farmer_unique_id":"ME3261","site_id":3193},{"date":"2021-07-28","product":"COPERNICUS/S1_GRD","band":"VV","value":-12.7854,"farmer_unique_id":"ME3261","site_id":3193},{"date":"2021-08-09","product":"COPERNICUS/S1_GRD","band":"VV","value":-12.8093,"farmer_unique_id":"ME3261","site_id":3193},{"date":"2021-08-21","product":"COPERNICUS/S1_GRD","band":"VV","value":-14.3133,"farmer_unique_id":"ME3261","site_id":3193},{"date":"2021-09-02","product":"COPERNICUS/S1_GRD","band":"VV","value":-14.1212,"farmer_unique_id":"ME3261","site_id":3193},{"date":"2021-09-14","product":"COPERNICUS/S1_GRD","band":"VV","value":-10.6476,"farmer_unique_id":"ME3261","site_id":3193},{"date":"2021-09-26","product":"COPERNICUS/S1_GRD","band":"VV","value":-13.5122,"farmer_unique_id":"ME3261","site_id":3193},{"date":"2021-10-08","product":"COPERNICUS/S1_GRD","band":"VV","value":-11.7561,"farmer_unique_id":"ME3261","site_id":3193},{"date":"2021-10-20","product":"COPERNICUS/S1_GRD","band":"VV","value":-15.882,"farmer_unique_id":"ME3261","site_id":3193},{"date":"2021-11-01","product":"COPERNICUS/S1_GRD","band":"VV","value":-13.1677,"farmer_unique_id":"ME3261","site_id":3193},{"date":"2021-11-13","product":"COPERNICUS/S1_GRD","band":"VV","value":-12.707,"farmer_unique_id":"ME3261","site_id":3193},{"date":"2021-11-25","product":"COPERNICUS/S1_GRD","band":"VV","value":-7.4146,"farmer_unique_id":"ME3261","site_id":3193},{"date":"2021-12-07","product":"COPERNICUS/S1_GRD","band":"VV","value":-8.4107,"farmer_unique_id":"ME3261","site_id":3193},{"date":"2021-12-19","product":"COPERNICUS/S1_GRD","band":"VV","value":-6.3632,"farmer_unique_id":"ME3261","site_id":3193}]
