[{"date":"2020-01-11","product":"COPERNICUS/S1_GRD","band":"VH","value":-17.0356,"farmer_unique_id":"3316392226","site_id":4750},{"date":"2020-01-23","product":"COPERNICUS/S1_GRD","band":"VH","value":-13.8994,"farmer_unique_id":"3316392226","site_id":4750},{"date":"2020-02-04","product":"COPERNICUS/S1_GRD","band":"VH","value":-13.1885,"farmer_unique_id":"3316392226","site_id":4750},{"date":"2020-02-16","product":"COPERNICUS/S1_GRD","band":"VH","value":-14.6399,"farmer_unique_id":"3316392226","site_id":4750},{"date":"2020-02-28","product":"COPERNICUS/S1_GRD","band":"VH","value":-14.3202,"farmer_unique_id":"3316392226","site_id":4750},{"date":"2020-03-11","product":"COPERNICUS/S1_GRD","band":"VH","value":-18.0185,"farmer_unique_id":"3316392226","site_id":4750},{"date":"2020-03-23","product":"COPERNICUS/S1_GRD","band":"VH","value":-16.3158,"farmer_unique_id":"3316392226","site_id":4750},{"date":"2020-04-04","product":"COPERNICUS/S1_GRD","band":"VH","value":-15.9214,"farmer_unique_id":"3316392226","site_id":4750},{"date":"2020-04-16","product":"COPERNICUS/S1_GRD","band":"VH","value":-17.2132,"farmer_unique_id":"3316392226","site_id":4750},{"date":"2020-04-28","product":"COPERNICUS/S1_GRD","band":"VH","value":-14.5528,"farmer_unique_id":"3316392226","site_id":4750},{"date":"2020-05-10","product":"COPERNICUS/S1_GRD","band":"VH","value":-13.7895,"farmer_unique_id":"3316392226","site_id":4750},{"date":"2020-05-22","product":"COPERNICUS/S1_GRD","band":"VH","value":-16.3798,"farmer_unique_id":"3316392226","site_id":4750},{"date":"2020-06-03","product":"COPERNICUS/S1_GRD","band":"VH","value":-17.0001,"farmer_unique_id":"3316392226","site_id":4750},{"date":"2020-06-15","product":"COPERNICUS/S1_GRD","band":"VH","value":-19.6668,"farmer_unique_id":"3316392226","site_id":4750},{"date":"2020-06-27","product":"COPERNICUS/S1_GRD","band":"VH","value":-16.8436,"farmer_unique_id":"3316392226","site_id":4750},{"date":"2020-07-09","product":"COPERNICUS/S1_GRD","band":"VH","value":-21.0677,"farmer_unique_id":"3316392226","site_id":4750},{"date":"2020-07-21","product":"COPERNICUS/S1_GRD","band":"VH","value":-17.3576,"farmer_unique_id":"3316392226","site_id":4750},{"date":"2020-08-02","product":"COPERNICUS/S1_GRD","band":"VH","value":-17.9332,"farmer_unique_id":"3316392226","site_id":4750},{"date":"2020-08-14","product":"COPERNICUS/S1_GRD","band":"VH","value":-19.6331,"farmer_unique_id":"3316392226","site_id":4750},{"date":"2020-08-26","product":"COPERNICUS/S1_GRD","band":"VH","value":-17.7564,"farmer_unique_id":"3316392226","site_id":4750},{"date":"2020-09-07","product":"COPERNICUS/S1_GRD","band":"VH","value":-21.787,"farmer_unique_id":"3316392226","site_id":4750},{"date":"2020-09-19","product":"COPERNICUS/S1_GRD","band":"VH","value":-21.1354,"farmer_unique_id":"3316392226","site_id":4750},{"date":"2020-10-01","product":"COPERNICUS/S1_GRD","band":"VH","value":-24.8032,"farmer_unique_id":"3316392226","site_id":4750},{"date":"2020-10-13","product":"COPERNICUS/S1_GRD","band":"VH","value":-19.4965,"farmer_unique_id":"3316392226","site_id":4750},{"date":"2020-10-25","product":"COPERNICUS/S1_GRD","band":"VH","value":-16.8214,"farmer_unique_id":"3316392226","site_id":4750},{"date":"2020-11-06","product":"COPERNICUS/S1_GRD","band":"VH","value":-15.8264,"farmer_unique_id":"3316392226","site_id":4750},{"date":"2020-11-18","product":"COPERNICUS/S1_GRD","band":"VH","value":-19.7291,"farmer_unique_id":"3316392226","site_id":4750},{"date":"2020-11-30","product":"COPERNICUS/S1_GRD","band":"VH","value":-15.0137,"farmer_unique_id":"3316392226","site_id":4750},{"date":"2020-12-12","product":"COPERNICUS/S1_GRD","band":"VH","value":-18.5382,"farmer_unique_id":"3316392226","site_id":4750},{"date":"2020-12-24","product":"COPERNICUS/S1_GRD","band":"VH","value":-14.9444,"farmer_unique_id":"3316392226","site_id":4750},{"date":"2021-01-05","product":"COPERNICUS/S1_GRD","band":"VH","value":-16.6686,"farmer_unique_id":"3316392226","site_id":4750},{"date":"2021-01-17","product":"COPERNICUS/S1_GRD","band":"VH","value":-16.4908,"farmer_unique_id":"3316392226","site_id":4750},{"date":"2021-01-29","product":"COPERNICUS/S1_GRD","band":"VH","value":-18.0156,"farmer_unique_id":"3316392226","site_id":4750},{"date":"2021-02-10","product":"COPERNICUS/S1_GRD","band":"VH","value":-18.6644,"farmer_unique_id":"3316392226","site_id":4750},{"date":"2021-02-22","product":"COPERNICUS/S1_GRD","band":"VH","value":-18.1531,"farmer_unique_id":"3316392226","site_id":4750},{"date":"2021-03-06","product":"COPERNICUS/S1_GRD","band":"VH","value":-16.3105,"farmer_unique_id":"3316392226","site_id":4750},{"date":"2021-03-18","product":"COPERNICUS/S1_GRD","band":"VH","value":-18.4056,"farmer_unique_id":"3316392226","site_id":4750},{"date":"2021-03-30","product":"COPERNICUS/S1_GRD","band":"VH","value":-24.1128,"farmer_unique_id":"3316392226","site_id":4750},{"date":"2021-04-11","product":"COPERNICUS/S1_GRD","band":"VH","value":-18.3758,"farmer_unique_id":"3316392226","site_id":4750},{"date":"2021-04-23","product":"COPERNICUS/S1_GRD","band":"VH","value":-13.5515,"farmer_unique_id":"3316392226","site_id":4750},{"date":"2021-05-05","product":"COPERNICUS/S1_GRD","band":"VH","value":-13.0896,"farmer_unique_id":"3316392226","site_id":4750},{"date":"2021-05-17","product":"COPERNICUS/S1_GRD","band":"VH","value":-13.8965,"farmer_unique_id":"3316392226","site_id":4750},{"date":"2021-05-29","product":"COPERNICUS/S1_GRD","band":"VH","value":-12.8367,"farmer_unique_id":"3316392226","site_id":4750},{"date":"2021-06-10","product":"COPERNICUS/S1_GRD","band":"VH","value":-15.8308,"farmer_unique_id":"3316392226","site_id":4750},{"date":"2021-06-22","product":"COPERNICUS/S1_GRD","band":"VH","value":-16.9776,"farmer_unique_id":"3316392226","site_id":4750},{"date":"2021-07-04","product":"COPERNICUS/S1_GRD","band":"VH","value":-19.8715,"farmer_unique_id":"3316392226","site_id":4750},{"date":"2021-07-16","product":"COPERNICUS/S1_GRD","band":"VH","value":-14.9328,"farmer_unique_id":"3316392226","site_id":4750},{"date":"2021-07-28","product":"COPERNICUS/S1_GRD","band":"VH","value":-14.2414,"farmer_unique_id":"3316392226","site_id":4750},{"date":"2021-08-09","product":"COPERNICUS/S1_GRD","band":"VH","value":-15.3849,"farmer_unique_id":"3316392226","site_id":4750},{"date":"2021-08-21","product":"COPERNICUS/S1_GRD","band":"VH","value":-18.0788,"farmer_unique_id":"3316392226","site_id":4750},{"date":"2021-09-02","product":"COPERNICUS/S1_GRD","band":"VH","value":-20.0901,"farmer_unique_id":"3316392226","site_id":4750},{"date":"2021-09-14","product":"COPERNICUS/S1_GRD","band":"VH","value":-15.3528,"farmer_unique_id":"3316392226","site_id":4750},{"date":"2021-09-26","product":"COPERNICUS/S1_GRD","band":"VH","value":-20.328,"farmer_unique_id":"3316392226","site_id":4750},{"date":"2021-10-08","product":"COPERNICUS/S1_GRD","band":"VH","value":-20.537,"farmer_unique_id":"3316392226","site_id":4750},{"date":"2021-10-20","product":"COPERNICUS/S1_GRD","band":"VH","value":-15.9805,"farmer_unique_id":"3316392226","site_id":4750},{"date":"2021-11-01","product":"COPERNICUS/S1_GRD","band":"VH","value":-23.1347,"farmer_unique_id":"3316392226","site_id":4750},{"date":"2021-11-13","product":"COPERNICUS/S1_GRD","band":"VH","value":-19.1608,"farmer_unique_id":"3316392226","site_id":4750},{"date":"2021-11-25","product":"COPERNICUS/S1_GRD","band":"VH","value":-13.4445,"farmer_unique_id":"3316392226","site_id":4750},{"date":"2021-12-07","product":"COPERNICUS/S1_GRD","band":"VH","value":-16.3754,"farmer_unique_id":"3316392226","site_id":4750},{"date":"2021-12-19","product":"COPERNICUS/S1_GRD","band":"VH","value":-12.9519,"farmer_unique_id":"3316392226","site_id":4750},{"date":"2020-01-11","product":"COPERNICUS/S1_GRD","band":"VV","value":-9.4997,"farmer_unique_id":"3316392226","site_id":4750},{"date":"2020-01-23","product":"COPERNICUS/S1_GRD","band":"VV","value":-8.0034,"farmer_unique_id":"3316392226","site_id":4750},{"date":"2020-02-04","product":"COPERNICUS/S1_GRD","band":"VV","value":-9.9334,"farmer_unique_id":"3316392226","site_id":4750},{"date":"2020-02-16","product":"COPERNICUS/S1_GRD","band":"VV","value":-10.188,"farmer_unique_id":"3316392226","site_id":4750},{"date":"2020-02-28","product":"COPERNICUS/S1_GRD","band":"VV","value":-12.3481,"farmer_unique_id":"3316392226","site_id":4750},{"date":"2020-03-11","product":"COPERNICUS/S1_GRD","band":"VV","value":-14.1972,"farmer_unique_id":"3316392226","site_id":4750},{"date":"2020-03-23","product":"COPERNICUS/S1_GRD","band":"VV","value":-10.298,"farmer_unique_id":"3316392226","site_id":4750},{"date":"2020-04-04","product":"COPERNICUS/S1_GRD","band":"VV","value":-8.9747,"farmer_unique_id":"3316392226","site_id":4750},{"date":"2020-04-16","product":"COPERNICUS/S1_GRD","band":"VV","value":-8.7906,"farmer_unique_id":"3316392226","site_id":4750},{"date":"2020-04-28","product":"COPERNICUS/S1_GRD","band":"VV","value":-8.6034,"farmer_unique_id":"3316392226","site_id":4750},{"date":"2020-05-10","product":"COPERNICUS/S1_GRD","band":"VV","value":-8.9827,"farmer_unique_id":"3316392226","site_id":4750},{"date":"2020-05-22","product":"COPERNICUS/S1_GRD","band":"VV","value":-8.667,"farmer_unique_id":"3316392226","site_id":4750},{"date":"2020-06-03","product":"COPERNICUS/S1_GRD","band":"VV","value":-8.2327,"farmer_unique_id":"3316392226","site_id":4750},{"date":"2020-06-15","product":"COPERNICUS/S1_GRD","band":"VV","value":-8.3151,"farmer_unique_id":"3316392226","site_id":4750},{"date":"2020-06-27","product":"COPERNICUS/S1_GRD","band":"VV","value":-14.3128,"farmer_unique_id":"3316392226","site_id":4750},{"date":"2020-07-09","product":"COPERNICUS/S1_GRD","band":"VV","value":-11.4452,"farmer_unique_id":"3316392226","site_id":4750},{"date":"2020-07-21","product":"COPERNICUS/S1_GRD","band":"VV","value":-13.1265,"farmer_unique_id":"3316392226","site_id":4750},{"date":"2020-08-02","product":"COPERNICUS/S1_GRD","band":"VV","value":-10.6421,"farmer_unique_id":"3316392226","site_id":4750},{"date":"2020-08-14","product":"COPERNICUS/S1_GRD","band":"VV","value":-10.1652,"farmer_unique_id":"3316392226","site_id":4750},{"date":"2020-08-26","product":"COPERNICUS/S1_GRD","band":"VV","value":-11.0812,"farmer_unique_id":"3316392226","site_id":4750},{"date":"2020-09-07","product":"COPERNICUS/S1_GRD","band":"VV","value":-9.2363,"farmer_unique_id":"3316392226","site_id":4750},{"date":"2020-09-19","product":"COPERNICUS/S1_GRD","band":"VV","value":-16.2419,"farmer_unique_id":"3316392226","site_id":4750},{"date":"2020-10-01","product":"COPERNICUS/S1_GRD","band":"VV","value":-16.0582,"farmer_unique_id":"3316392226","site_id":4750},{"date":"2020-10-13","product":"COPERNICUS/S1_GRD","band":"VV","value":-13.7163,"farmer_unique_id":"3316392226","site_id":4750},{"date":"2020-10-25","product":"COPERNICUS/S1_GRD","band":"VV","value":-10.5888,"farmer_unique_id":"3316392226","site_id":4750},{"date":"2020-11-06","product":"COPERNICUS/S1_GRD","band":"VV","value":-8.1419,"farmer_unique_id":"3316392226","site_id":4750},{"date":"2020-11-18","product":"COPERNICUS/S1_GRD","band":"VV","value":-12.4351,"farmer_unique_id":"3316392226","site_id":4750},{"date":"2020-11-30","product":"COPERNICUS/S1_GRD","band":"VV","value":-11.0917,"farmer_unique_id":"3316392226","site_id":4750},{"date":"2020-12-12","product":"COPERNICUS/S1_GRD","band":"VV","value":-13.6685,"farmer_unique_id":"3316392226","site_id":4750},{"date":"2020-12-24","product":"COPERNICUS/S1_GRD","band":"VV","value":-7.1432,"farmer_unique_id":"3316392226","site_id":4750},{"date":"2021-01-05","product":"COPERNICUS/S1_GRD","band":"VV","value":-12.6337,"farmer_unique_id":"3316392226","site_id":4750},{"date":"2021-01-17","product":"COPERNICUS/S1_GRD","band":"VV","value":-8.8724,"farmer_unique_id":"3316392226","site_id":4750},{"date":"2021-01-29","product":"COPERNICUS/S1_GRD","band":"VV","value":-10.7867,"farmer_unique_id":"3316392226","site_id":4750},{"date":"2021-02-10","product":"COPERNICUS/S1_GRD","band":"VV","value":-9.4333,"farmer_unique_id":"3316392226","site_id":4750},{"date":"2021-02-22","product":"COPERNICUS/S1_GRD","band":"VV","value":-12.138,"farmer_unique_id":"3316392226","site_id":4750},{"date":"2021-03-06","product":"COPERNICUS/S1_GRD","band":"VV","value":-14.4791,"farmer_unique_id":"3316392226","site_id":4750},{"date":"2021-03-18","product":"COPERNICUS/S1_GRD","band":"VV","value":-14.3597,"farmer_unique_id":"3316392226","site_id":4750},{"date":"2021-03-30","product":"COPERNICUS/S1_GRD","band":"VV","value":-12.2458,"farmer_unique_id":"3316392226","site_id":4750},{"date":"2021-04-11","product":"COPERNICUS/S1_GRD","band":"VV","value":-10.2856,"farmer_unique_id":"3316392226","site_id":4750},{"date":"2021-04-23","product":"COPERNICUS/S1_GRD","band":"VV","value":-11.2599,"farmer_unique_id":"3316392226","site_id":4750},{"date":"2021-05-05","product":"COPERNICUS/S1_GRD","band":"VV","value":-7.7687,"farmer_unique_id":"3316392226","site_id":4750},{"date":"2021-05-17","product":"COPERNICUS/S1_GRD","band":"VV","value":-9.9815,"farmer_unique_id":"3316392226","site_id":4750},{"date":"2021-05-29","product":"COPERNICUS/S1_GRD","band":"VV","value":-6.6498,"farmer_unique_id":"3316392226","site_id":4750},{"date":"2021-06-10","product":"COPERNICUS/S1_GRD","band":"VV","value":-10.6245,"farmer_unique_id":"3316392226","site_id":4750},{"date":"2021-06-22","product":"COPERNICUS/S1_GRD","band":"VV","value":-9.8021,"farmer_unique_id":"3316392226","site_id":4750},{"date":"2021-07-04","product":"COPERNICUS/S1_GRD","band":"VV","value":-10.7227,"farmer_unique_id":"3316392226","site_id":4750},{"date":"2021-07-16","product":"COPERNICUS/S1_GRD","band":"VV","value":-10.0609,"farmer_unique_id":"3316392226","site_id":4750},{"date":"2021-07-28","product":"COPERNICUS/S1_GRD","band":"VV","value":-6.4887,"farmer_unique_id":"3316392226","site_id":4750},{"date":"2021-08-09","product":"COPERNICUS/S1_GRD","band":"VV","value":-10.1979,"farmer_unique_id":"3316392226","site_id":4750},{"date":"2021-08-21","product":"COPERNICUS/S1_GRD","band":"VV","value":-12.6232,"farmer_unique_id":"3316392226","site_id":4750},{"date":"2021-09-02","product":"COPERNICUS/S1_GRD","band":"VV","value":-16.7323,"farmer_unique_id":"3316392226","site_id":4750},{"date":"2021-09-14","product":"COPERNICUS/S1_GRD","band":"VV","value":-11.6585,"farmer_unique_id":"3316392226","site_id":4750},{"date":"2021-09-26","product":"COPERNICUS/S1_GRD","band":"VV","value":-12.9666,"farmer_unique_id":"3316392226","site_id":4750},{"date":"2021-10-08","product":"COPERNICUS/S1_GRD","band":"VV","value":-13.0892,"farmer_unique_id":"3316392226","site_id":4750},{"date":"2021-10-20","product":"COPERNICUS/S1_GRD","band":"VV","value":-11.1491,"farmer_unique_id":"3316392226","site_id":4750},{"date":"2021-11-01","product":"COPERNICUS/S1_GRD","band":"VV","value":-13.7679,"farmer_unique_id":"3316392226","site_id":4750},{"date":"2021-11-13","product":"COPERNICUS/S1_GRD","band":"VV","value":-13.4749,"farmer_unique_id":"3316392226","site_id":4750},{"date":"2021-11-25","product":"COPERNICUS/S1_GRD","band":"VV","value":-8.4166,"farmer_unique_id":"3316392226","site_id":4750},{"date":"2021-12-07","product":"COPERNICUS/S1_GRD","band":"VV","value":-9.7844,"farmer_unique_id":"3316392226","site_id":4750},{"date":"2021-12-19","product":"COPERNICUS/S1_GRD","band":"VV","value":-10.66,"farmer_unique_id":"3316392226","site_id":4750}]
