[{"date":"2020-01-11","product":"COPERNICUS/S1_GRD","band":"VH","value":-18.5757,"farmer_unique_id":"1446151","site_id":8030},{"date":"2020-01-23","product":"COPERNICUS/S1_GRD","band":"VH","value":-15.7075,"farmer_unique_id":"1446151","site_id":8030},{"date":"2020-02-04","product":"COPERNICUS/S1_GRD","band":"VH","value":-16.0327,"farmer_unique_id":"1446151","site_id":8030},{"date":"2020-02-16","product":"COPERNICUS/S1_GRD","band":"VH","value":-16.9407,"farmer_unique_id":"1446151","site_id":8030},{"date":"2020-02-28","product":"COPERNICUS/S1_GRD","band":"VH","value":-15.8444,"farmer_unique_id":"1446151","site_id":8030},{"date":"2020-03-11","product":"COPERNICUS/S1_GRD","band":"VH","value":-14.3946,"farmer_unique_id":"1446151","site_id":8030},{"date":"2020-03-23","product":"COPERNICUS/S1_GRD","band":"VH","value":-19.0043,"farmer_unique_id":"1446151","site_id":8030},{"date":"2020-04-04","product":"COPERNICUS/S1_GRD","band":"VH","value":-17.2754,"farmer_unique_id":"1446151","site_id":8030},{"date":"2020-04-16","product":"COPERNICUS/S1_GRD","band":"VH","value":-16.7535,"farmer_unique_id":"1446151","site_id":8030},{"date":"2020-04-28","product":"COPERNICUS/S1_GRD","band":"VH","value":-16.2102,"farmer_unique_id":"1446151","site_id":8030},{"date":"2020-05-10","product":"COPERNICUS/S1_GRD","band":"VH","value":-17.9314,"farmer_unique_id":"1446151","site_id":8030},{"date":"2020-05-22","product":"COPERNICUS/S1_GRD","band":"VH","value":-19.7451,"farmer_unique_id":"1446151","site_id":8030},{"date":"2020-06-15","product":"COPERNICUS/S1_GRD","band":"VH","value":-13.9265,"farmer_unique_id":"1446151","site_id":8030},{"date":"2020-06-27","product":"COPERNICUS/S1_GRD","band":"VH","value":-15.1591,"farmer_unique_id":"1446151","site_id":8030},{"date":"2020-07-09","product":"COPERNICUS/S1_GRD","band":"VH","value":-14.5786,"farmer_unique_id":"1446151","site_id":8030},{"date":"2020-07-21","product":"COPERNICUS/S1_GRD","band":"VH","value":-14.7177,"farmer_unique_id":"1446151","site_id":8030},{"date":"2020-08-02","product":"COPERNICUS/S1_GRD","band":"VH","value":-15.5495,"farmer_unique_id":"1446151","site_id":8030},{"date":"2020-08-14","product":"COPERNICUS/S1_GRD","band":"VH","value":-17.66,"farmer_unique_id":"1446151","site_id":8030},{"date":"2020-08-26","product":"COPERNICUS/S1_GRD","band":"VH","value":-14.9937,"farmer_unique_id":"1446151","site_id":8030},{"date":"2020-09-07","product":"COPERNICUS/S1_GRD","band":"VH","value":-17.0942,"farmer_unique_id":"1446151","site_id":8030},{"date":"2020-09-19","product":"COPERNICUS/S1_GRD","band":"VH","value":-19.8982,"farmer_unique_id":"1446151","site_id":8030},{"date":"2020-10-01","product":"COPERNICUS/S1_GRD","band":"VH","value":-18.6775,"farmer_unique_id":"1446151","site_id":8030},{"date":"2020-10-13","product":"COPERNICUS/S1_GRD","band":"VH","value":-20.7375,"farmer_unique_id":"1446151","site_id":8030},{"date":"2020-10-25","product":"COPERNICUS/S1_GRD","band":"VH","value":-16.6053,"farmer_unique_id":"1446151","site_id":8030},{"date":"2020-11-06","product":"COPERNICUS/S1_GRD","band":"VH","value":-14.883,"farmer_unique_id":"1446151","site_id":8030},{"date":"2020-11-18","product":"COPERNICUS/S1_GRD","band":"VH","value":-16.5323,"farmer_unique_id":"1446151","site_id":8030},{"date":"2020-11-30","product":"COPERNICUS/S1_GRD","band":"VH","value":-14.8386,"farmer_unique_id":"1446151","site_id":8030},{"date":"2020-12-12","product":"COPERNICUS/S1_GRD","band":"VH","value":-17.1949,"farmer_unique_id":"1446151","site_id":8030},{"date":"2020-12-24","product":"COPERNICUS/S1_GRD","band":"VH","value":-19.2377,"farmer_unique_id":"1446151","site_id":8030},{"date":"2021-01-05","product":"COPERNICUS/S1_GRD","band":"VH","value":-15.8883,"farmer_unique_id":"1446151","site_id":8030},{"date":"2021-01-17","product":"COPERNICUS/S1_GRD","band":"VH","value":-17.5667,"farmer_unique_id":"1446151","site_id":8030},{"date":"2021-01-29","product":"COPERNICUS/S1_GRD","band":"VH","value":-16.7502,"farmer_unique_id":"1446151","site_id":8030},{"date":"2021-02-10","product":"COPERNICUS/S1_GRD","band":"VH","value":-14.5794,"farmer_unique_id":"1446151","site_id":8030},{"date":"2021-02-22","product":"COPERNICUS/S1_GRD","band":"VH","value":-13.3066,"farmer_unique_id":"1446151","site_id":8030},{"date":"2021-03-06","product":"COPERNICUS/S1_GRD","band":"VH","value":-17.124,"farmer_unique_id":"1446151","site_id":8030},{"date":"2021-03-18","product":"COPERNICUS/S1_GRD","band":"VH","value":-16.1897,"farmer_unique_id":"1446151","site_id":8030},{"date":"2021-03-30","product":"COPERNICUS/S1_GRD","band":"VH","value":-16.1805,"farmer_unique_id":"1446151","site_id":8030},{"date":"2021-04-11","product":"COPERNICUS/S1_GRD","band":"VH","value":-13.8629,"farmer_unique_id":"1446151","site_id":8030},{"date":"2021-04-23","product":"COPERNICUS/S1_GRD","band":"VH","value":-14.4062,"farmer_unique_id":"1446151","site_id":8030},{"date":"2021-05-05","product":"COPERNICUS/S1_GRD","band":"VH","value":-16.4692,"farmer_unique_id":"1446151","site_id":8030},{"date":"2021-05-17","product":"COPERNICUS/S1_GRD","band":"VH","value":-17.417,"farmer_unique_id":"1446151","site_id":8030},{"date":"2021-05-29","product":"COPERNICUS/S1_GRD","band":"VH","value":-17.1806,"farmer_unique_id":"1446151","site_id":8030},{"date":"2021-06-10","product":"COPERNICUS/S1_GRD","band":"VH","value":-13.5274,"farmer_unique_id":"1446151","site_id":8030},{"date":"2021-06-22","product":"COPERNICUS/S1_GRD","band":"VH","value":-17.4035,"farmer_unique_id":"1446151","site_id":8030},{"date":"2021-07-04","product":"COPERNICUS/S1_GRD","band":"VH","value":-18.1444,"farmer_unique_id":"1446151","site_id":8030},{"date":"2021-07-16","product":"COPERNICUS/S1_GRD","band":"VH","value":-17.4898,"farmer_unique_id":"1446151","site_id":8030},{"date":"2021-07-28","product":"COPERNICUS/S1_GRD","band":"VH","value":-21.8579,"farmer_unique_id":"1446151","site_id":8030},{"date":"2021-08-09","product":"COPERNICUS/S1_GRD","band":"VH","value":-17.1425,"farmer_unique_id":"1446151","site_id":8030},{"date":"2021-08-21","product":"COPERNICUS/S1_GRD","band":"VH","value":-17.2148,"farmer_unique_id":"1446151","site_id":8030},{"date":"2021-09-02","product":"COPERNICUS/S1_GRD","band":"VH","value":-17.8207,"farmer_unique_id":"1446151","site_id":8030},{"date":"2021-09-14","product":"COPERNICUS/S1_GRD","band":"VH","value":-20.658,"farmer_unique_id":"1446151","site_id":8030},{"date":"2021-09-26","product":"COPERNICUS/S1_GRD","band":"VH","value":-20.3507,"farmer_unique_id":"1446151","site_id":8030},{"date":"2021-10-08","product":"COPERNICUS/S1_GRD","band":"VH","value":-18.4266,"farmer_unique_id":"1446151","site_id":8030},{"date":"2021-10-20","product":"COPERNICUS/S1_GRD","band":"VH","value":-17.6563,"farmer_unique_id":"1446151","site_id":8030},{"date":"2021-11-01","product":"COPERNICUS/S1_GRD","band":"VH","value":-22.0754,"farmer_unique_id":"1446151","site_id":8030},{"date":"2021-11-13","product":"COPERNICUS/S1_GRD","band":"VH","value":-15.6827,"farmer_unique_id":"1446151","site_id":8030},{"date":"2021-11-25","product":"COPERNICUS/S1_GRD","band":"VH","value":-15.9939,"farmer_unique_id":"1446151","site_id":8030},{"date":"2021-12-07","product":"COPERNICUS/S1_GRD","band":"VH","value":-17.274,"farmer_unique_id":"1446151","site_id":8030},{"date":"2021-12-19","product":"COPERNICUS/S1_GRD","band":"VH","value":-15.9579,"farmer_unique_id":"1446151","site_id":8030},{"date":"2020-01-11","product":"COPERNICUS/S1_GRD","band":"VV","value":-10.2387,"farmer_unique_id":"1446151","site_id":8030},{"date":"2020-01-23","product":"COPERNICUS/S1_GRD","band":"VV","value":-10.1296,"farmer_unique_id":"1446151","site_id":8030},{"date":"2020-02-04","product":"COPERNICUS/S1_GRD","band":"VV","value":-10.0088,"farmer_unique_id":"1446151","site_id":8030},{"date":"2020-02-16","product":"COPERNICUS/S1_GRD","band":"VV","value":-9.1505,"farmer_unique_id":"1446151","site_id":8030},{"date":"2020-02-28","product":"COPERNICUS/S1_GRD","band":"VV","value":-11.0001,"farmer_unique_id":"1446151","site_id":8030},{"date":"2020-03-11","product":"COPERNICUS/S1_GRD","band":"VV","value":-11.2423,"farmer_unique_id":"1446151","site_id":8030},{"date":"2020-03-23","product":"COPERNICUS/S1_GRD","band":"VV","value":-10.1754,"farmer_unique_id":"1446151","site_id":8030},{"date":"2020-04-04","product":"COPERNICUS/S1_GRD","band":"VV","value":-9.9915,"farmer_unique_id":"1446151","site_id":8030},{"date":"2020-04-16","product":"COPERNICUS/S1_GRD","band":"VV","value":-11.5605,"farmer_unique_id":"1446151","site_id":8030},{"date":"2020-04-28","product":"COPERNICUS/S1_GRD","band":"VV","value":-9.2571,"farmer_unique_id":"1446151","site_id":8030},{"date":"2020-05-10","product":"COPERNICUS/S1_GRD","band":"VV","value":-14.4674,"farmer_unique_id":"1446151","site_id":8030},{"date":"2020-05-22","product":"COPERNICUS/S1_GRD","band":"VV","value":-7.0158,"farmer_unique_id":"1446151","site_id":8030},{"date":"2020-06-15","product":"COPERNICUS/S1_GRD","band":"VV","value":-8.4293,"farmer_unique_id":"1446151","site_id":8030},{"date":"2020-06-27","product":"COPERNICUS/S1_GRD","band":"VV","value":-10.5801,"farmer_unique_id":"1446151","site_id":8030},{"date":"2020-07-09","product":"COPERNICUS/S1_GRD","band":"VV","value":-10.1363,"farmer_unique_id":"1446151","site_id":8030},{"date":"2020-07-21","product":"COPERNICUS/S1_GRD","band":"VV","value":-9.9179,"farmer_unique_id":"1446151","site_id":8030},{"date":"2020-08-02","product":"COPERNICUS/S1_GRD","band":"VV","value":-6.799,"farmer_unique_id":"1446151","site_id":8030},{"date":"2020-08-14","product":"COPERNICUS/S1_GRD","band":"VV","value":-11.2088,"farmer_unique_id":"1446151","site_id":8030},{"date":"2020-08-26","product":"COPERNICUS/S1_GRD","band":"VV","value":-11.0263,"farmer_unique_id":"1446151","site_id":8030},{"date":"2020-09-07","product":"COPERNICUS/S1_GRD","band":"VV","value":-9.674,"farmer_unique_id":"1446151","site_id":8030},{"date":"2020-09-19","product":"COPERNICUS/S1_GRD","band":"VV","value":-8.8463,"farmer_unique_id":"1446151","site_id":8030},{"date":"2020-10-01","product":"COPERNICUS/S1_GRD","band":"VV","value":-9.219,"farmer_unique_id":"1446151","site_id":8030},{"date":"2020-10-13","product":"COPERNICUS/S1_GRD","band":"VV","value":-9.0893,"farmer_unique_id":"1446151","site_id":8030},{"date":"2020-10-25","product":"COPERNICUS/S1_GRD","band":"VV","value":-6.6016,"farmer_unique_id":"1446151","site_id":8030},{"date":"2020-11-06","product":"COPERNICUS/S1_GRD","band":"VV","value":-12.7543,"farmer_unique_id":"1446151","site_id":8030},{"date":"2020-11-18","product":"COPERNICUS/S1_GRD","band":"VV","value":-10.4955,"farmer_unique_id":"1446151","site_id":8030},{"date":"2020-11-30","product":"COPERNICUS/S1_GRD","band":"VV","value":-10.6385,"farmer_unique_id":"1446151","site_id":8030},{"date":"2020-12-12","product":"COPERNICUS/S1_GRD","band":"VV","value":-8.4025,"farmer_unique_id":"1446151","site_id":8030},{"date":"2020-12-24","product":"COPERNICUS/S1_GRD","band":"VV","value":-7.5937,"farmer_unique_id":"1446151","site_id":8030},{"date":"2021-01-05","product":"COPERNICUS/S1_GRD","band":"VV","value":-13.0324,"farmer_unique_id":"1446151","site_id":8030},{"date":"2021-01-17","product":"COPERNICUS/S1_GRD","band":"VV","value":-9.9389,"farmer_unique_id":"1446151","site_id":8030},{"date":"2021-01-29","product":"COPERNICUS/S1_GRD","band":"VV","value":-10.6391,"farmer_unique_id":"1446151","site_id":8030},{"date":"2021-02-10","product":"COPERNICUS/S1_GRD","band":"VV","value":-9.2179,"farmer_unique_id":"1446151","site_id":8030},{"date":"2021-02-22","product":"COPERNICUS/S1_GRD","band":"VV","value":-11.3513,"farmer_unique_id":"1446151","site_id":8030},{"date":"2021-03-06","product":"COPERNICUS/S1_GRD","band":"VV","value":-9.6647,"farmer_unique_id":"1446151","site_id":8030},{"date":"2021-03-18","product":"COPERNICUS/S1_GRD","band":"VV","value":-11.9063,"farmer_unique_id":"1446151","site_id":8030},{"date":"2021-03-30","product":"COPERNICUS/S1_GRD","band":"VV","value":-12.0559,"farmer_unique_id":"1446151","site_id":8030},{"date":"2021-04-11","product":"COPERNICUS/S1_GRD","band":"VV","value":-13.139,"farmer_unique_id":"1446151","site_id":8030},{"date":"2021-04-23","product":"COPERNICUS/S1_GRD","band":"VV","value":-9.1864,"farmer_unique_id":"1446151","site_id":8030},{"date":"2021-05-05","product":"COPERNICUS/S1_GRD","band":"VV","value":-7.5755,"farmer_unique_id":"1446151","site_id":8030},{"date":"2021-05-17","product":"COPERNICUS/S1_GRD","band":"VV","value":-11.2966,"farmer_unique_id":"1446151","site_id":8030},{"date":"2021-05-29","product":"COPERNICUS/S1_GRD","band":"VV","value":-11.9155,"farmer_unique_id":"1446151","site_id":8030},{"date":"2021-06-10","product":"COPERNICUS/S1_GRD","band":"VV","value":-11.3949,"farmer_unique_id":"1446151","site_id":8030},{"date":"2021-06-22","product":"COPERNICUS/S1_GRD","band":"VV","value":-10.4667,"farmer_unique_id":"1446151","site_id":8030},{"date":"2021-07-04","product":"COPERNICUS/S1_GRD","band":"VV","value":-14.555,"farmer_unique_id":"1446151","site_id":8030},{"date":"2021-07-16","product":"COPERNICUS/S1_GRD","band":"VV","value":-12.7177,"farmer_unique_id":"1446151","site_id":8030},{"date":"2021-07-28","product":"COPERNICUS/S1_GRD","band":"VV","value":-9.5091,"farmer_unique_id":"1446151","site_id":8030},{"date":"2021-08-09","product":"COPERNICUS/S1_GRD","band":"VV","value":-13.5464,"farmer_unique_id":"1446151","site_id":8030},{"date":"2021-08-21","product":"COPERNICUS/S1_GRD","band":"VV","value":-10.9933,"farmer_unique_id":"1446151","site_id":8030},{"date":"2021-09-02","product":"COPERNICUS/S1_GRD","band":"VV","value":-10.3769,"farmer_unique_id":"1446151","site_id":8030},{"date":"2021-09-14","product":"COPERNICUS/S1_GRD","band":"VV","value":-13.8131,"farmer_unique_id":"1446151","site_id":8030},{"date":"2021-09-26","product":"COPERNICUS/S1_GRD","band":"VV","value":-13.4228,"farmer_unique_id":"1446151","site_id":8030},{"date":"2021-10-08","product":"COPERNICUS/S1_GRD","band":"VV","value":-10.7798,"farmer_unique_id":"1446151","site_id":8030},{"date":"2021-10-20","product":"COPERNICUS/S1_GRD","band":"VV","value":-8.097,"farmer_unique_id":"1446151","site_id":8030},{"date":"2021-11-01","product":"COPERNICUS/S1_GRD","band":"VV","value":-8.679,"farmer_unique_id":"1446151","site_id":8030},{"date":"2021-11-13","product":"COPERNICUS/S1_GRD","band":"VV","value":-8.3281,"farmer_unique_id":"1446151","site_id":8030},{"date":"2021-11-25","product":"COPERNICUS/S1_GRD","band":"VV","value":-6.3742,"farmer_unique_id":"1446151","site_id":8030},{"date":"2021-12-07","product":"COPERNICUS/S1_GRD","band":"VV","value":-7.8455,"farmer_unique_id":"1446151","site_id":8030},{"date":"2021-12-19","product":"COPERNICUS/S1_GRD","band":"VV","value":-9.0955,"farmer_unique_id":"1446151","site_id":8030}]
