[{"date":"2020-01-11","product":"COPERNICUS/S1_GRD","band":"VH","value":-16.0676,"farmer_unique_id":"1084949","site_id":10200},{"date":"2020-01-23","product":"COPERNICUS/S1_GRD","band":"VH","value":-18.7198,"farmer_unique_id":"1084949","site_id":10200},{"date":"2020-02-04","product":"COPERNICUS/S1_GRD","band":"VH","value":-12.9657,"farmer_unique_id":"1084949","site_id":10200},{"date":"2020-02-16","product":"COPERNICUS/S1_GRD","band":"VH","value":-11.5112,"farmer_unique_id":"1084949","site_id":10200},{"date":"2020-02-28","product":"COPERNICUS/S1_GRD","band":"VH","value":-14.3189,"farmer_unique_id":"1084949","site_id":10200},{"date":"2020-03-11","product":"COPERNICUS/S1_GRD","band":"VH","value":-10.3171,"farmer_unique_id":"1084949","site_id":10200},{"date":"2020-03-23","product":"COPERNICUS/S1_GRD","band":"VH","value":-22.7334,"farmer_unique_id":"1084949","site_id":10200},{"date":"2020-04-04","product":"COPERNICUS/S1_GRD","band":"VH","value":-17.3113,"farmer_unique_id":"1084949","site_id":10200},{"date":"2020-04-16","product":"COPERNICUS/S1_GRD","band":"VH","value":-17.0662,"farmer_unique_id":"1084949","site_id":10200},{"date":"2020-04-28","product":"COPERNICUS/S1_GRD","band":"VH","value":-16.9059,"farmer_unique_id":"1084949","site_id":10200},{"date":"2020-05-10","product":"COPERNICUS/S1_GRD","band":"VH","value":-12.4326,"farmer_unique_id":"1084949","site_id":10200},{"date":"2020-05-22","product":"COPERNICUS/S1_GRD","band":"VH","value":-14.6074,"farmer_unique_id":"1084949","site_id":10200},{"date":"2020-06-03","product":"COPERNICUS/S1_GRD","band":"VH","value":-17.0232,"farmer_unique_id":"1084949","site_id":10200},{"date":"2020-06-15","product":"COPERNICUS/S1_GRD","band":"VH","value":-12.4728,"farmer_unique_id":"1084949","site_id":10200},{"date":"2020-06-27","product":"COPERNICUS/S1_GRD","band":"VH","value":-16.8089,"farmer_unique_id":"1084949","site_id":10200},{"date":"2020-07-09","product":"COPERNICUS/S1_GRD","band":"VH","value":-15.618,"farmer_unique_id":"1084949","site_id":10200},{"date":"2020-07-21","product":"COPERNICUS/S1_GRD","band":"VH","value":-12.2051,"farmer_unique_id":"1084949","site_id":10200},{"date":"2020-08-02","product":"COPERNICUS/S1_GRD","band":"VH","value":-14.2685,"farmer_unique_id":"1084949","site_id":10200},{"date":"2020-08-14","product":"COPERNICUS/S1_GRD","band":"VH","value":-16.2288,"farmer_unique_id":"1084949","site_id":10200},{"date":"2020-08-26","product":"COPERNICUS/S1_GRD","band":"VH","value":-19.602,"farmer_unique_id":"1084949","site_id":10200},{"date":"2020-09-07","product":"COPERNICUS/S1_GRD","band":"VH","value":-18.9382,"farmer_unique_id":"1084949","site_id":10200},{"date":"2020-09-19","product":"COPERNICUS/S1_GRD","band":"VH","value":-17.182,"farmer_unique_id":"1084949","site_id":10200},{"date":"2020-10-01","product":"COPERNICUS/S1_GRD","band":"VH","value":-16.9383,"farmer_unique_id":"1084949","site_id":10200},{"date":"2020-10-13","product":"COPERNICUS/S1_GRD","band":"VH","value":-17.0498,"farmer_unique_id":"1084949","site_id":10200},{"date":"2020-10-25","product":"COPERNICUS/S1_GRD","band":"VH","value":-17.3205,"farmer_unique_id":"1084949","site_id":10200},{"date":"2020-11-06","product":"COPERNICUS/S1_GRD","band":"VH","value":-22.6828,"farmer_unique_id":"1084949","site_id":10200},{"date":"2020-11-18","product":"COPERNICUS/S1_GRD","band":"VH","value":-14.598,"farmer_unique_id":"1084949","site_id":10200},{"date":"2020-11-30","product":"COPERNICUS/S1_GRD","band":"VH","value":-11.1937,"farmer_unique_id":"1084949","site_id":10200},{"date":"2020-12-12","product":"COPERNICUS/S1_GRD","band":"VH","value":-14.0403,"farmer_unique_id":"1084949","site_id":10200},{"date":"2020-12-24","product":"COPERNICUS/S1_GRD","band":"VH","value":-14.8659,"farmer_unique_id":"1084949","site_id":10200},{"date":"2021-01-05","product":"COPERNICUS/S1_GRD","band":"VH","value":-17.3573,"farmer_unique_id":"1084949","site_id":10200},{"date":"2021-01-17","product":"COPERNICUS/S1_GRD","band":"VH","value":-12.176,"farmer_unique_id":"1084949","site_id":10200},{"date":"2021-01-29","product":"COPERNICUS/S1_GRD","band":"VH","value":-16.2399,"farmer_unique_id":"1084949","site_id":10200},{"date":"2021-02-10","product":"COPERNICUS/S1_GRD","band":"VH","value":-14.0089,"farmer_unique_id":"1084949","site_id":10200},{"date":"2021-02-22","product":"COPERNICUS/S1_GRD","band":"VH","value":-15.2388,"farmer_unique_id":"1084949","site_id":10200},{"date":"2021-03-06","product":"COPERNICUS/S1_GRD","band":"VH","value":-18.1745,"farmer_unique_id":"1084949","site_id":10200},{"date":"2021-03-18","product":"COPERNICUS/S1_GRD","band":"VH","value":-16.4567,"farmer_unique_id":"1084949","site_id":10200},{"date":"2021-03-30","product":"COPERNICUS/S1_GRD","band":"VH","value":-13.7359,"farmer_unique_id":"1084949","site_id":10200},{"date":"2021-04-11","product":"COPERNICUS/S1_GRD","band":"VH","value":-14.4298,"farmer_unique_id":"1084949","site_id":10200},{"date":"2021-04-23","product":"COPERNICUS/S1_GRD","band":"VH","value":-13.5864,"farmer_unique_id":"1084949","site_id":10200},{"date":"2021-05-05","product":"COPERNICUS/S1_GRD","band":"VH","value":-16.8775,"farmer_unique_id":"1084949","site_id":10200},{"date":"2021-05-17","product":"COPERNICUS/S1_GRD","band":"VH","value":-15.5542,"farmer_unique_id":"1084949","site_id":10200},{"date":"2021-05-29","product":"COPERNICUS/S1_GRD","band":"VH","value":-15.5146,"farmer_unique_id":"1084949","site_id":10200},{"date":"2021-06-10","product":"COPERNICUS/S1_GRD","band":"VH","value":-20.4884,"farmer_unique_id":"1084949","site_id":10200},{"date":"2021-06-22","product":"COPERNICUS/S1_GRD","band":"VH","value":-17.8139,"farmer_unique_id":"1084949","site_id":10200},{"date":"2021-07-04","product":"COPERNICUS/S1_GRD","band":"VH","value":-18.3341,"farmer_unique_id":"1084949","site_id":10200},{"date":"2021-07-16","product":"COPERNICUS/S1_GRD","band":"VH","value":-14.1128,"farmer_unique_id":"1084949","site_id":10200},{"date":"2021-07-28","product":"COPERNICUS/S1_GRD","band":"VH","value":-15.9124,"farmer_unique_id":"1084949","site_id":10200},{"date":"2021-08-09","product":"COPERNICUS/S1_GRD","band":"VH","value":-13.7419,"farmer_unique_id":"1084949","site_id":10200},{"date":"2021-08-21","product":"COPERNICUS/S1_GRD","band":"VH","value":-18.6122,"farmer_unique_id":"1084949","site_id":10200},{"date":"2021-09-02","product":"COPERNICUS/S1_GRD","band":"VH","value":-19.9854,"farmer_unique_id":"1084949","site_id":10200},{"date":"2021-09-14","product":"COPERNICUS/S1_GRD","band":"VH","value":-14.1453,"farmer_unique_id":"1084949","site_id":10200},{"date":"2021-09-26","product":"COPERNICUS/S1_GRD","band":"VH","value":-14.8224,"farmer_unique_id":"1084949","site_id":10200},{"date":"2021-10-08","product":"COPERNICUS/S1_GRD","band":"VH","value":-20.581,"farmer_unique_id":"1084949","site_id":10200},{"date":"2021-10-20","product":"COPERNICUS/S1_GRD","band":"VH","value":-18.3887,"farmer_unique_id":"1084949","site_id":10200},{"date":"2021-11-01","product":"COPERNICUS/S1_GRD","band":"VH","value":-16.7947,"farmer_unique_id":"1084949","site_id":10200},{"date":"2021-11-13","product":"COPERNICUS/S1_GRD","band":"VH","value":-16.2816,"farmer_unique_id":"1084949","site_id":10200},{"date":"2021-11-25","product":"COPERNICUS/S1_GRD","band":"VH","value":-16.0637,"farmer_unique_id":"1084949","site_id":10200},{"date":"2021-12-07","product":"COPERNICUS/S1_GRD","band":"VH","value":-16.5219,"farmer_unique_id":"1084949","site_id":10200},{"date":"2021-12-19","product":"COPERNICUS/S1_GRD","band":"VH","value":-15.9685,"farmer_unique_id":"1084949","site_id":10200},{"date":"2020-01-11","product":"COPERNICUS/S1_GRD","band":"VV","value":-10.164,"farmer_unique_id":"1084949","site_id":10200},{"date":"2020-01-23","product":"COPERNICUS/S1_GRD","band":"VV","value":-11.3367,"farmer_unique_id":"1084949","site_id":10200},{"date":"2020-02-04","product":"COPERNICUS/S1_GRD","band":"VV","value":-10.1114,"farmer_unique_id":"1084949","site_id":10200},{"date":"2020-02-16","product":"COPERNICUS/S1_GRD","band":"VV","value":-10.6212,"farmer_unique_id":"1084949","site_id":10200},{"date":"2020-02-28","product":"COPERNICUS/S1_GRD","band":"VV","value":-12.4065,"farmer_unique_id":"1084949","site_id":10200},{"date":"2020-03-11","product":"COPERNICUS/S1_GRD","band":"VV","value":-9.5108,"farmer_unique_id":"1084949","site_id":10200},{"date":"2020-03-23","product":"COPERNICUS/S1_GRD","band":"VV","value":-7.9653,"farmer_unique_id":"1084949","site_id":10200},{"date":"2020-04-04","product":"COPERNICUS/S1_GRD","band":"VV","value":-9.5095,"farmer_unique_id":"1084949","site_id":10200},{"date":"2020-04-16","product":"COPERNICUS/S1_GRD","band":"VV","value":-8.3469,"farmer_unique_id":"1084949","site_id":10200},{"date":"2020-04-28","product":"COPERNICUS/S1_GRD","band":"VV","value":-10.0803,"farmer_unique_id":"1084949","site_id":10200},{"date":"2020-05-10","product":"COPERNICUS/S1_GRD","band":"VV","value":-8.1583,"farmer_unique_id":"1084949","site_id":10200},{"date":"2020-05-22","product":"COPERNICUS/S1_GRD","band":"VV","value":-10.7464,"farmer_unique_id":"1084949","site_id":10200},{"date":"2020-06-03","product":"COPERNICUS/S1_GRD","band":"VV","value":-8.0369,"farmer_unique_id":"1084949","site_id":10200},{"date":"2020-06-15","product":"COPERNICUS/S1_GRD","band":"VV","value":-8.0543,"farmer_unique_id":"1084949","site_id":10200},{"date":"2020-06-27","product":"COPERNICUS/S1_GRD","band":"VV","value":-6.3649,"farmer_unique_id":"1084949","site_id":10200},{"date":"2020-07-09","product":"COPERNICUS/S1_GRD","band":"VV","value":-11.1329,"farmer_unique_id":"1084949","site_id":10200},{"date":"2020-07-21","product":"COPERNICUS/S1_GRD","band":"VV","value":-13.0684,"farmer_unique_id":"1084949","site_id":10200},{"date":"2020-08-02","product":"COPERNICUS/S1_GRD","band":"VV","value":-10.8695,"farmer_unique_id":"1084949","site_id":10200},{"date":"2020-08-14","product":"COPERNICUS/S1_GRD","band":"VV","value":-11.1479,"farmer_unique_id":"1084949","site_id":10200},{"date":"2020-08-26","product":"COPERNICUS/S1_GRD","band":"VV","value":-9.1944,"farmer_unique_id":"1084949","site_id":10200},{"date":"2020-09-07","product":"COPERNICUS/S1_GRD","band":"VV","value":-12.505,"farmer_unique_id":"1084949","site_id":10200},{"date":"2020-09-19","product":"COPERNICUS/S1_GRD","band":"VV","value":-12.1446,"farmer_unique_id":"1084949","site_id":10200},{"date":"2020-10-01","product":"COPERNICUS/S1_GRD","band":"VV","value":-14.1148,"farmer_unique_id":"1084949","site_id":10200},{"date":"2020-10-13","product":"COPERNICUS/S1_GRD","band":"VV","value":-8.9306,"farmer_unique_id":"1084949","site_id":10200},{"date":"2020-10-25","product":"COPERNICUS/S1_GRD","band":"VV","value":-13.6802,"farmer_unique_id":"1084949","site_id":10200},{"date":"2020-11-06","product":"COPERNICUS/S1_GRD","band":"VV","value":-13.6602,"farmer_unique_id":"1084949","site_id":10200},{"date":"2020-11-18","product":"COPERNICUS/S1_GRD","band":"VV","value":-8.3193,"farmer_unique_id":"1084949","site_id":10200},{"date":"2020-11-30","product":"COPERNICUS/S1_GRD","band":"VV","value":-6.7168,"farmer_unique_id":"1084949","site_id":10200},{"date":"2020-12-12","product":"COPERNICUS/S1_GRD","band":"VV","value":-10.128,"farmer_unique_id":"1084949","site_id":10200},{"date":"2020-12-24","product":"COPERNICUS/S1_GRD","band":"VV","value":-11.7571,"farmer_unique_id":"1084949","site_id":10200},{"date":"2021-01-05","product":"COPERNICUS/S1_GRD","band":"VV","value":-10.228,"farmer_unique_id":"1084949","site_id":10200},{"date":"2021-01-17","product":"COPERNICUS/S1_GRD","band":"VV","value":-7.5985,"farmer_unique_id":"1084949","site_id":10200},{"date":"2021-01-29","product":"COPERNICUS/S1_GRD","band":"VV","value":-7.2408,"farmer_unique_id":"1084949","site_id":10200},{"date":"2021-02-10","product":"COPERNICUS/S1_GRD","band":"VV","value":-9.2578,"farmer_unique_id":"1084949","site_id":10200},{"date":"2021-02-22","product":"COPERNICUS/S1_GRD","band":"VV","value":-8.7052,"farmer_unique_id":"1084949","site_id":10200},{"date":"2021-03-06","product":"COPERNICUS/S1_GRD","band":"VV","value":-14.0414,"farmer_unique_id":"1084949","site_id":10200},{"date":"2021-03-18","product":"COPERNICUS/S1_GRD","band":"VV","value":-13.0457,"farmer_unique_id":"1084949","site_id":10200},{"date":"2021-03-30","product":"COPERNICUS/S1_GRD","band":"VV","value":-11.8688,"farmer_unique_id":"1084949","site_id":10200},{"date":"2021-04-11","product":"COPERNICUS/S1_GRD","band":"VV","value":-10.7367,"farmer_unique_id":"1084949","site_id":10200},{"date":"2021-04-23","product":"COPERNICUS/S1_GRD","band":"VV","value":-11.2294,"farmer_unique_id":"1084949","site_id":10200},{"date":"2021-05-05","product":"COPERNICUS/S1_GRD","band":"VV","value":-10.1067,"farmer_unique_id":"1084949","site_id":10200},{"date":"2021-05-17","product":"COPERNICUS/S1_GRD","band":"VV","value":-10.0303,"farmer_unique_id":"1084949","site_id":10200},{"date":"2021-05-29","product":"COPERNICUS/S1_GRD","band":"VV","value":-9.7967,"farmer_unique_id":"1084949","site_id":10200},{"date":"2021-06-10","product":"COPERNICUS/S1_GRD","band":"VV","value":-10.1638,"farmer_unique_id":"1084949","site_id":10200},{"date":"2021-06-22","product":"COPERNICUS/S1_GRD","band":"VV","value":-12.7789,"farmer_unique_id":"1084949","site_id":10200},{"date":"2021-07-04","product":"COPERNICUS/S1_GRD","band":"VV","value":-10.0835,"farmer_unique_id":"1084949","site_id":10200},{"date":"2021-07-16","product":"COPERNICUS/S1_GRD","band":"VV","value":-12.5958,"farmer_unique_id":"1084949","site_id":10200},{"date":"2021-07-28","product":"COPERNICUS/S1_GRD","band":"VV","value":-17.2165,"farmer_unique_id":"1084949","site_id":10200},{"date":"2021-08-09","product":"COPERNICUS/S1_GRD","band":"VV","value":-9.8822,"farmer_unique_id":"1084949","site_id":10200},{"date":"2021-08-21","product":"COPERNICUS/S1_GRD","band":"VV","value":-8.3551,"farmer_unique_id":"1084949","site_id":10200},{"date":"2021-09-02","product":"COPERNICUS/S1_GRD","band":"VV","value":-8.0102,"farmer_unique_id":"1084949","site_id":10200},{"date":"2021-09-14","product":"COPERNICUS/S1_GRD","band":"VV","value":-8.165,"farmer_unique_id":"1084949","site_id":10200},{"date":"2021-09-26","product":"COPERNICUS/S1_GRD","band":"VV","value":-11.151,"farmer_unique_id":"1084949","site_id":10200},{"date":"2021-10-08","product":"COPERNICUS/S1_GRD","band":"VV","value":-9.5863,"farmer_unique_id":"1084949","site_id":10200},{"date":"2021-10-20","product":"COPERNICUS/S1_GRD","band":"VV","value":-8.5433,"farmer_unique_id":"1084949","site_id":10200},{"date":"2021-11-01","product":"COPERNICUS/S1_GRD","band":"VV","value":-9.2719,"farmer_unique_id":"1084949","site_id":10200},{"date":"2021-11-13","product":"COPERNICUS/S1_GRD","band":"VV","value":-12.7904,"farmer_unique_id":"1084949","site_id":10200},{"date":"2021-11-25","product":"COPERNICUS/S1_GRD","band":"VV","value":-7.9023,"farmer_unique_id":"1084949","site_id":10200},{"date":"2021-12-07","product":"COPERNICUS/S1_GRD","band":"VV","value":-12.3563,"farmer_unique_id":"1084949","site_id":10200},{"date":"2021-12-19","product":"COPERNICUS/S1_GRD","band":"VV","value":-9.4242,"farmer_unique_id":"1084949","site_id":10200}]
