[{"date":"2020-01-09","product":"COPERNICUS/S1_GRD","band":"VH","value":-14.5414,"farmer_unique_id":"4508884","site_id":1580},{"date":"2020-01-21","product":"COPERNICUS/S1_GRD","band":"VH","value":-16.2493,"farmer_unique_id":"4508884","site_id":1580},{"date":"2020-02-02","product":"COPERNICUS/S1_GRD","band":"VH","value":-13.0354,"farmer_unique_id":"4508884","site_id":1580},{"date":"2020-02-14","product":"COPERNICUS/S1_GRD","band":"VH","value":-16.9956,"farmer_unique_id":"4508884","site_id":1580},{"date":"2020-02-26","product":"COPERNICUS/S1_GRD","band":"VH","value":-19.1012,"farmer_unique_id":"4508884","site_id":1580},{"date":"2020-03-09","product":"COPERNICUS/S1_GRD","band":"VH","value":-12.2169,"farmer_unique_id":"4508884","site_id":1580},{"date":"2020-03-21","product":"COPERNICUS/S1_GRD","band":"VH","value":-17.4457,"farmer_unique_id":"4508884","site_id":1580},{"date":"2020-04-02","product":"COPERNICUS/S1_GRD","band":"VH","value":-13.9097,"farmer_unique_id":"4508884","site_id":1580},{"date":"2020-04-14","product":"COPERNICUS/S1_GRD","band":"VH","value":-17.073,"farmer_unique_id":"4508884","site_id":1580},{"date":"2020-04-26","product":"COPERNICUS/S1_GRD","band":"VH","value":-13.6851,"farmer_unique_id":"4508884","site_id":1580},{"date":"2020-05-08","product":"COPERNICUS/S1_GRD","band":"VH","value":-16.7423,"farmer_unique_id":"4508884","site_id":1580},{"date":"2020-05-20","product":"COPERNICUS/S1_GRD","band":"VH","value":-12.8917,"farmer_unique_id":"4508884","site_id":1580},{"date":"2020-06-01","product":"COPERNICUS/S1_GRD","band":"VH","value":-15.6807,"farmer_unique_id":"4508884","site_id":1580},{"date":"2020-06-13","product":"COPERNICUS/S1_GRD","band":"VH","value":-12.8932,"farmer_unique_id":"4508884","site_id":1580},{"date":"2020-06-25","product":"COPERNICUS/S1_GRD","band":"VH","value":-11.2252,"farmer_unique_id":"4508884","site_id":1580},{"date":"2020-07-07","product":"COPERNICUS/S1_GRD","band":"VH","value":-12.436,"farmer_unique_id":"4508884","site_id":1580},{"date":"2020-07-19","product":"COPERNICUS/S1_GRD","band":"VH","value":-14.004,"farmer_unique_id":"4508884","site_id":1580},{"date":"2020-07-31","product":"COPERNICUS/S1_GRD","band":"VH","value":-15.0117,"farmer_unique_id":"4508884","site_id":1580},{"date":"2020-08-12","product":"COPERNICUS/S1_GRD","band":"VH","farmer_unique_id":"4508884","site_id":1580},{"date":"2020-08-24","product":"COPERNICUS/S1_GRD","band":"VH","value":-14.0565,"farmer_unique_id":"4508884","site_id":1580},{"date":"2020-09-05","product":"COPERNICUS/S1_GRD","band":"VH","value":-16.5886,"farmer_unique_id":"4508884","site_id":1580},{"date":"2020-09-17","product":"COPERNICUS/S1_GRD","band":"VH","value":-17.5651,"farmer_unique_id":"4508884","site_id":1580},{"date":"2020-09-29","product":"COPERNICUS/S1_GRD","band":"VH","value":-15.8134,"farmer_unique_id":"4508884","site_id":1580},{"date":"2020-10-11","product":"COPERNICUS/S1_GRD","band":"VH","value":-13.4387,"farmer_unique_id":"4508884","site_id":1580},{"date":"2020-10-23","product":"COPERNICUS/S1_GRD","band":"VH","value":-14.6476,"farmer_unique_id":"4508884","site_id":1580},{"date":"2020-11-04","product":"COPERNICUS/S1_GRD","band":"VH","value":-14.0032,"farmer_unique_id":"4508884","site_id":1580},{"date":"2020-11-16","product":"COPERNICUS/S1_GRD","band":"VH","value":-15.256,"farmer_unique_id":"4508884","site_id":1580},{"date":"2020-11-28","product":"COPERNICUS/S1_GRD","band":"VH","value":-17.6002,"farmer_unique_id":"4508884","site_id":1580},{"date":"2020-12-10","product":"COPERNICUS/S1_GRD","band":"VH","value":-15.3121,"farmer_unique_id":"4508884","site_id":1580},{"date":"2020-12-22","product":"COPERNICUS/S1_GRD","band":"VH","value":-15.1773,"farmer_unique_id":"4508884","site_id":1580},{"date":"2021-01-03","product":"COPERNICUS/S1_GRD","band":"VH","value":-11.7987,"farmer_unique_id":"4508884","site_id":1580},{"date":"2021-01-15","product":"COPERNICUS/S1_GRD","band":"VH","value":-13.4832,"farmer_unique_id":"4508884","site_id":1580},{"date":"2021-01-27","product":"COPERNICUS/S1_GRD","band":"VH","value":-13.8563,"farmer_unique_id":"4508884","site_id":1580},{"date":"2021-02-08","product":"COPERNICUS/S1_GRD","band":"VH","value":-14.4083,"farmer_unique_id":"4508884","site_id":1580},{"date":"2021-02-20","product":"COPERNICUS/S1_GRD","band":"VH","value":-13.7722,"farmer_unique_id":"4508884","site_id":1580},{"date":"2021-03-04","product":"COPERNICUS/S1_GRD","band":"VH","value":-14.713,"farmer_unique_id":"4508884","site_id":1580},{"date":"2021-03-16","product":"COPERNICUS/S1_GRD","band":"VH","value":-14.588,"farmer_unique_id":"4508884","site_id":1580},{"date":"2021-03-28","product":"COPERNICUS/S1_GRD","band":"VH","value":-14.8742,"farmer_unique_id":"4508884","site_id":1580},{"date":"2021-04-09","product":"COPERNICUS/S1_GRD","band":"VH","value":-14.2584,"farmer_unique_id":"4508884","site_id":1580},{"date":"2021-04-21","product":"COPERNICUS/S1_GRD","band":"VH","value":-14.2481,"farmer_unique_id":"4508884","site_id":1580},{"date":"2021-05-03","product":"COPERNICUS/S1_GRD","band":"VH","value":-13.0579,"farmer_unique_id":"4508884","site_id":1580},{"date":"2021-05-15","product":"COPERNICUS/S1_GRD","band":"VH","value":-13.6201,"farmer_unique_id":"4508884","site_id":1580},{"date":"2021-05-27","product":"COPERNICUS/S1_GRD","band":"VH","value":-16.7487,"farmer_unique_id":"4508884","site_id":1580},{"date":"2021-06-08","product":"COPERNICUS/S1_GRD","band":"VH","value":-13.0012,"farmer_unique_id":"4508884","site_id":1580},{"date":"2021-06-20","product":"COPERNICUS/S1_GRD","band":"VH","value":-15.7129,"farmer_unique_id":"4508884","site_id":1580},{"date":"2021-07-02","product":"COPERNICUS/S1_GRD","band":"VH","value":-14.3397,"farmer_unique_id":"4508884","site_id":1580},{"date":"2021-07-14","product":"COPERNICUS/S1_GRD","band":"VH","value":-14.4367,"farmer_unique_id":"4508884","site_id":1580},{"date":"2021-07-26","product":"COPERNICUS/S1_GRD","band":"VH","value":-14.2003,"farmer_unique_id":"4508884","site_id":1580},{"date":"2021-08-07","product":"COPERNICUS/S1_GRD","band":"VH","value":-14.7274,"farmer_unique_id":"4508884","site_id":1580},{"date":"2021-08-19","product":"COPERNICUS/S1_GRD","band":"VH","value":-15.2533,"farmer_unique_id":"4508884","site_id":1580},{"date":"2021-08-31","product":"COPERNICUS/S1_GRD","band":"VH","value":-16.649,"farmer_unique_id":"4508884","site_id":1580},{"date":"2021-09-12","product":"COPERNICUS/S1_GRD","band":"VH","value":-17.1459,"farmer_unique_id":"4508884","site_id":1580},{"date":"2021-09-24","product":"COPERNICUS/S1_GRD","band":"VH","value":-11.5795,"farmer_unique_id":"4508884","site_id":1580},{"date":"2021-10-06","product":"COPERNICUS/S1_GRD","band":"VH","value":-13.8728,"farmer_unique_id":"4508884","site_id":1580},{"date":"2021-10-18","product":"COPERNICUS/S1_GRD","band":"VH","value":-15.3309,"farmer_unique_id":"4508884","site_id":1580},{"date":"2021-10-30","product":"COPERNICUS/S1_GRD","band":"VH","value":-15.1739,"farmer_unique_id":"4508884","site_id":1580},{"date":"2021-11-11","product":"COPERNICUS/S1_GRD","band":"VH","value":-16.2972,"farmer_unique_id":"4508884","site_id":1580},{"date":"2021-11-23","product":"COPERNICUS/S1_GRD","band":"VH","value":-17.7544,"farmer_unique_id":"4508884","site_id":1580},{"date":"2021-12-05","product":"COPERNICUS/S1_GRD","band":"VH","value":-19.7647,"farmer_unique_id":"4508884","site_id":1580},{"date":"2021-12-17","product":"COPERNICUS/S1_GRD","band":"VH","value":-16.079,"farmer_unique_id":"4508884","site_id":1580},{"date":"2021-12-29","product":"COPERNICUS/S1_GRD","band":"VH","value":-16.8129,"farmer_unique_id":"4508884","site_id":1580},{"date":"2020-01-09","product":"COPERNICUS/S1_GRD","band":"VV","value":-6.3943,"farmer_unique_id":"4508884","site_id":1580},{"date":"2020-01-21","product":"COPERNICUS/S1_GRD","band":"VV","value":-15.0835,"farmer_unique_id":"4508884","site_id":1580},{"date":"2020-02-02","product":"COPERNICUS/S1_GRD","band":"VV","value":-8.2054,"farmer_unique_id":"4508884","site_id":1580},{"date":"2020-02-14","product":"COPERNICUS/S1_GRD","band":"VV","value":-11.8602,"farmer_unique_id":"4508884","site_id":1580},{"date":"2020-02-26","product":"COPERNICUS/S1_GRD","band":"VV","value":-10.5105,"farmer_unique_id":"4508884","site_id":1580},{"date":"2020-03-09","product":"COPERNICUS/S1_GRD","band":"VV","value":-6.5223,"farmer_unique_id":"4508884","site_id":1580},{"date":"2020-03-21","product":"COPERNICUS/S1_GRD","band":"VV","value":-8.2888,"farmer_unique_id":"4508884","site_id":1580},{"date":"2020-04-02","product":"COPERNICUS/S1_GRD","band":"VV","value":-12.7314,"farmer_unique_id":"4508884","site_id":1580},{"date":"2020-04-14","product":"COPERNICUS/S1_GRD","band":"VV","value":-9.1242,"farmer_unique_id":"4508884","site_id":1580},{"date":"2020-04-26","product":"COPERNICUS/S1_GRD","band":"VV","value":-7.1429,"farmer_unique_id":"4508884","site_id":1580},{"date":"2020-05-08","product":"COPERNICUS/S1_GRD","band":"VV","value":-7.5657,"farmer_unique_id":"4508884","site_id":1580},{"date":"2020-05-20","product":"COPERNICUS/S1_GRD","band":"VV","value":-11.9389,"farmer_unique_id":"4508884","site_id":1580},{"date":"2020-06-01","product":"COPERNICUS/S1_GRD","band":"VV","value":-14.3913,"farmer_unique_id":"4508884","site_id":1580},{"date":"2020-06-13","product":"COPERNICUS/S1_GRD","band":"VV","value":-7.8221,"farmer_unique_id":"4508884","site_id":1580},{"date":"2020-06-25","product":"COPERNICUS/S1_GRD","band":"VV","value":-10.7149,"farmer_unique_id":"4508884","site_id":1580},{"date":"2020-07-07","product":"COPERNICUS/S1_GRD","band":"VV","value":-11.9707,"farmer_unique_id":"4508884","site_id":1580},{"date":"2020-07-19","product":"COPERNICUS/S1_GRD","band":"VV","value":-12.4062,"farmer_unique_id":"4508884","site_id":1580},{"date":"2020-07-31","product":"COPERNICUS/S1_GRD","band":"VV","value":-8.9101,"farmer_unique_id":"4508884","site_id":1580},{"date":"2020-08-12","product":"COPERNICUS/S1_GRD","band":"VV","value":-12.4302,"farmer_unique_id":"4508884","site_id":1580},{"date":"2020-08-24","product":"COPERNICUS/S1_GRD","band":"VV","value":-8.0546,"farmer_unique_id":"4508884","site_id":1580},{"date":"2020-09-05","product":"COPERNICUS/S1_GRD","band":"VV","value":-6.5682,"farmer_unique_id":"4508884","site_id":1580},{"date":"2020-09-17","product":"COPERNICUS/S1_GRD","band":"VV","value":-8.3448,"farmer_unique_id":"4508884","site_id":1580},{"date":"2020-09-29","product":"COPERNICUS/S1_GRD","band":"VV","value":-9.4156,"farmer_unique_id":"4508884","site_id":1580},{"date":"2020-10-11","product":"COPERNICUS/S1_GRD","band":"VV","value":-8.3674,"farmer_unique_id":"4508884","site_id":1580},{"date":"2020-10-23","product":"COPERNICUS/S1_GRD","band":"VV","value":-6.5234,"farmer_unique_id":"4508884","site_id":1580},{"date":"2020-11-04","product":"COPERNICUS/S1_GRD","band":"VV","value":-8.5444,"farmer_unique_id":"4508884","site_id":1580},{"date":"2020-11-16","product":"COPERNICUS/S1_GRD","band":"VV","value":-9.8181,"farmer_unique_id":"4508884","site_id":1580},{"date":"2020-11-28","product":"COPERNICUS/S1_GRD","band":"VV","value":-9.0696,"farmer_unique_id":"4508884","site_id":1580},{"date":"2020-12-10","product":"COPERNICUS/S1_GRD","band":"VV","value":-7.8112,"farmer_unique_id":"4508884","site_id":1580},{"date":"2020-12-22","product":"COPERNICUS/S1_GRD","band":"VV","value":-10.4139,"farmer_unique_id":"4508884","site_id":1580},{"date":"2021-01-03","product":"COPERNICUS/S1_GRD","band":"VV","value":-7.9832,"farmer_unique_id":"4508884","site_id":1580},{"date":"2021-01-15","product":"COPERNICUS/S1_GRD","band":"VV","value":-5.8704,"farmer_unique_id":"4508884","site_id":1580},{"date":"2021-01-27","product":"COPERNICUS/S1_GRD","band":"VV","value":-7.4214,"farmer_unique_id":"4508884","site_id":1580},{"date":"2021-02-08","product":"COPERNICUS/S1_GRD","band":"VV","value":-8.755,"farmer_unique_id":"4508884","site_id":1580},{"date":"2021-02-20","product":"COPERNICUS/S1_GRD","band":"VV","value":-13.2437,"farmer_unique_id":"4508884","site_id":1580},{"date":"2021-03-04","product":"COPERNICUS/S1_GRD","band":"VV","value":-7.1583,"farmer_unique_id":"4508884","site_id":1580},{"date":"2021-03-16","product":"COPERNICUS/S1_GRD","band":"VV","value":-8.3144,"farmer_unique_id":"4508884","site_id":1580},{"date":"2021-03-28","product":"COPERNICUS/S1_GRD","band":"VV","value":-11.8196,"farmer_unique_id":"4508884","site_id":1580},{"date":"2021-04-09","product":"COPERNICUS/S1_GRD","band":"VV","value":-11.351,"farmer_unique_id":"4508884","site_id":1580},{"date":"2021-04-21","product":"COPERNICUS/S1_GRD","band":"VV","value":-5.6256,"farmer_unique_id":"4508884","site_id":1580},{"date":"2021-05-03","product":"COPERNICUS/S1_GRD","band":"VV","value":-7.0741,"farmer_unique_id":"4508884","site_id":1580},{"date":"2021-05-15","product":"COPERNICUS/S1_GRD","band":"VV","value":-7.3466,"farmer_unique_id":"4508884","site_id":1580},{"date":"2021-05-27","product":"COPERNICUS/S1_GRD","band":"VV","value":-10.5495,"farmer_unique_id":"4508884","site_id":1580},{"date":"2021-06-08","product":"COPERNICUS/S1_GRD","band":"VV","value":-7.082,"farmer_unique_id":"4508884","site_id":1580},{"date":"2021-06-20","product":"COPERNICUS/S1_GRD","band":"VV","value":-10.2544,"farmer_unique_id":"4508884","site_id":1580},{"date":"2021-07-02","product":"COPERNICUS/S1_GRD","band":"VV","value":-10.7953,"farmer_unique_id":"4508884","site_id":1580},{"date":"2021-07-14","product":"COPERNICUS/S1_GRD","band":"VV","value":-11.0598,"farmer_unique_id":"4508884","site_id":1580},{"date":"2021-07-26","product":"COPERNICUS/S1_GRD","band":"VV","value":-12.0281,"farmer_unique_id":"4508884","site_id":1580},{"date":"2021-08-07","product":"COPERNICUS/S1_GRD","band":"VV","value":-12.3546,"farmer_unique_id":"4508884","site_id":1580},{"date":"2021-08-19","product":"COPERNICUS/S1_GRD","band":"VV","value":-8.7544,"farmer_unique_id":"4508884","site_id":1580},{"date":"2021-08-31","product":"COPERNICUS/S1_GRD","band":"VV","value":-9.6461,"farmer_unique_id":"4508884","site_id":1580},{"date":"2021-09-12","product":"COPERNICUS/S1_GRD","band":"VV","value":-8.5985,"farmer_unique_id":"4508884","site_id":1580},{"date":"2021-09-24","product":"COPERNICUS/S1_GRD","band":"VV","value":-8.5962,"farmer_unique_id":"4508884","site_id":1580},{"date":"2021-10-06","product":"COPERNICUS/S1_GRD","band":"VV","value":-9.6884,"farmer_unique_id":"4508884","site_id":1580},{"date":"2021-10-18","product":"COPERNICUS/S1_GRD","band":"VV","value":-8.4871,"farmer_unique_id":"4508884","site_id":1580},{"date":"2021-10-30","product":"COPERNICUS/S1_GRD","band":"VV","value":-11.1093,"farmer_unique_id":"4508884","site_id":1580},{"date":"2021-11-11","product":"COPERNICUS/S1_GRD","band":"VV","value":-8.5806,"farmer_unique_id":"4508884","site_id":1580},{"date":"2021-11-23","product":"COPERNICUS/S1_GRD","band":"VV","value":-9.6127,"farmer_unique_id":"4508884","site_id":1580},{"date":"2021-12-05","product":"COPERNICUS/S1_GRD","band":"VV","value":-10.0578,"farmer_unique_id":"4508884","site_id":1580},{"date":"2021-12-17","product":"COPERNICUS/S1_GRD","band":"VV","value":-12.4824,"farmer_unique_id":"4508884","site_id":1580},{"date":"2021-12-29","product":"COPERNICUS/S1_GRD","band":"VV","value":-12.2815,"farmer_unique_id":"4508884","site_id":1580}]
