[{"date":"2020-01-11","product":"COPERNICUS/S1_GRD","band":"VH","value":-19.4675,"farmer_unique_id":"2266684","site_id":3317},{"date":"2020-01-23","product":"COPERNICUS/S1_GRD","band":"VH","value":-19.5269,"farmer_unique_id":"2266684","site_id":3317},{"date":"2020-02-04","product":"COPERNICUS/S1_GRD","band":"VH","value":-15.7469,"farmer_unique_id":"2266684","site_id":3317},{"date":"2020-02-16","product":"COPERNICUS/S1_GRD","band":"VH","value":-15.9287,"farmer_unique_id":"2266684","site_id":3317},{"date":"2020-02-28","product":"COPERNICUS/S1_GRD","band":"VH","value":-13.1845,"farmer_unique_id":"2266684","site_id":3317},{"date":"2020-03-11","product":"COPERNICUS/S1_GRD","band":"VH","value":-19.6822,"farmer_unique_id":"2266684","site_id":3317},{"date":"2020-03-23","product":"COPERNICUS/S1_GRD","band":"VH","value":-14.101,"farmer_unique_id":"2266684","site_id":3317},{"date":"2020-04-04","product":"COPERNICUS/S1_GRD","band":"VH","value":-14.7403,"farmer_unique_id":"2266684","site_id":3317},{"date":"2020-04-16","product":"COPERNICUS/S1_GRD","band":"VH","value":-13.295,"farmer_unique_id":"2266684","site_id":3317},{"date":"2020-04-28","product":"COPERNICUS/S1_GRD","band":"VH","value":-14.1706,"farmer_unique_id":"2266684","site_id":3317},{"date":"2020-05-10","product":"COPERNICUS/S1_GRD","band":"VH","value":-13.6386,"farmer_unique_id":"2266684","site_id":3317},{"date":"2020-05-22","product":"COPERNICUS/S1_GRD","band":"VH","value":-16.2221,"farmer_unique_id":"2266684","site_id":3317},{"date":"2020-06-03","product":"COPERNICUS/S1_GRD","band":"VH","value":-15.0026,"farmer_unique_id":"2266684","site_id":3317},{"date":"2020-06-15","product":"COPERNICUS/S1_GRD","band":"VH","value":-14.0381,"farmer_unique_id":"2266684","site_id":3317},{"date":"2020-06-27","product":"COPERNICUS/S1_GRD","band":"VH","value":-14.3757,"farmer_unique_id":"2266684","site_id":3317},{"date":"2020-07-09","product":"COPERNICUS/S1_GRD","band":"VH","value":-20.0437,"farmer_unique_id":"2266684","site_id":3317},{"date":"2020-07-21","product":"COPERNICUS/S1_GRD","band":"VH","value":-21.0218,"farmer_unique_id":"2266684","site_id":3317},{"date":"2020-08-02","product":"COPERNICUS/S1_GRD","band":"VH","value":-26.1132,"farmer_unique_id":"2266684","site_id":3317},{"date":"2020-08-14","product":"COPERNICUS/S1_GRD","band":"VH","value":-17.5291,"farmer_unique_id":"2266684","site_id":3317},{"date":"2020-08-26","product":"COPERNICUS/S1_GRD","band":"VH","value":-18.7649,"farmer_unique_id":"2266684","site_id":3317},{"date":"2020-09-07","product":"COPERNICUS/S1_GRD","band":"VH","value":-16.3337,"farmer_unique_id":"2266684","site_id":3317},{"date":"2020-09-19","product":"COPERNICUS/S1_GRD","band":"VH","value":-19.543,"farmer_unique_id":"2266684","site_id":3317},{"date":"2020-10-01","product":"COPERNICUS/S1_GRD","band":"VH","value":-14.5656,"farmer_unique_id":"2266684","site_id":3317},{"date":"2020-10-13","product":"COPERNICUS/S1_GRD","band":"VH","value":-16.2491,"farmer_unique_id":"2266684","site_id":3317},{"date":"2020-10-25","product":"COPERNICUS/S1_GRD","band":"VH","value":-17.0475,"farmer_unique_id":"2266684","site_id":3317},{"date":"2020-11-06","product":"COPERNICUS/S1_GRD","band":"VH","value":-13.5631,"farmer_unique_id":"2266684","site_id":3317},{"date":"2020-11-18","product":"COPERNICUS/S1_GRD","band":"VH","value":-17.4839,"farmer_unique_id":"2266684","site_id":3317},{"date":"2020-11-30","product":"COPERNICUS/S1_GRD","band":"VH","value":-15.5427,"farmer_unique_id":"2266684","site_id":3317},{"date":"2020-12-12","product":"COPERNICUS/S1_GRD","band":"VH","value":-14.6706,"farmer_unique_id":"2266684","site_id":3317},{"date":"2020-12-24","product":"COPERNICUS/S1_GRD","band":"VH","value":-16.8854,"farmer_unique_id":"2266684","site_id":3317},{"date":"2021-01-05","product":"COPERNICUS/S1_GRD","band":"VH","value":-17.5178,"farmer_unique_id":"2266684","site_id":3317},{"date":"2021-01-17","product":"COPERNICUS/S1_GRD","band":"VH","value":-18.0562,"farmer_unique_id":"2266684","site_id":3317},{"date":"2021-01-29","product":"COPERNICUS/S1_GRD","band":"VH","value":-18.0988,"farmer_unique_id":"2266684","site_id":3317},{"date":"2021-02-10","product":"COPERNICUS/S1_GRD","band":"VH","value":-15.9602,"farmer_unique_id":"2266684","site_id":3317},{"date":"2021-02-22","product":"COPERNICUS/S1_GRD","band":"VH","value":-16.4254,"farmer_unique_id":"2266684","site_id":3317},{"date":"2021-03-06","product":"COPERNICUS/S1_GRD","band":"VH","value":-18.1986,"farmer_unique_id":"2266684","site_id":3317},{"date":"2021-03-18","product":"COPERNICUS/S1_GRD","band":"VH","value":-18.0164,"farmer_unique_id":"2266684","site_id":3317},{"date":"2021-03-30","product":"COPERNICUS/S1_GRD","band":"VH","value":-17.514,"farmer_unique_id":"2266684","site_id":3317},{"date":"2021-04-11","product":"COPERNICUS/S1_GRD","band":"VH","value":-14.7453,"farmer_unique_id":"2266684","site_id":3317},{"date":"2021-04-23","product":"COPERNICUS/S1_GRD","band":"VH","value":-18.8942,"farmer_unique_id":"2266684","site_id":3317},{"date":"2021-05-05","product":"COPERNICUS/S1_GRD","band":"VH","value":-14.5364,"farmer_unique_id":"2266684","site_id":3317},{"date":"2021-05-17","product":"COPERNICUS/S1_GRD","band":"VH","value":-12.8941,"farmer_unique_id":"2266684","site_id":3317},{"date":"2021-05-29","product":"COPERNICUS/S1_GRD","band":"VH","value":-16.4695,"farmer_unique_id":"2266684","site_id":3317},{"date":"2021-06-10","product":"COPERNICUS/S1_GRD","band":"VH","value":-18.0253,"farmer_unique_id":"2266684","site_id":3317},{"date":"2021-06-22","product":"COPERNICUS/S1_GRD","band":"VH","value":-14.7661,"farmer_unique_id":"2266684","site_id":3317},{"date":"2021-07-04","product":"COPERNICUS/S1_GRD","band":"VH","value":-17.4714,"farmer_unique_id":"2266684","site_id":3317},{"date":"2021-07-16","product":"COPERNICUS/S1_GRD","band":"VH","value":-20.6756,"farmer_unique_id":"2266684","site_id":3317},{"date":"2021-07-28","product":"COPERNICUS/S1_GRD","band":"VH","value":-19.7915,"farmer_unique_id":"2266684","site_id":3317},{"date":"2021-08-09","product":"COPERNICUS/S1_GRD","band":"VH","value":-20.328,"farmer_unique_id":"2266684","site_id":3317},{"date":"2021-08-21","product":"COPERNICUS/S1_GRD","band":"VH","value":-17.4538,"farmer_unique_id":"2266684","site_id":3317},{"date":"2021-09-02","product":"COPERNICUS/S1_GRD","band":"VH","value":-22.6887,"farmer_unique_id":"2266684","site_id":3317},{"date":"2021-09-14","product":"COPERNICUS/S1_GRD","band":"VH","value":-23.1571,"farmer_unique_id":"2266684","site_id":3317},{"date":"2021-09-26","product":"COPERNICUS/S1_GRD","band":"VH","value":-19.3299,"farmer_unique_id":"2266684","site_id":3317},{"date":"2021-10-08","product":"COPERNICUS/S1_GRD","band":"VH","value":-18.8338,"farmer_unique_id":"2266684","site_id":3317},{"date":"2021-10-20","product":"COPERNICUS/S1_GRD","band":"VH","value":-16.0404,"farmer_unique_id":"2266684","site_id":3317},{"date":"2021-11-01","product":"COPERNICUS/S1_GRD","band":"VH","value":-20.5251,"farmer_unique_id":"2266684","site_id":3317},{"date":"2021-11-13","product":"COPERNICUS/S1_GRD","band":"VH","value":-20.1923,"farmer_unique_id":"2266684","site_id":3317},{"date":"2021-11-25","product":"COPERNICUS/S1_GRD","band":"VH","value":-15.7811,"farmer_unique_id":"2266684","site_id":3317},{"date":"2021-12-07","product":"COPERNICUS/S1_GRD","band":"VH","value":-13.4893,"farmer_unique_id":"2266684","site_id":3317},{"date":"2021-12-19","product":"COPERNICUS/S1_GRD","band":"VH","value":-16.2817,"farmer_unique_id":"2266684","site_id":3317},{"date":"2020-01-11","product":"COPERNICUS/S1_GRD","band":"VV","value":-12.8832,"farmer_unique_id":"2266684","site_id":3317},{"date":"2020-01-23","product":"COPERNICUS/S1_GRD","band":"VV","value":-8.2923,"farmer_unique_id":"2266684","site_id":3317},{"date":"2020-02-04","product":"COPERNICUS/S1_GRD","band":"VV","value":-10.0568,"farmer_unique_id":"2266684","site_id":3317},{"date":"2020-02-16","product":"COPERNICUS/S1_GRD","band":"VV","value":-9.9596,"farmer_unique_id":"2266684","site_id":3317},{"date":"2020-02-28","product":"COPERNICUS/S1_GRD","band":"VV","value":-5.9382,"farmer_unique_id":"2266684","site_id":3317},{"date":"2020-03-11","product":"COPERNICUS/S1_GRD","band":"VV","value":-8.4649,"farmer_unique_id":"2266684","site_id":3317},{"date":"2020-03-23","product":"COPERNICUS/S1_GRD","band":"VV","value":-11.4853,"farmer_unique_id":"2266684","site_id":3317},{"date":"2020-04-04","product":"COPERNICUS/S1_GRD","band":"VV","value":-7.9851,"farmer_unique_id":"2266684","site_id":3317},{"date":"2020-04-16","product":"COPERNICUS/S1_GRD","band":"VV","value":-9.6378,"farmer_unique_id":"2266684","site_id":3317},{"date":"2020-04-28","product":"COPERNICUS/S1_GRD","band":"VV","value":-10.6946,"farmer_unique_id":"2266684","site_id":3317},{"date":"2020-05-10","product":"COPERNICUS/S1_GRD","band":"VV","value":-9.0702,"farmer_unique_id":"2266684","site_id":3317},{"date":"2020-05-22","product":"COPERNICUS/S1_GRD","band":"VV","value":-7.9596,"farmer_unique_id":"2266684","site_id":3317},{"date":"2020-06-03","product":"COPERNICUS/S1_GRD","band":"VV","value":-9.5083,"farmer_unique_id":"2266684","site_id":3317},{"date":"2020-06-15","product":"COPERNICUS/S1_GRD","band":"VV","value":-11.1034,"farmer_unique_id":"2266684","site_id":3317},{"date":"2020-06-27","product":"COPERNICUS/S1_GRD","band":"VV","value":-6.0486,"farmer_unique_id":"2266684","site_id":3317},{"date":"2020-07-09","product":"COPERNICUS/S1_GRD","band":"VV","value":-12.2726,"farmer_unique_id":"2266684","site_id":3317},{"date":"2020-07-21","product":"COPERNICUS/S1_GRD","band":"VV","value":-11.7852,"farmer_unique_id":"2266684","site_id":3317},{"date":"2020-08-02","product":"COPERNICUS/S1_GRD","band":"VV","value":-8.5151,"farmer_unique_id":"2266684","site_id":3317},{"date":"2020-08-14","product":"COPERNICUS/S1_GRD","band":"VV","value":-9.132,"farmer_unique_id":"2266684","site_id":3317},{"date":"2020-08-26","product":"COPERNICUS/S1_GRD","band":"VV","value":-10.5674,"farmer_unique_id":"2266684","site_id":3317},{"date":"2020-09-07","product":"COPERNICUS/S1_GRD","band":"VV","value":-8.5069,"farmer_unique_id":"2266684","site_id":3317},{"date":"2020-09-19","product":"COPERNICUS/S1_GRD","band":"VV","value":-10.1426,"farmer_unique_id":"2266684","site_id":3317},{"date":"2020-10-01","product":"COPERNICUS/S1_GRD","band":"VV","value":-13.2642,"farmer_unique_id":"2266684","site_id":3317},{"date":"2020-10-13","product":"COPERNICUS/S1_GRD","band":"VV","value":-12.7712,"farmer_unique_id":"2266684","site_id":3317},{"date":"2020-10-25","product":"COPERNICUS/S1_GRD","band":"VV","value":-6.902,"farmer_unique_id":"2266684","site_id":3317},{"date":"2020-11-06","product":"COPERNICUS/S1_GRD","band":"VV","value":-11.7609,"farmer_unique_id":"2266684","site_id":3317},{"date":"2020-11-18","product":"COPERNICUS/S1_GRD","band":"VV","value":-10.4165,"farmer_unique_id":"2266684","site_id":3317},{"date":"2020-11-30","product":"COPERNICUS/S1_GRD","band":"VV","value":-6.8965,"farmer_unique_id":"2266684","site_id":3317},{"date":"2020-12-12","product":"COPERNICUS/S1_GRD","band":"VV","value":-12.7612,"farmer_unique_id":"2266684","site_id":3317},{"date":"2020-12-24","product":"COPERNICUS/S1_GRD","band":"VV","value":-11.2153,"farmer_unique_id":"2266684","site_id":3317},{"date":"2021-01-05","product":"COPERNICUS/S1_GRD","band":"VV","value":-12.9396,"farmer_unique_id":"2266684","site_id":3317},{"date":"2021-01-17","product":"COPERNICUS/S1_GRD","band":"VV","value":-7.1616,"farmer_unique_id":"2266684","site_id":3317},{"date":"2021-01-29","product":"COPERNICUS/S1_GRD","band":"VV","value":-9.8693,"farmer_unique_id":"2266684","site_id":3317},{"date":"2021-02-10","product":"COPERNICUS/S1_GRD","band":"VV","value":-11.0811,"farmer_unique_id":"2266684","site_id":3317},{"date":"2021-02-22","product":"COPERNICUS/S1_GRD","band":"VV","value":-10.3409,"farmer_unique_id":"2266684","site_id":3317},{"date":"2021-03-06","product":"COPERNICUS/S1_GRD","band":"VV","value":-12.6459,"farmer_unique_id":"2266684","site_id":3317},{"date":"2021-03-18","product":"COPERNICUS/S1_GRD","band":"VV","value":-11.4164,"farmer_unique_id":"2266684","site_id":3317},{"date":"2021-03-30","product":"COPERNICUS/S1_GRD","band":"VV","value":-11.1258,"farmer_unique_id":"2266684","site_id":3317},{"date":"2021-04-11","product":"COPERNICUS/S1_GRD","band":"VV","value":-9.0031,"farmer_unique_id":"2266684","site_id":3317},{"date":"2021-04-23","product":"COPERNICUS/S1_GRD","band":"VV","value":-7.8684,"farmer_unique_id":"2266684","site_id":3317},{"date":"2021-05-05","product":"COPERNICUS/S1_GRD","band":"VV","value":-9.7981,"farmer_unique_id":"2266684","site_id":3317},{"date":"2021-05-17","product":"COPERNICUS/S1_GRD","band":"VV","value":-11.3082,"farmer_unique_id":"2266684","site_id":3317},{"date":"2021-05-29","product":"COPERNICUS/S1_GRD","band":"VV","value":-10.0359,"farmer_unique_id":"2266684","site_id":3317},{"date":"2021-06-10","product":"COPERNICUS/S1_GRD","band":"VV","value":-9.3386,"farmer_unique_id":"2266684","site_id":3317},{"date":"2021-06-22","product":"COPERNICUS/S1_GRD","band":"VV","value":-10.1342,"farmer_unique_id":"2266684","site_id":3317},{"date":"2021-07-04","product":"COPERNICUS/S1_GRD","band":"VV","value":-11.3606,"farmer_unique_id":"2266684","site_id":3317},{"date":"2021-07-16","product":"COPERNICUS/S1_GRD","band":"VV","value":-11.236,"farmer_unique_id":"2266684","site_id":3317},{"date":"2021-07-28","product":"COPERNICUS/S1_GRD","band":"VV","value":-13.0118,"farmer_unique_id":"2266684","site_id":3317},{"date":"2021-08-09","product":"COPERNICUS/S1_GRD","band":"VV","value":-12.3681,"farmer_unique_id":"2266684","site_id":3317},{"date":"2021-08-21","product":"COPERNICUS/S1_GRD","band":"VV","value":-14.0291,"farmer_unique_id":"2266684","site_id":3317},{"date":"2021-09-02","product":"COPERNICUS/S1_GRD","band":"VV","value":-13.4771,"farmer_unique_id":"2266684","site_id":3317},{"date":"2021-09-14","product":"COPERNICUS/S1_GRD","band":"VV","value":-13.4039,"farmer_unique_id":"2266684","site_id":3317},{"date":"2021-09-26","product":"COPERNICUS/S1_GRD","band":"VV","value":-13.3474,"farmer_unique_id":"2266684","site_id":3317},{"date":"2021-10-08","product":"COPERNICUS/S1_GRD","band":"VV","value":-15.5049,"farmer_unique_id":"2266684","site_id":3317},{"date":"2021-10-20","product":"COPERNICUS/S1_GRD","band":"VV","value":-6.2885,"farmer_unique_id":"2266684","site_id":3317},{"date":"2021-11-01","product":"COPERNICUS/S1_GRD","band":"VV","value":-12.1378,"farmer_unique_id":"2266684","site_id":3317},{"date":"2021-11-13","product":"COPERNICUS/S1_GRD","band":"VV","value":-14.656,"farmer_unique_id":"2266684","site_id":3317},{"date":"2021-11-25","product":"COPERNICUS/S1_GRD","band":"VV","value":-10.9205,"farmer_unique_id":"2266684","site_id":3317},{"date":"2021-12-07","product":"COPERNICUS/S1_GRD","band":"VV","value":-10.4542,"farmer_unique_id":"2266684","site_id":3317},{"date":"2021-12-19","product":"COPERNICUS/S1_GRD","band":"VV","value":-8.6715,"farmer_unique_id":"2266684","site_id":3317}]
