[{"date":"2020-01-11","product":"COPERNICUS/S1_GRD","band":"VH","value":-11.0964,"farmer_unique_id":"3960653","site_id":1335},{"date":"2020-01-23","product":"COPERNICUS/S1_GRD","band":"VH","value":-12.9546,"farmer_unique_id":"3960653","site_id":1335},{"date":"2020-02-04","product":"COPERNICUS/S1_GRD","band":"VH","value":-13.2452,"farmer_unique_id":"3960653","site_id":1335},{"date":"2020-02-16","product":"COPERNICUS/S1_GRD","band":"VH","value":-9.7577,"farmer_unique_id":"3960653","site_id":1335},{"date":"2020-02-28","product":"COPERNICUS/S1_GRD","band":"VH","value":-13.0844,"farmer_unique_id":"3960653","site_id":1335},{"date":"2020-03-11","product":"COPERNICUS/S1_GRD","band":"VH","value":-12.5953,"farmer_unique_id":"3960653","site_id":1335},{"date":"2020-03-23","product":"COPERNICUS/S1_GRD","band":"VH","value":-13.941,"farmer_unique_id":"3960653","site_id":1335},{"date":"2020-04-04","product":"COPERNICUS/S1_GRD","band":"VH","value":-13.4456,"farmer_unique_id":"3960653","site_id":1335},{"date":"2020-04-16","product":"COPERNICUS/S1_GRD","band":"VH","value":-13.8129,"farmer_unique_id":"3960653","site_id":1335},{"date":"2020-04-28","product":"COPERNICUS/S1_GRD","band":"VH","value":-12.1817,"farmer_unique_id":"3960653","site_id":1335},{"date":"2020-05-10","product":"COPERNICUS/S1_GRD","band":"VH","value":-17.8886,"farmer_unique_id":"3960653","site_id":1335},{"date":"2020-05-22","product":"COPERNICUS/S1_GRD","band":"VH","value":-17.0541,"farmer_unique_id":"3960653","site_id":1335},{"date":"2020-06-15","product":"COPERNICUS/S1_GRD","band":"VH","value":-12.0493,"farmer_unique_id":"3960653","site_id":1335},{"date":"2020-06-27","product":"COPERNICUS/S1_GRD","band":"VH","value":-11.4315,"farmer_unique_id":"3960653","site_id":1335},{"date":"2020-07-09","product":"COPERNICUS/S1_GRD","band":"VH","value":-16.2647,"farmer_unique_id":"3960653","site_id":1335},{"date":"2020-07-21","product":"COPERNICUS/S1_GRD","band":"VH","value":-14.7017,"farmer_unique_id":"3960653","site_id":1335},{"date":"2020-08-02","product":"COPERNICUS/S1_GRD","band":"VH","value":-12.0757,"farmer_unique_id":"3960653","site_id":1335},{"date":"2020-08-14","product":"COPERNICUS/S1_GRD","band":"VH","value":-14.6296,"farmer_unique_id":"3960653","site_id":1335},{"date":"2020-08-26","product":"COPERNICUS/S1_GRD","band":"VH","value":-17.6445,"farmer_unique_id":"3960653","site_id":1335},{"date":"2020-09-07","product":"COPERNICUS/S1_GRD","band":"VH","value":-16.5474,"farmer_unique_id":"3960653","site_id":1335},{"date":"2020-09-19","product":"COPERNICUS/S1_GRD","band":"VH","value":-13.2565,"farmer_unique_id":"3960653","site_id":1335},{"date":"2020-10-01","product":"COPERNICUS/S1_GRD","band":"VH","value":-15.4775,"farmer_unique_id":"3960653","site_id":1335},{"date":"2020-10-13","product":"COPERNICUS/S1_GRD","band":"VH","value":-17.8459,"farmer_unique_id":"3960653","site_id":1335},{"date":"2020-10-25","product":"COPERNICUS/S1_GRD","band":"VH","value":-14.0147,"farmer_unique_id":"3960653","site_id":1335},{"date":"2020-11-06","product":"COPERNICUS/S1_GRD","band":"VH","value":-18.3153,"farmer_unique_id":"3960653","site_id":1335},{"date":"2020-11-18","product":"COPERNICUS/S1_GRD","band":"VH","value":-17.5657,"farmer_unique_id":"3960653","site_id":1335},{"date":"2020-11-30","product":"COPERNICUS/S1_GRD","band":"VH","value":-14.3046,"farmer_unique_id":"3960653","site_id":1335},{"date":"2020-12-12","product":"COPERNICUS/S1_GRD","band":"VH","value":-15.7953,"farmer_unique_id":"3960653","site_id":1335},{"date":"2020-12-24","product":"COPERNICUS/S1_GRD","band":"VH","value":-13.6529,"farmer_unique_id":"3960653","site_id":1335},{"date":"2021-01-05","product":"COPERNICUS/S1_GRD","band":"VH","value":-14.2168,"farmer_unique_id":"3960653","site_id":1335},{"date":"2021-01-17","product":"COPERNICUS/S1_GRD","band":"VH","value":-13.1825,"farmer_unique_id":"3960653","site_id":1335},{"date":"2021-01-29","product":"COPERNICUS/S1_GRD","band":"VH","value":-16.5593,"farmer_unique_id":"3960653","site_id":1335},{"date":"2021-02-10","product":"COPERNICUS/S1_GRD","band":"VH","value":-11.2548,"farmer_unique_id":"3960653","site_id":1335},{"date":"2021-02-22","product":"COPERNICUS/S1_GRD","band":"VH","value":-12.4947,"farmer_unique_id":"3960653","site_id":1335},{"date":"2021-03-06","product":"COPERNICUS/S1_GRD","band":"VH","value":-19.7145,"farmer_unique_id":"3960653","site_id":1335},{"date":"2021-03-18","product":"COPERNICUS/S1_GRD","band":"VH","value":-15.2511,"farmer_unique_id":"3960653","site_id":1335},{"date":"2021-03-30","product":"COPERNICUS/S1_GRD","band":"VH","value":-13.2086,"farmer_unique_id":"3960653","site_id":1335},{"date":"2021-04-11","product":"COPERNICUS/S1_GRD","band":"VH","value":-17.4121,"farmer_unique_id":"3960653","site_id":1335},{"date":"2021-04-23","product":"COPERNICUS/S1_GRD","band":"VH","value":-14.241,"farmer_unique_id":"3960653","site_id":1335},{"date":"2021-05-05","product":"COPERNICUS/S1_GRD","band":"VH","value":-16.6074,"farmer_unique_id":"3960653","site_id":1335},{"date":"2021-05-17","product":"COPERNICUS/S1_GRD","band":"VH","value":-16.7713,"farmer_unique_id":"3960653","site_id":1335},{"date":"2021-05-29","product":"COPERNICUS/S1_GRD","band":"VH","value":-15.5062,"farmer_unique_id":"3960653","site_id":1335},{"date":"2021-06-10","product":"COPERNICUS/S1_GRD","band":"VH","value":-16.7989,"farmer_unique_id":"3960653","site_id":1335},{"date":"2021-06-22","product":"COPERNICUS/S1_GRD","band":"VH","value":-14.1497,"farmer_unique_id":"3960653","site_id":1335},{"date":"2021-07-04","product":"COPERNICUS/S1_GRD","band":"VH","value":-19.5395,"farmer_unique_id":"3960653","site_id":1335},{"date":"2021-07-16","product":"COPERNICUS/S1_GRD","band":"VH","value":-14.7315,"farmer_unique_id":"3960653","site_id":1335},{"date":"2021-07-28","product":"COPERNICUS/S1_GRD","band":"VH","value":-13.9582,"farmer_unique_id":"3960653","site_id":1335},{"date":"2021-08-09","product":"COPERNICUS/S1_GRD","band":"VH","value":-14.2382,"farmer_unique_id":"3960653","site_id":1335},{"date":"2021-08-21","product":"COPERNICUS/S1_GRD","band":"VH","value":-17.4407,"farmer_unique_id":"3960653","site_id":1335},{"date":"2021-09-02","product":"COPERNICUS/S1_GRD","band":"VH","value":-13.9878,"farmer_unique_id":"3960653","site_id":1335},{"date":"2021-09-14","product":"COPERNICUS/S1_GRD","band":"VH","value":-13.2575,"farmer_unique_id":"3960653","site_id":1335},{"date":"2021-09-26","product":"COPERNICUS/S1_GRD","band":"VH","value":-18.1864,"farmer_unique_id":"3960653","site_id":1335},{"date":"2021-10-08","product":"COPERNICUS/S1_GRD","band":"VH","value":-18.5873,"farmer_unique_id":"3960653","site_id":1335},{"date":"2021-10-20","product":"COPERNICUS/S1_GRD","band":"VH","value":-17.1331,"farmer_unique_id":"3960653","site_id":1335},{"date":"2021-11-01","product":"COPERNICUS/S1_GRD","band":"VH","value":-20.3743,"farmer_unique_id":"3960653","site_id":1335},{"date":"2021-11-13","product":"COPERNICUS/S1_GRD","band":"VH","value":-15.4691,"farmer_unique_id":"3960653","site_id":1335},{"date":"2021-11-25","product":"COPERNICUS/S1_GRD","band":"VH","value":-15.0357,"farmer_unique_id":"3960653","site_id":1335},{"date":"2021-12-07","product":"COPERNICUS/S1_GRD","band":"VH","value":-18.0939,"farmer_unique_id":"3960653","site_id":1335},{"date":"2021-12-19","product":"COPERNICUS/S1_GRD","band":"VH","value":-12.6893,"farmer_unique_id":"3960653","site_id":1335},{"date":"2020-01-11","product":"COPERNICUS/S1_GRD","band":"VV","value":-5.9755,"farmer_unique_id":"3960653","site_id":1335},{"date":"2020-01-23","product":"COPERNICUS/S1_GRD","band":"VV","value":-8.8792,"farmer_unique_id":"3960653","site_id":1335},{"date":"2020-02-04","product":"COPERNICUS/S1_GRD","band":"VV","value":-5.2195,"farmer_unique_id":"3960653","site_id":1335},{"date":"2020-02-16","product":"COPERNICUS/S1_GRD","band":"VV","value":-5.292,"farmer_unique_id":"3960653","site_id":1335},{"date":"2020-02-28","product":"COPERNICUS/S1_GRD","band":"VV","value":-5.7598,"farmer_unique_id":"3960653","site_id":1335},{"date":"2020-03-11","product":"COPERNICUS/S1_GRD","band":"VV","value":-8.712,"farmer_unique_id":"3960653","site_id":1335},{"date":"2020-03-23","product":"COPERNICUS/S1_GRD","band":"VV","value":-4.8247,"farmer_unique_id":"3960653","site_id":1335},{"date":"2020-04-04","product":"COPERNICUS/S1_GRD","band":"VV","value":-6.5098,"farmer_unique_id":"3960653","site_id":1335},{"date":"2020-04-16","product":"COPERNICUS/S1_GRD","band":"VV","value":-8.7636,"farmer_unique_id":"3960653","site_id":1335},{"date":"2020-04-28","product":"COPERNICUS/S1_GRD","band":"VV","value":-5.2138,"farmer_unique_id":"3960653","site_id":1335},{"date":"2020-05-10","product":"COPERNICUS/S1_GRD","band":"VV","value":-7.3489,"farmer_unique_id":"3960653","site_id":1335},{"date":"2020-05-22","product":"COPERNICUS/S1_GRD","band":"VV","value":-11.7514,"farmer_unique_id":"3960653","site_id":1335},{"date":"2020-06-15","product":"COPERNICUS/S1_GRD","band":"VV","value":-7.7977,"farmer_unique_id":"3960653","site_id":1335},{"date":"2020-06-27","product":"COPERNICUS/S1_GRD","band":"VV","value":-5.3064,"farmer_unique_id":"3960653","site_id":1335},{"date":"2020-07-09","product":"COPERNICUS/S1_GRD","band":"VV","value":-7.3068,"farmer_unique_id":"3960653","site_id":1335},{"date":"2020-07-21","product":"COPERNICUS/S1_GRD","band":"VV","value":-10.2266,"farmer_unique_id":"3960653","site_id":1335},{"date":"2020-08-02","product":"COPERNICUS/S1_GRD","band":"VV","value":-11.6611,"farmer_unique_id":"3960653","site_id":1335},{"date":"2020-08-14","product":"COPERNICUS/S1_GRD","band":"VV","value":-8.1555,"farmer_unique_id":"3960653","site_id":1335},{"date":"2020-08-26","product":"COPERNICUS/S1_GRD","band":"VV","value":-11.1968,"farmer_unique_id":"3960653","site_id":1335},{"date":"2020-09-07","product":"COPERNICUS/S1_GRD","band":"VV","value":-11.345,"farmer_unique_id":"3960653","site_id":1335},{"date":"2020-09-19","product":"COPERNICUS/S1_GRD","band":"VV","value":-11.5386,"farmer_unique_id":"3960653","site_id":1335},{"date":"2020-10-01","product":"COPERNICUS/S1_GRD","band":"VV","value":-6.5255,"farmer_unique_id":"3960653","site_id":1335},{"date":"2020-10-13","product":"COPERNICUS/S1_GRD","band":"VV","value":-7.9365,"farmer_unique_id":"3960653","site_id":1335},{"date":"2020-10-25","product":"COPERNICUS/S1_GRD","band":"VV","value":-8.0517,"farmer_unique_id":"3960653","site_id":1335},{"date":"2020-11-06","product":"COPERNICUS/S1_GRD","band":"VV","value":-7.727,"farmer_unique_id":"3960653","site_id":1335},{"date":"2020-11-18","product":"COPERNICUS/S1_GRD","band":"VV","value":-11.3273,"farmer_unique_id":"3960653","site_id":1335},{"date":"2020-11-30","product":"COPERNICUS/S1_GRD","band":"VV","value":-8.6148,"farmer_unique_id":"3960653","site_id":1335},{"date":"2020-12-12","product":"COPERNICUS/S1_GRD","band":"VV","value":-9.1361,"farmer_unique_id":"3960653","site_id":1335},{"date":"2020-12-24","product":"COPERNICUS/S1_GRD","band":"VV","value":-8.1663,"farmer_unique_id":"3960653","site_id":1335},{"date":"2021-01-05","product":"COPERNICUS/S1_GRD","band":"VV","value":-5.5083,"farmer_unique_id":"3960653","site_id":1335},{"date":"2021-01-17","product":"COPERNICUS/S1_GRD","band":"VV","value":-4.2159,"farmer_unique_id":"3960653","site_id":1335},{"date":"2021-01-29","product":"COPERNICUS/S1_GRD","band":"VV","value":-7.8274,"farmer_unique_id":"3960653","site_id":1335},{"date":"2021-02-10","product":"COPERNICUS/S1_GRD","band":"VV","value":-6.2755,"farmer_unique_id":"3960653","site_id":1335},{"date":"2021-02-22","product":"COPERNICUS/S1_GRD","band":"VV","value":-6.1754,"farmer_unique_id":"3960653","site_id":1335},{"date":"2021-03-06","product":"COPERNICUS/S1_GRD","band":"VV","value":-11.0679,"farmer_unique_id":"3960653","site_id":1335},{"date":"2021-03-18","product":"COPERNICUS/S1_GRD","band":"VV","value":-9.0177,"farmer_unique_id":"3960653","site_id":1335},{"date":"2021-03-30","product":"COPERNICUS/S1_GRD","band":"VV","value":-6.8646,"farmer_unique_id":"3960653","site_id":1335},{"date":"2021-04-11","product":"COPERNICUS/S1_GRD","band":"VV","value":-9.8373,"farmer_unique_id":"3960653","site_id":1335},{"date":"2021-04-23","product":"COPERNICUS/S1_GRD","band":"VV","value":-7.517,"farmer_unique_id":"3960653","site_id":1335},{"date":"2021-05-05","product":"COPERNICUS/S1_GRD","band":"VV","value":-10.4489,"farmer_unique_id":"3960653","site_id":1335},{"date":"2021-05-17","product":"COPERNICUS/S1_GRD","band":"VV","value":-4.4887,"farmer_unique_id":"3960653","site_id":1335},{"date":"2021-05-29","product":"COPERNICUS/S1_GRD","band":"VV","value":-8.1596,"farmer_unique_id":"3960653","site_id":1335},{"date":"2021-06-10","product":"COPERNICUS/S1_GRD","band":"VV","value":-9.6191,"farmer_unique_id":"3960653","site_id":1335},{"date":"2021-06-22","product":"COPERNICUS/S1_GRD","band":"VV","value":-4.7352,"farmer_unique_id":"3960653","site_id":1335},{"date":"2021-07-04","product":"COPERNICUS/S1_GRD","band":"VV","value":-10.6021,"farmer_unique_id":"3960653","site_id":1335},{"date":"2021-07-16","product":"COPERNICUS/S1_GRD","band":"VV","value":-8.3084,"farmer_unique_id":"3960653","site_id":1335},{"date":"2021-07-28","product":"COPERNICUS/S1_GRD","band":"VV","value":-6.8315,"farmer_unique_id":"3960653","site_id":1335},{"date":"2021-08-09","product":"COPERNICUS/S1_GRD","band":"VV","value":-9.2126,"farmer_unique_id":"3960653","site_id":1335},{"date":"2021-08-21","product":"COPERNICUS/S1_GRD","band":"VV","value":-10.4501,"farmer_unique_id":"3960653","site_id":1335},{"date":"2021-09-02","product":"COPERNICUS/S1_GRD","band":"VV","value":-9.727,"farmer_unique_id":"3960653","site_id":1335},{"date":"2021-09-14","product":"COPERNICUS/S1_GRD","band":"VV","value":-5.9531,"farmer_unique_id":"3960653","site_id":1335},{"date":"2021-09-26","product":"COPERNICUS/S1_GRD","band":"VV","value":-9.3476,"farmer_unique_id":"3960653","site_id":1335},{"date":"2021-10-08","product":"COPERNICUS/S1_GRD","band":"VV","value":-8.2102,"farmer_unique_id":"3960653","site_id":1335},{"date":"2021-10-20","product":"COPERNICUS/S1_GRD","band":"VV","value":-11.1291,"farmer_unique_id":"3960653","site_id":1335},{"date":"2021-11-01","product":"COPERNICUS/S1_GRD","band":"VV","value":-8.385,"farmer_unique_id":"3960653","site_id":1335},{"date":"2021-11-13","product":"COPERNICUS/S1_GRD","band":"VV","value":-10.0178,"farmer_unique_id":"3960653","site_id":1335},{"date":"2021-11-25","product":"COPERNICUS/S1_GRD","band":"VV","value":-10.1429,"farmer_unique_id":"3960653","site_id":1335},{"date":"2021-12-07","product":"COPERNICUS/S1_GRD","band":"VV","value":-8.304,"farmer_unique_id":"3960653","site_id":1335},{"date":"2021-12-19","product":"COPERNICUS/S1_GRD","band":"VV","value":-6.0155,"farmer_unique_id":"3960653","site_id":1335}]
