[{"date":"2020-01-11","product":"COPERNICUS/S1_GRD","band":"VH","value":-16.2515,"farmer_unique_id":"2365337","site_id":7635},{"date":"2020-01-23","product":"COPERNICUS/S1_GRD","band":"VH","value":-15.1437,"farmer_unique_id":"2365337","site_id":7635},{"date":"2020-02-04","product":"COPERNICUS/S1_GRD","band":"VH","value":-11.936,"farmer_unique_id":"2365337","site_id":7635},{"date":"2020-02-16","product":"COPERNICUS/S1_GRD","band":"VH","value":-13.8688,"farmer_unique_id":"2365337","site_id":7635},{"date":"2020-02-28","product":"COPERNICUS/S1_GRD","band":"VH","value":-16.7575,"farmer_unique_id":"2365337","site_id":7635},{"date":"2020-03-11","product":"COPERNICUS/S1_GRD","band":"VH","value":-16.5809,"farmer_unique_id":"2365337","site_id":7635},{"date":"2020-03-23","product":"COPERNICUS/S1_GRD","band":"VH","value":-14.9962,"farmer_unique_id":"2365337","site_id":7635},{"date":"2020-04-04","product":"COPERNICUS/S1_GRD","band":"VH","value":-15.9903,"farmer_unique_id":"2365337","site_id":7635},{"date":"2020-04-16","product":"COPERNICUS/S1_GRD","band":"VH","value":-17.6114,"farmer_unique_id":"2365337","site_id":7635},{"date":"2020-04-28","product":"COPERNICUS/S1_GRD","band":"VH","value":-16.5892,"farmer_unique_id":"2365337","site_id":7635},{"date":"2020-05-10","product":"COPERNICUS/S1_GRD","band":"VH","value":-15.0815,"farmer_unique_id":"2365337","site_id":7635},{"date":"2020-05-22","product":"COPERNICUS/S1_GRD","band":"VH","value":-15.1416,"farmer_unique_id":"2365337","site_id":7635},{"date":"2020-06-15","product":"COPERNICUS/S1_GRD","band":"VH","value":-11.5921,"farmer_unique_id":"2365337","site_id":7635},{"date":"2020-06-27","product":"COPERNICUS/S1_GRD","band":"VH","value":-15.1386,"farmer_unique_id":"2365337","site_id":7635},{"date":"2020-07-09","product":"COPERNICUS/S1_GRD","band":"VH","value":-16.0414,"farmer_unique_id":"2365337","site_id":7635},{"date":"2020-07-21","product":"COPERNICUS/S1_GRD","band":"VH","value":-15.5281,"farmer_unique_id":"2365337","site_id":7635},{"date":"2020-08-02","product":"COPERNICUS/S1_GRD","band":"VH","value":-15.212,"farmer_unique_id":"2365337","site_id":7635},{"date":"2020-08-14","product":"COPERNICUS/S1_GRD","band":"VH","value":-14.893,"farmer_unique_id":"2365337","site_id":7635},{"date":"2020-08-26","product":"COPERNICUS/S1_GRD","band":"VH","value":-15.7956,"farmer_unique_id":"2365337","site_id":7635},{"date":"2020-09-07","product":"COPERNICUS/S1_GRD","band":"VH","value":-13.0132,"farmer_unique_id":"2365337","site_id":7635},{"date":"2020-09-19","product":"COPERNICUS/S1_GRD","band":"VH","value":-15.4843,"farmer_unique_id":"2365337","site_id":7635},{"date":"2020-10-01","product":"COPERNICUS/S1_GRD","band":"VH","value":-16.895,"farmer_unique_id":"2365337","site_id":7635},{"date":"2020-10-13","product":"COPERNICUS/S1_GRD","band":"VH","value":-16.9057,"farmer_unique_id":"2365337","site_id":7635},{"date":"2020-10-25","product":"COPERNICUS/S1_GRD","band":"VH","value":-12.638,"farmer_unique_id":"2365337","site_id":7635},{"date":"2020-11-06","product":"COPERNICUS/S1_GRD","band":"VH","value":-16.3306,"farmer_unique_id":"2365337","site_id":7635},{"date":"2020-11-18","product":"COPERNICUS/S1_GRD","band":"VH","value":-14.4642,"farmer_unique_id":"2365337","site_id":7635},{"date":"2020-11-30","product":"COPERNICUS/S1_GRD","band":"VH","value":-16.1934,"farmer_unique_id":"2365337","site_id":7635},{"date":"2020-12-12","product":"COPERNICUS/S1_GRD","band":"VH","value":-15.792,"farmer_unique_id":"2365337","site_id":7635},{"date":"2020-12-24","product":"COPERNICUS/S1_GRD","band":"VH","value":-12.8323,"farmer_unique_id":"2365337","site_id":7635},{"date":"2021-01-05","product":"COPERNICUS/S1_GRD","band":"VH","value":-14.8284,"farmer_unique_id":"2365337","site_id":7635},{"date":"2021-01-17","product":"COPERNICUS/S1_GRD","band":"VH","value":-17.2377,"farmer_unique_id":"2365337","site_id":7635},{"date":"2021-01-29","product":"COPERNICUS/S1_GRD","band":"VH","value":-13.5869,"farmer_unique_id":"2365337","site_id":7635},{"date":"2021-02-10","product":"COPERNICUS/S1_GRD","band":"VH","value":-17.5097,"farmer_unique_id":"2365337","site_id":7635},{"date":"2021-02-22","product":"COPERNICUS/S1_GRD","band":"VH","value":-16.6661,"farmer_unique_id":"2365337","site_id":7635},{"date":"2021-03-06","product":"COPERNICUS/S1_GRD","band":"VH","value":-17.0727,"farmer_unique_id":"2365337","site_id":7635},{"date":"2021-03-18","product":"COPERNICUS/S1_GRD","band":"VH","value":-16.2013,"farmer_unique_id":"2365337","site_id":7635},{"date":"2021-03-30","product":"COPERNICUS/S1_GRD","band":"VH","value":-12.8493,"farmer_unique_id":"2365337","site_id":7635},{"date":"2021-04-11","product":"COPERNICUS/S1_GRD","band":"VH","value":-15.5626,"farmer_unique_id":"2365337","site_id":7635},{"date":"2021-04-23","product":"COPERNICUS/S1_GRD","band":"VH","value":-17.4325,"farmer_unique_id":"2365337","site_id":7635},{"date":"2021-05-05","product":"COPERNICUS/S1_GRD","band":"VH","value":-15.2839,"farmer_unique_id":"2365337","site_id":7635},{"date":"2021-05-17","product":"COPERNICUS/S1_GRD","band":"VH","value":-16.286,"farmer_unique_id":"2365337","site_id":7635},{"date":"2021-05-29","product":"COPERNICUS/S1_GRD","band":"VH","value":-13.7059,"farmer_unique_id":"2365337","site_id":7635},{"date":"2021-06-10","product":"COPERNICUS/S1_GRD","band":"VH","value":-15.814,"farmer_unique_id":"2365337","site_id":7635},{"date":"2021-06-22","product":"COPERNICUS/S1_GRD","band":"VH","value":-17.1587,"farmer_unique_id":"2365337","site_id":7635},{"date":"2021-07-04","product":"COPERNICUS/S1_GRD","band":"VH","value":-16.6238,"farmer_unique_id":"2365337","site_id":7635},{"date":"2021-07-16","product":"COPERNICUS/S1_GRD","band":"VH","value":-17.7117,"farmer_unique_id":"2365337","site_id":7635},{"date":"2021-07-28","product":"COPERNICUS/S1_GRD","band":"VH","value":-17.7909,"farmer_unique_id":"2365337","site_id":7635},{"date":"2021-08-09","product":"COPERNICUS/S1_GRD","band":"VH","value":-14.1915,"farmer_unique_id":"2365337","site_id":7635},{"date":"2021-08-21","product":"COPERNICUS/S1_GRD","band":"VH","value":-17.9067,"farmer_unique_id":"2365337","site_id":7635},{"date":"2021-09-02","product":"COPERNICUS/S1_GRD","band":"VH","value":-18.1619,"farmer_unique_id":"2365337","site_id":7635},{"date":"2021-09-14","product":"COPERNICUS/S1_GRD","band":"VH","value":-13.1923,"farmer_unique_id":"2365337","site_id":7635},{"date":"2021-09-26","product":"COPERNICUS/S1_GRD","band":"VH","value":-18.8674,"farmer_unique_id":"2365337","site_id":7635},{"date":"2021-10-08","product":"COPERNICUS/S1_GRD","band":"VH","value":-17.1161,"farmer_unique_id":"2365337","site_id":7635},{"date":"2021-10-20","product":"COPERNICUS/S1_GRD","band":"VH","value":-14.4737,"farmer_unique_id":"2365337","site_id":7635},{"date":"2021-11-01","product":"COPERNICUS/S1_GRD","band":"VH","value":-14.2632,"farmer_unique_id":"2365337","site_id":7635},{"date":"2021-11-13","product":"COPERNICUS/S1_GRD","band":"VH","value":-15.0706,"farmer_unique_id":"2365337","site_id":7635},{"date":"2021-11-25","product":"COPERNICUS/S1_GRD","band":"VH","value":-15.1822,"farmer_unique_id":"2365337","site_id":7635},{"date":"2021-12-07","product":"COPERNICUS/S1_GRD","band":"VH","value":-14.8617,"farmer_unique_id":"2365337","site_id":7635},{"date":"2021-12-19","product":"COPERNICUS/S1_GRD","band":"VH","value":-17.6635,"farmer_unique_id":"2365337","site_id":7635},{"date":"2020-01-11","product":"COPERNICUS/S1_GRD","band":"VV","value":-11.8519,"farmer_unique_id":"2365337","site_id":7635},{"date":"2020-01-23","product":"COPERNICUS/S1_GRD","band":"VV","value":-8.5814,"farmer_unique_id":"2365337","site_id":7635},{"date":"2020-02-04","product":"COPERNICUS/S1_GRD","band":"VV","value":-10.7817,"farmer_unique_id":"2365337","site_id":7635},{"date":"2020-02-16","product":"COPERNICUS/S1_GRD","band":"VV","value":-12.9744,"farmer_unique_id":"2365337","site_id":7635},{"date":"2020-02-28","product":"COPERNICUS/S1_GRD","band":"VV","value":-6.8798,"farmer_unique_id":"2365337","site_id":7635},{"date":"2020-03-11","product":"COPERNICUS/S1_GRD","band":"VV","value":-9.9544,"farmer_unique_id":"2365337","site_id":7635},{"date":"2020-03-23","product":"COPERNICUS/S1_GRD","band":"VV","value":-9.2369,"farmer_unique_id":"2365337","site_id":7635},{"date":"2020-04-04","product":"COPERNICUS/S1_GRD","band":"VV","value":-10.9162,"farmer_unique_id":"2365337","site_id":7635},{"date":"2020-04-16","product":"COPERNICUS/S1_GRD","band":"VV","value":-10.5917,"farmer_unique_id":"2365337","site_id":7635},{"date":"2020-04-28","product":"COPERNICUS/S1_GRD","band":"VV","value":-9.3645,"farmer_unique_id":"2365337","site_id":7635},{"date":"2020-05-10","product":"COPERNICUS/S1_GRD","band":"VV","value":-8.8219,"farmer_unique_id":"2365337","site_id":7635},{"date":"2020-05-22","product":"COPERNICUS/S1_GRD","band":"VV","value":-9.0875,"farmer_unique_id":"2365337","site_id":7635},{"date":"2020-06-15","product":"COPERNICUS/S1_GRD","band":"VV","value":-10.0696,"farmer_unique_id":"2365337","site_id":7635},{"date":"2020-06-27","product":"COPERNICUS/S1_GRD","band":"VV","value":-8.0039,"farmer_unique_id":"2365337","site_id":7635},{"date":"2020-07-09","product":"COPERNICUS/S1_GRD","band":"VV","value":-6.1241,"farmer_unique_id":"2365337","site_id":7635},{"date":"2020-07-21","product":"COPERNICUS/S1_GRD","band":"VV","value":-9.2923,"farmer_unique_id":"2365337","site_id":7635},{"date":"2020-08-02","product":"COPERNICUS/S1_GRD","band":"VV","value":-8.8578,"farmer_unique_id":"2365337","site_id":7635},{"date":"2020-08-14","product":"COPERNICUS/S1_GRD","band":"VV","value":-9.9093,"farmer_unique_id":"2365337","site_id":7635},{"date":"2020-08-26","product":"COPERNICUS/S1_GRD","band":"VV","value":-9.0243,"farmer_unique_id":"2365337","site_id":7635},{"date":"2020-09-07","product":"COPERNICUS/S1_GRD","band":"VV","value":-11.1356,"farmer_unique_id":"2365337","site_id":7635},{"date":"2020-09-19","product":"COPERNICUS/S1_GRD","band":"VV","value":-9.1892,"farmer_unique_id":"2365337","site_id":7635},{"date":"2020-10-01","product":"COPERNICUS/S1_GRD","band":"VV","value":-11.6057,"farmer_unique_id":"2365337","site_id":7635},{"date":"2020-10-13","product":"COPERNICUS/S1_GRD","band":"VV","value":-9.0964,"farmer_unique_id":"2365337","site_id":7635},{"date":"2020-10-25","product":"COPERNICUS/S1_GRD","band":"VV","value":-12.2014,"farmer_unique_id":"2365337","site_id":7635},{"date":"2020-11-06","product":"COPERNICUS/S1_GRD","band":"VV","value":-9.2504,"farmer_unique_id":"2365337","site_id":7635},{"date":"2020-11-18","product":"COPERNICUS/S1_GRD","band":"VV","value":-8.56,"farmer_unique_id":"2365337","site_id":7635},{"date":"2020-11-30","product":"COPERNICUS/S1_GRD","band":"VV","value":-9.4359,"farmer_unique_id":"2365337","site_id":7635},{"date":"2020-12-12","product":"COPERNICUS/S1_GRD","band":"VV","value":-8.5057,"farmer_unique_id":"2365337","site_id":7635},{"date":"2020-12-24","product":"COPERNICUS/S1_GRD","band":"VV","value":-14.5937,"farmer_unique_id":"2365337","site_id":7635},{"date":"2021-01-05","product":"COPERNICUS/S1_GRD","band":"VV","value":-11.0055,"farmer_unique_id":"2365337","site_id":7635},{"date":"2021-01-17","product":"COPERNICUS/S1_GRD","band":"VV","value":-8.1894,"farmer_unique_id":"2365337","site_id":7635},{"date":"2021-01-29","product":"COPERNICUS/S1_GRD","band":"VV","value":-8.2637,"farmer_unique_id":"2365337","site_id":7635},{"date":"2021-02-10","product":"COPERNICUS/S1_GRD","band":"VV","value":-10.7382,"farmer_unique_id":"2365337","site_id":7635},{"date":"2021-02-22","product":"COPERNICUS/S1_GRD","band":"VV","value":-12.4957,"farmer_unique_id":"2365337","site_id":7635},{"date":"2021-03-06","product":"COPERNICUS/S1_GRD","band":"VV","value":-11.2347,"farmer_unique_id":"2365337","site_id":7635},{"date":"2021-03-18","product":"COPERNICUS/S1_GRD","band":"VV","value":-8.4953,"farmer_unique_id":"2365337","site_id":7635},{"date":"2021-03-30","product":"COPERNICUS/S1_GRD","band":"VV","value":-10.8519,"farmer_unique_id":"2365337","site_id":7635},{"date":"2021-04-11","product":"COPERNICUS/S1_GRD","band":"VV","value":-12.4348,"farmer_unique_id":"2365337","site_id":7635},{"date":"2021-04-23","product":"COPERNICUS/S1_GRD","band":"VV","value":-7.5033,"farmer_unique_id":"2365337","site_id":7635},{"date":"2021-05-05","product":"COPERNICUS/S1_GRD","band":"VV","value":-7.739,"farmer_unique_id":"2365337","site_id":7635},{"date":"2021-05-17","product":"COPERNICUS/S1_GRD","band":"VV","value":-7.7088,"farmer_unique_id":"2365337","site_id":7635},{"date":"2021-05-29","product":"COPERNICUS/S1_GRD","band":"VV","value":-7.6519,"farmer_unique_id":"2365337","site_id":7635},{"date":"2021-06-10","product":"COPERNICUS/S1_GRD","band":"VV","value":-7.7961,"farmer_unique_id":"2365337","site_id":7635},{"date":"2021-06-22","product":"COPERNICUS/S1_GRD","band":"VV","value":-8.2852,"farmer_unique_id":"2365337","site_id":7635},{"date":"2021-07-04","product":"COPERNICUS/S1_GRD","band":"VV","value":-10.3685,"farmer_unique_id":"2365337","site_id":7635},{"date":"2021-07-16","product":"COPERNICUS/S1_GRD","band":"VV","value":-8.2792,"farmer_unique_id":"2365337","site_id":7635},{"date":"2021-07-28","product":"COPERNICUS/S1_GRD","band":"VV","value":-7.7774,"farmer_unique_id":"2365337","site_id":7635},{"date":"2021-08-09","product":"COPERNICUS/S1_GRD","band":"VV","value":-7.1844,"farmer_unique_id":"2365337","site_id":7635},{"date":"2021-08-21","product":"COPERNICUS/S1_GRD","band":"VV","value":-10.1662,"farmer_unique_id":"2365337","site_id":7635},{"date":"2021-09-02","product":"COPERNICUS/S1_GRD","band":"VV","value":-9.9646,"farmer_unique_id":"2365337","site_id":7635},{"date":"2021-09-14","product":"COPERNICUS/S1_GRD","band":"VV","value":-13.2523,"farmer_unique_id":"2365337","site_id":7635},{"date":"2021-09-26","product":"COPERNICUS/S1_GRD","band":"VV","value":-11.9247,"farmer_unique_id":"2365337","site_id":7635},{"date":"2021-10-08","product":"COPERNICUS/S1_GRD","band":"VV","value":-9.9899,"farmer_unique_id":"2365337","site_id":7635},{"date":"2021-10-20","product":"COPERNICUS/S1_GRD","band":"VV","value":-11.1334,"farmer_unique_id":"2365337","site_id":7635},{"date":"2021-11-01","product":"COPERNICUS/S1_GRD","band":"VV","value":-8.1449,"farmer_unique_id":"2365337","site_id":7635},{"date":"2021-11-13","product":"COPERNICUS/S1_GRD","band":"VV","value":-7.7544,"farmer_unique_id":"2365337","site_id":7635},{"date":"2021-11-25","product":"COPERNICUS/S1_GRD","band":"VV","value":-9.4802,"farmer_unique_id":"2365337","site_id":7635},{"date":"2021-12-07","product":"COPERNICUS/S1_GRD","band":"VV","value":-10.7402,"farmer_unique_id":"2365337","site_id":7635},{"date":"2021-12-19","product":"COPERNICUS/S1_GRD","band":"VV","value":-13.0967,"farmer_unique_id":"2365337","site_id":7635}]
