[{"date":"2020-01-04","product":"COPERNICUS/S1_GRD","band":"VH","value":-14.5109,"farmer_unique_id":"1987530","site_id":8392},{"date":"2020-01-09","product":"COPERNICUS/S1_GRD","band":"VH","value":-15.906,"farmer_unique_id":"1987530","site_id":8392},{"date":"2020-01-16","product":"COPERNICUS/S1_GRD","band":"VH","value":-13.7628,"farmer_unique_id":"1987530","site_id":8392},{"date":"2020-01-21","product":"COPERNICUS/S1_GRD","band":"VH","value":-16.0785,"farmer_unique_id":"1987530","site_id":8392},{"date":"2020-01-28","product":"COPERNICUS/S1_GRD","band":"VH","value":-11.4829,"farmer_unique_id":"1987530","site_id":8392},{"date":"2020-02-02","product":"COPERNICUS/S1_GRD","band":"VH","value":-16.0657,"farmer_unique_id":"1987530","site_id":8392},{"date":"2020-02-09","product":"COPERNICUS/S1_GRD","band":"VH","value":-16.8547,"farmer_unique_id":"1987530","site_id":8392},{"date":"2020-02-14","product":"COPERNICUS/S1_GRD","band":"VH","value":-18.5115,"farmer_unique_id":"1987530","site_id":8392},{"date":"2020-02-21","product":"COPERNICUS/S1_GRD","band":"VH","value":-13.9742,"farmer_unique_id":"1987530","site_id":8392},{"date":"2020-02-26","product":"COPERNICUS/S1_GRD","band":"VH","value":-22.2063,"farmer_unique_id":"1987530","site_id":8392},{"date":"2020-03-04","product":"COPERNICUS/S1_GRD","band":"VH","value":-16.4569,"farmer_unique_id":"1987530","site_id":8392},{"date":"2020-03-09","product":"COPERNICUS/S1_GRD","band":"VH","value":-18.7423,"farmer_unique_id":"1987530","site_id":8392},{"date":"2020-03-16","product":"COPERNICUS/S1_GRD","band":"VH","value":-17.6387,"farmer_unique_id":"1987530","site_id":8392},{"date":"2020-03-21","product":"COPERNICUS/S1_GRD","band":"VH","value":-15.279,"farmer_unique_id":"1987530","site_id":8392},{"date":"2020-03-28","product":"COPERNICUS/S1_GRD","band":"VH","value":-12.7022,"farmer_unique_id":"1987530","site_id":8392},{"date":"2020-04-02","product":"COPERNICUS/S1_GRD","band":"VH","value":-15.1737,"farmer_unique_id":"1987530","site_id":8392},{"date":"2020-04-09","product":"COPERNICUS/S1_GRD","band":"VH","value":-19.6534,"farmer_unique_id":"1987530","site_id":8392},{"date":"2020-04-14","product":"COPERNICUS/S1_GRD","band":"VH","value":-14.1847,"farmer_unique_id":"1987530","site_id":8392},{"date":"2020-04-21","product":"COPERNICUS/S1_GRD","band":"VH","value":-14.6477,"farmer_unique_id":"1987530","site_id":8392},{"date":"2020-04-26","product":"COPERNICUS/S1_GRD","band":"VH","value":-13.8333,"farmer_unique_id":"1987530","site_id":8392},{"date":"2020-05-03","product":"COPERNICUS/S1_GRD","band":"VH","value":-12.9229,"farmer_unique_id":"1987530","site_id":8392},{"date":"2020-05-08","product":"COPERNICUS/S1_GRD","band":"VH","value":-12.1458,"farmer_unique_id":"1987530","site_id":8392},{"date":"2020-05-15","product":"COPERNICUS/S1_GRD","band":"VH","value":-12.9084,"farmer_unique_id":"1987530","site_id":8392},{"date":"2020-05-20","product":"COPERNICUS/S1_GRD","band":"VH","value":-14.6283,"farmer_unique_id":"1987530","site_id":8392},{"date":"2020-05-27","product":"COPERNICUS/S1_GRD","band":"VH","value":-16.6084,"farmer_unique_id":"1987530","site_id":8392},{"date":"2020-06-01","product":"COPERNICUS/S1_GRD","band":"VH","value":-15.1736,"farmer_unique_id":"1987530","site_id":8392},{"date":"2020-06-08","product":"COPERNICUS/S1_GRD","band":"VH","value":-12.4018,"farmer_unique_id":"1987530","site_id":8392},{"date":"2020-06-13","product":"COPERNICUS/S1_GRD","band":"VH","value":-14.5498,"farmer_unique_id":"1987530","site_id":8392},{"date":"2020-06-20","product":"COPERNICUS/S1_GRD","band":"VH","value":-13.9584,"farmer_unique_id":"1987530","site_id":8392},{"date":"2020-06-25","product":"COPERNICUS/S1_GRD","band":"VH","value":-16.7873,"farmer_unique_id":"1987530","site_id":8392},{"date":"2020-07-02","product":"COPERNICUS/S1_GRD","band":"VH","value":-14.3275,"farmer_unique_id":"1987530","site_id":8392},{"date":"2020-07-07","product":"COPERNICUS/S1_GRD","band":"VH","value":-19.0695,"farmer_unique_id":"1987530","site_id":8392},{"date":"2020-07-14","product":"COPERNICUS/S1_GRD","band":"VH","value":-14.852,"farmer_unique_id":"1987530","site_id":8392},{"date":"2020-07-19","product":"COPERNICUS/S1_GRD","band":"VH","value":-19.1148,"farmer_unique_id":"1987530","site_id":8392},{"date":"2020-07-26","product":"COPERNICUS/S1_GRD","band":"VH","value":-18.8796,"farmer_unique_id":"1987530","site_id":8392},{"date":"2020-07-31","product":"COPERNICUS/S1_GRD","band":"VH","value":-15.5087,"farmer_unique_id":"1987530","site_id":8392},{"date":"2020-08-07","product":"COPERNICUS/S1_GRD","band":"VH","value":-17.9291,"farmer_unique_id":"1987530","site_id":8392},{"date":"2020-08-12","product":"COPERNICUS/S1_GRD","band":"VH","farmer_unique_id":"1987530","site_id":8392},{"date":"2020-08-19","product":"COPERNICUS/S1_GRD","band":"VH","value":-12.1451,"farmer_unique_id":"1987530","site_id":8392},{"date":"2020-08-24","product":"COPERNICUS/S1_GRD","band":"VH","value":-13.8088,"farmer_unique_id":"1987530","site_id":8392},{"date":"2020-08-31","product":"COPERNICUS/S1_GRD","band":"VH","value":-16.2223,"farmer_unique_id":"1987530","site_id":8392},{"date":"2020-09-05","product":"COPERNICUS/S1_GRD","band":"VH","value":-17.142,"farmer_unique_id":"1987530","site_id":8392},{"date":"2020-09-12","product":"COPERNICUS/S1_GRD","band":"VH","value":-18.1308,"farmer_unique_id":"1987530","site_id":8392},{"date":"2020-09-17","product":"COPERNICUS/S1_GRD","band":"VH","value":-14.6417,"farmer_unique_id":"1987530","site_id":8392},{"date":"2020-09-24","product":"COPERNICUS/S1_GRD","band":"VH","value":-12.8088,"farmer_unique_id":"1987530","site_id":8392},{"date":"2020-09-29","product":"COPERNICUS/S1_GRD","band":"VH","value":-15.2153,"farmer_unique_id":"1987530","site_id":8392},{"date":"2020-10-06","product":"COPERNICUS/S1_GRD","band":"VH","value":-15.2998,"farmer_unique_id":"1987530","site_id":8392},{"date":"2020-10-11","product":"COPERNICUS/S1_GRD","band":"VH","value":-17.0431,"farmer_unique_id":"1987530","site_id":8392},{"date":"2020-10-18","product":"COPERNICUS/S1_GRD","band":"VH","value":-14.8012,"farmer_unique_id":"1987530","site_id":8392},{"date":"2020-10-23","product":"COPERNICUS/S1_GRD","band":"VH","value":-11.7868,"farmer_unique_id":"1987530","site_id":8392},{"date":"2020-10-30","product":"COPERNICUS/S1_GRD","band":"VH","value":-10.0655,"farmer_unique_id":"1987530","site_id":8392},{"date":"2020-11-04","product":"COPERNICUS/S1_GRD","band":"VH","value":-14.4052,"farmer_unique_id":"1987530","site_id":8392},{"date":"2020-11-11","product":"COPERNICUS/S1_GRD","band":"VH","value":-11.3478,"farmer_unique_id":"1987530","site_id":8392},{"date":"2020-11-16","product":"COPERNICUS/S1_GRD","band":"VH","value":-16.8835,"farmer_unique_id":"1987530","site_id":8392},{"date":"2020-11-23","product":"COPERNICUS/S1_GRD","band":"VH","value":-14.336,"farmer_unique_id":"1987530","site_id":8392},{"date":"2020-11-28","product":"COPERNICUS/S1_GRD","band":"VH","value":-10.3657,"farmer_unique_id":"1987530","site_id":8392},{"date":"2020-12-05","product":"COPERNICUS/S1_GRD","band":"VH","value":-14.2617,"farmer_unique_id":"1987530","site_id":8392},{"date":"2020-12-10","product":"COPERNICUS/S1_GRD","band":"VH","value":-13.3857,"farmer_unique_id":"1987530","site_id":8392},{"date":"2020-12-17","product":"COPERNICUS/S1_GRD","band":"VH","value":-15.0774,"farmer_unique_id":"1987530","site_id":8392},{"date":"2020-12-22","product":"COPERNICUS/S1_GRD","band":"VH","value":-13.168,"farmer_unique_id":"1987530","site_id":8392},{"date":"2020-12-29","product":"COPERNICUS/S1_GRD","band":"VH","value":-14.6985,"farmer_unique_id":"1987530","site_id":8392},{"date":"2021-01-03","product":"COPERNICUS/S1_GRD","band":"VH","value":-15.0186,"farmer_unique_id":"1987530","site_id":8392},{"date":"2021-01-10","product":"COPERNICUS/S1_GRD","band":"VH","value":-13.4548,"farmer_unique_id":"1987530","site_id":8392},{"date":"2021-01-15","product":"COPERNICUS/S1_GRD","band":"VH","value":-14.6545,"farmer_unique_id":"1987530","site_id":8392},{"date":"2021-01-22","product":"COPERNICUS/S1_GRD","band":"VH","value":-15.7387,"farmer_unique_id":"1987530","site_id":8392},{"date":"2021-01-27","product":"COPERNICUS/S1_GRD","band":"VH","value":-16.5561,"farmer_unique_id":"1987530","site_id":8392},{"date":"2021-02-03","product":"COPERNICUS/S1_GRD","band":"VH","value":-15.5154,"farmer_unique_id":"1987530","site_id":8392},{"date":"2021-02-08","product":"COPERNICUS/S1_GRD","band":"VH","value":-13.869,"farmer_unique_id":"1987530","site_id":8392},{"date":"2021-02-15","product":"COPERNICUS/S1_GRD","band":"VH","value":-15.5874,"farmer_unique_id":"1987530","site_id":8392},{"date":"2021-02-20","product":"COPERNICUS/S1_GRD","band":"VH","value":-19.4347,"farmer_unique_id":"1987530","site_id":8392},{"date":"2021-02-27","product":"COPERNICUS/S1_GRD","band":"VH","value":-15.3775,"farmer_unique_id":"1987530","site_id":8392},{"date":"2021-03-04","product":"COPERNICUS/S1_GRD","band":"VH","value":-14.919,"farmer_unique_id":"1987530","site_id":8392},{"date":"2021-03-11","product":"COPERNICUS/S1_GRD","band":"VH","value":-18.3244,"farmer_unique_id":"1987530","site_id":8392},{"date":"2021-03-16","product":"COPERNICUS/S1_GRD","band":"VH","value":-19.3106,"farmer_unique_id":"1987530","site_id":8392},{"date":"2021-03-23","product":"COPERNICUS/S1_GRD","band":"VH","value":-19.8827,"farmer_unique_id":"1987530","site_id":8392},{"date":"2021-03-28","product":"COPERNICUS/S1_GRD","band":"VH","value":-18.9679,"farmer_unique_id":"1987530","site_id":8392},{"date":"2021-04-04","product":"COPERNICUS/S1_GRD","band":"VH","value":-13.9207,"farmer_unique_id":"1987530","site_id":8392},{"date":"2021-04-09","product":"COPERNICUS/S1_GRD","band":"VH","value":-17.0691,"farmer_unique_id":"1987530","site_id":8392},{"date":"2021-04-16","product":"COPERNICUS/S1_GRD","band":"VH","value":-15.8084,"farmer_unique_id":"1987530","site_id":8392},{"date":"2021-04-21","product":"COPERNICUS/S1_GRD","band":"VH","value":-15.2251,"farmer_unique_id":"1987530","site_id":8392},{"date":"2021-04-28","product":"COPERNICUS/S1_GRD","band":"VH","value":-14.8801,"farmer_unique_id":"1987530","site_id":8392},{"date":"2021-05-03","product":"COPERNICUS/S1_GRD","band":"VH","value":-15.5874,"farmer_unique_id":"1987530","site_id":8392},{"date":"2021-05-10","product":"COPERNICUS/S1_GRD","band":"VH","value":-12.5977,"farmer_unique_id":"1987530","site_id":8392},{"date":"2021-05-15","product":"COPERNICUS/S1_GRD","band":"VH","value":-13.0386,"farmer_unique_id":"1987530","site_id":8392},{"date":"2021-05-22","product":"COPERNICUS/S1_GRD","band":"VH","value":-15.5747,"farmer_unique_id":"1987530","site_id":8392},{"date":"2021-05-27","product":"COPERNICUS/S1_GRD","band":"VH","value":-15.3169,"farmer_unique_id":"1987530","site_id":8392},{"date":"2021-06-03","product":"COPERNICUS/S1_GRD","band":"VH","value":-14.1255,"farmer_unique_id":"1987530","site_id":8392},{"date":"2021-06-08","product":"COPERNICUS/S1_GRD","band":"VH","value":-15.4478,"farmer_unique_id":"1987530","site_id":8392},{"date":"2021-06-15","product":"COPERNICUS/S1_GRD","band":"VH","value":-14.6863,"farmer_unique_id":"1987530","site_id":8392},{"date":"2021-06-20","product":"COPERNICUS/S1_GRD","band":"VH","value":-13.8092,"farmer_unique_id":"1987530","site_id":8392},{"date":"2021-06-27","product":"COPERNICUS/S1_GRD","band":"VH","value":-16.3804,"farmer_unique_id":"1987530","site_id":8392},{"date":"2021-07-02","product":"COPERNICUS/S1_GRD","band":"VH","value":-15.0835,"farmer_unique_id":"1987530","site_id":8392},{"date":"2021-07-09","product":"COPERNICUS/S1_GRD","band":"VH","value":-13.4757,"farmer_unique_id":"1987530","site_id":8392},{"date":"2021-07-14","product":"COPERNICUS/S1_GRD","band":"VH","value":-12.2363,"farmer_unique_id":"1987530","site_id":8392},{"date":"2021-07-21","product":"COPERNICUS/S1_GRD","band":"VH","value":-16.8774,"farmer_unique_id":"1987530","site_id":8392},{"date":"2021-07-26","product":"COPERNICUS/S1_GRD","band":"VH","value":-17.8261,"farmer_unique_id":"1987530","site_id":8392},{"date":"2021-08-02","product":"COPERNICUS/S1_GRD","band":"VH","value":-17.1858,"farmer_unique_id":"1987530","site_id":8392},{"date":"2021-08-07","product":"COPERNICUS/S1_GRD","band":"VH","value":-17.4889,"farmer_unique_id":"1987530","site_id":8392},{"date":"2021-08-14","product":"COPERNICUS/S1_GRD","band":"VH","value":-16.3172,"farmer_unique_id":"1987530","site_id":8392},{"date":"2021-08-19","product":"COPERNICUS/S1_GRD","band":"VH","value":-13.8044,"farmer_unique_id":"1987530","site_id":8392},{"date":"2021-08-26","product":"COPERNICUS/S1_GRD","band":"VH","value":-18.182,"farmer_unique_id":"1987530","site_id":8392},{"date":"2021-08-31","product":"COPERNICUS/S1_GRD","band":"VH","value":-18.9123,"farmer_unique_id":"1987530","site_id":8392},{"date":"2021-09-07","product":"COPERNICUS/S1_GRD","band":"VH","value":-13.2634,"farmer_unique_id":"1987530","site_id":8392},{"date":"2021-09-12","product":"COPERNICUS/S1_GRD","band":"VH","value":-12.1604,"farmer_unique_id":"1987530","site_id":8392},{"date":"2021-09-19","product":"COPERNICUS/S1_GRD","band":"VH","value":-17.1799,"farmer_unique_id":"1987530","site_id":8392},{"date":"2021-09-24","product":"COPERNICUS/S1_GRD","band":"VH","value":-12.1983,"farmer_unique_id":"1987530","site_id":8392},{"date":"2021-10-01","product":"COPERNICUS/S1_GRD","band":"VH","value":-14.6295,"farmer_unique_id":"1987530","site_id":8392},{"date":"2021-10-06","product":"COPERNICUS/S1_GRD","band":"VH","value":-10.9223,"farmer_unique_id":"1987530","site_id":8392},{"date":"2021-10-13","product":"COPERNICUS/S1_GRD","band":"VH","value":-12.4502,"farmer_unique_id":"1987530","site_id":8392},{"date":"2021-10-18","product":"COPERNICUS/S1_GRD","band":"VH","value":-17.9277,"farmer_unique_id":"1987530","site_id":8392},{"date":"2021-10-25","product":"COPERNICUS/S1_GRD","band":"VH","value":-13.4204,"farmer_unique_id":"1987530","site_id":8392},{"date":"2021-10-30","product":"COPERNICUS/S1_GRD","band":"VH","value":-17.4743,"farmer_unique_id":"1987530","site_id":8392},{"date":"2021-11-06","product":"COPERNICUS/S1_GRD","band":"VH","value":-18.7773,"farmer_unique_id":"1987530","site_id":8392},{"date":"2021-11-11","product":"COPERNICUS/S1_GRD","band":"VH","value":-13.915,"farmer_unique_id":"1987530","site_id":8392},{"date":"2021-11-18","product":"COPERNICUS/S1_GRD","band":"VH","value":-15.2456,"farmer_unique_id":"1987530","site_id":8392},{"date":"2021-11-23","product":"COPERNICUS/S1_GRD","band":"VH","value":-20.9071,"farmer_unique_id":"1987530","site_id":8392},{"date":"2021-11-30","product":"COPERNICUS/S1_GRD","band":"VH","value":-14.8158,"farmer_unique_id":"1987530","site_id":8392},{"date":"2021-12-05","product":"COPERNICUS/S1_GRD","band":"VH","value":-14.654,"farmer_unique_id":"1987530","site_id":8392},{"date":"2021-12-12","product":"COPERNICUS/S1_GRD","band":"VH","value":-14.4875,"farmer_unique_id":"1987530","site_id":8392},{"date":"2021-12-17","product":"COPERNICUS/S1_GRD","band":"VH","value":-16.6568,"farmer_unique_id":"1987530","site_id":8392},{"date":"2021-12-24","product":"COPERNICUS/S1_GRD","band":"VH","value":-19.5771,"farmer_unique_id":"1987530","site_id":8392},{"date":"2021-12-29","product":"COPERNICUS/S1_GRD","band":"VH","value":-18.2576,"farmer_unique_id":"1987530","site_id":8392},{"date":"2020-01-04","product":"COPERNICUS/S1_GRD","band":"VV","value":-9.9638,"farmer_unique_id":"1987530","site_id":8392},{"date":"2020-01-09","product":"COPERNICUS/S1_GRD","band":"VV","value":-12.4137,"farmer_unique_id":"1987530","site_id":8392},{"date":"2020-01-16","product":"COPERNICUS/S1_GRD","band":"VV","value":-8.2771,"farmer_unique_id":"1987530","site_id":8392},{"date":"2020-01-21","product":"COPERNICUS/S1_GRD","band":"VV","value":-6.5576,"farmer_unique_id":"1987530","site_id":8392},{"date":"2020-01-28","product":"COPERNICUS/S1_GRD","band":"VV","value":-5.5795,"farmer_unique_id":"1987530","site_id":8392},{"date":"2020-02-02","product":"COPERNICUS/S1_GRD","band":"VV","value":-9.4182,"farmer_unique_id":"1987530","site_id":8392},{"date":"2020-02-09","product":"COPERNICUS/S1_GRD","band":"VV","value":-9.0654,"farmer_unique_id":"1987530","site_id":8392},{"date":"2020-02-14","product":"COPERNICUS/S1_GRD","band":"VV","value":-7.5277,"farmer_unique_id":"1987530","site_id":8392},{"date":"2020-02-21","product":"COPERNICUS/S1_GRD","band":"VV","value":-9.1894,"farmer_unique_id":"1987530","site_id":8392},{"date":"2020-02-26","product":"COPERNICUS/S1_GRD","band":"VV","value":-7.1471,"farmer_unique_id":"1987530","site_id":8392},{"date":"2020-03-04","product":"COPERNICUS/S1_GRD","band":"VV","value":-8.8957,"farmer_unique_id":"1987530","site_id":8392},{"date":"2020-03-09","product":"COPERNICUS/S1_GRD","band":"VV","value":-9.5151,"farmer_unique_id":"1987530","site_id":8392},{"date":"2020-03-16","product":"COPERNICUS/S1_GRD","band":"VV","value":-2.3302,"farmer_unique_id":"1987530","site_id":8392},{"date":"2020-03-21","product":"COPERNICUS/S1_GRD","band":"VV","value":-9.6842,"farmer_unique_id":"1987530","site_id":8392},{"date":"2020-03-28","product":"COPERNICUS/S1_GRD","band":"VV","value":-2.6033,"farmer_unique_id":"1987530","site_id":8392},{"date":"2020-04-02","product":"COPERNICUS/S1_GRD","band":"VV","value":-7.0256,"farmer_unique_id":"1987530","site_id":8392},{"date":"2020-04-09","product":"COPERNICUS/S1_GRD","band":"VV","value":-10.4805,"farmer_unique_id":"1987530","site_id":8392},{"date":"2020-04-14","product":"COPERNICUS/S1_GRD","band":"VV","value":-7.0552,"farmer_unique_id":"1987530","site_id":8392},{"date":"2020-04-21","product":"COPERNICUS/S1_GRD","band":"VV","value":-4.4271,"farmer_unique_id":"1987530","site_id":8392},{"date":"2020-04-26","product":"COPERNICUS/S1_GRD","band":"VV","value":-9.3922,"farmer_unique_id":"1987530","site_id":8392},{"date":"2020-05-03","product":"COPERNICUS/S1_GRD","band":"VV","value":-4.5158,"farmer_unique_id":"1987530","site_id":8392},{"date":"2020-05-08","product":"COPERNICUS/S1_GRD","band":"VV","value":-7.5362,"farmer_unique_id":"1987530","site_id":8392},{"date":"2020-05-15","product":"COPERNICUS/S1_GRD","band":"VV","value":-7.6893,"farmer_unique_id":"1987530","site_id":8392},{"date":"2020-05-20","product":"COPERNICUS/S1_GRD","band":"VV","value":-11.2634,"farmer_unique_id":"1987530","site_id":8392},{"date":"2020-05-27","product":"COPERNICUS/S1_GRD","band":"VV","value":-9.0228,"farmer_unique_id":"1987530","site_id":8392},{"date":"2020-06-01","product":"COPERNICUS/S1_GRD","band":"VV","value":-10.1146,"farmer_unique_id":"1987530","site_id":8392},{"date":"2020-06-08","product":"COPERNICUS/S1_GRD","band":"VV","value":-6.9916,"farmer_unique_id":"1987530","site_id":8392},{"date":"2020-06-13","product":"COPERNICUS/S1_GRD","band":"VV","value":-7.9531,"farmer_unique_id":"1987530","site_id":8392},{"date":"2020-06-20","product":"COPERNICUS/S1_GRD","band":"VV","value":-7.4729,"farmer_unique_id":"1987530","site_id":8392},{"date":"2020-06-25","product":"COPERNICUS/S1_GRD","band":"VV","value":-9.8249,"farmer_unique_id":"1987530","site_id":8392},{"date":"2020-07-02","product":"COPERNICUS/S1_GRD","band":"VV","value":-10.6165,"farmer_unique_id":"1987530","site_id":8392},{"date":"2020-07-07","product":"COPERNICUS/S1_GRD","band":"VV","value":-6.9766,"farmer_unique_id":"1987530","site_id":8392},{"date":"2020-07-14","product":"COPERNICUS/S1_GRD","band":"VV","value":-6.2901,"farmer_unique_id":"1987530","site_id":8392},{"date":"2020-07-19","product":"COPERNICUS/S1_GRD","band":"VV","value":-10.2221,"farmer_unique_id":"1987530","site_id":8392},{"date":"2020-07-26","product":"COPERNICUS/S1_GRD","band":"VV","value":-6.651,"farmer_unique_id":"1987530","site_id":8392},{"date":"2020-07-31","product":"COPERNICUS/S1_GRD","band":"VV","value":-9.9947,"farmer_unique_id":"1987530","site_id":8392},{"date":"2020-08-07","product":"COPERNICUS/S1_GRD","band":"VV","value":-8.1337,"farmer_unique_id":"1987530","site_id":8392},{"date":"2020-08-12","product":"COPERNICUS/S1_GRD","band":"VV","value":-9.3203,"farmer_unique_id":"1987530","site_id":8392},{"date":"2020-08-19","product":"COPERNICUS/S1_GRD","band":"VV","value":-7.4588,"farmer_unique_id":"1987530","site_id":8392},{"date":"2020-08-24","product":"COPERNICUS/S1_GRD","band":"VV","value":-9.1173,"farmer_unique_id":"1987530","site_id":8392},{"date":"2020-08-31","product":"COPERNICUS/S1_GRD","band":"VV","value":-4.3733,"farmer_unique_id":"1987530","site_id":8392},{"date":"2020-09-05","product":"COPERNICUS/S1_GRD","band":"VV","value":-6.701,"farmer_unique_id":"1987530","site_id":8392},{"date":"2020-09-12","product":"COPERNICUS/S1_GRD","band":"VV","value":-6.3485,"farmer_unique_id":"1987530","site_id":8392},{"date":"2020-09-17","product":"COPERNICUS/S1_GRD","band":"VV","value":-6.842,"farmer_unique_id":"1987530","site_id":8392},{"date":"2020-09-24","product":"COPERNICUS/S1_GRD","band":"VV","value":-6.6063,"farmer_unique_id":"1987530","site_id":8392},{"date":"2020-09-29","product":"COPERNICUS/S1_GRD","band":"VV","value":-4.1696,"farmer_unique_id":"1987530","site_id":8392},{"date":"2020-10-06","product":"COPERNICUS/S1_GRD","band":"VV","value":-10.8826,"farmer_unique_id":"1987530","site_id":8392},{"date":"2020-10-11","product":"COPERNICUS/S1_GRD","band":"VV","value":-7.9324,"farmer_unique_id":"1987530","site_id":8392},{"date":"2020-10-18","product":"COPERNICUS/S1_GRD","band":"VV","value":-9.5531,"farmer_unique_id":"1987530","site_id":8392},{"date":"2020-10-23","product":"COPERNICUS/S1_GRD","band":"VV","value":-10.9753,"farmer_unique_id":"1987530","site_id":8392},{"date":"2020-10-30","product":"COPERNICUS/S1_GRD","band":"VV","value":-6.0592,"farmer_unique_id":"1987530","site_id":8392},{"date":"2020-11-04","product":"COPERNICUS/S1_GRD","band":"VV","value":-8.3295,"farmer_unique_id":"1987530","site_id":8392},{"date":"2020-11-11","product":"COPERNICUS/S1_GRD","band":"VV","value":-9.0131,"farmer_unique_id":"1987530","site_id":8392},{"date":"2020-11-16","product":"COPERNICUS/S1_GRD","band":"VV","value":-5.4438,"farmer_unique_id":"1987530","site_id":8392},{"date":"2020-11-23","product":"COPERNICUS/S1_GRD","band":"VV","value":-7.2959,"farmer_unique_id":"1987530","site_id":8392},{"date":"2020-11-28","product":"COPERNICUS/S1_GRD","band":"VV","value":-11.1747,"farmer_unique_id":"1987530","site_id":8392},{"date":"2020-12-05","product":"COPERNICUS/S1_GRD","band":"VV","value":-8.1814,"farmer_unique_id":"1987530","site_id":8392},{"date":"2020-12-10","product":"COPERNICUS/S1_GRD","band":"VV","value":-7.6496,"farmer_unique_id":"1987530","site_id":8392},{"date":"2020-12-17","product":"COPERNICUS/S1_GRD","band":"VV","value":-8.3668,"farmer_unique_id":"1987530","site_id":8392},{"date":"2020-12-22","product":"COPERNICUS/S1_GRD","band":"VV","value":-10.3376,"farmer_unique_id":"1987530","site_id":8392},{"date":"2020-12-29","product":"COPERNICUS/S1_GRD","band":"VV","value":-4.8983,"farmer_unique_id":"1987530","site_id":8392},{"date":"2021-01-03","product":"COPERNICUS/S1_GRD","band":"VV","value":-10.3652,"farmer_unique_id":"1987530","site_id":8392},{"date":"2021-01-10","product":"COPERNICUS/S1_GRD","band":"VV","value":-10.8178,"farmer_unique_id":"1987530","site_id":8392},{"date":"2021-01-15","product":"COPERNICUS/S1_GRD","band":"VV","value":-9.0096,"farmer_unique_id":"1987530","site_id":8392},{"date":"2021-01-22","product":"COPERNICUS/S1_GRD","band":"VV","value":-7.1412,"farmer_unique_id":"1987530","site_id":8392},{"date":"2021-01-27","product":"COPERNICUS/S1_GRD","band":"VV","value":-11.4955,"farmer_unique_id":"1987530","site_id":8392},{"date":"2021-02-03","product":"COPERNICUS/S1_GRD","band":"VV","value":-7.2342,"farmer_unique_id":"1987530","site_id":8392},{"date":"2021-02-08","product":"COPERNICUS/S1_GRD","band":"VV","value":-13.2821,"farmer_unique_id":"1987530","site_id":8392},{"date":"2021-02-15","product":"COPERNICUS/S1_GRD","band":"VV","value":-7.4183,"farmer_unique_id":"1987530","site_id":8392},{"date":"2021-02-20","product":"COPERNICUS/S1_GRD","band":"VV","value":-10.6614,"farmer_unique_id":"1987530","site_id":8392},{"date":"2021-02-27","product":"COPERNICUS/S1_GRD","band":"VV","value":-7.2629,"farmer_unique_id":"1987530","site_id":8392},{"date":"2021-03-04","product":"COPERNICUS/S1_GRD","band":"VV","value":-10.1085,"farmer_unique_id":"1987530","site_id":8392},{"date":"2021-03-11","product":"COPERNICUS/S1_GRD","band":"VV","value":-6.7109,"farmer_unique_id":"1987530","site_id":8392},{"date":"2021-03-16","product":"COPERNICUS/S1_GRD","band":"VV","value":-7.8513,"farmer_unique_id":"1987530","site_id":8392},{"date":"2021-03-23","product":"COPERNICUS/S1_GRD","band":"VV","value":-4.954,"farmer_unique_id":"1987530","site_id":8392},{"date":"2021-03-28","product":"COPERNICUS/S1_GRD","band":"VV","value":-11.2129,"farmer_unique_id":"1987530","site_id":8392},{"date":"2021-04-04","product":"COPERNICUS/S1_GRD","band":"VV","value":-4.0817,"farmer_unique_id":"1987530","site_id":8392},{"date":"2021-04-09","product":"COPERNICUS/S1_GRD","band":"VV","value":-7.2904,"farmer_unique_id":"1987530","site_id":8392},{"date":"2021-04-16","product":"COPERNICUS/S1_GRD","band":"VV","value":-4.9658,"farmer_unique_id":"1987530","site_id":8392},{"date":"2021-04-21","product":"COPERNICUS/S1_GRD","band":"VV","value":-8.1814,"farmer_unique_id":"1987530","site_id":8392},{"date":"2021-04-28","product":"COPERNICUS/S1_GRD","band":"VV","value":-8.7104,"farmer_unique_id":"1987530","site_id":8392},{"date":"2021-05-03","product":"COPERNICUS/S1_GRD","band":"VV","value":-6.9621,"farmer_unique_id":"1987530","site_id":8392},{"date":"2021-05-10","product":"COPERNICUS/S1_GRD","band":"VV","value":-6.5124,"farmer_unique_id":"1987530","site_id":8392},{"date":"2021-05-15","product":"COPERNICUS/S1_GRD","band":"VV","value":-8.8704,"farmer_unique_id":"1987530","site_id":8392},{"date":"2021-05-22","product":"COPERNICUS/S1_GRD","band":"VV","value":-5.3975,"farmer_unique_id":"1987530","site_id":8392},{"date":"2021-05-27","product":"COPERNICUS/S1_GRD","band":"VV","value":-8.5785,"farmer_unique_id":"1987530","site_id":8392},{"date":"2021-06-03","product":"COPERNICUS/S1_GRD","band":"VV","value":-8.3559,"farmer_unique_id":"1987530","site_id":8392},{"date":"2021-06-08","product":"COPERNICUS/S1_GRD","band":"VV","value":-4.4316,"farmer_unique_id":"1987530","site_id":8392},{"date":"2021-06-15","product":"COPERNICUS/S1_GRD","band":"VV","value":-8.1015,"farmer_unique_id":"1987530","site_id":8392},{"date":"2021-06-20","product":"COPERNICUS/S1_GRD","band":"VV","value":-10.5621,"farmer_unique_id":"1987530","site_id":8392},{"date":"2021-06-27","product":"COPERNICUS/S1_GRD","band":"VV","value":-10.6882,"farmer_unique_id":"1987530","site_id":8392},{"date":"2021-07-02","product":"COPERNICUS/S1_GRD","band":"VV","value":-7.4215,"farmer_unique_id":"1987530","site_id":8392},{"date":"2021-07-09","product":"COPERNICUS/S1_GRD","band":"VV","value":-6.3549,"farmer_unique_id":"1987530","site_id":8392},{"date":"2021-07-14","product":"COPERNICUS/S1_GRD","band":"VV","value":-9.8454,"farmer_unique_id":"1987530","site_id":8392},{"date":"2021-07-21","product":"COPERNICUS/S1_GRD","band":"VV","value":-8.3927,"farmer_unique_id":"1987530","site_id":8392},{"date":"2021-07-26","product":"COPERNICUS/S1_GRD","band":"VV","value":-8.9052,"farmer_unique_id":"1987530","site_id":8392},{"date":"2021-08-02","product":"COPERNICUS/S1_GRD","band":"VV","value":-10.1908,"farmer_unique_id":"1987530","site_id":8392},{"date":"2021-08-07","product":"COPERNICUS/S1_GRD","band":"VV","value":-5.766,"farmer_unique_id":"1987530","site_id":8392},{"date":"2021-08-14","product":"COPERNICUS/S1_GRD","band":"VV","value":-6.124,"farmer_unique_id":"1987530","site_id":8392},{"date":"2021-08-19","product":"COPERNICUS/S1_GRD","band":"VV","value":-4.9368,"farmer_unique_id":"1987530","site_id":8392},{"date":"2021-08-26","product":"COPERNICUS/S1_GRD","band":"VV","value":-9.113,"farmer_unique_id":"1987530","site_id":8392},{"date":"2021-08-31","product":"COPERNICUS/S1_GRD","band":"VV","value":-10.9846,"farmer_unique_id":"1987530","site_id":8392},{"date":"2021-09-07","product":"COPERNICUS/S1_GRD","band":"VV","value":-6.5964,"farmer_unique_id":"1987530","site_id":8392},{"date":"2021-09-12","product":"COPERNICUS/S1_GRD","band":"VV","value":-5.99,"farmer_unique_id":"1987530","site_id":8392},{"date":"2021-09-19","product":"COPERNICUS/S1_GRD","band":"VV","value":-6.7323,"farmer_unique_id":"1987530","site_id":8392},{"date":"2021-09-24","product":"COPERNICUS/S1_GRD","band":"VV","value":-4.628,"farmer_unique_id":"1987530","site_id":8392},{"date":"2021-10-01","product":"COPERNICUS/S1_GRD","band":"VV","value":-8.7408,"farmer_unique_id":"1987530","site_id":8392},{"date":"2021-10-06","product":"COPERNICUS/S1_GRD","band":"VV","value":-5.7158,"farmer_unique_id":"1987530","site_id":8392},{"date":"2021-10-13","product":"COPERNICUS/S1_GRD","band":"VV","value":-7.3191,"farmer_unique_id":"1987530","site_id":8392},{"date":"2021-10-18","product":"COPERNICUS/S1_GRD","band":"VV","value":-5.3163,"farmer_unique_id":"1987530","site_id":8392},{"date":"2021-10-25","product":"COPERNICUS/S1_GRD","band":"VV","farmer_unique_id":"1987530","site_id":8392},{"date":"2021-10-30","product":"COPERNICUS/S1_GRD","band":"VV","value":-8.4528,"farmer_unique_id":"1987530","site_id":8392},{"date":"2021-11-06","product":"COPERNICUS/S1_GRD","band":"VV","value":-4.815,"farmer_unique_id":"1987530","site_id":8392},{"date":"2021-11-11","product":"COPERNICUS/S1_GRD","band":"VV","value":-8.178,"farmer_unique_id":"1987530","site_id":8392},{"date":"2021-11-18","product":"COPERNICUS/S1_GRD","band":"VV","value":-6.0057,"farmer_unique_id":"1987530","site_id":8392},{"date":"2021-11-23","product":"COPERNICUS/S1_GRD","band":"VV","value":-9.8425,"farmer_unique_id":"1987530","site_id":8392},{"date":"2021-11-30","product":"COPERNICUS/S1_GRD","band":"VV","value":-9.1353,"farmer_unique_id":"1987530","site_id":8392},{"date":"2021-12-05","product":"COPERNICUS/S1_GRD","band":"VV","value":-11.861,"farmer_unique_id":"1987530","site_id":8392},{"date":"2021-12-12","product":"COPERNICUS/S1_GRD","band":"VV","value":-14.3176,"farmer_unique_id":"1987530","site_id":8392},{"date":"2021-12-17","product":"COPERNICUS/S1_GRD","band":"VV","value":-9.1723,"farmer_unique_id":"1987530","site_id":8392},{"date":"2021-12-24","product":"COPERNICUS/S1_GRD","band":"VV","value":-9.4045,"farmer_unique_id":"1987530","site_id":8392},{"date":"2021-12-29","product":"COPERNICUS/S1_GRD","band":"VV","value":-7.3791,"farmer_unique_id":"1987530","site_id":8392}]
