[{"date":"2020-01-11","product":"COPERNICUS/S1_GRD","band":"VH","value":-15.9003,"farmer_unique_id":"3651474856","site_id":5693},{"date":"2020-01-23","product":"COPERNICUS/S1_GRD","band":"VH","value":-13.5599,"farmer_unique_id":"3651474856","site_id":5693},{"date":"2020-02-04","product":"COPERNICUS/S1_GRD","band":"VH","value":-14.0135,"farmer_unique_id":"3651474856","site_id":5693},{"date":"2020-02-16","product":"COPERNICUS/S1_GRD","band":"VH","value":-15.6059,"farmer_unique_id":"3651474856","site_id":5693},{"date":"2020-02-28","product":"COPERNICUS/S1_GRD","band":"VH","value":-13.8586,"farmer_unique_id":"3651474856","site_id":5693},{"date":"2020-03-11","product":"COPERNICUS/S1_GRD","band":"VH","value":-12.4547,"farmer_unique_id":"3651474856","site_id":5693},{"date":"2020-03-23","product":"COPERNICUS/S1_GRD","band":"VH","value":-14.2424,"farmer_unique_id":"3651474856","site_id":5693},{"date":"2020-04-04","product":"COPERNICUS/S1_GRD","band":"VH","value":-15.823,"farmer_unique_id":"3651474856","site_id":5693},{"date":"2020-04-16","product":"COPERNICUS/S1_GRD","band":"VH","value":-15.0132,"farmer_unique_id":"3651474856","site_id":5693},{"date":"2020-04-28","product":"COPERNICUS/S1_GRD","band":"VH","value":-14.5492,"farmer_unique_id":"3651474856","site_id":5693},{"date":"2020-05-10","product":"COPERNICUS/S1_GRD","band":"VH","value":-11.2897,"farmer_unique_id":"3651474856","site_id":5693},{"date":"2020-05-22","product":"COPERNICUS/S1_GRD","band":"VH","value":-13.8099,"farmer_unique_id":"3651474856","site_id":5693},{"date":"2020-06-03","product":"COPERNICUS/S1_GRD","band":"VH","value":-12.3311,"farmer_unique_id":"3651474856","site_id":5693},{"date":"2020-06-15","product":"COPERNICUS/S1_GRD","band":"VH","value":-11.0403,"farmer_unique_id":"3651474856","site_id":5693},{"date":"2020-06-27","product":"COPERNICUS/S1_GRD","band":"VH","value":-14.7627,"farmer_unique_id":"3651474856","site_id":5693},{"date":"2020-07-09","product":"COPERNICUS/S1_GRD","band":"VH","value":-20.2778,"farmer_unique_id":"3651474856","site_id":5693},{"date":"2020-07-21","product":"COPERNICUS/S1_GRD","band":"VH","value":-12.9234,"farmer_unique_id":"3651474856","site_id":5693},{"date":"2020-08-02","product":"COPERNICUS/S1_GRD","band":"VH","value":-14.0422,"farmer_unique_id":"3651474856","site_id":5693},{"date":"2020-08-14","product":"COPERNICUS/S1_GRD","band":"VH","value":-14.9264,"farmer_unique_id":"3651474856","site_id":5693},{"date":"2020-08-26","product":"COPERNICUS/S1_GRD","band":"VH","value":-14.3334,"farmer_unique_id":"3651474856","site_id":5693},{"date":"2020-09-07","product":"COPERNICUS/S1_GRD","band":"VH","value":-14.0045,"farmer_unique_id":"3651474856","site_id":5693},{"date":"2020-09-19","product":"COPERNICUS/S1_GRD","band":"VH","value":-17.1733,"farmer_unique_id":"3651474856","site_id":5693},{"date":"2020-10-01","product":"COPERNICUS/S1_GRD","band":"VH","value":-15.3628,"farmer_unique_id":"3651474856","site_id":5693},{"date":"2020-10-13","product":"COPERNICUS/S1_GRD","band":"VH","value":-14.8412,"farmer_unique_id":"3651474856","site_id":5693},{"date":"2020-10-25","product":"COPERNICUS/S1_GRD","band":"VH","value":-15.1597,"farmer_unique_id":"3651474856","site_id":5693},{"date":"2020-11-06","product":"COPERNICUS/S1_GRD","band":"VH","value":-13.9071,"farmer_unique_id":"3651474856","site_id":5693},{"date":"2020-11-18","product":"COPERNICUS/S1_GRD","band":"VH","value":-13.1174,"farmer_unique_id":"3651474856","site_id":5693},{"date":"2020-11-30","product":"COPERNICUS/S1_GRD","band":"VH","value":-12.7298,"farmer_unique_id":"3651474856","site_id":5693},{"date":"2020-12-12","product":"COPERNICUS/S1_GRD","band":"VH","value":-16.1175,"farmer_unique_id":"3651474856","site_id":5693},{"date":"2020-12-24","product":"COPERNICUS/S1_GRD","band":"VH","value":-17.3453,"farmer_unique_id":"3651474856","site_id":5693},{"date":"2021-01-05","product":"COPERNICUS/S1_GRD","band":"VH","value":-15.2992,"farmer_unique_id":"3651474856","site_id":5693},{"date":"2021-01-17","product":"COPERNICUS/S1_GRD","band":"VH","value":-16.626,"farmer_unique_id":"3651474856","site_id":5693},{"date":"2021-01-29","product":"COPERNICUS/S1_GRD","band":"VH","value":-17.0298,"farmer_unique_id":"3651474856","site_id":5693},{"date":"2021-02-10","product":"COPERNICUS/S1_GRD","band":"VH","value":-13.1936,"farmer_unique_id":"3651474856","site_id":5693},{"date":"2021-02-22","product":"COPERNICUS/S1_GRD","band":"VH","value":-17.2911,"farmer_unique_id":"3651474856","site_id":5693},{"date":"2021-03-06","product":"COPERNICUS/S1_GRD","band":"VH","value":-12.4749,"farmer_unique_id":"3651474856","site_id":5693},{"date":"2021-03-18","product":"COPERNICUS/S1_GRD","band":"VH","value":-13.4037,"farmer_unique_id":"3651474856","site_id":5693},{"date":"2021-03-30","product":"COPERNICUS/S1_GRD","band":"VH","value":-12.6098,"farmer_unique_id":"3651474856","site_id":5693},{"date":"2021-04-11","product":"COPERNICUS/S1_GRD","band":"VH","value":-12.8513,"farmer_unique_id":"3651474856","site_id":5693},{"date":"2021-04-23","product":"COPERNICUS/S1_GRD","band":"VH","value":-10.7093,"farmer_unique_id":"3651474856","site_id":5693},{"date":"2021-05-05","product":"COPERNICUS/S1_GRD","band":"VH","value":-15.2795,"farmer_unique_id":"3651474856","site_id":5693},{"date":"2021-05-17","product":"COPERNICUS/S1_GRD","band":"VH","value":-14.5812,"farmer_unique_id":"3651474856","site_id":5693},{"date":"2021-05-29","product":"COPERNICUS/S1_GRD","band":"VH","value":-12.9175,"farmer_unique_id":"3651474856","site_id":5693},{"date":"2021-06-10","product":"COPERNICUS/S1_GRD","band":"VH","value":-16.1714,"farmer_unique_id":"3651474856","site_id":5693},{"date":"2021-06-22","product":"COPERNICUS/S1_GRD","band":"VH","value":-12.8985,"farmer_unique_id":"3651474856","site_id":5693},{"date":"2021-07-04","product":"COPERNICUS/S1_GRD","band":"VH","value":-14.99,"farmer_unique_id":"3651474856","site_id":5693},{"date":"2021-07-16","product":"COPERNICUS/S1_GRD","band":"VH","value":-14.4697,"farmer_unique_id":"3651474856","site_id":5693},{"date":"2021-07-28","product":"COPERNICUS/S1_GRD","band":"VH","value":-12.3842,"farmer_unique_id":"3651474856","site_id":5693},{"date":"2021-08-09","product":"COPERNICUS/S1_GRD","band":"VH","value":-14.4072,"farmer_unique_id":"3651474856","site_id":5693},{"date":"2021-08-21","product":"COPERNICUS/S1_GRD","band":"VH","value":-15.2108,"farmer_unique_id":"3651474856","site_id":5693},{"date":"2021-09-02","product":"COPERNICUS/S1_GRD","band":"VH","value":-14.2666,"farmer_unique_id":"3651474856","site_id":5693},{"date":"2021-09-14","product":"COPERNICUS/S1_GRD","band":"VH","value":-16.1072,"farmer_unique_id":"3651474856","site_id":5693},{"date":"2021-09-26","product":"COPERNICUS/S1_GRD","band":"VH","value":-13.9358,"farmer_unique_id":"3651474856","site_id":5693},{"date":"2021-10-08","product":"COPERNICUS/S1_GRD","band":"VH","value":-18.4137,"farmer_unique_id":"3651474856","site_id":5693},{"date":"2021-10-20","product":"COPERNICUS/S1_GRD","band":"VH","value":-14.6949,"farmer_unique_id":"3651474856","site_id":5693},{"date":"2021-11-01","product":"COPERNICUS/S1_GRD","band":"VH","value":-16.6547,"farmer_unique_id":"3651474856","site_id":5693},{"date":"2021-11-13","product":"COPERNICUS/S1_GRD","band":"VH","value":-16.005,"farmer_unique_id":"3651474856","site_id":5693},{"date":"2021-11-25","product":"COPERNICUS/S1_GRD","band":"VH","value":-13.4659,"farmer_unique_id":"3651474856","site_id":5693},{"date":"2021-12-07","product":"COPERNICUS/S1_GRD","band":"VH","value":-13.1108,"farmer_unique_id":"3651474856","site_id":5693},{"date":"2021-12-19","product":"COPERNICUS/S1_GRD","band":"VH","value":-13.9849,"farmer_unique_id":"3651474856","site_id":5693},{"date":"2020-01-11","product":"COPERNICUS/S1_GRD","band":"VV","value":-8.1815,"farmer_unique_id":"3651474856","site_id":5693},{"date":"2020-01-23","product":"COPERNICUS/S1_GRD","band":"VV","value":-7.4459,"farmer_unique_id":"3651474856","site_id":5693},{"date":"2020-02-04","product":"COPERNICUS/S1_GRD","band":"VV","value":-6.895,"farmer_unique_id":"3651474856","site_id":5693},{"date":"2020-02-16","product":"COPERNICUS/S1_GRD","band":"VV","value":-6.3712,"farmer_unique_id":"3651474856","site_id":5693},{"date":"2020-02-28","product":"COPERNICUS/S1_GRD","band":"VV","value":-9.2485,"farmer_unique_id":"3651474856","site_id":5693},{"date":"2020-03-11","product":"COPERNICUS/S1_GRD","band":"VV","value":-9.5127,"farmer_unique_id":"3651474856","site_id":5693},{"date":"2020-03-23","product":"COPERNICUS/S1_GRD","band":"VV","value":-6.806,"farmer_unique_id":"3651474856","site_id":5693},{"date":"2020-04-04","product":"COPERNICUS/S1_GRD","band":"VV","value":-7.045,"farmer_unique_id":"3651474856","site_id":5693},{"date":"2020-04-16","product":"COPERNICUS/S1_GRD","band":"VV","value":-3.3514,"farmer_unique_id":"3651474856","site_id":5693},{"date":"2020-04-28","product":"COPERNICUS/S1_GRD","band":"VV","value":-6.7957,"farmer_unique_id":"3651474856","site_id":5693},{"date":"2020-05-10","product":"COPERNICUS/S1_GRD","band":"VV","value":-6.9144,"farmer_unique_id":"3651474856","site_id":5693},{"date":"2020-05-22","product":"COPERNICUS/S1_GRD","band":"VV","value":-7.1609,"farmer_unique_id":"3651474856","site_id":5693},{"date":"2020-06-03","product":"COPERNICUS/S1_GRD","band":"VV","value":-6.7156,"farmer_unique_id":"3651474856","site_id":5693},{"date":"2020-06-15","product":"COPERNICUS/S1_GRD","band":"VV","value":-5.6996,"farmer_unique_id":"3651474856","site_id":5693},{"date":"2020-06-27","product":"COPERNICUS/S1_GRD","band":"VV","value":-5.7027,"farmer_unique_id":"3651474856","site_id":5693},{"date":"2020-07-09","product":"COPERNICUS/S1_GRD","band":"VV","value":-8.6661,"farmer_unique_id":"3651474856","site_id":5693},{"date":"2020-07-21","product":"COPERNICUS/S1_GRD","band":"VV","value":-8.3504,"farmer_unique_id":"3651474856","site_id":5693},{"date":"2020-08-02","product":"COPERNICUS/S1_GRD","band":"VV","value":-7.5785,"farmer_unique_id":"3651474856","site_id":5693},{"date":"2020-08-14","product":"COPERNICUS/S1_GRD","band":"VV","value":-7.4917,"farmer_unique_id":"3651474856","site_id":5693},{"date":"2020-08-26","product":"COPERNICUS/S1_GRD","band":"VV","value":-10.413,"farmer_unique_id":"3651474856","site_id":5693},{"date":"2020-09-07","product":"COPERNICUS/S1_GRD","band":"VV","value":-7.1709,"farmer_unique_id":"3651474856","site_id":5693},{"date":"2020-09-19","product":"COPERNICUS/S1_GRD","band":"VV","value":-9.6425,"farmer_unique_id":"3651474856","site_id":5693},{"date":"2020-10-01","product":"COPERNICUS/S1_GRD","band":"VV","value":-7.7142,"farmer_unique_id":"3651474856","site_id":5693},{"date":"2020-10-13","product":"COPERNICUS/S1_GRD","band":"VV","value":-11.5335,"farmer_unique_id":"3651474856","site_id":5693},{"date":"2020-10-25","product":"COPERNICUS/S1_GRD","band":"VV","value":-5.4367,"farmer_unique_id":"3651474856","site_id":5693},{"date":"2020-11-06","product":"COPERNICUS/S1_GRD","band":"VV","value":-7.7271,"farmer_unique_id":"3651474856","site_id":5693},{"date":"2020-11-18","product":"COPERNICUS/S1_GRD","band":"VV","value":-3.8386,"farmer_unique_id":"3651474856","site_id":5693},{"date":"2020-11-30","product":"COPERNICUS/S1_GRD","band":"VV","value":-4.3641,"farmer_unique_id":"3651474856","site_id":5693},{"date":"2020-12-12","product":"COPERNICUS/S1_GRD","band":"VV","value":-8.2941,"farmer_unique_id":"3651474856","site_id":5693},{"date":"2020-12-24","product":"COPERNICUS/S1_GRD","band":"VV","value":-8.7832,"farmer_unique_id":"3651474856","site_id":5693},{"date":"2021-01-05","product":"COPERNICUS/S1_GRD","band":"VV","value":-9.5628,"farmer_unique_id":"3651474856","site_id":5693},{"date":"2021-01-17","product":"COPERNICUS/S1_GRD","band":"VV","value":-9.653,"farmer_unique_id":"3651474856","site_id":5693},{"date":"2021-01-29","product":"COPERNICUS/S1_GRD","band":"VV","value":-10.2828,"farmer_unique_id":"3651474856","site_id":5693},{"date":"2021-02-10","product":"COPERNICUS/S1_GRD","band":"VV","value":-7.0871,"farmer_unique_id":"3651474856","site_id":5693},{"date":"2021-02-22","product":"COPERNICUS/S1_GRD","band":"VV","value":-8.0298,"farmer_unique_id":"3651474856","site_id":5693},{"date":"2021-03-06","product":"COPERNICUS/S1_GRD","band":"VV","value":-7.6281,"farmer_unique_id":"3651474856","site_id":5693},{"date":"2021-03-18","product":"COPERNICUS/S1_GRD","band":"VV","value":-7.7859,"farmer_unique_id":"3651474856","site_id":5693},{"date":"2021-03-30","product":"COPERNICUS/S1_GRD","band":"VV","value":-8.9622,"farmer_unique_id":"3651474856","site_id":5693},{"date":"2021-04-11","product":"COPERNICUS/S1_GRD","band":"VV","value":-9.5152,"farmer_unique_id":"3651474856","site_id":5693},{"date":"2021-04-23","product":"COPERNICUS/S1_GRD","band":"VV","value":-5.5731,"farmer_unique_id":"3651474856","site_id":5693},{"date":"2021-05-05","product":"COPERNICUS/S1_GRD","band":"VV","value":-7.2876,"farmer_unique_id":"3651474856","site_id":5693},{"date":"2021-05-17","product":"COPERNICUS/S1_GRD","band":"VV","value":-10.8342,"farmer_unique_id":"3651474856","site_id":5693},{"date":"2021-05-29","product":"COPERNICUS/S1_GRD","band":"VV","value":-7.9628,"farmer_unique_id":"3651474856","site_id":5693},{"date":"2021-06-10","product":"COPERNICUS/S1_GRD","band":"VV","value":-6.1637,"farmer_unique_id":"3651474856","site_id":5693},{"date":"2021-06-22","product":"COPERNICUS/S1_GRD","band":"VV","value":-7.4229,"farmer_unique_id":"3651474856","site_id":5693},{"date":"2021-07-04","product":"COPERNICUS/S1_GRD","band":"VV","value":-5.9578,"farmer_unique_id":"3651474856","site_id":5693},{"date":"2021-07-16","product":"COPERNICUS/S1_GRD","band":"VV","value":-6.997,"farmer_unique_id":"3651474856","site_id":5693},{"date":"2021-07-28","product":"COPERNICUS/S1_GRD","band":"VV","value":-8.1784,"farmer_unique_id":"3651474856","site_id":5693},{"date":"2021-08-09","product":"COPERNICUS/S1_GRD","band":"VV","value":-7.0814,"farmer_unique_id":"3651474856","site_id":5693},{"date":"2021-08-21","product":"COPERNICUS/S1_GRD","band":"VV","value":-10.7557,"farmer_unique_id":"3651474856","site_id":5693},{"date":"2021-09-02","product":"COPERNICUS/S1_GRD","band":"VV","value":-12.4396,"farmer_unique_id":"3651474856","site_id":5693},{"date":"2021-09-14","product":"COPERNICUS/S1_GRD","band":"VV","value":-11.7821,"farmer_unique_id":"3651474856","site_id":5693},{"date":"2021-09-26","product":"COPERNICUS/S1_GRD","band":"VV","value":-12.1635,"farmer_unique_id":"3651474856","site_id":5693},{"date":"2021-10-08","product":"COPERNICUS/S1_GRD","band":"VV","value":-10.5557,"farmer_unique_id":"3651474856","site_id":5693},{"date":"2021-10-20","product":"COPERNICUS/S1_GRD","band":"VV","value":-5.7787,"farmer_unique_id":"3651474856","site_id":5693},{"date":"2021-11-01","product":"COPERNICUS/S1_GRD","band":"VV","value":-6.9608,"farmer_unique_id":"3651474856","site_id":5693},{"date":"2021-11-13","product":"COPERNICUS/S1_GRD","band":"VV","value":-7.3107,"farmer_unique_id":"3651474856","site_id":5693},{"date":"2021-11-25","product":"COPERNICUS/S1_GRD","band":"VV","value":-10.3042,"farmer_unique_id":"3651474856","site_id":5693},{"date":"2021-12-07","product":"COPERNICUS/S1_GRD","band":"VV","value":-5.9361,"farmer_unique_id":"3651474856","site_id":5693},{"date":"2021-12-19","product":"COPERNICUS/S1_GRD","band":"VV","value":-10.5817,"farmer_unique_id":"3651474856","site_id":5693}]
