[{"date":"2020-01-04","product":"COPERNICUS/S1_GRD","band":"VH","value":-16.3127,"farmer_unique_id":"2855031","site_id":8075},{"date":"2020-01-16","product":"COPERNICUS/S1_GRD","band":"VH","value":-14.7604,"farmer_unique_id":"2855031","site_id":8075},{"date":"2020-01-28","product":"COPERNICUS/S1_GRD","band":"VH","value":-15.4328,"farmer_unique_id":"2855031","site_id":8075},{"date":"2020-02-09","product":"COPERNICUS/S1_GRD","band":"VH","value":-16.2089,"farmer_unique_id":"2855031","site_id":8075},{"date":"2020-02-21","product":"COPERNICUS/S1_GRD","band":"VH","value":-17.4286,"farmer_unique_id":"2855031","site_id":8075},{"date":"2020-03-04","product":"COPERNICUS/S1_GRD","band":"VH","value":-18.2131,"farmer_unique_id":"2855031","site_id":8075},{"date":"2020-03-16","product":"COPERNICUS/S1_GRD","band":"VH","value":-15.6702,"farmer_unique_id":"2855031","site_id":8075},{"date":"2020-03-28","product":"COPERNICUS/S1_GRD","band":"VH","value":-15.3804,"farmer_unique_id":"2855031","site_id":8075},{"date":"2020-04-09","product":"COPERNICUS/S1_GRD","band":"VH","value":-11.2455,"farmer_unique_id":"2855031","site_id":8075},{"date":"2020-04-21","product":"COPERNICUS/S1_GRD","band":"VH","value":-17.1806,"farmer_unique_id":"2855031","site_id":8075},{"date":"2020-05-03","product":"COPERNICUS/S1_GRD","band":"VH","value":-16.638,"farmer_unique_id":"2855031","site_id":8075},{"date":"2020-05-15","product":"COPERNICUS/S1_GRD","band":"VH","value":-10.9782,"farmer_unique_id":"2855031","site_id":8075},{"date":"2020-05-27","product":"COPERNICUS/S1_GRD","band":"VH","value":-17.2493,"farmer_unique_id":"2855031","site_id":8075},{"date":"2020-06-08","product":"COPERNICUS/S1_GRD","band":"VH","value":-13.8656,"farmer_unique_id":"2855031","site_id":8075},{"date":"2020-06-20","product":"COPERNICUS/S1_GRD","band":"VH","value":-14.9287,"farmer_unique_id":"2855031","site_id":8075},{"date":"2020-07-02","product":"COPERNICUS/S1_GRD","band":"VH","value":-13.8386,"farmer_unique_id":"2855031","site_id":8075},{"date":"2020-07-14","product":"COPERNICUS/S1_GRD","band":"VH","value":-11.5381,"farmer_unique_id":"2855031","site_id":8075},{"date":"2020-07-26","product":"COPERNICUS/S1_GRD","band":"VH","value":-13.8817,"farmer_unique_id":"2855031","site_id":8075},{"date":"2020-08-07","product":"COPERNICUS/S1_GRD","band":"VH","value":-19.1466,"farmer_unique_id":"2855031","site_id":8075},{"date":"2020-08-19","product":"COPERNICUS/S1_GRD","band":"VH","value":-16.0563,"farmer_unique_id":"2855031","site_id":8075},{"date":"2020-08-31","product":"COPERNICUS/S1_GRD","band":"VH","value":-12.1817,"farmer_unique_id":"2855031","site_id":8075},{"date":"2020-09-12","product":"COPERNICUS/S1_GRD","band":"VH","value":-14.2026,"farmer_unique_id":"2855031","site_id":8075},{"date":"2020-09-24","product":"COPERNICUS/S1_GRD","band":"VH","value":-15.7868,"farmer_unique_id":"2855031","site_id":8075},{"date":"2020-10-06","product":"COPERNICUS/S1_GRD","band":"VH","value":-16.3719,"farmer_unique_id":"2855031","site_id":8075},{"date":"2020-10-18","product":"COPERNICUS/S1_GRD","band":"VH","value":-17.5997,"farmer_unique_id":"2855031","site_id":8075},{"date":"2020-10-30","product":"COPERNICUS/S1_GRD","band":"VH","value":-10.5305,"farmer_unique_id":"2855031","site_id":8075},{"date":"2020-11-11","product":"COPERNICUS/S1_GRD","band":"VH","value":-14.2503,"farmer_unique_id":"2855031","site_id":8075},{"date":"2020-11-23","product":"COPERNICUS/S1_GRD","band":"VH","value":-17.8843,"farmer_unique_id":"2855031","site_id":8075},{"date":"2020-12-05","product":"COPERNICUS/S1_GRD","band":"VH","value":-14.3423,"farmer_unique_id":"2855031","site_id":8075},{"date":"2020-12-17","product":"COPERNICUS/S1_GRD","band":"VH","value":-15.9194,"farmer_unique_id":"2855031","site_id":8075},{"date":"2020-12-29","product":"COPERNICUS/S1_GRD","band":"VH","value":-16.1118,"farmer_unique_id":"2855031","site_id":8075},{"date":"2021-01-10","product":"COPERNICUS/S1_GRD","band":"VH","value":-12.2667,"farmer_unique_id":"2855031","site_id":8075},{"date":"2021-01-22","product":"COPERNICUS/S1_GRD","band":"VH","value":-16.5724,"farmer_unique_id":"2855031","site_id":8075},{"date":"2021-02-03","product":"COPERNICUS/S1_GRD","band":"VH","value":-13.2826,"farmer_unique_id":"2855031","site_id":8075},{"date":"2021-02-15","product":"COPERNICUS/S1_GRD","band":"VH","value":-13.8295,"farmer_unique_id":"2855031","site_id":8075},{"date":"2021-02-27","product":"COPERNICUS/S1_GRD","band":"VH","value":-19.5613,"farmer_unique_id":"2855031","site_id":8075},{"date":"2021-03-11","product":"COPERNICUS/S1_GRD","band":"VH","value":-14.749,"farmer_unique_id":"2855031","site_id":8075},{"date":"2021-03-23","product":"COPERNICUS/S1_GRD","band":"VH","value":-15.8129,"farmer_unique_id":"2855031","site_id":8075},{"date":"2021-04-04","product":"COPERNICUS/S1_GRD","band":"VH","value":-11.5146,"farmer_unique_id":"2855031","site_id":8075},{"date":"2021-04-16","product":"COPERNICUS/S1_GRD","band":"VH","value":-20.4849,"farmer_unique_id":"2855031","site_id":8075},{"date":"2021-04-28","product":"COPERNICUS/S1_GRD","band":"VH","value":-12.2036,"farmer_unique_id":"2855031","site_id":8075},{"date":"2021-05-10","product":"COPERNICUS/S1_GRD","band":"VH","value":-13.5484,"farmer_unique_id":"2855031","site_id":8075},{"date":"2021-05-22","product":"COPERNICUS/S1_GRD","band":"VH","value":-16.1863,"farmer_unique_id":"2855031","site_id":8075},{"date":"2021-06-03","product":"COPERNICUS/S1_GRD","band":"VH","value":-14.237,"farmer_unique_id":"2855031","site_id":8075},{"date":"2021-06-15","product":"COPERNICUS/S1_GRD","band":"VH","value":-15.7969,"farmer_unique_id":"2855031","site_id":8075},{"date":"2021-06-27","product":"COPERNICUS/S1_GRD","band":"VH","value":-11.5045,"farmer_unique_id":"2855031","site_id":8075},{"date":"2021-07-09","product":"COPERNICUS/S1_GRD","band":"VH","value":-15.179,"farmer_unique_id":"2855031","site_id":8075},{"date":"2021-07-21","product":"COPERNICUS/S1_GRD","band":"VH","value":-18.388,"farmer_unique_id":"2855031","site_id":8075},{"date":"2021-08-02","product":"COPERNICUS/S1_GRD","band":"VH","value":-13.5904,"farmer_unique_id":"2855031","site_id":8075},{"date":"2021-08-14","product":"COPERNICUS/S1_GRD","band":"VH","value":-12.4523,"farmer_unique_id":"2855031","site_id":8075},{"date":"2021-08-26","product":"COPERNICUS/S1_GRD","band":"VH","value":-15.3095,"farmer_unique_id":"2855031","site_id":8075},{"date":"2021-09-07","product":"COPERNICUS/S1_GRD","band":"VH","value":-10.8242,"farmer_unique_id":"2855031","site_id":8075},{"date":"2021-09-19","product":"COPERNICUS/S1_GRD","band":"VH","value":-18.5135,"farmer_unique_id":"2855031","site_id":8075},{"date":"2021-10-01","product":"COPERNICUS/S1_GRD","band":"VH","value":-15.5237,"farmer_unique_id":"2855031","site_id":8075},{"date":"2021-10-13","product":"COPERNICUS/S1_GRD","band":"VH","value":-13.8525,"farmer_unique_id":"2855031","site_id":8075},{"date":"2021-10-25","product":"COPERNICUS/S1_GRD","band":"VH","value":-15.7918,"farmer_unique_id":"2855031","site_id":8075},{"date":"2021-11-06","product":"COPERNICUS/S1_GRD","band":"VH","value":-14.1855,"farmer_unique_id":"2855031","site_id":8075},{"date":"2021-11-18","product":"COPERNICUS/S1_GRD","band":"VH","value":-14.4136,"farmer_unique_id":"2855031","site_id":8075},{"date":"2021-11-30","product":"COPERNICUS/S1_GRD","band":"VH","value":-12.92,"farmer_unique_id":"2855031","site_id":8075},{"date":"2021-12-12","product":"COPERNICUS/S1_GRD","band":"VH","value":-14.5567,"farmer_unique_id":"2855031","site_id":8075},{"date":"2021-12-24","product":"COPERNICUS/S1_GRD","band":"VH","value":-15.1617,"farmer_unique_id":"2855031","site_id":8075},{"date":"2020-01-04","product":"COPERNICUS/S1_GRD","band":"VV","value":-6.7615,"farmer_unique_id":"2855031","site_id":8075},{"date":"2020-01-16","product":"COPERNICUS/S1_GRD","band":"VV","value":-9.8033,"farmer_unique_id":"2855031","site_id":8075},{"date":"2020-01-28","product":"COPERNICUS/S1_GRD","band":"VV","value":-12.6309,"farmer_unique_id":"2855031","site_id":8075},{"date":"2020-02-09","product":"COPERNICUS/S1_GRD","band":"VV","value":-8.3986,"farmer_unique_id":"2855031","site_id":8075},{"date":"2020-02-21","product":"COPERNICUS/S1_GRD","band":"VV","value":-7.5241,"farmer_unique_id":"2855031","site_id":8075},{"date":"2020-03-04","product":"COPERNICUS/S1_GRD","band":"VV","value":-6.8424,"farmer_unique_id":"2855031","site_id":8075},{"date":"2020-03-16","product":"COPERNICUS/S1_GRD","band":"VV","value":-9.8134,"farmer_unique_id":"2855031","site_id":8075},{"date":"2020-03-28","product":"COPERNICUS/S1_GRD","band":"VV","value":-8.8158,"farmer_unique_id":"2855031","site_id":8075},{"date":"2020-04-09","product":"COPERNICUS/S1_GRD","band":"VV","value":-8.0594,"farmer_unique_id":"2855031","site_id":8075},{"date":"2020-04-21","product":"COPERNICUS/S1_GRD","band":"VV","value":-8.7819,"farmer_unique_id":"2855031","site_id":8075},{"date":"2020-05-03","product":"COPERNICUS/S1_GRD","band":"VV","value":-7.9083,"farmer_unique_id":"2855031","site_id":8075},{"date":"2020-05-15","product":"COPERNICUS/S1_GRD","band":"VV","value":-6.4874,"farmer_unique_id":"2855031","site_id":8075},{"date":"2020-05-27","product":"COPERNICUS/S1_GRD","band":"VV","value":-9.1496,"farmer_unique_id":"2855031","site_id":8075},{"date":"2020-06-08","product":"COPERNICUS/S1_GRD","band":"VV","value":-6.9603,"farmer_unique_id":"2855031","site_id":8075},{"date":"2020-06-20","product":"COPERNICUS/S1_GRD","band":"VV","value":-11.4685,"farmer_unique_id":"2855031","site_id":8075},{"date":"2020-07-02","product":"COPERNICUS/S1_GRD","band":"VV","value":-8.4391,"farmer_unique_id":"2855031","site_id":8075},{"date":"2020-07-14","product":"COPERNICUS/S1_GRD","band":"VV","value":-5.6014,"farmer_unique_id":"2855031","site_id":8075},{"date":"2020-07-26","product":"COPERNICUS/S1_GRD","band":"VV","value":-12.5946,"farmer_unique_id":"2855031","site_id":8075},{"date":"2020-08-07","product":"COPERNICUS/S1_GRD","band":"VV","value":-10.3575,"farmer_unique_id":"2855031","site_id":8075},{"date":"2020-08-19","product":"COPERNICUS/S1_GRD","band":"VV","value":-8.7893,"farmer_unique_id":"2855031","site_id":8075},{"date":"2020-08-31","product":"COPERNICUS/S1_GRD","band":"VV","value":-4.4253,"farmer_unique_id":"2855031","site_id":8075},{"date":"2020-09-12","product":"COPERNICUS/S1_GRD","band":"VV","value":-6.4056,"farmer_unique_id":"2855031","site_id":8075},{"date":"2020-09-24","product":"COPERNICUS/S1_GRD","band":"VV","value":-7.6291,"farmer_unique_id":"2855031","site_id":8075},{"date":"2020-10-06","product":"COPERNICUS/S1_GRD","band":"VV","value":-10.286,"farmer_unique_id":"2855031","site_id":8075},{"date":"2020-10-18","product":"COPERNICUS/S1_GRD","band":"VV","value":-9.9632,"farmer_unique_id":"2855031","site_id":8075},{"date":"2020-10-30","product":"COPERNICUS/S1_GRD","band":"VV","value":-13.1011,"farmer_unique_id":"2855031","site_id":8075},{"date":"2020-11-11","product":"COPERNICUS/S1_GRD","band":"VV","value":-9.598,"farmer_unique_id":"2855031","site_id":8075},{"date":"2020-11-23","product":"COPERNICUS/S1_GRD","band":"VV","value":-10.8976,"farmer_unique_id":"2855031","site_id":8075},{"date":"2020-12-05","product":"COPERNICUS/S1_GRD","band":"VV","value":-9.917,"farmer_unique_id":"2855031","site_id":8075},{"date":"2020-12-17","product":"COPERNICUS/S1_GRD","band":"VV","value":-8.5691,"farmer_unique_id":"2855031","site_id":8075},{"date":"2020-12-29","product":"COPERNICUS/S1_GRD","band":"VV","value":-11.3597,"farmer_unique_id":"2855031","site_id":8075},{"date":"2021-01-10","product":"COPERNICUS/S1_GRD","band":"VV","value":-9.2144,"farmer_unique_id":"2855031","site_id":8075},{"date":"2021-01-22","product":"COPERNICUS/S1_GRD","band":"VV","value":-9.9841,"farmer_unique_id":"2855031","site_id":8075},{"date":"2021-02-03","product":"COPERNICUS/S1_GRD","band":"VV","value":-14.8762,"farmer_unique_id":"2855031","site_id":8075},{"date":"2021-02-15","product":"COPERNICUS/S1_GRD","band":"VV","value":-7.8805,"farmer_unique_id":"2855031","site_id":8075},{"date":"2021-02-27","product":"COPERNICUS/S1_GRD","band":"VV","value":-10.2699,"farmer_unique_id":"2855031","site_id":8075},{"date":"2021-03-11","product":"COPERNICUS/S1_GRD","band":"VV","value":-9.1447,"farmer_unique_id":"2855031","site_id":8075},{"date":"2021-03-23","product":"COPERNICUS/S1_GRD","band":"VV","value":-8.0124,"farmer_unique_id":"2855031","site_id":8075},{"date":"2021-04-04","product":"COPERNICUS/S1_GRD","band":"VV","value":-8.8051,"farmer_unique_id":"2855031","site_id":8075},{"date":"2021-04-16","product":"COPERNICUS/S1_GRD","band":"VV","value":-6.8291,"farmer_unique_id":"2855031","site_id":8075},{"date":"2021-04-28","product":"COPERNICUS/S1_GRD","band":"VV","value":-10.3859,"farmer_unique_id":"2855031","site_id":8075},{"date":"2021-05-10","product":"COPERNICUS/S1_GRD","band":"VV","value":-9.8259,"farmer_unique_id":"2855031","site_id":8075},{"date":"2021-05-22","product":"COPERNICUS/S1_GRD","band":"VV","value":-9.3028,"farmer_unique_id":"2855031","site_id":8075},{"date":"2021-06-03","product":"COPERNICUS/S1_GRD","band":"VV","value":-5.1045,"farmer_unique_id":"2855031","site_id":8075},{"date":"2021-06-15","product":"COPERNICUS/S1_GRD","band":"VV","value":-7.1682,"farmer_unique_id":"2855031","site_id":8075},{"date":"2021-06-27","product":"COPERNICUS/S1_GRD","band":"VV","value":-10.0188,"farmer_unique_id":"2855031","site_id":8075},{"date":"2021-07-09","product":"COPERNICUS/S1_GRD","band":"VV","value":-7.6291,"farmer_unique_id":"2855031","site_id":8075},{"date":"2021-07-21","product":"COPERNICUS/S1_GRD","band":"VV","value":-6.8955,"farmer_unique_id":"2855031","site_id":8075},{"date":"2021-08-02","product":"COPERNICUS/S1_GRD","band":"VV","value":-11.5857,"farmer_unique_id":"2855031","site_id":8075},{"date":"2021-08-14","product":"COPERNICUS/S1_GRD","band":"VV","value":-5.059,"farmer_unique_id":"2855031","site_id":8075},{"date":"2021-08-26","product":"COPERNICUS/S1_GRD","band":"VV","value":-8.9542,"farmer_unique_id":"2855031","site_id":8075},{"date":"2021-09-07","product":"COPERNICUS/S1_GRD","band":"VV","value":-10.7443,"farmer_unique_id":"2855031","site_id":8075},{"date":"2021-09-19","product":"COPERNICUS/S1_GRD","band":"VV","value":-9.5213,"farmer_unique_id":"2855031","site_id":8075},{"date":"2021-10-01","product":"COPERNICUS/S1_GRD","band":"VV","value":-7.9543,"farmer_unique_id":"2855031","site_id":8075},{"date":"2021-10-13","product":"COPERNICUS/S1_GRD","band":"VV","value":-10.2112,"farmer_unique_id":"2855031","site_id":8075},{"date":"2021-10-25","product":"COPERNICUS/S1_GRD","band":"VV","farmer_unique_id":"2855031","site_id":8075},{"date":"2021-11-06","product":"COPERNICUS/S1_GRD","band":"VV","value":-11.5256,"farmer_unique_id":"2855031","site_id":8075},{"date":"2021-11-18","product":"COPERNICUS/S1_GRD","band":"VV","value":-11.1966,"farmer_unique_id":"2855031","site_id":8075},{"date":"2021-11-30","product":"COPERNICUS/S1_GRD","band":"VV","value":-9.2721,"farmer_unique_id":"2855031","site_id":8075},{"date":"2021-12-12","product":"COPERNICUS/S1_GRD","band":"VV","value":-10.5398,"farmer_unique_id":"2855031","site_id":8075},{"date":"2021-12-24","product":"COPERNICUS/S1_GRD","band":"VV","value":-7.8353,"farmer_unique_id":"2855031","site_id":8075}]
