[{"date":"2020-01-09","product":"COPERNICUS/S1_GRD","band":"VH","value":-18.819,"farmer_unique_id":"366270748","site_id":10878},{"date":"2020-01-21","product":"COPERNICUS/S1_GRD","band":"VH","value":-20.0228,"farmer_unique_id":"366270748","site_id":10878},{"date":"2020-02-02","product":"COPERNICUS/S1_GRD","band":"VH","value":-12.9526,"farmer_unique_id":"366270748","site_id":10878},{"date":"2020-02-14","product":"COPERNICUS/S1_GRD","band":"VH","value":-16.3624,"farmer_unique_id":"366270748","site_id":10878},{"date":"2020-02-26","product":"COPERNICUS/S1_GRD","band":"VH","value":-17.7584,"farmer_unique_id":"366270748","site_id":10878},{"date":"2020-03-09","product":"COPERNICUS/S1_GRD","band":"VH","value":-21.4573,"farmer_unique_id":"366270748","site_id":10878},{"date":"2020-03-21","product":"COPERNICUS/S1_GRD","band":"VH","value":-20.1468,"farmer_unique_id":"366270748","site_id":10878},{"date":"2020-04-02","product":"COPERNICUS/S1_GRD","band":"VH","value":-19.6988,"farmer_unique_id":"366270748","site_id":10878},{"date":"2020-04-14","product":"COPERNICUS/S1_GRD","band":"VH","value":-21.6926,"farmer_unique_id":"366270748","site_id":10878},{"date":"2020-04-26","product":"COPERNICUS/S1_GRD","band":"VH","value":-19.0227,"farmer_unique_id":"366270748","site_id":10878},{"date":"2020-05-08","product":"COPERNICUS/S1_GRD","band":"VH","value":-16.3105,"farmer_unique_id":"366270748","site_id":10878},{"date":"2020-05-20","product":"COPERNICUS/S1_GRD","band":"VH","value":-17.2767,"farmer_unique_id":"366270748","site_id":10878},{"date":"2020-06-01","product":"COPERNICUS/S1_GRD","band":"VH","value":-19.9979,"farmer_unique_id":"366270748","site_id":10878},{"date":"2020-06-13","product":"COPERNICUS/S1_GRD","band":"VH","value":-19.7663,"farmer_unique_id":"366270748","site_id":10878},{"date":"2020-06-25","product":"COPERNICUS/S1_GRD","band":"VH","value":-17.3136,"farmer_unique_id":"366270748","site_id":10878},{"date":"2020-07-07","product":"COPERNICUS/S1_GRD","band":"VH","value":-16.81,"farmer_unique_id":"366270748","site_id":10878},{"date":"2020-07-19","product":"COPERNICUS/S1_GRD","band":"VH","value":-19.6325,"farmer_unique_id":"366270748","site_id":10878},{"date":"2020-07-31","product":"COPERNICUS/S1_GRD","band":"VH","value":-21.1645,"farmer_unique_id":"366270748","site_id":10878},{"date":"2020-08-12","product":"COPERNICUS/S1_GRD","band":"VH","farmer_unique_id":"366270748","site_id":10878},{"date":"2020-08-24","product":"COPERNICUS/S1_GRD","band":"VH","value":-21.0205,"farmer_unique_id":"366270748","site_id":10878},{"date":"2020-09-05","product":"COPERNICUS/S1_GRD","band":"VH","value":-23.2202,"farmer_unique_id":"366270748","site_id":10878},{"date":"2020-09-17","product":"COPERNICUS/S1_GRD","band":"VH","value":-22.7003,"farmer_unique_id":"366270748","site_id":10878},{"date":"2020-09-29","product":"COPERNICUS/S1_GRD","band":"VH","value":-22.5378,"farmer_unique_id":"366270748","site_id":10878},{"date":"2020-10-11","product":"COPERNICUS/S1_GRD","band":"VH","value":-20.3974,"farmer_unique_id":"366270748","site_id":10878},{"date":"2020-10-23","product":"COPERNICUS/S1_GRD","band":"VH","value":-26.3205,"farmer_unique_id":"366270748","site_id":10878},{"date":"2020-11-04","product":"COPERNICUS/S1_GRD","band":"VH","value":-18.4528,"farmer_unique_id":"366270748","site_id":10878},{"date":"2020-11-16","product":"COPERNICUS/S1_GRD","band":"VH","value":-13.7532,"farmer_unique_id":"366270748","site_id":10878},{"date":"2020-11-28","product":"COPERNICUS/S1_GRD","band":"VH","value":-17.1401,"farmer_unique_id":"366270748","site_id":10878},{"date":"2020-12-10","product":"COPERNICUS/S1_GRD","band":"VH","value":-20.5095,"farmer_unique_id":"366270748","site_id":10878},{"date":"2020-12-22","product":"COPERNICUS/S1_GRD","band":"VH","value":-19.4874,"farmer_unique_id":"366270748","site_id":10878},{"date":"2021-01-03","product":"COPERNICUS/S1_GRD","band":"VH","value":-18.3973,"farmer_unique_id":"366270748","site_id":10878},{"date":"2021-01-15","product":"COPERNICUS/S1_GRD","band":"VH","value":-18.1968,"farmer_unique_id":"366270748","site_id":10878},{"date":"2021-01-27","product":"COPERNICUS/S1_GRD","band":"VH","value":-17.6058,"farmer_unique_id":"366270748","site_id":10878},{"date":"2021-02-08","product":"COPERNICUS/S1_GRD","band":"VH","value":-19.4564,"farmer_unique_id":"366270748","site_id":10878},{"date":"2021-02-20","product":"COPERNICUS/S1_GRD","band":"VH","value":-18.671,"farmer_unique_id":"366270748","site_id":10878},{"date":"2021-03-04","product":"COPERNICUS/S1_GRD","band":"VH","value":-19.36,"farmer_unique_id":"366270748","site_id":10878},{"date":"2021-03-16","product":"COPERNICUS/S1_GRD","band":"VH","value":-22.8444,"farmer_unique_id":"366270748","site_id":10878},{"date":"2021-03-28","product":"COPERNICUS/S1_GRD","band":"VH","value":-21.5125,"farmer_unique_id":"366270748","site_id":10878},{"date":"2021-04-09","product":"COPERNICUS/S1_GRD","band":"VH","value":-19.0019,"farmer_unique_id":"366270748","site_id":10878},{"date":"2021-04-21","product":"COPERNICUS/S1_GRD","band":"VH","value":-19.8057,"farmer_unique_id":"366270748","site_id":10878},{"date":"2021-05-03","product":"COPERNICUS/S1_GRD","band":"VH","value":-15.2301,"farmer_unique_id":"366270748","site_id":10878},{"date":"2021-05-15","product":"COPERNICUS/S1_GRD","band":"VH","value":-18.3821,"farmer_unique_id":"366270748","site_id":10878},{"date":"2021-05-27","product":"COPERNICUS/S1_GRD","band":"VH","value":-17.3628,"farmer_unique_id":"366270748","site_id":10878},{"date":"2021-06-08","product":"COPERNICUS/S1_GRD","band":"VH","value":-18.2428,"farmer_unique_id":"366270748","site_id":10878},{"date":"2021-06-20","product":"COPERNICUS/S1_GRD","band":"VH","value":-20.1439,"farmer_unique_id":"366270748","site_id":10878},{"date":"2021-07-02","product":"COPERNICUS/S1_GRD","band":"VH","value":-14.9869,"farmer_unique_id":"366270748","site_id":10878},{"date":"2021-07-14","product":"COPERNICUS/S1_GRD","band":"VH","value":-16.804,"farmer_unique_id":"366270748","site_id":10878},{"date":"2021-07-26","product":"COPERNICUS/S1_GRD","band":"VH","value":-18.6794,"farmer_unique_id":"366270748","site_id":10878},{"date":"2021-08-07","product":"COPERNICUS/S1_GRD","band":"VH","value":-21.413,"farmer_unique_id":"366270748","site_id":10878},{"date":"2021-08-19","product":"COPERNICUS/S1_GRD","band":"VH","value":-22.0525,"farmer_unique_id":"366270748","site_id":10878},{"date":"2021-08-31","product":"COPERNICUS/S1_GRD","band":"VH","value":-21.902,"farmer_unique_id":"366270748","site_id":10878},{"date":"2021-09-12","product":"COPERNICUS/S1_GRD","band":"VH","value":-19.7472,"farmer_unique_id":"366270748","site_id":10878},{"date":"2021-09-24","product":"COPERNICUS/S1_GRD","band":"VH","value":-23.2514,"farmer_unique_id":"366270748","site_id":10878},{"date":"2021-10-06","product":"COPERNICUS/S1_GRD","band":"VH","value":-19.1382,"farmer_unique_id":"366270748","site_id":10878},{"date":"2021-10-18","product":"COPERNICUS/S1_GRD","band":"VH","value":-16.8869,"farmer_unique_id":"366270748","site_id":10878},{"date":"2021-10-30","product":"COPERNICUS/S1_GRD","band":"VH","value":-13.8226,"farmer_unique_id":"366270748","site_id":10878},{"date":"2021-11-11","product":"COPERNICUS/S1_GRD","band":"VH","value":-16.7313,"farmer_unique_id":"366270748","site_id":10878},{"date":"2021-11-23","product":"COPERNICUS/S1_GRD","band":"VH","value":-19.478,"farmer_unique_id":"366270748","site_id":10878},{"date":"2021-12-05","product":"COPERNICUS/S1_GRD","band":"VH","value":-20.3916,"farmer_unique_id":"366270748","site_id":10878},{"date":"2021-12-17","product":"COPERNICUS/S1_GRD","band":"VH","value":-20.5919,"farmer_unique_id":"366270748","site_id":10878},{"date":"2021-12-29","product":"COPERNICUS/S1_GRD","band":"VH","value":-20.7231,"farmer_unique_id":"366270748","site_id":10878},{"date":"2020-01-09","product":"COPERNICUS/S1_GRD","band":"VV","value":-9.8345,"farmer_unique_id":"366270748","site_id":10878},{"date":"2020-01-21","product":"COPERNICUS/S1_GRD","band":"VV","value":-14.0019,"farmer_unique_id":"366270748","site_id":10878},{"date":"2020-02-02","product":"COPERNICUS/S1_GRD","band":"VV","value":-8.1568,"farmer_unique_id":"366270748","site_id":10878},{"date":"2020-02-14","product":"COPERNICUS/S1_GRD","band":"VV","value":-11.6671,"farmer_unique_id":"366270748","site_id":10878},{"date":"2020-02-26","product":"COPERNICUS/S1_GRD","band":"VV","value":-11.2088,"farmer_unique_id":"366270748","site_id":10878},{"date":"2020-03-09","product":"COPERNICUS/S1_GRD","band":"VV","value":-15.086,"farmer_unique_id":"366270748","site_id":10878},{"date":"2020-03-21","product":"COPERNICUS/S1_GRD","band":"VV","value":-11.198,"farmer_unique_id":"366270748","site_id":10878},{"date":"2020-04-02","product":"COPERNICUS/S1_GRD","band":"VV","value":-13.5206,"farmer_unique_id":"366270748","site_id":10878},{"date":"2020-04-14","product":"COPERNICUS/S1_GRD","band":"VV","value":-11.7309,"farmer_unique_id":"366270748","site_id":10878},{"date":"2020-04-26","product":"COPERNICUS/S1_GRD","band":"VV","value":-12.694,"farmer_unique_id":"366270748","site_id":10878},{"date":"2020-05-08","product":"COPERNICUS/S1_GRD","band":"VV","value":-10.5067,"farmer_unique_id":"366270748","site_id":10878},{"date":"2020-05-20","product":"COPERNICUS/S1_GRD","band":"VV","value":-11.214,"farmer_unique_id":"366270748","site_id":10878},{"date":"2020-06-01","product":"COPERNICUS/S1_GRD","band":"VV","value":-11.1219,"farmer_unique_id":"366270748","site_id":10878},{"date":"2020-06-13","product":"COPERNICUS/S1_GRD","band":"VV","value":-8.5418,"farmer_unique_id":"366270748","site_id":10878},{"date":"2020-06-25","product":"COPERNICUS/S1_GRD","band":"VV","value":-9.0558,"farmer_unique_id":"366270748","site_id":10878},{"date":"2020-07-07","product":"COPERNICUS/S1_GRD","band":"VV","value":-11.9521,"farmer_unique_id":"366270748","site_id":10878},{"date":"2020-07-19","product":"COPERNICUS/S1_GRD","band":"VV","value":-10.8024,"farmer_unique_id":"366270748","site_id":10878},{"date":"2020-07-31","product":"COPERNICUS/S1_GRD","band":"VV","value":-12.3133,"farmer_unique_id":"366270748","site_id":10878},{"date":"2020-08-12","product":"COPERNICUS/S1_GRD","band":"VV","value":-12.7555,"farmer_unique_id":"366270748","site_id":10878},{"date":"2020-08-24","product":"COPERNICUS/S1_GRD","band":"VV","value":-11.091,"farmer_unique_id":"366270748","site_id":10878},{"date":"2020-09-05","product":"COPERNICUS/S1_GRD","band":"VV","value":-15.4578,"farmer_unique_id":"366270748","site_id":10878},{"date":"2020-09-17","product":"COPERNICUS/S1_GRD","band":"VV","value":-16.0848,"farmer_unique_id":"366270748","site_id":10878},{"date":"2020-09-29","product":"COPERNICUS/S1_GRD","band":"VV","value":-10.4583,"farmer_unique_id":"366270748","site_id":10878},{"date":"2020-10-11","product":"COPERNICUS/S1_GRD","band":"VV","value":-15.098,"farmer_unique_id":"366270748","site_id":10878},{"date":"2020-10-23","product":"COPERNICUS/S1_GRD","band":"VV","value":-14.9441,"farmer_unique_id":"366270748","site_id":10878},{"date":"2020-11-04","product":"COPERNICUS/S1_GRD","band":"VV","value":-15.4953,"farmer_unique_id":"366270748","site_id":10878},{"date":"2020-11-16","product":"COPERNICUS/S1_GRD","band":"VV","value":-14.0119,"farmer_unique_id":"366270748","site_id":10878},{"date":"2020-11-28","product":"COPERNICUS/S1_GRD","band":"VV","value":-6.4956,"farmer_unique_id":"366270748","site_id":10878},{"date":"2020-12-10","product":"COPERNICUS/S1_GRD","band":"VV","value":-12.4345,"farmer_unique_id":"366270748","site_id":10878},{"date":"2020-12-22","product":"COPERNICUS/S1_GRD","band":"VV","value":-12.9112,"farmer_unique_id":"366270748","site_id":10878},{"date":"2021-01-03","product":"COPERNICUS/S1_GRD","band":"VV","value":-10.3839,"farmer_unique_id":"366270748","site_id":10878},{"date":"2021-01-15","product":"COPERNICUS/S1_GRD","band":"VV","value":-12.5163,"farmer_unique_id":"366270748","site_id":10878},{"date":"2021-01-27","product":"COPERNICUS/S1_GRD","band":"VV","value":-12.4661,"farmer_unique_id":"366270748","site_id":10878},{"date":"2021-02-08","product":"COPERNICUS/S1_GRD","band":"VV","value":-14.9941,"farmer_unique_id":"366270748","site_id":10878},{"date":"2021-02-20","product":"COPERNICUS/S1_GRD","band":"VV","value":-12.8912,"farmer_unique_id":"366270748","site_id":10878},{"date":"2021-03-04","product":"COPERNICUS/S1_GRD","band":"VV","value":-14.7047,"farmer_unique_id":"366270748","site_id":10878},{"date":"2021-03-16","product":"COPERNICUS/S1_GRD","band":"VV","value":-13.8411,"farmer_unique_id":"366270748","site_id":10878},{"date":"2021-03-28","product":"COPERNICUS/S1_GRD","band":"VV","value":-13.9956,"farmer_unique_id":"366270748","site_id":10878},{"date":"2021-04-09","product":"COPERNICUS/S1_GRD","band":"VV","value":-8.3317,"farmer_unique_id":"366270748","site_id":10878},{"date":"2021-04-21","product":"COPERNICUS/S1_GRD","band":"VV","value":-9.0145,"farmer_unique_id":"366270748","site_id":10878},{"date":"2021-05-03","product":"COPERNICUS/S1_GRD","band":"VV","value":-7.6456,"farmer_unique_id":"366270748","site_id":10878},{"date":"2021-05-15","product":"COPERNICUS/S1_GRD","band":"VV","value":-8.8899,"farmer_unique_id":"366270748","site_id":10878},{"date":"2021-05-27","product":"COPERNICUS/S1_GRD","band":"VV","value":-11.6505,"farmer_unique_id":"366270748","site_id":10878},{"date":"2021-06-08","product":"COPERNICUS/S1_GRD","band":"VV","value":-11.4024,"farmer_unique_id":"366270748","site_id":10878},{"date":"2021-06-20","product":"COPERNICUS/S1_GRD","band":"VV","value":-10.844,"farmer_unique_id":"366270748","site_id":10878},{"date":"2021-07-02","product":"COPERNICUS/S1_GRD","band":"VV","value":-12.5906,"farmer_unique_id":"366270748","site_id":10878},{"date":"2021-07-14","product":"COPERNICUS/S1_GRD","band":"VV","value":-16.5877,"farmer_unique_id":"366270748","site_id":10878},{"date":"2021-07-26","product":"COPERNICUS/S1_GRD","band":"VV","value":-14.4195,"farmer_unique_id":"366270748","site_id":10878},{"date":"2021-08-07","product":"COPERNICUS/S1_GRD","band":"VV","value":-17.2447,"farmer_unique_id":"366270748","site_id":10878},{"date":"2021-08-19","product":"COPERNICUS/S1_GRD","band":"VV","value":-17.1283,"farmer_unique_id":"366270748","site_id":10878},{"date":"2021-08-31","product":"COPERNICUS/S1_GRD","band":"VV","value":-18.0366,"farmer_unique_id":"366270748","site_id":10878},{"date":"2021-09-12","product":"COPERNICUS/S1_GRD","band":"VV","value":-15.0852,"farmer_unique_id":"366270748","site_id":10878},{"date":"2021-09-24","product":"COPERNICUS/S1_GRD","band":"VV","value":-11.1838,"farmer_unique_id":"366270748","site_id":10878},{"date":"2021-10-06","product":"COPERNICUS/S1_GRD","band":"VV","value":-11.5031,"farmer_unique_id":"366270748","site_id":10878},{"date":"2021-10-18","product":"COPERNICUS/S1_GRD","band":"VV","value":-9.9522,"farmer_unique_id":"366270748","site_id":10878},{"date":"2021-10-30","product":"COPERNICUS/S1_GRD","band":"VV","value":-8.549,"farmer_unique_id":"366270748","site_id":10878},{"date":"2021-11-11","product":"COPERNICUS/S1_GRD","band":"VV","value":-12.0866,"farmer_unique_id":"366270748","site_id":10878},{"date":"2021-11-23","product":"COPERNICUS/S1_GRD","band":"VV","value":-12.2351,"farmer_unique_id":"366270748","site_id":10878},{"date":"2021-12-05","product":"COPERNICUS/S1_GRD","band":"VV","value":-14.6751,"farmer_unique_id":"366270748","site_id":10878},{"date":"2021-12-17","product":"COPERNICUS/S1_GRD","band":"VV","value":-17.6285,"farmer_unique_id":"366270748","site_id":10878},{"date":"2021-12-29","product":"COPERNICUS/S1_GRD","band":"VV","value":-16.0833,"farmer_unique_id":"366270748","site_id":10878}]
