[{"date":"2020-01-11","product":"COPERNICUS/S1_GRD","band":"VH","value":-16.4918,"farmer_unique_id":"EM1212","site_id":2209},{"date":"2020-01-23","product":"COPERNICUS/S1_GRD","band":"VH","value":-16.9415,"farmer_unique_id":"EM1212","site_id":2209},{"date":"2020-02-04","product":"COPERNICUS/S1_GRD","band":"VH","value":-16.5402,"farmer_unique_id":"EM1212","site_id":2209},{"date":"2020-02-16","product":"COPERNICUS/S1_GRD","band":"VH","value":-13.9353,"farmer_unique_id":"EM1212","site_id":2209},{"date":"2020-02-28","product":"COPERNICUS/S1_GRD","band":"VH","value":-15.3204,"farmer_unique_id":"EM1212","site_id":2209},{"date":"2020-03-11","product":"COPERNICUS/S1_GRD","band":"VH","value":-14.3158,"farmer_unique_id":"EM1212","site_id":2209},{"date":"2020-03-23","product":"COPERNICUS/S1_GRD","band":"VH","value":-15.5495,"farmer_unique_id":"EM1212","site_id":2209},{"date":"2020-04-04","product":"COPERNICUS/S1_GRD","band":"VH","value":-17.2457,"farmer_unique_id":"EM1212","site_id":2209},{"date":"2020-04-16","product":"COPERNICUS/S1_GRD","band":"VH","value":-14.4844,"farmer_unique_id":"EM1212","site_id":2209},{"date":"2020-04-28","product":"COPERNICUS/S1_GRD","band":"VH","value":-14.7303,"farmer_unique_id":"EM1212","site_id":2209},{"date":"2020-05-10","product":"COPERNICUS/S1_GRD","band":"VH","value":-15.8958,"farmer_unique_id":"EM1212","site_id":2209},{"date":"2020-05-22","product":"COPERNICUS/S1_GRD","band":"VH","value":-18.4694,"farmer_unique_id":"EM1212","site_id":2209},{"date":"2020-06-15","product":"COPERNICUS/S1_GRD","band":"VH","value":-15.7117,"farmer_unique_id":"EM1212","site_id":2209},{"date":"2020-06-27","product":"COPERNICUS/S1_GRD","band":"VH","value":-17.0878,"farmer_unique_id":"EM1212","site_id":2209},{"date":"2020-07-09","product":"COPERNICUS/S1_GRD","band":"VH","value":-13.317,"farmer_unique_id":"EM1212","site_id":2209},{"date":"2020-07-21","product":"COPERNICUS/S1_GRD","band":"VH","value":-19.7093,"farmer_unique_id":"EM1212","site_id":2209},{"date":"2020-08-02","product":"COPERNICUS/S1_GRD","band":"VH","value":-19.3376,"farmer_unique_id":"EM1212","site_id":2209},{"date":"2020-08-14","product":"COPERNICUS/S1_GRD","band":"VH","value":-13.8243,"farmer_unique_id":"EM1212","site_id":2209},{"date":"2020-08-26","product":"COPERNICUS/S1_GRD","band":"VH","value":-15.8896,"farmer_unique_id":"EM1212","site_id":2209},{"date":"2020-09-07","product":"COPERNICUS/S1_GRD","band":"VH","value":-15.712,"farmer_unique_id":"EM1212","site_id":2209},{"date":"2020-09-19","product":"COPERNICUS/S1_GRD","band":"VH","value":-17.0432,"farmer_unique_id":"EM1212","site_id":2209},{"date":"2020-10-01","product":"COPERNICUS/S1_GRD","band":"VH","value":-13.8434,"farmer_unique_id":"EM1212","site_id":2209},{"date":"2020-10-13","product":"COPERNICUS/S1_GRD","band":"VH","value":-16.7283,"farmer_unique_id":"EM1212","site_id":2209},{"date":"2020-10-25","product":"COPERNICUS/S1_GRD","band":"VH","value":-15.997,"farmer_unique_id":"EM1212","site_id":2209},{"date":"2020-11-06","product":"COPERNICUS/S1_GRD","band":"VH","value":-13.8785,"farmer_unique_id":"EM1212","site_id":2209},{"date":"2020-11-18","product":"COPERNICUS/S1_GRD","band":"VH","value":-17.4619,"farmer_unique_id":"EM1212","site_id":2209},{"date":"2020-11-30","product":"COPERNICUS/S1_GRD","band":"VH","value":-15.2412,"farmer_unique_id":"EM1212","site_id":2209},{"date":"2020-12-12","product":"COPERNICUS/S1_GRD","band":"VH","value":-17.0947,"farmer_unique_id":"EM1212","site_id":2209},{"date":"2020-12-24","product":"COPERNICUS/S1_GRD","band":"VH","value":-17.5321,"farmer_unique_id":"EM1212","site_id":2209},{"date":"2021-01-05","product":"COPERNICUS/S1_GRD","band":"VH","value":-13.8856,"farmer_unique_id":"EM1212","site_id":2209},{"date":"2021-01-17","product":"COPERNICUS/S1_GRD","band":"VH","value":-13.5733,"farmer_unique_id":"EM1212","site_id":2209},{"date":"2021-01-29","product":"COPERNICUS/S1_GRD","band":"VH","value":-16.774,"farmer_unique_id":"EM1212","site_id":2209},{"date":"2021-02-10","product":"COPERNICUS/S1_GRD","band":"VH","value":-16.8271,"farmer_unique_id":"EM1212","site_id":2209},{"date":"2021-02-22","product":"COPERNICUS/S1_GRD","band":"VH","value":-13.9949,"farmer_unique_id":"EM1212","site_id":2209},{"date":"2021-03-06","product":"COPERNICUS/S1_GRD","band":"VH","value":-15.6566,"farmer_unique_id":"EM1212","site_id":2209},{"date":"2021-03-18","product":"COPERNICUS/S1_GRD","band":"VH","value":-17.3231,"farmer_unique_id":"EM1212","site_id":2209},{"date":"2021-03-30","product":"COPERNICUS/S1_GRD","band":"VH","value":-17.3269,"farmer_unique_id":"EM1212","site_id":2209},{"date":"2021-04-11","product":"COPERNICUS/S1_GRD","band":"VH","value":-18.9352,"farmer_unique_id":"EM1212","site_id":2209},{"date":"2021-04-23","product":"COPERNICUS/S1_GRD","band":"VH","value":-18.1575,"farmer_unique_id":"EM1212","site_id":2209},{"date":"2021-05-05","product":"COPERNICUS/S1_GRD","band":"VH","value":-19.588,"farmer_unique_id":"EM1212","site_id":2209},{"date":"2021-05-17","product":"COPERNICUS/S1_GRD","band":"VH","value":-19.1334,"farmer_unique_id":"EM1212","site_id":2209},{"date":"2021-05-29","product":"COPERNICUS/S1_GRD","band":"VH","value":-19.3613,"farmer_unique_id":"EM1212","site_id":2209},{"date":"2021-06-10","product":"COPERNICUS/S1_GRD","band":"VH","value":-13.1399,"farmer_unique_id":"EM1212","site_id":2209},{"date":"2021-06-22","product":"COPERNICUS/S1_GRD","band":"VH","value":-16.7077,"farmer_unique_id":"EM1212","site_id":2209},{"date":"2021-07-04","product":"COPERNICUS/S1_GRD","band":"VH","value":-18.0568,"farmer_unique_id":"EM1212","site_id":2209},{"date":"2021-07-16","product":"COPERNICUS/S1_GRD","band":"VH","value":-19.4155,"farmer_unique_id":"EM1212","site_id":2209},{"date":"2021-07-28","product":"COPERNICUS/S1_GRD","band":"VH","value":-15.1928,"farmer_unique_id":"EM1212","site_id":2209},{"date":"2021-08-09","product":"COPERNICUS/S1_GRD","band":"VH","value":-17.0529,"farmer_unique_id":"EM1212","site_id":2209},{"date":"2021-08-21","product":"COPERNICUS/S1_GRD","band":"VH","value":-17.3766,"farmer_unique_id":"EM1212","site_id":2209},{"date":"2021-09-02","product":"COPERNICUS/S1_GRD","band":"VH","value":-17.814,"farmer_unique_id":"EM1212","site_id":2209},{"date":"2021-09-14","product":"COPERNICUS/S1_GRD","band":"VH","value":-23.789,"farmer_unique_id":"EM1212","site_id":2209},{"date":"2021-09-26","product":"COPERNICUS/S1_GRD","band":"VH","value":-20.8311,"farmer_unique_id":"EM1212","site_id":2209},{"date":"2021-10-08","product":"COPERNICUS/S1_GRD","band":"VH","value":-17.3456,"farmer_unique_id":"EM1212","site_id":2209},{"date":"2021-10-20","product":"COPERNICUS/S1_GRD","band":"VH","value":-14.9943,"farmer_unique_id":"EM1212","site_id":2209},{"date":"2021-11-01","product":"COPERNICUS/S1_GRD","band":"VH","value":-16.7323,"farmer_unique_id":"EM1212","site_id":2209},{"date":"2021-11-13","product":"COPERNICUS/S1_GRD","band":"VH","value":-15.9657,"farmer_unique_id":"EM1212","site_id":2209},{"date":"2021-11-25","product":"COPERNICUS/S1_GRD","band":"VH","value":-17.9233,"farmer_unique_id":"EM1212","site_id":2209},{"date":"2021-12-07","product":"COPERNICUS/S1_GRD","band":"VH","value":-16.7214,"farmer_unique_id":"EM1212","site_id":2209},{"date":"2021-12-19","product":"COPERNICUS/S1_GRD","band":"VH","value":-17.6762,"farmer_unique_id":"EM1212","site_id":2209},{"date":"2020-01-11","product":"COPERNICUS/S1_GRD","band":"VV","value":-10.2959,"farmer_unique_id":"EM1212","site_id":2209},{"date":"2020-01-23","product":"COPERNICUS/S1_GRD","band":"VV","value":-9.5276,"farmer_unique_id":"EM1212","site_id":2209},{"date":"2020-02-04","product":"COPERNICUS/S1_GRD","band":"VV","value":-7.0103,"farmer_unique_id":"EM1212","site_id":2209},{"date":"2020-02-16","product":"COPERNICUS/S1_GRD","band":"VV","value":-9.4621,"farmer_unique_id":"EM1212","site_id":2209},{"date":"2020-02-28","product":"COPERNICUS/S1_GRD","band":"VV","value":-10.6174,"farmer_unique_id":"EM1212","site_id":2209},{"date":"2020-03-11","product":"COPERNICUS/S1_GRD","band":"VV","value":-8.8944,"farmer_unique_id":"EM1212","site_id":2209},{"date":"2020-03-23","product":"COPERNICUS/S1_GRD","band":"VV","value":-11.2021,"farmer_unique_id":"EM1212","site_id":2209},{"date":"2020-04-04","product":"COPERNICUS/S1_GRD","band":"VV","value":-12.032,"farmer_unique_id":"EM1212","site_id":2209},{"date":"2020-04-16","product":"COPERNICUS/S1_GRD","band":"VV","value":-8.5481,"farmer_unique_id":"EM1212","site_id":2209},{"date":"2020-04-28","product":"COPERNICUS/S1_GRD","band":"VV","value":-9.0936,"farmer_unique_id":"EM1212","site_id":2209},{"date":"2020-05-10","product":"COPERNICUS/S1_GRD","band":"VV","value":-9.1787,"farmer_unique_id":"EM1212","site_id":2209},{"date":"2020-05-22","product":"COPERNICUS/S1_GRD","band":"VV","value":-9.2676,"farmer_unique_id":"EM1212","site_id":2209},{"date":"2020-06-15","product":"COPERNICUS/S1_GRD","band":"VV","value":-8.3508,"farmer_unique_id":"EM1212","site_id":2209},{"date":"2020-06-27","product":"COPERNICUS/S1_GRD","band":"VV","value":-9.062,"farmer_unique_id":"EM1212","site_id":2209},{"date":"2020-07-09","product":"COPERNICUS/S1_GRD","band":"VV","value":-8.0137,"farmer_unique_id":"EM1212","site_id":2209},{"date":"2020-07-21","product":"COPERNICUS/S1_GRD","band":"VV","value":-11.1364,"farmer_unique_id":"EM1212","site_id":2209},{"date":"2020-08-02","product":"COPERNICUS/S1_GRD","band":"VV","value":-10.6331,"farmer_unique_id":"EM1212","site_id":2209},{"date":"2020-08-14","product":"COPERNICUS/S1_GRD","band":"VV","value":-8.9976,"farmer_unique_id":"EM1212","site_id":2209},{"date":"2020-08-26","product":"COPERNICUS/S1_GRD","band":"VV","value":-11.5815,"farmer_unique_id":"EM1212","site_id":2209},{"date":"2020-09-07","product":"COPERNICUS/S1_GRD","band":"VV","value":-9.7246,"farmer_unique_id":"EM1212","site_id":2209},{"date":"2020-09-19","product":"COPERNICUS/S1_GRD","band":"VV","value":-10.3544,"farmer_unique_id":"EM1212","site_id":2209},{"date":"2020-10-01","product":"COPERNICUS/S1_GRD","band":"VV","value":-9.0827,"farmer_unique_id":"EM1212","site_id":2209},{"date":"2020-10-13","product":"COPERNICUS/S1_GRD","band":"VV","value":-10.7498,"farmer_unique_id":"EM1212","site_id":2209},{"date":"2020-10-25","product":"COPERNICUS/S1_GRD","band":"VV","value":-11.0769,"farmer_unique_id":"EM1212","site_id":2209},{"date":"2020-11-06","product":"COPERNICUS/S1_GRD","band":"VV","value":-11.9228,"farmer_unique_id":"EM1212","site_id":2209},{"date":"2020-11-18","product":"COPERNICUS/S1_GRD","band":"VV","value":-10.4214,"farmer_unique_id":"EM1212","site_id":2209},{"date":"2020-11-30","product":"COPERNICUS/S1_GRD","band":"VV","value":-6.8911,"farmer_unique_id":"EM1212","site_id":2209},{"date":"2020-12-12","product":"COPERNICUS/S1_GRD","band":"VV","value":-10.2665,"farmer_unique_id":"EM1212","site_id":2209},{"date":"2020-12-24","product":"COPERNICUS/S1_GRD","band":"VV","value":-11.7601,"farmer_unique_id":"EM1212","site_id":2209},{"date":"2021-01-05","product":"COPERNICUS/S1_GRD","band":"VV","value":-8.3761,"farmer_unique_id":"EM1212","site_id":2209},{"date":"2021-01-17","product":"COPERNICUS/S1_GRD","band":"VV","value":-11.2215,"farmer_unique_id":"EM1212","site_id":2209},{"date":"2021-01-29","product":"COPERNICUS/S1_GRD","band":"VV","value":-11.2565,"farmer_unique_id":"EM1212","site_id":2209},{"date":"2021-02-10","product":"COPERNICUS/S1_GRD","band":"VV","value":-11.7903,"farmer_unique_id":"EM1212","site_id":2209},{"date":"2021-02-22","product":"COPERNICUS/S1_GRD","band":"VV","value":-10.9242,"farmer_unique_id":"EM1212","site_id":2209},{"date":"2021-03-06","product":"COPERNICUS/S1_GRD","band":"VV","value":-11.541,"farmer_unique_id":"EM1212","site_id":2209},{"date":"2021-03-18","product":"COPERNICUS/S1_GRD","band":"VV","value":-8.817,"farmer_unique_id":"EM1212","site_id":2209},{"date":"2021-03-30","product":"COPERNICUS/S1_GRD","band":"VV","value":-8.9653,"farmer_unique_id":"EM1212","site_id":2209},{"date":"2021-04-11","product":"COPERNICUS/S1_GRD","band":"VV","value":-12.3614,"farmer_unique_id":"EM1212","site_id":2209},{"date":"2021-04-23","product":"COPERNICUS/S1_GRD","band":"VV","value":-13.4225,"farmer_unique_id":"EM1212","site_id":2209},{"date":"2021-05-05","product":"COPERNICUS/S1_GRD","band":"VV","value":-8.8458,"farmer_unique_id":"EM1212","site_id":2209},{"date":"2021-05-17","product":"COPERNICUS/S1_GRD","band":"VV","value":-9.7511,"farmer_unique_id":"EM1212","site_id":2209},{"date":"2021-05-29","product":"COPERNICUS/S1_GRD","band":"VV","value":-10.3658,"farmer_unique_id":"EM1212","site_id":2209},{"date":"2021-06-10","product":"COPERNICUS/S1_GRD","band":"VV","value":-7.6874,"farmer_unique_id":"EM1212","site_id":2209},{"date":"2021-06-22","product":"COPERNICUS/S1_GRD","band":"VV","value":-11.948,"farmer_unique_id":"EM1212","site_id":2209},{"date":"2021-07-04","product":"COPERNICUS/S1_GRD","band":"VV","value":-11.053,"farmer_unique_id":"EM1212","site_id":2209},{"date":"2021-07-16","product":"COPERNICUS/S1_GRD","band":"VV","value":-10.0712,"farmer_unique_id":"EM1212","site_id":2209},{"date":"2021-07-28","product":"COPERNICUS/S1_GRD","band":"VV","value":-14.4539,"farmer_unique_id":"EM1212","site_id":2209},{"date":"2021-08-09","product":"COPERNICUS/S1_GRD","band":"VV","value":-11.6189,"farmer_unique_id":"EM1212","site_id":2209},{"date":"2021-08-21","product":"COPERNICUS/S1_GRD","band":"VV","value":-11.6585,"farmer_unique_id":"EM1212","site_id":2209},{"date":"2021-09-02","product":"COPERNICUS/S1_GRD","band":"VV","value":-9.6879,"farmer_unique_id":"EM1212","site_id":2209},{"date":"2021-09-14","product":"COPERNICUS/S1_GRD","band":"VV","value":-13.3568,"farmer_unique_id":"EM1212","site_id":2209},{"date":"2021-09-26","product":"COPERNICUS/S1_GRD","band":"VV","value":-12.3951,"farmer_unique_id":"EM1212","site_id":2209},{"date":"2021-10-08","product":"COPERNICUS/S1_GRD","band":"VV","value":-14.4458,"farmer_unique_id":"EM1212","site_id":2209},{"date":"2021-10-20","product":"COPERNICUS/S1_GRD","band":"VV","value":-11.519,"farmer_unique_id":"EM1212","site_id":2209},{"date":"2021-11-01","product":"COPERNICUS/S1_GRD","band":"VV","value":-10.2619,"farmer_unique_id":"EM1212","site_id":2209},{"date":"2021-11-13","product":"COPERNICUS/S1_GRD","band":"VV","value":-12.1311,"farmer_unique_id":"EM1212","site_id":2209},{"date":"2021-11-25","product":"COPERNICUS/S1_GRD","band":"VV","value":-8.6365,"farmer_unique_id":"EM1212","site_id":2209},{"date":"2021-12-07","product":"COPERNICUS/S1_GRD","band":"VV","value":-10.7061,"farmer_unique_id":"EM1212","site_id":2209},{"date":"2021-12-19","product":"COPERNICUS/S1_GRD","band":"VV","value":-9.6828,"farmer_unique_id":"EM1212","site_id":2209}]
