[{"date":"2020-01-11","product":"COPERNICUS/S1_GRD","band":"VH","value":-15.5713,"farmer_unique_id":"MC042","site_id":9487},{"date":"2020-01-23","product":"COPERNICUS/S1_GRD","band":"VH","value":-14.9658,"farmer_unique_id":"MC042","site_id":9487},{"date":"2020-02-04","product":"COPERNICUS/S1_GRD","band":"VH","value":-17.4889,"farmer_unique_id":"MC042","site_id":9487},{"date":"2020-02-16","product":"COPERNICUS/S1_GRD","band":"VH","value":-16.0341,"farmer_unique_id":"MC042","site_id":9487},{"date":"2020-02-28","product":"COPERNICUS/S1_GRD","band":"VH","value":-17.3611,"farmer_unique_id":"MC042","site_id":9487},{"date":"2020-03-11","product":"COPERNICUS/S1_GRD","band":"VH","value":-16.8039,"farmer_unique_id":"MC042","site_id":9487},{"date":"2020-03-23","product":"COPERNICUS/S1_GRD","band":"VH","value":-18.8824,"farmer_unique_id":"MC042","site_id":9487},{"date":"2020-04-04","product":"COPERNICUS/S1_GRD","band":"VH","value":-16.7616,"farmer_unique_id":"MC042","site_id":9487},{"date":"2020-04-16","product":"COPERNICUS/S1_GRD","band":"VH","value":-14.5512,"farmer_unique_id":"MC042","site_id":9487},{"date":"2020-04-28","product":"COPERNICUS/S1_GRD","band":"VH","value":-13.0408,"farmer_unique_id":"MC042","site_id":9487},{"date":"2020-05-10","product":"COPERNICUS/S1_GRD","band":"VH","value":-17.7588,"farmer_unique_id":"MC042","site_id":9487},{"date":"2020-05-22","product":"COPERNICUS/S1_GRD","band":"VH","value":-15.6431,"farmer_unique_id":"MC042","site_id":9487},{"date":"2020-06-15","product":"COPERNICUS/S1_GRD","band":"VH","value":-14.2982,"farmer_unique_id":"MC042","site_id":9487},{"date":"2020-06-27","product":"COPERNICUS/S1_GRD","band":"VH","value":-16.1423,"farmer_unique_id":"MC042","site_id":9487},{"date":"2020-07-09","product":"COPERNICUS/S1_GRD","band":"VH","value":-16.8321,"farmer_unique_id":"MC042","site_id":9487},{"date":"2020-07-21","product":"COPERNICUS/S1_GRD","band":"VH","value":-20.0878,"farmer_unique_id":"MC042","site_id":9487},{"date":"2020-08-02","product":"COPERNICUS/S1_GRD","band":"VH","value":-14.6566,"farmer_unique_id":"MC042","site_id":9487},{"date":"2020-08-14","product":"COPERNICUS/S1_GRD","band":"VH","value":-15.237,"farmer_unique_id":"MC042","site_id":9487},{"date":"2020-08-26","product":"COPERNICUS/S1_GRD","band":"VH","value":-16.686,"farmer_unique_id":"MC042","site_id":9487},{"date":"2020-09-07","product":"COPERNICUS/S1_GRD","band":"VH","value":-17.7381,"farmer_unique_id":"MC042","site_id":9487},{"date":"2020-09-19","product":"COPERNICUS/S1_GRD","band":"VH","value":-21.2941,"farmer_unique_id":"MC042","site_id":9487},{"date":"2020-10-01","product":"COPERNICUS/S1_GRD","band":"VH","value":-16.461,"farmer_unique_id":"MC042","site_id":9487},{"date":"2020-10-13","product":"COPERNICUS/S1_GRD","band":"VH","value":-18.1133,"farmer_unique_id":"MC042","site_id":9487},{"date":"2020-10-25","product":"COPERNICUS/S1_GRD","band":"VH","value":-19.3432,"farmer_unique_id":"MC042","site_id":9487},{"date":"2020-11-06","product":"COPERNICUS/S1_GRD","band":"VH","value":-12.3434,"farmer_unique_id":"MC042","site_id":9487},{"date":"2020-11-18","product":"COPERNICUS/S1_GRD","band":"VH","value":-15.6285,"farmer_unique_id":"MC042","site_id":9487},{"date":"2020-11-30","product":"COPERNICUS/S1_GRD","band":"VH","value":-14.6128,"farmer_unique_id":"MC042","site_id":9487},{"date":"2020-12-12","product":"COPERNICUS/S1_GRD","band":"VH","value":-17.6974,"farmer_unique_id":"MC042","site_id":9487},{"date":"2020-12-24","product":"COPERNICUS/S1_GRD","band":"VH","value":-21.0722,"farmer_unique_id":"MC042","site_id":9487},{"date":"2021-01-05","product":"COPERNICUS/S1_GRD","band":"VH","value":-22.9569,"farmer_unique_id":"MC042","site_id":9487},{"date":"2021-01-17","product":"COPERNICUS/S1_GRD","band":"VH","value":-15.5488,"farmer_unique_id":"MC042","site_id":9487},{"date":"2021-01-29","product":"COPERNICUS/S1_GRD","band":"VH","value":-16.6669,"farmer_unique_id":"MC042","site_id":9487},{"date":"2021-02-10","product":"COPERNICUS/S1_GRD","band":"VH","value":-15.744,"farmer_unique_id":"MC042","site_id":9487},{"date":"2021-02-22","product":"COPERNICUS/S1_GRD","band":"VH","value":-12.8725,"farmer_unique_id":"MC042","site_id":9487},{"date":"2021-03-06","product":"COPERNICUS/S1_GRD","band":"VH","value":-19.701,"farmer_unique_id":"MC042","site_id":9487},{"date":"2021-03-18","product":"COPERNICUS/S1_GRD","band":"VH","value":-16.8048,"farmer_unique_id":"MC042","site_id":9487},{"date":"2021-03-30","product":"COPERNICUS/S1_GRD","band":"VH","value":-20.8842,"farmer_unique_id":"MC042","site_id":9487},{"date":"2021-04-11","product":"COPERNICUS/S1_GRD","band":"VH","value":-16.2307,"farmer_unique_id":"MC042","site_id":9487},{"date":"2021-04-23","product":"COPERNICUS/S1_GRD","band":"VH","value":-18.1911,"farmer_unique_id":"MC042","site_id":9487},{"date":"2021-05-05","product":"COPERNICUS/S1_GRD","band":"VH","value":-24.147,"farmer_unique_id":"MC042","site_id":9487},{"date":"2021-05-17","product":"COPERNICUS/S1_GRD","band":"VH","value":-17.922,"farmer_unique_id":"MC042","site_id":9487},{"date":"2021-05-29","product":"COPERNICUS/S1_GRD","band":"VH","value":-17.4484,"farmer_unique_id":"MC042","site_id":9487},{"date":"2021-06-10","product":"COPERNICUS/S1_GRD","band":"VH","value":-14.6553,"farmer_unique_id":"MC042","site_id":9487},{"date":"2021-06-22","product":"COPERNICUS/S1_GRD","band":"VH","value":-22.703,"farmer_unique_id":"MC042","site_id":9487},{"date":"2021-07-04","product":"COPERNICUS/S1_GRD","band":"VH","value":-12.964,"farmer_unique_id":"MC042","site_id":9487},{"date":"2021-07-16","product":"COPERNICUS/S1_GRD","band":"VH","value":-22.9668,"farmer_unique_id":"MC042","site_id":9487},{"date":"2021-07-28","product":"COPERNICUS/S1_GRD","band":"VH","value":-16.9102,"farmer_unique_id":"MC042","site_id":9487},{"date":"2021-08-09","product":"COPERNICUS/S1_GRD","band":"VH","value":-17.7688,"farmer_unique_id":"MC042","site_id":9487},{"date":"2021-08-21","product":"COPERNICUS/S1_GRD","band":"VH","value":-17.7885,"farmer_unique_id":"MC042","site_id":9487},{"date":"2021-09-02","product":"COPERNICUS/S1_GRD","band":"VH","value":-17.3931,"farmer_unique_id":"MC042","site_id":9487},{"date":"2021-09-14","product":"COPERNICUS/S1_GRD","band":"VH","value":-18.6768,"farmer_unique_id":"MC042","site_id":9487},{"date":"2021-09-26","product":"COPERNICUS/S1_GRD","band":"VH","value":-14.3421,"farmer_unique_id":"MC042","site_id":9487},{"date":"2021-10-08","product":"COPERNICUS/S1_GRD","band":"VH","value":-15.9246,"farmer_unique_id":"MC042","site_id":9487},{"date":"2021-10-20","product":"COPERNICUS/S1_GRD","band":"VH","value":-18.3414,"farmer_unique_id":"MC042","site_id":9487},{"date":"2021-11-01","product":"COPERNICUS/S1_GRD","band":"VH","value":-19.244,"farmer_unique_id":"MC042","site_id":9487},{"date":"2021-11-13","product":"COPERNICUS/S1_GRD","band":"VH","value":-24.0806,"farmer_unique_id":"MC042","site_id":9487},{"date":"2021-11-25","product":"COPERNICUS/S1_GRD","band":"VH","value":-17.4256,"farmer_unique_id":"MC042","site_id":9487},{"date":"2021-12-07","product":"COPERNICUS/S1_GRD","band":"VH","value":-24.873,"farmer_unique_id":"MC042","site_id":9487},{"date":"2021-12-19","product":"COPERNICUS/S1_GRD","band":"VH","value":-15.3728,"farmer_unique_id":"MC042","site_id":9487},{"date":"2020-01-11","product":"COPERNICUS/S1_GRD","band":"VV","value":-8.603,"farmer_unique_id":"MC042","site_id":9487},{"date":"2020-01-23","product":"COPERNICUS/S1_GRD","band":"VV","value":-10.4614,"farmer_unique_id":"MC042","site_id":9487},{"date":"2020-02-04","product":"COPERNICUS/S1_GRD","band":"VV","value":-10.1005,"farmer_unique_id":"MC042","site_id":9487},{"date":"2020-02-16","product":"COPERNICUS/S1_GRD","band":"VV","value":-11.3983,"farmer_unique_id":"MC042","site_id":9487},{"date":"2020-02-28","product":"COPERNICUS/S1_GRD","band":"VV","value":-7.1125,"farmer_unique_id":"MC042","site_id":9487},{"date":"2020-03-11","product":"COPERNICUS/S1_GRD","band":"VV","value":-6.7797,"farmer_unique_id":"MC042","site_id":9487},{"date":"2020-03-23","product":"COPERNICUS/S1_GRD","band":"VV","value":-10.5078,"farmer_unique_id":"MC042","site_id":9487},{"date":"2020-04-04","product":"COPERNICUS/S1_GRD","band":"VV","value":-11.3661,"farmer_unique_id":"MC042","site_id":9487},{"date":"2020-04-16","product":"COPERNICUS/S1_GRD","band":"VV","value":-7.4701,"farmer_unique_id":"MC042","site_id":9487},{"date":"2020-04-28","product":"COPERNICUS/S1_GRD","band":"VV","value":-7.8124,"farmer_unique_id":"MC042","site_id":9487},{"date":"2020-05-10","product":"COPERNICUS/S1_GRD","band":"VV","value":-9.1207,"farmer_unique_id":"MC042","site_id":9487},{"date":"2020-05-22","product":"COPERNICUS/S1_GRD","band":"VV","value":-10.9496,"farmer_unique_id":"MC042","site_id":9487},{"date":"2020-06-15","product":"COPERNICUS/S1_GRD","band":"VV","value":-10.3546,"farmer_unique_id":"MC042","site_id":9487},{"date":"2020-06-27","product":"COPERNICUS/S1_GRD","band":"VV","value":-9.1626,"farmer_unique_id":"MC042","site_id":9487},{"date":"2020-07-09","product":"COPERNICUS/S1_GRD","band":"VV","value":-11.3642,"farmer_unique_id":"MC042","site_id":9487},{"date":"2020-07-21","product":"COPERNICUS/S1_GRD","band":"VV","value":-10.1429,"farmer_unique_id":"MC042","site_id":9487},{"date":"2020-08-02","product":"COPERNICUS/S1_GRD","band":"VV","value":-8.134,"farmer_unique_id":"MC042","site_id":9487},{"date":"2020-08-14","product":"COPERNICUS/S1_GRD","band":"VV","value":-9.0479,"farmer_unique_id":"MC042","site_id":9487},{"date":"2020-08-26","product":"COPERNICUS/S1_GRD","band":"VV","value":-11.3308,"farmer_unique_id":"MC042","site_id":9487},{"date":"2020-09-07","product":"COPERNICUS/S1_GRD","band":"VV","value":-11.4669,"farmer_unique_id":"MC042","site_id":9487},{"date":"2020-09-19","product":"COPERNICUS/S1_GRD","band":"VV","value":-10.4643,"farmer_unique_id":"MC042","site_id":9487},{"date":"2020-10-01","product":"COPERNICUS/S1_GRD","band":"VV","value":-12.8577,"farmer_unique_id":"MC042","site_id":9487},{"date":"2020-10-13","product":"COPERNICUS/S1_GRD","band":"VV","value":-9.8192,"farmer_unique_id":"MC042","site_id":9487},{"date":"2020-10-25","product":"COPERNICUS/S1_GRD","band":"VV","value":-11.4504,"farmer_unique_id":"MC042","site_id":9487},{"date":"2020-11-06","product":"COPERNICUS/S1_GRD","band":"VV","value":-5.2552,"farmer_unique_id":"MC042","site_id":9487},{"date":"2020-11-18","product":"COPERNICUS/S1_GRD","band":"VV","value":-8.9039,"farmer_unique_id":"MC042","site_id":9487},{"date":"2020-11-30","product":"COPERNICUS/S1_GRD","band":"VV","value":-9.2931,"farmer_unique_id":"MC042","site_id":9487},{"date":"2020-12-12","product":"COPERNICUS/S1_GRD","band":"VV","value":-8.1931,"farmer_unique_id":"MC042","site_id":9487},{"date":"2020-12-24","product":"COPERNICUS/S1_GRD","band":"VV","value":-13.1496,"farmer_unique_id":"MC042","site_id":9487},{"date":"2021-01-05","product":"COPERNICUS/S1_GRD","band":"VV","value":-10.5084,"farmer_unique_id":"MC042","site_id":9487},{"date":"2021-01-17","product":"COPERNICUS/S1_GRD","band":"VV","value":-8.8857,"farmer_unique_id":"MC042","site_id":9487},{"date":"2021-01-29","product":"COPERNICUS/S1_GRD","band":"VV","value":-10.6808,"farmer_unique_id":"MC042","site_id":9487},{"date":"2021-02-10","product":"COPERNICUS/S1_GRD","band":"VV","value":-10.5775,"farmer_unique_id":"MC042","site_id":9487},{"date":"2021-02-22","product":"COPERNICUS/S1_GRD","band":"VV","value":-7.7495,"farmer_unique_id":"MC042","site_id":9487},{"date":"2021-03-06","product":"COPERNICUS/S1_GRD","band":"VV","value":-10.3754,"farmer_unique_id":"MC042","site_id":9487},{"date":"2021-03-18","product":"COPERNICUS/S1_GRD","band":"VV","value":-12.3497,"farmer_unique_id":"MC042","site_id":9487},{"date":"2021-03-30","product":"COPERNICUS/S1_GRD","band":"VV","value":-11.201,"farmer_unique_id":"MC042","site_id":9487},{"date":"2021-04-11","product":"COPERNICUS/S1_GRD","band":"VV","value":-7.3885,"farmer_unique_id":"MC042","site_id":9487},{"date":"2021-04-23","product":"COPERNICUS/S1_GRD","band":"VV","value":-11.1036,"farmer_unique_id":"MC042","site_id":9487},{"date":"2021-05-05","product":"COPERNICUS/S1_GRD","band":"VV","value":-9.0554,"farmer_unique_id":"MC042","site_id":9487},{"date":"2021-05-17","product":"COPERNICUS/S1_GRD","band":"VV","value":-12.4329,"farmer_unique_id":"MC042","site_id":9487},{"date":"2021-05-29","product":"COPERNICUS/S1_GRD","band":"VV","value":-9.6358,"farmer_unique_id":"MC042","site_id":9487},{"date":"2021-06-10","product":"COPERNICUS/S1_GRD","band":"VV","value":-10.5337,"farmer_unique_id":"MC042","site_id":9487},{"date":"2021-06-22","product":"COPERNICUS/S1_GRD","band":"VV","value":-10.8744,"farmer_unique_id":"MC042","site_id":9487},{"date":"2021-07-04","product":"COPERNICUS/S1_GRD","band":"VV","value":-13.0835,"farmer_unique_id":"MC042","site_id":9487},{"date":"2021-07-16","product":"COPERNICUS/S1_GRD","band":"VV","value":-10.2512,"farmer_unique_id":"MC042","site_id":9487},{"date":"2021-07-28","product":"COPERNICUS/S1_GRD","band":"VV","value":-12.1344,"farmer_unique_id":"MC042","site_id":9487},{"date":"2021-08-09","product":"COPERNICUS/S1_GRD","band":"VV","value":-12.6197,"farmer_unique_id":"MC042","site_id":9487},{"date":"2021-08-21","product":"COPERNICUS/S1_GRD","band":"VV","value":-10.6003,"farmer_unique_id":"MC042","site_id":9487},{"date":"2021-09-02","product":"COPERNICUS/S1_GRD","band":"VV","value":-12.5704,"farmer_unique_id":"MC042","site_id":9487},{"date":"2021-09-14","product":"COPERNICUS/S1_GRD","band":"VV","value":-12.307,"farmer_unique_id":"MC042","site_id":9487},{"date":"2021-09-26","product":"COPERNICUS/S1_GRD","band":"VV","value":-10.9848,"farmer_unique_id":"MC042","site_id":9487},{"date":"2021-10-08","product":"COPERNICUS/S1_GRD","band":"VV","value":-10.4491,"farmer_unique_id":"MC042","site_id":9487},{"date":"2021-10-20","product":"COPERNICUS/S1_GRD","band":"VV","value":-11.6061,"farmer_unique_id":"MC042","site_id":9487},{"date":"2021-11-01","product":"COPERNICUS/S1_GRD","band":"VV","value":-12.0335,"farmer_unique_id":"MC042","site_id":9487},{"date":"2021-11-13","product":"COPERNICUS/S1_GRD","band":"VV","value":-16.2213,"farmer_unique_id":"MC042","site_id":9487},{"date":"2021-11-25","product":"COPERNICUS/S1_GRD","band":"VV","value":-10.2915,"farmer_unique_id":"MC042","site_id":9487},{"date":"2021-12-07","product":"COPERNICUS/S1_GRD","band":"VV","value":-8.5056,"farmer_unique_id":"MC042","site_id":9487},{"date":"2021-12-19","product":"COPERNICUS/S1_GRD","band":"VV","value":-8.1161,"farmer_unique_id":"MC042","site_id":9487}]
