[{"date":"2020-01-11","product":"COPERNICUS/S1_GRD","band":"VH","value":-16.4278,"farmer_unique_id":"1794700","site_id":4978},{"date":"2020-01-23","product":"COPERNICUS/S1_GRD","band":"VH","value":-14.9607,"farmer_unique_id":"1794700","site_id":4978},{"date":"2020-02-04","product":"COPERNICUS/S1_GRD","band":"VH","value":-17.7331,"farmer_unique_id":"1794700","site_id":4978},{"date":"2020-02-16","product":"COPERNICUS/S1_GRD","band":"VH","value":-12.4388,"farmer_unique_id":"1794700","site_id":4978},{"date":"2020-02-28","product":"COPERNICUS/S1_GRD","band":"VH","value":-16.3968,"farmer_unique_id":"1794700","site_id":4978},{"date":"2020-03-11","product":"COPERNICUS/S1_GRD","band":"VH","value":-16.0729,"farmer_unique_id":"1794700","site_id":4978},{"date":"2020-03-23","product":"COPERNICUS/S1_GRD","band":"VH","value":-20.4778,"farmer_unique_id":"1794700","site_id":4978},{"date":"2020-04-04","product":"COPERNICUS/S1_GRD","band":"VH","value":-17.0818,"farmer_unique_id":"1794700","site_id":4978},{"date":"2020-04-16","product":"COPERNICUS/S1_GRD","band":"VH","value":-18.8383,"farmer_unique_id":"1794700","site_id":4978},{"date":"2020-04-28","product":"COPERNICUS/S1_GRD","band":"VH","value":-17.9507,"farmer_unique_id":"1794700","site_id":4978},{"date":"2020-05-10","product":"COPERNICUS/S1_GRD","band":"VH","value":-17.1129,"farmer_unique_id":"1794700","site_id":4978},{"date":"2020-05-22","product":"COPERNICUS/S1_GRD","band":"VH","value":-16.7337,"farmer_unique_id":"1794700","site_id":4978},{"date":"2020-06-03","product":"COPERNICUS/S1_GRD","band":"VH","value":-16.2575,"farmer_unique_id":"1794700","site_id":4978},{"date":"2020-06-15","product":"COPERNICUS/S1_GRD","band":"VH","value":-20.3063,"farmer_unique_id":"1794700","site_id":4978},{"date":"2020-06-27","product":"COPERNICUS/S1_GRD","band":"VH","value":-14.5957,"farmer_unique_id":"1794700","site_id":4978},{"date":"2020-07-09","product":"COPERNICUS/S1_GRD","band":"VH","value":-15.5976,"farmer_unique_id":"1794700","site_id":4978},{"date":"2020-07-21","product":"COPERNICUS/S1_GRD","band":"VH","value":-16.1612,"farmer_unique_id":"1794700","site_id":4978},{"date":"2020-08-02","product":"COPERNICUS/S1_GRD","band":"VH","value":-13.7886,"farmer_unique_id":"1794700","site_id":4978},{"date":"2020-08-14","product":"COPERNICUS/S1_GRD","band":"VH","value":-15.3583,"farmer_unique_id":"1794700","site_id":4978},{"date":"2020-08-26","product":"COPERNICUS/S1_GRD","band":"VH","value":-15.0801,"farmer_unique_id":"1794700","site_id":4978},{"date":"2020-09-07","product":"COPERNICUS/S1_GRD","band":"VH","value":-14.5421,"farmer_unique_id":"1794700","site_id":4978},{"date":"2020-09-19","product":"COPERNICUS/S1_GRD","band":"VH","value":-19.8273,"farmer_unique_id":"1794700","site_id":4978},{"date":"2020-10-01","product":"COPERNICUS/S1_GRD","band":"VH","value":-15.8766,"farmer_unique_id":"1794700","site_id":4978},{"date":"2020-10-13","product":"COPERNICUS/S1_GRD","band":"VH","value":-15.6259,"farmer_unique_id":"1794700","site_id":4978},{"date":"2020-10-25","product":"COPERNICUS/S1_GRD","band":"VH","value":-21.4338,"farmer_unique_id":"1794700","site_id":4978},{"date":"2020-11-06","product":"COPERNICUS/S1_GRD","band":"VH","value":-16.5331,"farmer_unique_id":"1794700","site_id":4978},{"date":"2020-11-18","product":"COPERNICUS/S1_GRD","band":"VH","value":-17.8932,"farmer_unique_id":"1794700","site_id":4978},{"date":"2020-11-30","product":"COPERNICUS/S1_GRD","band":"VH","value":-19.7978,"farmer_unique_id":"1794700","site_id":4978},{"date":"2020-12-12","product":"COPERNICUS/S1_GRD","band":"VH","value":-20.1951,"farmer_unique_id":"1794700","site_id":4978},{"date":"2020-12-24","product":"COPERNICUS/S1_GRD","band":"VH","value":-23.6697,"farmer_unique_id":"1794700","site_id":4978},{"date":"2021-01-05","product":"COPERNICUS/S1_GRD","band":"VH","value":-22.4882,"farmer_unique_id":"1794700","site_id":4978},{"date":"2021-01-17","product":"COPERNICUS/S1_GRD","band":"VH","value":-19.1562,"farmer_unique_id":"1794700","site_id":4978},{"date":"2021-01-29","product":"COPERNICUS/S1_GRD","band":"VH","value":-19.5315,"farmer_unique_id":"1794700","site_id":4978},{"date":"2021-02-10","product":"COPERNICUS/S1_GRD","band":"VH","value":-14.6137,"farmer_unique_id":"1794700","site_id":4978},{"date":"2021-02-22","product":"COPERNICUS/S1_GRD","band":"VH","value":-16.9389,"farmer_unique_id":"1794700","site_id":4978},{"date":"2021-03-06","product":"COPERNICUS/S1_GRD","band":"VH","value":-22.2852,"farmer_unique_id":"1794700","site_id":4978},{"date":"2021-03-18","product":"COPERNICUS/S1_GRD","band":"VH","value":-18.8109,"farmer_unique_id":"1794700","site_id":4978},{"date":"2021-03-30","product":"COPERNICUS/S1_GRD","band":"VH","value":-15.9198,"farmer_unique_id":"1794700","site_id":4978},{"date":"2021-04-11","product":"COPERNICUS/S1_GRD","band":"VH","value":-20.0376,"farmer_unique_id":"1794700","site_id":4978},{"date":"2021-04-23","product":"COPERNICUS/S1_GRD","band":"VH","value":-13.4926,"farmer_unique_id":"1794700","site_id":4978},{"date":"2021-05-05","product":"COPERNICUS/S1_GRD","band":"VH","value":-16.4479,"farmer_unique_id":"1794700","site_id":4978},{"date":"2021-05-17","product":"COPERNICUS/S1_GRD","band":"VH","value":-17.5614,"farmer_unique_id":"1794700","site_id":4978},{"date":"2021-05-29","product":"COPERNICUS/S1_GRD","band":"VH","value":-19.0941,"farmer_unique_id":"1794700","site_id":4978},{"date":"2021-06-10","product":"COPERNICUS/S1_GRD","band":"VH","value":-20.1402,"farmer_unique_id":"1794700","site_id":4978},{"date":"2021-06-22","product":"COPERNICUS/S1_GRD","band":"VH","value":-18.4944,"farmer_unique_id":"1794700","site_id":4978},{"date":"2021-07-04","product":"COPERNICUS/S1_GRD","band":"VH","value":-21.5389,"farmer_unique_id":"1794700","site_id":4978},{"date":"2021-07-16","product":"COPERNICUS/S1_GRD","band":"VH","value":-22.0018,"farmer_unique_id":"1794700","site_id":4978},{"date":"2021-07-28","product":"COPERNICUS/S1_GRD","band":"VH","value":-15.6306,"farmer_unique_id":"1794700","site_id":4978},{"date":"2021-08-09","product":"COPERNICUS/S1_GRD","band":"VH","value":-21.7122,"farmer_unique_id":"1794700","site_id":4978},{"date":"2021-08-21","product":"COPERNICUS/S1_GRD","band":"VH","value":-19.4815,"farmer_unique_id":"1794700","site_id":4978},{"date":"2021-09-02","product":"COPERNICUS/S1_GRD","band":"VH","value":-19.0584,"farmer_unique_id":"1794700","site_id":4978},{"date":"2021-09-14","product":"COPERNICUS/S1_GRD","band":"VH","value":-16.7959,"farmer_unique_id":"1794700","site_id":4978},{"date":"2021-09-26","product":"COPERNICUS/S1_GRD","band":"VH","value":-15.6661,"farmer_unique_id":"1794700","site_id":4978},{"date":"2021-10-08","product":"COPERNICUS/S1_GRD","band":"VH","value":-18.8957,"farmer_unique_id":"1794700","site_id":4978},{"date":"2021-10-20","product":"COPERNICUS/S1_GRD","band":"VH","value":-17.7264,"farmer_unique_id":"1794700","site_id":4978},{"date":"2021-11-01","product":"COPERNICUS/S1_GRD","band":"VH","value":-15.2771,"farmer_unique_id":"1794700","site_id":4978},{"date":"2021-11-13","product":"COPERNICUS/S1_GRD","band":"VH","value":-22.6418,"farmer_unique_id":"1794700","site_id":4978},{"date":"2021-11-25","product":"COPERNICUS/S1_GRD","band":"VH","value":-14.9479,"farmer_unique_id":"1794700","site_id":4978},{"date":"2021-12-07","product":"COPERNICUS/S1_GRD","band":"VH","value":-25.5213,"farmer_unique_id":"1794700","site_id":4978},{"date":"2021-12-19","product":"COPERNICUS/S1_GRD","band":"VH","value":-16.7538,"farmer_unique_id":"1794700","site_id":4978},{"date":"2020-01-11","product":"COPERNICUS/S1_GRD","band":"VV","value":-8.2411,"farmer_unique_id":"1794700","site_id":4978},{"date":"2020-01-23","product":"COPERNICUS/S1_GRD","band":"VV","value":-9.6995,"farmer_unique_id":"1794700","site_id":4978},{"date":"2020-02-04","product":"COPERNICUS/S1_GRD","band":"VV","value":-6.9476,"farmer_unique_id":"1794700","site_id":4978},{"date":"2020-02-16","product":"COPERNICUS/S1_GRD","band":"VV","value":-10.8166,"farmer_unique_id":"1794700","site_id":4978},{"date":"2020-02-28","product":"COPERNICUS/S1_GRD","band":"VV","value":-10.9287,"farmer_unique_id":"1794700","site_id":4978},{"date":"2020-03-11","product":"COPERNICUS/S1_GRD","band":"VV","value":-9.3631,"farmer_unique_id":"1794700","site_id":4978},{"date":"2020-03-23","product":"COPERNICUS/S1_GRD","band":"VV","value":-11.006,"farmer_unique_id":"1794700","site_id":4978},{"date":"2020-04-04","product":"COPERNICUS/S1_GRD","band":"VV","value":-11.2715,"farmer_unique_id":"1794700","site_id":4978},{"date":"2020-04-16","product":"COPERNICUS/S1_GRD","band":"VV","value":-14.4588,"farmer_unique_id":"1794700","site_id":4978},{"date":"2020-04-28","product":"COPERNICUS/S1_GRD","band":"VV","value":-9.2643,"farmer_unique_id":"1794700","site_id":4978},{"date":"2020-05-10","product":"COPERNICUS/S1_GRD","band":"VV","value":-12.5023,"farmer_unique_id":"1794700","site_id":4978},{"date":"2020-05-22","product":"COPERNICUS/S1_GRD","band":"VV","value":-9.918,"farmer_unique_id":"1794700","site_id":4978},{"date":"2020-06-03","product":"COPERNICUS/S1_GRD","band":"VV","value":-11.6592,"farmer_unique_id":"1794700","site_id":4978},{"date":"2020-06-15","product":"COPERNICUS/S1_GRD","band":"VV","value":-13.0994,"farmer_unique_id":"1794700","site_id":4978},{"date":"2020-06-27","product":"COPERNICUS/S1_GRD","band":"VV","value":-11.3959,"farmer_unique_id":"1794700","site_id":4978},{"date":"2020-07-09","product":"COPERNICUS/S1_GRD","band":"VV","value":-10.638,"farmer_unique_id":"1794700","site_id":4978},{"date":"2020-07-21","product":"COPERNICUS/S1_GRD","band":"VV","value":-9.3576,"farmer_unique_id":"1794700","site_id":4978},{"date":"2020-08-02","product":"COPERNICUS/S1_GRD","band":"VV","value":-13.021,"farmer_unique_id":"1794700","site_id":4978},{"date":"2020-08-14","product":"COPERNICUS/S1_GRD","band":"VV","value":-10.8363,"farmer_unique_id":"1794700","site_id":4978},{"date":"2020-08-26","product":"COPERNICUS/S1_GRD","band":"VV","value":-9.8737,"farmer_unique_id":"1794700","site_id":4978},{"date":"2020-09-07","product":"COPERNICUS/S1_GRD","band":"VV","value":-9.1924,"farmer_unique_id":"1794700","site_id":4978},{"date":"2020-09-19","product":"COPERNICUS/S1_GRD","band":"VV","value":-10.4793,"farmer_unique_id":"1794700","site_id":4978},{"date":"2020-10-01","product":"COPERNICUS/S1_GRD","band":"VV","value":-12.195,"farmer_unique_id":"1794700","site_id":4978},{"date":"2020-10-13","product":"COPERNICUS/S1_GRD","band":"VV","value":-12.817,"farmer_unique_id":"1794700","site_id":4978},{"date":"2020-10-25","product":"COPERNICUS/S1_GRD","band":"VV","value":-10.8477,"farmer_unique_id":"1794700","site_id":4978},{"date":"2020-11-06","product":"COPERNICUS/S1_GRD","band":"VV","value":-10.9978,"farmer_unique_id":"1794700","site_id":4978},{"date":"2020-11-18","product":"COPERNICUS/S1_GRD","band":"VV","value":-12.6685,"farmer_unique_id":"1794700","site_id":4978},{"date":"2020-11-30","product":"COPERNICUS/S1_GRD","band":"VV","value":-11.9662,"farmer_unique_id":"1794700","site_id":4978},{"date":"2020-12-12","product":"COPERNICUS/S1_GRD","band":"VV","value":-13.4329,"farmer_unique_id":"1794700","site_id":4978},{"date":"2020-12-24","product":"COPERNICUS/S1_GRD","band":"VV","value":-9.7327,"farmer_unique_id":"1794700","site_id":4978},{"date":"2021-01-05","product":"COPERNICUS/S1_GRD","band":"VV","value":-11.3539,"farmer_unique_id":"1794700","site_id":4978},{"date":"2021-01-17","product":"COPERNICUS/S1_GRD","band":"VV","value":-12.843,"farmer_unique_id":"1794700","site_id":4978},{"date":"2021-01-29","product":"COPERNICUS/S1_GRD","band":"VV","value":-14.3405,"farmer_unique_id":"1794700","site_id":4978},{"date":"2021-02-10","product":"COPERNICUS/S1_GRD","band":"VV","value":-14.9796,"farmer_unique_id":"1794700","site_id":4978},{"date":"2021-02-22","product":"COPERNICUS/S1_GRD","band":"VV","value":-15.1628,"farmer_unique_id":"1794700","site_id":4978},{"date":"2021-03-06","product":"COPERNICUS/S1_GRD","band":"VV","value":-13.7147,"farmer_unique_id":"1794700","site_id":4978},{"date":"2021-03-18","product":"COPERNICUS/S1_GRD","band":"VV","value":-9.5356,"farmer_unique_id":"1794700","site_id":4978},{"date":"2021-03-30","product":"COPERNICUS/S1_GRD","band":"VV","value":-11.4266,"farmer_unique_id":"1794700","site_id":4978},{"date":"2021-04-11","product":"COPERNICUS/S1_GRD","band":"VV","value":-11.938,"farmer_unique_id":"1794700","site_id":4978},{"date":"2021-04-23","product":"COPERNICUS/S1_GRD","band":"VV","value":-7.7208,"farmer_unique_id":"1794700","site_id":4978},{"date":"2021-05-05","product":"COPERNICUS/S1_GRD","band":"VV","value":-12.1085,"farmer_unique_id":"1794700","site_id":4978},{"date":"2021-05-17","product":"COPERNICUS/S1_GRD","band":"VV","value":-11.7901,"farmer_unique_id":"1794700","site_id":4978},{"date":"2021-05-29","product":"COPERNICUS/S1_GRD","band":"VV","value":-9.7334,"farmer_unique_id":"1794700","site_id":4978},{"date":"2021-06-10","product":"COPERNICUS/S1_GRD","band":"VV","value":-13.7965,"farmer_unique_id":"1794700","site_id":4978},{"date":"2021-06-22","product":"COPERNICUS/S1_GRD","band":"VV","value":-11.0632,"farmer_unique_id":"1794700","site_id":4978},{"date":"2021-07-04","product":"COPERNICUS/S1_GRD","band":"VV","value":-9.5459,"farmer_unique_id":"1794700","site_id":4978},{"date":"2021-07-16","product":"COPERNICUS/S1_GRD","band":"VV","value":-10.7059,"farmer_unique_id":"1794700","site_id":4978},{"date":"2021-07-28","product":"COPERNICUS/S1_GRD","band":"VV","value":-10.0414,"farmer_unique_id":"1794700","site_id":4978},{"date":"2021-08-09","product":"COPERNICUS/S1_GRD","band":"VV","value":-12.5995,"farmer_unique_id":"1794700","site_id":4978},{"date":"2021-08-21","product":"COPERNICUS/S1_GRD","band":"VV","value":-12.9783,"farmer_unique_id":"1794700","site_id":4978},{"date":"2021-09-02","product":"COPERNICUS/S1_GRD","band":"VV","value":-11.8975,"farmer_unique_id":"1794700","site_id":4978},{"date":"2021-09-14","product":"COPERNICUS/S1_GRD","band":"VV","value":-11.766,"farmer_unique_id":"1794700","site_id":4978},{"date":"2021-09-26","product":"COPERNICUS/S1_GRD","band":"VV","value":-12.1271,"farmer_unique_id":"1794700","site_id":4978},{"date":"2021-10-08","product":"COPERNICUS/S1_GRD","band":"VV","value":-11.4442,"farmer_unique_id":"1794700","site_id":4978},{"date":"2021-10-20","product":"COPERNICUS/S1_GRD","band":"VV","value":-8.9564,"farmer_unique_id":"1794700","site_id":4978},{"date":"2021-11-01","product":"COPERNICUS/S1_GRD","band":"VV","value":-13.5436,"farmer_unique_id":"1794700","site_id":4978},{"date":"2021-11-13","product":"COPERNICUS/S1_GRD","band":"VV","value":-15.3818,"farmer_unique_id":"1794700","site_id":4978},{"date":"2021-11-25","product":"COPERNICUS/S1_GRD","band":"VV","value":-8.0969,"farmer_unique_id":"1794700","site_id":4978},{"date":"2021-12-07","product":"COPERNICUS/S1_GRD","band":"VV","value":-8.5976,"farmer_unique_id":"1794700","site_id":4978},{"date":"2021-12-19","product":"COPERNICUS/S1_GRD","band":"VV","value":-8.9428,"farmer_unique_id":"1794700","site_id":4978}]
