[{"date":"2020-01-04","product":"COPERNICUS/S1_GRD","band":"VH","value":-27.4443,"farmer_unique_id":"624238","site_id":4741},{"date":"2020-01-09","product":"COPERNICUS/S1_GRD","band":"VH","value":-24.0478,"farmer_unique_id":"624238","site_id":4741},{"date":"2020-01-16","product":"COPERNICUS/S1_GRD","band":"VH","value":-19.1762,"farmer_unique_id":"624238","site_id":4741},{"date":"2020-01-21","product":"COPERNICUS/S1_GRD","band":"VH","value":-16.0796,"farmer_unique_id":"624238","site_id":4741},{"date":"2020-01-28","product":"COPERNICUS/S1_GRD","band":"VH","value":-15.2622,"farmer_unique_id":"624238","site_id":4741},{"date":"2020-02-02","product":"COPERNICUS/S1_GRD","band":"VH","value":-15.8395,"farmer_unique_id":"624238","site_id":4741},{"date":"2020-02-09","product":"COPERNICUS/S1_GRD","band":"VH","value":-14.6326,"farmer_unique_id":"624238","site_id":4741},{"date":"2020-02-14","product":"COPERNICUS/S1_GRD","band":"VH","value":-16.8917,"farmer_unique_id":"624238","site_id":4741},{"date":"2020-02-21","product":"COPERNICUS/S1_GRD","band":"VH","value":-23.3394,"farmer_unique_id":"624238","site_id":4741},{"date":"2020-02-26","product":"COPERNICUS/S1_GRD","band":"VH","value":-17.4527,"farmer_unique_id":"624238","site_id":4741},{"date":"2020-03-04","product":"COPERNICUS/S1_GRD","band":"VH","value":-15.9075,"farmer_unique_id":"624238","site_id":4741},{"date":"2020-03-09","product":"COPERNICUS/S1_GRD","band":"VH","value":-17.2687,"farmer_unique_id":"624238","site_id":4741},{"date":"2020-03-16","product":"COPERNICUS/S1_GRD","band":"VH","value":-19.2643,"farmer_unique_id":"624238","site_id":4741},{"date":"2020-03-21","product":"COPERNICUS/S1_GRD","band":"VH","value":-22.4585,"farmer_unique_id":"624238","site_id":4741},{"date":"2020-03-28","product":"COPERNICUS/S1_GRD","band":"VH","value":-14.3087,"farmer_unique_id":"624238","site_id":4741},{"date":"2020-04-02","product":"COPERNICUS/S1_GRD","band":"VH","value":-21.8196,"farmer_unique_id":"624238","site_id":4741},{"date":"2020-04-09","product":"COPERNICUS/S1_GRD","band":"VH","value":-21.0975,"farmer_unique_id":"624238","site_id":4741},{"date":"2020-04-14","product":"COPERNICUS/S1_GRD","band":"VH","value":-12.9648,"farmer_unique_id":"624238","site_id":4741},{"date":"2020-04-21","product":"COPERNICUS/S1_GRD","band":"VH","value":-16.1074,"farmer_unique_id":"624238","site_id":4741},{"date":"2020-04-26","product":"COPERNICUS/S1_GRD","band":"VH","value":-13.4814,"farmer_unique_id":"624238","site_id":4741},{"date":"2020-05-03","product":"COPERNICUS/S1_GRD","band":"VH","value":-16.4397,"farmer_unique_id":"624238","site_id":4741},{"date":"2020-05-08","product":"COPERNICUS/S1_GRD","band":"VH","value":-18.5794,"farmer_unique_id":"624238","site_id":4741},{"date":"2020-05-15","product":"COPERNICUS/S1_GRD","band":"VH","value":-14.9413,"farmer_unique_id":"624238","site_id":4741},{"date":"2020-05-20","product":"COPERNICUS/S1_GRD","band":"VH","value":-14.4901,"farmer_unique_id":"624238","site_id":4741},{"date":"2020-05-27","product":"COPERNICUS/S1_GRD","band":"VH","value":-15.5854,"farmer_unique_id":"624238","site_id":4741},{"date":"2020-06-01","product":"COPERNICUS/S1_GRD","band":"VH","value":-13.8487,"farmer_unique_id":"624238","site_id":4741},{"date":"2020-06-08","product":"COPERNICUS/S1_GRD","band":"VH","value":-11.9101,"farmer_unique_id":"624238","site_id":4741},{"date":"2020-06-13","product":"COPERNICUS/S1_GRD","band":"VH","value":-21.4556,"farmer_unique_id":"624238","site_id":4741},{"date":"2020-06-20","product":"COPERNICUS/S1_GRD","band":"VH","value":-13.688,"farmer_unique_id":"624238","site_id":4741},{"date":"2020-06-25","product":"COPERNICUS/S1_GRD","band":"VH","value":-21.5454,"farmer_unique_id":"624238","site_id":4741},{"date":"2020-07-02","product":"COPERNICUS/S1_GRD","band":"VH","value":-14.6437,"farmer_unique_id":"624238","site_id":4741},{"date":"2020-07-07","product":"COPERNICUS/S1_GRD","band":"VH","value":-16.4266,"farmer_unique_id":"624238","site_id":4741},{"date":"2020-07-14","product":"COPERNICUS/S1_GRD","band":"VH","value":-15.2834,"farmer_unique_id":"624238","site_id":4741},{"date":"2020-07-19","product":"COPERNICUS/S1_GRD","band":"VH","value":-16.5951,"farmer_unique_id":"624238","site_id":4741},{"date":"2020-07-26","product":"COPERNICUS/S1_GRD","band":"VH","value":-19.1081,"farmer_unique_id":"624238","site_id":4741},{"date":"2020-07-31","product":"COPERNICUS/S1_GRD","band":"VH","value":-14.9713,"farmer_unique_id":"624238","site_id":4741},{"date":"2020-08-07","product":"COPERNICUS/S1_GRD","band":"VH","value":-13.1512,"farmer_unique_id":"624238","site_id":4741},{"date":"2020-08-12","product":"COPERNICUS/S1_GRD","band":"VH","farmer_unique_id":"624238","site_id":4741},{"date":"2020-08-19","product":"COPERNICUS/S1_GRD","band":"VH","value":-20.1308,"farmer_unique_id":"624238","site_id":4741},{"date":"2020-08-24","product":"COPERNICUS/S1_GRD","band":"VH","value":-19.1424,"farmer_unique_id":"624238","site_id":4741},{"date":"2020-08-31","product":"COPERNICUS/S1_GRD","band":"VH","value":-17.0755,"farmer_unique_id":"624238","site_id":4741},{"date":"2020-09-05","product":"COPERNICUS/S1_GRD","band":"VH","value":-20.3151,"farmer_unique_id":"624238","site_id":4741},{"date":"2020-09-12","product":"COPERNICUS/S1_GRD","band":"VH","value":-23.8812,"farmer_unique_id":"624238","site_id":4741},{"date":"2020-09-17","product":"COPERNICUS/S1_GRD","band":"VH","value":-15.2531,"farmer_unique_id":"624238","site_id":4741},{"date":"2020-09-24","product":"COPERNICUS/S1_GRD","band":"VH","value":-12.9702,"farmer_unique_id":"624238","site_id":4741},{"date":"2020-09-29","product":"COPERNICUS/S1_GRD","band":"VH","value":-14.772,"farmer_unique_id":"624238","site_id":4741},{"date":"2020-10-06","product":"COPERNICUS/S1_GRD","band":"VH","value":-19.9533,"farmer_unique_id":"624238","site_id":4741},{"date":"2020-10-11","product":"COPERNICUS/S1_GRD","band":"VH","value":-18.8562,"farmer_unique_id":"624238","site_id":4741},{"date":"2020-10-18","product":"COPERNICUS/S1_GRD","band":"VH","value":-25.4584,"farmer_unique_id":"624238","site_id":4741},{"date":"2020-10-23","product":"COPERNICUS/S1_GRD","band":"VH","value":-12.4142,"farmer_unique_id":"624238","site_id":4741},{"date":"2020-10-30","product":"COPERNICUS/S1_GRD","band":"VH","value":-12.8323,"farmer_unique_id":"624238","site_id":4741},{"date":"2020-11-04","product":"COPERNICUS/S1_GRD","band":"VH","value":-15.6114,"farmer_unique_id":"624238","site_id":4741},{"date":"2020-11-11","product":"COPERNICUS/S1_GRD","band":"VH","value":-13.6077,"farmer_unique_id":"624238","site_id":4741},{"date":"2020-11-16","product":"COPERNICUS/S1_GRD","band":"VH","value":-15.6571,"farmer_unique_id":"624238","site_id":4741},{"date":"2020-11-23","product":"COPERNICUS/S1_GRD","band":"VH","value":-19.7321,"farmer_unique_id":"624238","site_id":4741},{"date":"2020-11-28","product":"COPERNICUS/S1_GRD","band":"VH","value":-17.9623,"farmer_unique_id":"624238","site_id":4741},{"date":"2020-12-05","product":"COPERNICUS/S1_GRD","band":"VH","value":-23.2522,"farmer_unique_id":"624238","site_id":4741},{"date":"2020-12-10","product":"COPERNICUS/S1_GRD","band":"VH","value":-19.125,"farmer_unique_id":"624238","site_id":4741},{"date":"2020-12-17","product":"COPERNICUS/S1_GRD","band":"VH","value":-20.145,"farmer_unique_id":"624238","site_id":4741},{"date":"2020-12-22","product":"COPERNICUS/S1_GRD","band":"VH","value":-20.2512,"farmer_unique_id":"624238","site_id":4741},{"date":"2020-12-29","product":"COPERNICUS/S1_GRD","band":"VH","value":-20.132,"farmer_unique_id":"624238","site_id":4741},{"date":"2021-01-03","product":"COPERNICUS/S1_GRD","band":"VH","value":-18.8441,"farmer_unique_id":"624238","site_id":4741},{"date":"2021-01-10","product":"COPERNICUS/S1_GRD","band":"VH","value":-17.4322,"farmer_unique_id":"624238","site_id":4741},{"date":"2021-01-15","product":"COPERNICUS/S1_GRD","band":"VH","value":-19.352,"farmer_unique_id":"624238","site_id":4741},{"date":"2021-01-22","product":"COPERNICUS/S1_GRD","band":"VH","value":-20.1811,"farmer_unique_id":"624238","site_id":4741},{"date":"2021-01-27","product":"COPERNICUS/S1_GRD","band":"VH","value":-22.0634,"farmer_unique_id":"624238","site_id":4741},{"date":"2021-02-03","product":"COPERNICUS/S1_GRD","band":"VH","value":-20.008,"farmer_unique_id":"624238","site_id":4741},{"date":"2021-02-08","product":"COPERNICUS/S1_GRD","band":"VH","value":-23.1204,"farmer_unique_id":"624238","site_id":4741},{"date":"2021-02-15","product":"COPERNICUS/S1_GRD","band":"VH","value":-21.0952,"farmer_unique_id":"624238","site_id":4741},{"date":"2021-02-20","product":"COPERNICUS/S1_GRD","band":"VH","value":-20.3291,"farmer_unique_id":"624238","site_id":4741},{"date":"2021-02-27","product":"COPERNICUS/S1_GRD","band":"VH","value":-24.4656,"farmer_unique_id":"624238","site_id":4741},{"date":"2021-03-04","product":"COPERNICUS/S1_GRD","band":"VH","value":-22.718,"farmer_unique_id":"624238","site_id":4741},{"date":"2021-03-11","product":"COPERNICUS/S1_GRD","band":"VH","value":-20.9051,"farmer_unique_id":"624238","site_id":4741},{"date":"2021-03-16","product":"COPERNICUS/S1_GRD","band":"VH","value":-15.8281,"farmer_unique_id":"624238","site_id":4741},{"date":"2021-03-23","product":"COPERNICUS/S1_GRD","band":"VH","value":-25.3113,"farmer_unique_id":"624238","site_id":4741},{"date":"2021-03-28","product":"COPERNICUS/S1_GRD","band":"VH","value":-23.0403,"farmer_unique_id":"624238","site_id":4741},{"date":"2021-04-04","product":"COPERNICUS/S1_GRD","band":"VH","value":-21.9472,"farmer_unique_id":"624238","site_id":4741},{"date":"2021-04-09","product":"COPERNICUS/S1_GRD","band":"VH","value":-20.1654,"farmer_unique_id":"624238","site_id":4741},{"date":"2021-04-16","product":"COPERNICUS/S1_GRD","band":"VH","value":-16.0573,"farmer_unique_id":"624238","site_id":4741},{"date":"2021-04-21","product":"COPERNICUS/S1_GRD","band":"VH","value":-12.3303,"farmer_unique_id":"624238","site_id":4741},{"date":"2021-04-28","product":"COPERNICUS/S1_GRD","band":"VH","value":-15.9434,"farmer_unique_id":"624238","site_id":4741},{"date":"2021-05-03","product":"COPERNICUS/S1_GRD","band":"VH","value":-13.4253,"farmer_unique_id":"624238","site_id":4741},{"date":"2021-05-10","product":"COPERNICUS/S1_GRD","band":"VH","value":-11.1514,"farmer_unique_id":"624238","site_id":4741},{"date":"2021-05-15","product":"COPERNICUS/S1_GRD","band":"VH","value":-14.8024,"farmer_unique_id":"624238","site_id":4741},{"date":"2021-05-22","product":"COPERNICUS/S1_GRD","band":"VH","value":-18.8012,"farmer_unique_id":"624238","site_id":4741},{"date":"2021-05-27","product":"COPERNICUS/S1_GRD","band":"VH","value":-20.9312,"farmer_unique_id":"624238","site_id":4741},{"date":"2021-06-03","product":"COPERNICUS/S1_GRD","band":"VH","value":-21.522,"farmer_unique_id":"624238","site_id":4741},{"date":"2021-06-08","product":"COPERNICUS/S1_GRD","band":"VH","value":-16.0349,"farmer_unique_id":"624238","site_id":4741},{"date":"2021-06-15","product":"COPERNICUS/S1_GRD","band":"VH","value":-18.7929,"farmer_unique_id":"624238","site_id":4741},{"date":"2021-06-20","product":"COPERNICUS/S1_GRD","band":"VH","value":-17.9619,"farmer_unique_id":"624238","site_id":4741},{"date":"2021-06-27","product":"COPERNICUS/S1_GRD","band":"VH","value":-15.9041,"farmer_unique_id":"624238","site_id":4741},{"date":"2021-07-02","product":"COPERNICUS/S1_GRD","band":"VH","value":-17.8367,"farmer_unique_id":"624238","site_id":4741},{"date":"2021-07-09","product":"COPERNICUS/S1_GRD","band":"VH","value":-14.4968,"farmer_unique_id":"624238","site_id":4741},{"date":"2021-07-14","product":"COPERNICUS/S1_GRD","band":"VH","value":-19.2336,"farmer_unique_id":"624238","site_id":4741},{"date":"2021-07-21","product":"COPERNICUS/S1_GRD","band":"VH","value":-13.0092,"farmer_unique_id":"624238","site_id":4741},{"date":"2021-07-26","product":"COPERNICUS/S1_GRD","band":"VH","value":-15.5679,"farmer_unique_id":"624238","site_id":4741},{"date":"2021-08-02","product":"COPERNICUS/S1_GRD","band":"VH","value":-17.0791,"farmer_unique_id":"624238","site_id":4741},{"date":"2021-08-07","product":"COPERNICUS/S1_GRD","band":"VH","value":-17.3234,"farmer_unique_id":"624238","site_id":4741},{"date":"2021-08-14","product":"COPERNICUS/S1_GRD","band":"VH","value":-11.9397,"farmer_unique_id":"624238","site_id":4741},{"date":"2021-08-19","product":"COPERNICUS/S1_GRD","band":"VH","value":-18.8579,"farmer_unique_id":"624238","site_id":4741},{"date":"2021-08-26","product":"COPERNICUS/S1_GRD","band":"VH","value":-18.9755,"farmer_unique_id":"624238","site_id":4741},{"date":"2021-08-31","product":"COPERNICUS/S1_GRD","band":"VH","value":-16.4339,"farmer_unique_id":"624238","site_id":4741},{"date":"2021-09-07","product":"COPERNICUS/S1_GRD","band":"VH","value":-13.8701,"farmer_unique_id":"624238","site_id":4741},{"date":"2021-09-12","product":"COPERNICUS/S1_GRD","band":"VH","value":-14.7625,"farmer_unique_id":"624238","site_id":4741},{"date":"2021-09-19","product":"COPERNICUS/S1_GRD","band":"VH","value":-12.1425,"farmer_unique_id":"624238","site_id":4741},{"date":"2021-09-24","product":"COPERNICUS/S1_GRD","band":"VH","value":-16.5237,"farmer_unique_id":"624238","site_id":4741},{"date":"2021-10-01","product":"COPERNICUS/S1_GRD","band":"VH","value":-13.306,"farmer_unique_id":"624238","site_id":4741},{"date":"2021-10-06","product":"COPERNICUS/S1_GRD","band":"VH","value":-19.0587,"farmer_unique_id":"624238","site_id":4741},{"date":"2021-10-13","product":"COPERNICUS/S1_GRD","band":"VH","value":-12.791,"farmer_unique_id":"624238","site_id":4741},{"date":"2021-10-18","product":"COPERNICUS/S1_GRD","band":"VH","value":-15.0109,"farmer_unique_id":"624238","site_id":4741},{"date":"2021-10-25","product":"COPERNICUS/S1_GRD","band":"VH","value":-17.0923,"farmer_unique_id":"624238","site_id":4741},{"date":"2021-10-30","product":"COPERNICUS/S1_GRD","band":"VH","value":-15.3932,"farmer_unique_id":"624238","site_id":4741},{"date":"2021-11-06","product":"COPERNICUS/S1_GRD","band":"VH","value":-18.7706,"farmer_unique_id":"624238","site_id":4741},{"date":"2021-11-11","product":"COPERNICUS/S1_GRD","band":"VH","value":-20.1889,"farmer_unique_id":"624238","site_id":4741},{"date":"2021-11-18","product":"COPERNICUS/S1_GRD","band":"VH","value":-14.0807,"farmer_unique_id":"624238","site_id":4741},{"date":"2021-11-23","product":"COPERNICUS/S1_GRD","band":"VH","value":-19.2949,"farmer_unique_id":"624238","site_id":4741},{"date":"2021-11-30","product":"COPERNICUS/S1_GRD","band":"VH","value":-14.5261,"farmer_unique_id":"624238","site_id":4741},{"date":"2021-12-05","product":"COPERNICUS/S1_GRD","band":"VH","value":-19.1676,"farmer_unique_id":"624238","site_id":4741},{"date":"2021-12-12","product":"COPERNICUS/S1_GRD","band":"VH","value":-17.4631,"farmer_unique_id":"624238","site_id":4741},{"date":"2021-12-17","product":"COPERNICUS/S1_GRD","band":"VH","value":-16.7147,"farmer_unique_id":"624238","site_id":4741},{"date":"2021-12-24","product":"COPERNICUS/S1_GRD","band":"VH","value":-21.9739,"farmer_unique_id":"624238","site_id":4741},{"date":"2021-12-29","product":"COPERNICUS/S1_GRD","band":"VH","value":-18.6013,"farmer_unique_id":"624238","site_id":4741},{"date":"2020-01-04","product":"COPERNICUS/S1_GRD","band":"VV","value":-17.5969,"farmer_unique_id":"624238","site_id":4741},{"date":"2020-01-09","product":"COPERNICUS/S1_GRD","band":"VV","value":-11.7722,"farmer_unique_id":"624238","site_id":4741},{"date":"2020-01-16","product":"COPERNICUS/S1_GRD","band":"VV","value":-11.82,"farmer_unique_id":"624238","site_id":4741},{"date":"2020-01-21","product":"COPERNICUS/S1_GRD","band":"VV","value":-11.8759,"farmer_unique_id":"624238","site_id":4741},{"date":"2020-01-28","product":"COPERNICUS/S1_GRD","band":"VV","value":-8.6358,"farmer_unique_id":"624238","site_id":4741},{"date":"2020-02-02","product":"COPERNICUS/S1_GRD","band":"VV","value":-12.0439,"farmer_unique_id":"624238","site_id":4741},{"date":"2020-02-09","product":"COPERNICUS/S1_GRD","band":"VV","value":-10.681,"farmer_unique_id":"624238","site_id":4741},{"date":"2020-02-14","product":"COPERNICUS/S1_GRD","band":"VV","value":-12.1847,"farmer_unique_id":"624238","site_id":4741},{"date":"2020-02-21","product":"COPERNICUS/S1_GRD","band":"VV","value":-10.4482,"farmer_unique_id":"624238","site_id":4741},{"date":"2020-02-26","product":"COPERNICUS/S1_GRD","band":"VV","value":-13.924,"farmer_unique_id":"624238","site_id":4741},{"date":"2020-03-04","product":"COPERNICUS/S1_GRD","band":"VV","value":-12.2568,"farmer_unique_id":"624238","site_id":4741},{"date":"2020-03-09","product":"COPERNICUS/S1_GRD","band":"VV","value":-11.2901,"farmer_unique_id":"624238","site_id":4741},{"date":"2020-03-16","product":"COPERNICUS/S1_GRD","band":"VV","value":-7.8707,"farmer_unique_id":"624238","site_id":4741},{"date":"2020-03-21","product":"COPERNICUS/S1_GRD","band":"VV","value":-9.3582,"farmer_unique_id":"624238","site_id":4741},{"date":"2020-03-28","product":"COPERNICUS/S1_GRD","band":"VV","value":-6.4735,"farmer_unique_id":"624238","site_id":4741},{"date":"2020-04-02","product":"COPERNICUS/S1_GRD","band":"VV","value":-9.5149,"farmer_unique_id":"624238","site_id":4741},{"date":"2020-04-09","product":"COPERNICUS/S1_GRD","band":"VV","value":-8.2582,"farmer_unique_id":"624238","site_id":4741},{"date":"2020-04-14","product":"COPERNICUS/S1_GRD","band":"VV","value":-8.9049,"farmer_unique_id":"624238","site_id":4741},{"date":"2020-04-21","product":"COPERNICUS/S1_GRD","band":"VV","value":-8.3785,"farmer_unique_id":"624238","site_id":4741},{"date":"2020-04-26","product":"COPERNICUS/S1_GRD","band":"VV","value":-7.7257,"farmer_unique_id":"624238","site_id":4741},{"date":"2020-05-03","product":"COPERNICUS/S1_GRD","band":"VV","value":-5.6082,"farmer_unique_id":"624238","site_id":4741},{"date":"2020-05-08","product":"COPERNICUS/S1_GRD","band":"VV","value":-10.807,"farmer_unique_id":"624238","site_id":4741},{"date":"2020-05-15","product":"COPERNICUS/S1_GRD","band":"VV","value":-7.5496,"farmer_unique_id":"624238","site_id":4741},{"date":"2020-05-20","product":"COPERNICUS/S1_GRD","band":"VV","value":-7.2576,"farmer_unique_id":"624238","site_id":4741},{"date":"2020-05-27","product":"COPERNICUS/S1_GRD","band":"VV","value":-12.3557,"farmer_unique_id":"624238","site_id":4741},{"date":"2020-06-01","product":"COPERNICUS/S1_GRD","band":"VV","value":-10.6324,"farmer_unique_id":"624238","site_id":4741},{"date":"2020-06-08","product":"COPERNICUS/S1_GRD","band":"VV","value":-8.4522,"farmer_unique_id":"624238","site_id":4741},{"date":"2020-06-13","product":"COPERNICUS/S1_GRD","band":"VV","value":-15.7252,"farmer_unique_id":"624238","site_id":4741},{"date":"2020-06-20","product":"COPERNICUS/S1_GRD","band":"VV","value":-10.1546,"farmer_unique_id":"624238","site_id":4741},{"date":"2020-06-25","product":"COPERNICUS/S1_GRD","band":"VV","value":-10.0638,"farmer_unique_id":"624238","site_id":4741},{"date":"2020-07-02","product":"COPERNICUS/S1_GRD","band":"VV","value":-11.3461,"farmer_unique_id":"624238","site_id":4741},{"date":"2020-07-07","product":"COPERNICUS/S1_GRD","band":"VV","value":-10.8529,"farmer_unique_id":"624238","site_id":4741},{"date":"2020-07-14","product":"COPERNICUS/S1_GRD","band":"VV","value":-8.2412,"farmer_unique_id":"624238","site_id":4741},{"date":"2020-07-19","product":"COPERNICUS/S1_GRD","band":"VV","value":-6.5988,"farmer_unique_id":"624238","site_id":4741},{"date":"2020-07-26","product":"COPERNICUS/S1_GRD","band":"VV","value":-13.3615,"farmer_unique_id":"624238","site_id":4741},{"date":"2020-07-31","product":"COPERNICUS/S1_GRD","band":"VV","value":-9.665,"farmer_unique_id":"624238","site_id":4741},{"date":"2020-08-07","product":"COPERNICUS/S1_GRD","band":"VV","value":-13.7382,"farmer_unique_id":"624238","site_id":4741},{"date":"2020-08-12","product":"COPERNICUS/S1_GRD","band":"VV","value":-10.8421,"farmer_unique_id":"624238","site_id":4741},{"date":"2020-08-19","product":"COPERNICUS/S1_GRD","band":"VV","value":-11.948,"farmer_unique_id":"624238","site_id":4741},{"date":"2020-08-24","product":"COPERNICUS/S1_GRD","band":"VV","value":-10.028,"farmer_unique_id":"624238","site_id":4741},{"date":"2020-08-31","product":"COPERNICUS/S1_GRD","band":"VV","value":-8.0484,"farmer_unique_id":"624238","site_id":4741},{"date":"2020-09-05","product":"COPERNICUS/S1_GRD","band":"VV","value":-13.9147,"farmer_unique_id":"624238","site_id":4741},{"date":"2020-09-12","product":"COPERNICUS/S1_GRD","band":"VV","value":-11.2682,"farmer_unique_id":"624238","site_id":4741},{"date":"2020-09-17","product":"COPERNICUS/S1_GRD","band":"VV","value":-11.2895,"farmer_unique_id":"624238","site_id":4741},{"date":"2020-09-24","product":"COPERNICUS/S1_GRD","band":"VV","value":-6.0349,"farmer_unique_id":"624238","site_id":4741},{"date":"2020-09-29","product":"COPERNICUS/S1_GRD","band":"VV","value":-9.2255,"farmer_unique_id":"624238","site_id":4741},{"date":"2020-10-06","product":"COPERNICUS/S1_GRD","band":"VV","value":-11.9839,"farmer_unique_id":"624238","site_id":4741},{"date":"2020-10-11","product":"COPERNICUS/S1_GRD","band":"VV","value":-9.3399,"farmer_unique_id":"624238","site_id":4741},{"date":"2020-10-18","product":"COPERNICUS/S1_GRD","band":"VV","value":-14.6914,"farmer_unique_id":"624238","site_id":4741},{"date":"2020-10-23","product":"COPERNICUS/S1_GRD","band":"VV","value":-7.0466,"farmer_unique_id":"624238","site_id":4741},{"date":"2020-10-30","product":"COPERNICUS/S1_GRD","band":"VV","value":-3.8369,"farmer_unique_id":"624238","site_id":4741},{"date":"2020-11-04","product":"COPERNICUS/S1_GRD","band":"VV","value":-7.9877,"farmer_unique_id":"624238","site_id":4741},{"date":"2020-11-11","product":"COPERNICUS/S1_GRD","band":"VV","value":-5.361,"farmer_unique_id":"624238","site_id":4741},{"date":"2020-11-16","product":"COPERNICUS/S1_GRD","band":"VV","value":-7.5387,"farmer_unique_id":"624238","site_id":4741},{"date":"2020-11-23","product":"COPERNICUS/S1_GRD","band":"VV","value":-10.1873,"farmer_unique_id":"624238","site_id":4741},{"date":"2020-11-28","product":"COPERNICUS/S1_GRD","band":"VV","value":-10.741,"farmer_unique_id":"624238","site_id":4741},{"date":"2020-12-05","product":"COPERNICUS/S1_GRD","band":"VV","value":-12.1336,"farmer_unique_id":"624238","site_id":4741},{"date":"2020-12-10","product":"COPERNICUS/S1_GRD","band":"VV","value":-15.172,"farmer_unique_id":"624238","site_id":4741},{"date":"2020-12-17","product":"COPERNICUS/S1_GRD","band":"VV","value":-13.1376,"farmer_unique_id":"624238","site_id":4741},{"date":"2020-12-22","product":"COPERNICUS/S1_GRD","band":"VV","value":-12.0076,"farmer_unique_id":"624238","site_id":4741},{"date":"2020-12-29","product":"COPERNICUS/S1_GRD","band":"VV","value":-12.0001,"farmer_unique_id":"624238","site_id":4741},{"date":"2021-01-03","product":"COPERNICUS/S1_GRD","band":"VV","value":-12.5026,"farmer_unique_id":"624238","site_id":4741},{"date":"2021-01-10","product":"COPERNICUS/S1_GRD","band":"VV","value":-9.9028,"farmer_unique_id":"624238","site_id":4741},{"date":"2021-01-15","product":"COPERNICUS/S1_GRD","band":"VV","value":-12.951,"farmer_unique_id":"624238","site_id":4741},{"date":"2021-01-22","product":"COPERNICUS/S1_GRD","band":"VV","value":-10.0553,"farmer_unique_id":"624238","site_id":4741},{"date":"2021-01-27","product":"COPERNICUS/S1_GRD","band":"VV","value":-10.9916,"farmer_unique_id":"624238","site_id":4741},{"date":"2021-02-03","product":"COPERNICUS/S1_GRD","band":"VV","value":-12.3078,"farmer_unique_id":"624238","site_id":4741},{"date":"2021-02-08","product":"COPERNICUS/S1_GRD","band":"VV","value":-12.0797,"farmer_unique_id":"624238","site_id":4741},{"date":"2021-02-15","product":"COPERNICUS/S1_GRD","band":"VV","value":-14.4023,"farmer_unique_id":"624238","site_id":4741},{"date":"2021-02-20","product":"COPERNICUS/S1_GRD","band":"VV","value":-12.0172,"farmer_unique_id":"624238","site_id":4741},{"date":"2021-02-27","product":"COPERNICUS/S1_GRD","band":"VV","value":-7.5433,"farmer_unique_id":"624238","site_id":4741},{"date":"2021-03-04","product":"COPERNICUS/S1_GRD","band":"VV","value":-10.2584,"farmer_unique_id":"624238","site_id":4741},{"date":"2021-03-11","product":"COPERNICUS/S1_GRD","band":"VV","value":-10.8555,"farmer_unique_id":"624238","site_id":4741},{"date":"2021-03-16","product":"COPERNICUS/S1_GRD","band":"VV","value":-9.9327,"farmer_unique_id":"624238","site_id":4741},{"date":"2021-03-23","product":"COPERNICUS/S1_GRD","band":"VV","value":-11.7475,"farmer_unique_id":"624238","site_id":4741},{"date":"2021-03-28","product":"COPERNICUS/S1_GRD","band":"VV","value":-13.9226,"farmer_unique_id":"624238","site_id":4741},{"date":"2021-04-04","product":"COPERNICUS/S1_GRD","band":"VV","value":-9.5971,"farmer_unique_id":"624238","site_id":4741},{"date":"2021-04-09","product":"COPERNICUS/S1_GRD","band":"VV","value":-11.627,"farmer_unique_id":"624238","site_id":4741},{"date":"2021-04-16","product":"COPERNICUS/S1_GRD","band":"VV","value":-4.7831,"farmer_unique_id":"624238","site_id":4741},{"date":"2021-04-21","product":"COPERNICUS/S1_GRD","band":"VV","value":-8.5306,"farmer_unique_id":"624238","site_id":4741},{"date":"2021-04-28","product":"COPERNICUS/S1_GRD","band":"VV","value":-5.8203,"farmer_unique_id":"624238","site_id":4741},{"date":"2021-05-03","product":"COPERNICUS/S1_GRD","band":"VV","value":-9.2928,"farmer_unique_id":"624238","site_id":4741},{"date":"2021-05-10","product":"COPERNICUS/S1_GRD","band":"VV","value":-9.4585,"farmer_unique_id":"624238","site_id":4741},{"date":"2021-05-15","product":"COPERNICUS/S1_GRD","band":"VV","value":-8.6476,"farmer_unique_id":"624238","site_id":4741},{"date":"2021-05-22","product":"COPERNICUS/S1_GRD","band":"VV","value":-8.0037,"farmer_unique_id":"624238","site_id":4741},{"date":"2021-05-27","product":"COPERNICUS/S1_GRD","band":"VV","value":-10.1571,"farmer_unique_id":"624238","site_id":4741},{"date":"2021-06-03","product":"COPERNICUS/S1_GRD","band":"VV","value":-9.3133,"farmer_unique_id":"624238","site_id":4741},{"date":"2021-06-08","product":"COPERNICUS/S1_GRD","band":"VV","value":-12.2552,"farmer_unique_id":"624238","site_id":4741},{"date":"2021-06-15","product":"COPERNICUS/S1_GRD","band":"VV","value":-10.8082,"farmer_unique_id":"624238","site_id":4741},{"date":"2021-06-20","product":"COPERNICUS/S1_GRD","band":"VV","value":-12.9634,"farmer_unique_id":"624238","site_id":4741},{"date":"2021-06-27","product":"COPERNICUS/S1_GRD","band":"VV","value":-6.6825,"farmer_unique_id":"624238","site_id":4741},{"date":"2021-07-02","product":"COPERNICUS/S1_GRD","band":"VV","value":-13.0726,"farmer_unique_id":"624238","site_id":4741},{"date":"2021-07-09","product":"COPERNICUS/S1_GRD","band":"VV","value":-6.0603,"farmer_unique_id":"624238","site_id":4741},{"date":"2021-07-14","product":"COPERNICUS/S1_GRD","band":"VV","value":-6.6715,"farmer_unique_id":"624238","site_id":4741},{"date":"2021-07-21","product":"COPERNICUS/S1_GRD","band":"VV","value":-7.2514,"farmer_unique_id":"624238","site_id":4741},{"date":"2021-07-26","product":"COPERNICUS/S1_GRD","band":"VV","value":-10.3324,"farmer_unique_id":"624238","site_id":4741},{"date":"2021-08-02","product":"COPERNICUS/S1_GRD","band":"VV","value":-6.4331,"farmer_unique_id":"624238","site_id":4741},{"date":"2021-08-07","product":"COPERNICUS/S1_GRD","band":"VV","value":-10.6477,"farmer_unique_id":"624238","site_id":4741},{"date":"2021-08-14","product":"COPERNICUS/S1_GRD","band":"VV","value":-7.2626,"farmer_unique_id":"624238","site_id":4741},{"date":"2021-08-19","product":"COPERNICUS/S1_GRD","band":"VV","value":-9.7415,"farmer_unique_id":"624238","site_id":4741},{"date":"2021-08-26","product":"COPERNICUS/S1_GRD","band":"VV","value":-11.1981,"farmer_unique_id":"624238","site_id":4741},{"date":"2021-08-31","product":"COPERNICUS/S1_GRD","band":"VV","value":-9.995,"farmer_unique_id":"624238","site_id":4741},{"date":"2021-09-07","product":"COPERNICUS/S1_GRD","band":"VV","value":-7.6389,"farmer_unique_id":"624238","site_id":4741},{"date":"2021-09-12","product":"COPERNICUS/S1_GRD","band":"VV","value":-8.4521,"farmer_unique_id":"624238","site_id":4741},{"date":"2021-09-19","product":"COPERNICUS/S1_GRD","band":"VV","value":-8.7476,"farmer_unique_id":"624238","site_id":4741},{"date":"2021-09-24","product":"COPERNICUS/S1_GRD","band":"VV","value":-10.9547,"farmer_unique_id":"624238","site_id":4741},{"date":"2021-10-01","product":"COPERNICUS/S1_GRD","band":"VV","value":-10.5634,"farmer_unique_id":"624238","site_id":4741},{"date":"2021-10-06","product":"COPERNICUS/S1_GRD","band":"VV","value":-11.1116,"farmer_unique_id":"624238","site_id":4741},{"date":"2021-10-13","product":"COPERNICUS/S1_GRD","band":"VV","value":-9.7298,"farmer_unique_id":"624238","site_id":4741},{"date":"2021-10-18","product":"COPERNICUS/S1_GRD","band":"VV","value":-12.1963,"farmer_unique_id":"624238","site_id":4741},{"date":"2021-10-25","product":"COPERNICUS/S1_GRD","band":"VV","farmer_unique_id":"624238","site_id":4741},{"date":"2021-10-30","product":"COPERNICUS/S1_GRD","band":"VV","value":-12.5023,"farmer_unique_id":"624238","site_id":4741},{"date":"2021-11-06","product":"COPERNICUS/S1_GRD","band":"VV","value":-8.6791,"farmer_unique_id":"624238","site_id":4741},{"date":"2021-11-11","product":"COPERNICUS/S1_GRD","band":"VV","value":-7.156,"farmer_unique_id":"624238","site_id":4741},{"date":"2021-11-18","product":"COPERNICUS/S1_GRD","band":"VV","value":-5.7532,"farmer_unique_id":"624238","site_id":4741},{"date":"2021-11-23","product":"COPERNICUS/S1_GRD","band":"VV","value":-10.5627,"farmer_unique_id":"624238","site_id":4741},{"date":"2021-11-30","product":"COPERNICUS/S1_GRD","band":"VV","value":-14.8112,"farmer_unique_id":"624238","site_id":4741},{"date":"2021-12-05","product":"COPERNICUS/S1_GRD","band":"VV","value":-8.9744,"farmer_unique_id":"624238","site_id":4741},{"date":"2021-12-12","product":"COPERNICUS/S1_GRD","band":"VV","value":-11.2219,"farmer_unique_id":"624238","site_id":4741},{"date":"2021-12-17","product":"COPERNICUS/S1_GRD","band":"VV","value":-10.7849,"farmer_unique_id":"624238","site_id":4741},{"date":"2021-12-24","product":"COPERNICUS/S1_GRD","band":"VV","value":-10.193,"farmer_unique_id":"624238","site_id":4741},{"date":"2021-12-29","product":"COPERNICUS/S1_GRD","band":"VV","value":-9.9116,"farmer_unique_id":"624238","site_id":4741}]
