[{"date":"2020-01-11","product":"COPERNICUS/S1_GRD","band":"VH","value":-16.1981,"farmer_unique_id":"2152339","site_id":2245},{"date":"2020-01-23","product":"COPERNICUS/S1_GRD","band":"VH","value":-17.3506,"farmer_unique_id":"2152339","site_id":2245},{"date":"2020-02-04","product":"COPERNICUS/S1_GRD","band":"VH","value":-16.7088,"farmer_unique_id":"2152339","site_id":2245},{"date":"2020-02-16","product":"COPERNICUS/S1_GRD","band":"VH","value":-16.3985,"farmer_unique_id":"2152339","site_id":2245},{"date":"2020-02-28","product":"COPERNICUS/S1_GRD","band":"VH","value":-14.8976,"farmer_unique_id":"2152339","site_id":2245},{"date":"2020-03-11","product":"COPERNICUS/S1_GRD","band":"VH","value":-16.4628,"farmer_unique_id":"2152339","site_id":2245},{"date":"2020-03-23","product":"COPERNICUS/S1_GRD","band":"VH","value":-18.1392,"farmer_unique_id":"2152339","site_id":2245},{"date":"2020-04-04","product":"COPERNICUS/S1_GRD","band":"VH","value":-16.02,"farmer_unique_id":"2152339","site_id":2245},{"date":"2020-04-16","product":"COPERNICUS/S1_GRD","band":"VH","value":-21.0423,"farmer_unique_id":"2152339","site_id":2245},{"date":"2020-04-28","product":"COPERNICUS/S1_GRD","band":"VH","value":-17.4074,"farmer_unique_id":"2152339","site_id":2245},{"date":"2020-05-10","product":"COPERNICUS/S1_GRD","band":"VH","value":-14.0362,"farmer_unique_id":"2152339","site_id":2245},{"date":"2020-05-22","product":"COPERNICUS/S1_GRD","band":"VH","value":-17.8429,"farmer_unique_id":"2152339","site_id":2245},{"date":"2020-06-03","product":"COPERNICUS/S1_GRD","band":"VH","value":-11.1787,"farmer_unique_id":"2152339","site_id":2245},{"date":"2020-06-15","product":"COPERNICUS/S1_GRD","band":"VH","value":-16.7522,"farmer_unique_id":"2152339","site_id":2245},{"date":"2020-06-27","product":"COPERNICUS/S1_GRD","band":"VH","value":-17.8137,"farmer_unique_id":"2152339","site_id":2245},{"date":"2020-07-09","product":"COPERNICUS/S1_GRD","band":"VH","value":-16.7273,"farmer_unique_id":"2152339","site_id":2245},{"date":"2020-07-21","product":"COPERNICUS/S1_GRD","band":"VH","value":-16.1829,"farmer_unique_id":"2152339","site_id":2245},{"date":"2020-08-02","product":"COPERNICUS/S1_GRD","band":"VH","value":-15.4659,"farmer_unique_id":"2152339","site_id":2245},{"date":"2020-08-14","product":"COPERNICUS/S1_GRD","band":"VH","value":-17.1433,"farmer_unique_id":"2152339","site_id":2245},{"date":"2020-08-26","product":"COPERNICUS/S1_GRD","band":"VH","value":-18.2177,"farmer_unique_id":"2152339","site_id":2245},{"date":"2020-09-07","product":"COPERNICUS/S1_GRD","band":"VH","value":-17.3673,"farmer_unique_id":"2152339","site_id":2245},{"date":"2020-09-19","product":"COPERNICUS/S1_GRD","band":"VH","value":-17.2075,"farmer_unique_id":"2152339","site_id":2245},{"date":"2020-10-01","product":"COPERNICUS/S1_GRD","band":"VH","value":-16.8887,"farmer_unique_id":"2152339","site_id":2245},{"date":"2020-10-13","product":"COPERNICUS/S1_GRD","band":"VH","value":-17.1084,"farmer_unique_id":"2152339","site_id":2245},{"date":"2020-10-25","product":"COPERNICUS/S1_GRD","band":"VH","value":-21.785,"farmer_unique_id":"2152339","site_id":2245},{"date":"2020-11-06","product":"COPERNICUS/S1_GRD","band":"VH","value":-17.2084,"farmer_unique_id":"2152339","site_id":2245},{"date":"2020-11-18","product":"COPERNICUS/S1_GRD","band":"VH","value":-16.0205,"farmer_unique_id":"2152339","site_id":2245},{"date":"2020-11-30","product":"COPERNICUS/S1_GRD","band":"VH","value":-16.5843,"farmer_unique_id":"2152339","site_id":2245},{"date":"2020-12-12","product":"COPERNICUS/S1_GRD","band":"VH","value":-16.1971,"farmer_unique_id":"2152339","site_id":2245},{"date":"2020-12-24","product":"COPERNICUS/S1_GRD","band":"VH","value":-15.2802,"farmer_unique_id":"2152339","site_id":2245},{"date":"2021-01-05","product":"COPERNICUS/S1_GRD","band":"VH","value":-17.0931,"farmer_unique_id":"2152339","site_id":2245},{"date":"2021-01-17","product":"COPERNICUS/S1_GRD","band":"VH","value":-14.3512,"farmer_unique_id":"2152339","site_id":2245},{"date":"2021-01-29","product":"COPERNICUS/S1_GRD","band":"VH","value":-16.2444,"farmer_unique_id":"2152339","site_id":2245},{"date":"2021-02-10","product":"COPERNICUS/S1_GRD","band":"VH","value":-16.9814,"farmer_unique_id":"2152339","site_id":2245},{"date":"2021-02-22","product":"COPERNICUS/S1_GRD","band":"VH","value":-15.6168,"farmer_unique_id":"2152339","site_id":2245},{"date":"2021-03-06","product":"COPERNICUS/S1_GRD","band":"VH","value":-17.285,"farmer_unique_id":"2152339","site_id":2245},{"date":"2021-03-18","product":"COPERNICUS/S1_GRD","band":"VH","value":-17.8382,"farmer_unique_id":"2152339","site_id":2245},{"date":"2021-03-30","product":"COPERNICUS/S1_GRD","band":"VH","value":-29.0994,"farmer_unique_id":"2152339","site_id":2245},{"date":"2021-04-11","product":"COPERNICUS/S1_GRD","band":"VH","value":-21.7067,"farmer_unique_id":"2152339","site_id":2245},{"date":"2021-04-23","product":"COPERNICUS/S1_GRD","band":"VH","value":-10.4557,"farmer_unique_id":"2152339","site_id":2245},{"date":"2021-05-05","product":"COPERNICUS/S1_GRD","band":"VH","value":-15.0567,"farmer_unique_id":"2152339","site_id":2245},{"date":"2021-05-17","product":"COPERNICUS/S1_GRD","band":"VH","value":-15.9162,"farmer_unique_id":"2152339","site_id":2245},{"date":"2021-05-29","product":"COPERNICUS/S1_GRD","band":"VH","value":-17.1466,"farmer_unique_id":"2152339","site_id":2245},{"date":"2021-06-10","product":"COPERNICUS/S1_GRD","band":"VH","value":-17.631,"farmer_unique_id":"2152339","site_id":2245},{"date":"2021-06-22","product":"COPERNICUS/S1_GRD","band":"VH","value":-21.6496,"farmer_unique_id":"2152339","site_id":2245},{"date":"2021-07-04","product":"COPERNICUS/S1_GRD","band":"VH","value":-17.3195,"farmer_unique_id":"2152339","site_id":2245},{"date":"2021-07-16","product":"COPERNICUS/S1_GRD","band":"VH","value":-15.6023,"farmer_unique_id":"2152339","site_id":2245},{"date":"2021-07-28","product":"COPERNICUS/S1_GRD","band":"VH","value":-16.3067,"farmer_unique_id":"2152339","site_id":2245},{"date":"2021-08-09","product":"COPERNICUS/S1_GRD","band":"VH","value":-19.3342,"farmer_unique_id":"2152339","site_id":2245},{"date":"2021-08-21","product":"COPERNICUS/S1_GRD","band":"VH","value":-17.6683,"farmer_unique_id":"2152339","site_id":2245},{"date":"2021-09-02","product":"COPERNICUS/S1_GRD","band":"VH","value":-16.8247,"farmer_unique_id":"2152339","site_id":2245},{"date":"2021-09-14","product":"COPERNICUS/S1_GRD","band":"VH","value":-14.8449,"farmer_unique_id":"2152339","site_id":2245},{"date":"2021-09-26","product":"COPERNICUS/S1_GRD","band":"VH","value":-24.8583,"farmer_unique_id":"2152339","site_id":2245},{"date":"2021-10-08","product":"COPERNICUS/S1_GRD","band":"VH","value":-16.6635,"farmer_unique_id":"2152339","site_id":2245},{"date":"2021-10-20","product":"COPERNICUS/S1_GRD","band":"VH","value":-22.5997,"farmer_unique_id":"2152339","site_id":2245},{"date":"2021-11-01","product":"COPERNICUS/S1_GRD","band":"VH","value":-13.6932,"farmer_unique_id":"2152339","site_id":2245},{"date":"2021-11-13","product":"COPERNICUS/S1_GRD","band":"VH","value":-17.5708,"farmer_unique_id":"2152339","site_id":2245},{"date":"2021-11-25","product":"COPERNICUS/S1_GRD","band":"VH","value":-16.5778,"farmer_unique_id":"2152339","site_id":2245},{"date":"2021-12-07","product":"COPERNICUS/S1_GRD","band":"VH","value":-17.5094,"farmer_unique_id":"2152339","site_id":2245},{"date":"2021-12-19","product":"COPERNICUS/S1_GRD","band":"VH","value":-14.241,"farmer_unique_id":"2152339","site_id":2245},{"date":"2020-01-11","product":"COPERNICUS/S1_GRD","band":"VV","value":-9.6154,"farmer_unique_id":"2152339","site_id":2245},{"date":"2020-01-23","product":"COPERNICUS/S1_GRD","band":"VV","value":-13.4639,"farmer_unique_id":"2152339","site_id":2245},{"date":"2020-02-04","product":"COPERNICUS/S1_GRD","band":"VV","value":-11.4721,"farmer_unique_id":"2152339","site_id":2245},{"date":"2020-02-16","product":"COPERNICUS/S1_GRD","band":"VV","value":-12.55,"farmer_unique_id":"2152339","site_id":2245},{"date":"2020-02-28","product":"COPERNICUS/S1_GRD","band":"VV","value":-8.1324,"farmer_unique_id":"2152339","site_id":2245},{"date":"2020-03-11","product":"COPERNICUS/S1_GRD","band":"VV","value":-11.1341,"farmer_unique_id":"2152339","site_id":2245},{"date":"2020-03-23","product":"COPERNICUS/S1_GRD","band":"VV","value":-7.8207,"farmer_unique_id":"2152339","site_id":2245},{"date":"2020-04-04","product":"COPERNICUS/S1_GRD","band":"VV","value":-9.0604,"farmer_unique_id":"2152339","site_id":2245},{"date":"2020-04-16","product":"COPERNICUS/S1_GRD","band":"VV","value":-7.1744,"farmer_unique_id":"2152339","site_id":2245},{"date":"2020-04-28","product":"COPERNICUS/S1_GRD","band":"VV","value":-4.9816,"farmer_unique_id":"2152339","site_id":2245},{"date":"2020-05-10","product":"COPERNICUS/S1_GRD","band":"VV","value":-10.6376,"farmer_unique_id":"2152339","site_id":2245},{"date":"2020-05-22","product":"COPERNICUS/S1_GRD","band":"VV","value":-6.2074,"farmer_unique_id":"2152339","site_id":2245},{"date":"2020-06-03","product":"COPERNICUS/S1_GRD","band":"VV","value":-11.5596,"farmer_unique_id":"2152339","site_id":2245},{"date":"2020-06-15","product":"COPERNICUS/S1_GRD","band":"VV","value":-6.386,"farmer_unique_id":"2152339","site_id":2245},{"date":"2020-06-27","product":"COPERNICUS/S1_GRD","band":"VV","value":-11.9031,"farmer_unique_id":"2152339","site_id":2245},{"date":"2020-07-09","product":"COPERNICUS/S1_GRD","band":"VV","value":-9.2014,"farmer_unique_id":"2152339","site_id":2245},{"date":"2020-07-21","product":"COPERNICUS/S1_GRD","band":"VV","value":-6.8546,"farmer_unique_id":"2152339","site_id":2245},{"date":"2020-08-02","product":"COPERNICUS/S1_GRD","band":"VV","value":-8.0214,"farmer_unique_id":"2152339","site_id":2245},{"date":"2020-08-14","product":"COPERNICUS/S1_GRD","band":"VV","value":-10.0447,"farmer_unique_id":"2152339","site_id":2245},{"date":"2020-08-26","product":"COPERNICUS/S1_GRD","band":"VV","value":-8.6314,"farmer_unique_id":"2152339","site_id":2245},{"date":"2020-09-07","product":"COPERNICUS/S1_GRD","band":"VV","value":-8.6849,"farmer_unique_id":"2152339","site_id":2245},{"date":"2020-09-19","product":"COPERNICUS/S1_GRD","band":"VV","value":-8.2104,"farmer_unique_id":"2152339","site_id":2245},{"date":"2020-10-01","product":"COPERNICUS/S1_GRD","band":"VV","value":-10.6165,"farmer_unique_id":"2152339","site_id":2245},{"date":"2020-10-13","product":"COPERNICUS/S1_GRD","band":"VV","value":-8.0004,"farmer_unique_id":"2152339","site_id":2245},{"date":"2020-10-25","product":"COPERNICUS/S1_GRD","band":"VV","value":-8.0277,"farmer_unique_id":"2152339","site_id":2245},{"date":"2020-11-06","product":"COPERNICUS/S1_GRD","band":"VV","value":-8.3018,"farmer_unique_id":"2152339","site_id":2245},{"date":"2020-11-18","product":"COPERNICUS/S1_GRD","band":"VV","value":-12.7015,"farmer_unique_id":"2152339","site_id":2245},{"date":"2020-11-30","product":"COPERNICUS/S1_GRD","band":"VV","value":-9.3011,"farmer_unique_id":"2152339","site_id":2245},{"date":"2020-12-12","product":"COPERNICUS/S1_GRD","band":"VV","value":-14.9354,"farmer_unique_id":"2152339","site_id":2245},{"date":"2020-12-24","product":"COPERNICUS/S1_GRD","band":"VV","value":-9.7881,"farmer_unique_id":"2152339","site_id":2245},{"date":"2021-01-05","product":"COPERNICUS/S1_GRD","band":"VV","value":-9.6556,"farmer_unique_id":"2152339","site_id":2245},{"date":"2021-01-17","product":"COPERNICUS/S1_GRD","band":"VV","value":-12.0745,"farmer_unique_id":"2152339","site_id":2245},{"date":"2021-01-29","product":"COPERNICUS/S1_GRD","band":"VV","value":-11.466,"farmer_unique_id":"2152339","site_id":2245},{"date":"2021-02-10","product":"COPERNICUS/S1_GRD","band":"VV","value":-7.6768,"farmer_unique_id":"2152339","site_id":2245},{"date":"2021-02-22","product":"COPERNICUS/S1_GRD","band":"VV","value":-11.9225,"farmer_unique_id":"2152339","site_id":2245},{"date":"2021-03-06","product":"COPERNICUS/S1_GRD","band":"VV","value":-8.8974,"farmer_unique_id":"2152339","site_id":2245},{"date":"2021-03-18","product":"COPERNICUS/S1_GRD","band":"VV","value":-10.9642,"farmer_unique_id":"2152339","site_id":2245},{"date":"2021-03-30","product":"COPERNICUS/S1_GRD","band":"VV","value":-10.9009,"farmer_unique_id":"2152339","site_id":2245},{"date":"2021-04-11","product":"COPERNICUS/S1_GRD","band":"VV","value":-11.5426,"farmer_unique_id":"2152339","site_id":2245},{"date":"2021-04-23","product":"COPERNICUS/S1_GRD","band":"VV","value":-11.6062,"farmer_unique_id":"2152339","site_id":2245},{"date":"2021-05-05","product":"COPERNICUS/S1_GRD","band":"VV","value":-6.1658,"farmer_unique_id":"2152339","site_id":2245},{"date":"2021-05-17","product":"COPERNICUS/S1_GRD","band":"VV","value":-6.7377,"farmer_unique_id":"2152339","site_id":2245},{"date":"2021-05-29","product":"COPERNICUS/S1_GRD","band":"VV","value":-10.2012,"farmer_unique_id":"2152339","site_id":2245},{"date":"2021-06-10","product":"COPERNICUS/S1_GRD","band":"VV","value":-10.3845,"farmer_unique_id":"2152339","site_id":2245},{"date":"2021-06-22","product":"COPERNICUS/S1_GRD","band":"VV","value":-8.8185,"farmer_unique_id":"2152339","site_id":2245},{"date":"2021-07-04","product":"COPERNICUS/S1_GRD","band":"VV","value":-12.8057,"farmer_unique_id":"2152339","site_id":2245},{"date":"2021-07-16","product":"COPERNICUS/S1_GRD","band":"VV","value":-13.5857,"farmer_unique_id":"2152339","site_id":2245},{"date":"2021-07-28","product":"COPERNICUS/S1_GRD","band":"VV","value":-12.4514,"farmer_unique_id":"2152339","site_id":2245},{"date":"2021-08-09","product":"COPERNICUS/S1_GRD","band":"VV","value":-13.4567,"farmer_unique_id":"2152339","site_id":2245},{"date":"2021-08-21","product":"COPERNICUS/S1_GRD","band":"VV","value":-11.7315,"farmer_unique_id":"2152339","site_id":2245},{"date":"2021-09-02","product":"COPERNICUS/S1_GRD","band":"VV","value":-14.6207,"farmer_unique_id":"2152339","site_id":2245},{"date":"2021-09-14","product":"COPERNICUS/S1_GRD","band":"VV","value":-16.0381,"farmer_unique_id":"2152339","site_id":2245},{"date":"2021-09-26","product":"COPERNICUS/S1_GRD","band":"VV","value":-9.9862,"farmer_unique_id":"2152339","site_id":2245},{"date":"2021-10-08","product":"COPERNICUS/S1_GRD","band":"VV","value":-10.3884,"farmer_unique_id":"2152339","site_id":2245},{"date":"2021-10-20","product":"COPERNICUS/S1_GRD","band":"VV","value":-11.5296,"farmer_unique_id":"2152339","site_id":2245},{"date":"2021-11-01","product":"COPERNICUS/S1_GRD","band":"VV","value":-9.9954,"farmer_unique_id":"2152339","site_id":2245},{"date":"2021-11-13","product":"COPERNICUS/S1_GRD","band":"VV","value":-12.1133,"farmer_unique_id":"2152339","site_id":2245},{"date":"2021-11-25","product":"COPERNICUS/S1_GRD","band":"VV","value":-6.6223,"farmer_unique_id":"2152339","site_id":2245},{"date":"2021-12-07","product":"COPERNICUS/S1_GRD","band":"VV","value":-10.8229,"farmer_unique_id":"2152339","site_id":2245},{"date":"2021-12-19","product":"COPERNICUS/S1_GRD","band":"VV","value":-8.2787,"farmer_unique_id":"2152339","site_id":2245}]
