[{"date":"2020-01-11","product":"COPERNICUS/S1_GRD","band":"VH","value":-16.9671,"farmer_unique_id":"121970","site_id":9247},{"date":"2020-01-23","product":"COPERNICUS/S1_GRD","band":"VH","value":-17.9629,"farmer_unique_id":"121970","site_id":9247},{"date":"2020-02-04","product":"COPERNICUS/S1_GRD","band":"VH","value":-14.9613,"farmer_unique_id":"121970","site_id":9247},{"date":"2020-02-16","product":"COPERNICUS/S1_GRD","band":"VH","value":-14.9868,"farmer_unique_id":"121970","site_id":9247},{"date":"2020-02-28","product":"COPERNICUS/S1_GRD","band":"VH","value":-13.875,"farmer_unique_id":"121970","site_id":9247},{"date":"2020-03-11","product":"COPERNICUS/S1_GRD","band":"VH","value":-13.953,"farmer_unique_id":"121970","site_id":9247},{"date":"2020-03-23","product":"COPERNICUS/S1_GRD","band":"VH","value":-17.7852,"farmer_unique_id":"121970","site_id":9247},{"date":"2020-04-04","product":"COPERNICUS/S1_GRD","band":"VH","value":-25.257,"farmer_unique_id":"121970","site_id":9247},{"date":"2020-04-16","product":"COPERNICUS/S1_GRD","band":"VH","value":-17.7675,"farmer_unique_id":"121970","site_id":9247},{"date":"2020-04-28","product":"COPERNICUS/S1_GRD","band":"VH","value":-15.9669,"farmer_unique_id":"121970","site_id":9247},{"date":"2020-05-10","product":"COPERNICUS/S1_GRD","band":"VH","value":-11.6252,"farmer_unique_id":"121970","site_id":9247},{"date":"2020-05-22","product":"COPERNICUS/S1_GRD","band":"VH","value":-15.8239,"farmer_unique_id":"121970","site_id":9247},{"date":"2020-06-03","product":"COPERNICUS/S1_GRD","band":"VH","value":-19.0622,"farmer_unique_id":"121970","site_id":9247},{"date":"2020-06-15","product":"COPERNICUS/S1_GRD","band":"VH","value":-17.0224,"farmer_unique_id":"121970","site_id":9247},{"date":"2020-06-27","product":"COPERNICUS/S1_GRD","band":"VH","value":-14.1428,"farmer_unique_id":"121970","site_id":9247},{"date":"2020-07-09","product":"COPERNICUS/S1_GRD","band":"VH","value":-15.5749,"farmer_unique_id":"121970","site_id":9247},{"date":"2020-07-21","product":"COPERNICUS/S1_GRD","band":"VH","value":-16.8035,"farmer_unique_id":"121970","site_id":9247},{"date":"2020-08-02","product":"COPERNICUS/S1_GRD","band":"VH","value":-13.1599,"farmer_unique_id":"121970","site_id":9247},{"date":"2020-08-14","product":"COPERNICUS/S1_GRD","band":"VH","value":-15.0755,"farmer_unique_id":"121970","site_id":9247},{"date":"2020-08-26","product":"COPERNICUS/S1_GRD","band":"VH","value":-18.0415,"farmer_unique_id":"121970","site_id":9247},{"date":"2020-09-07","product":"COPERNICUS/S1_GRD","band":"VH","value":-15.1236,"farmer_unique_id":"121970","site_id":9247},{"date":"2020-09-19","product":"COPERNICUS/S1_GRD","band":"VH","value":-16.9426,"farmer_unique_id":"121970","site_id":9247},{"date":"2020-10-01","product":"COPERNICUS/S1_GRD","band":"VH","value":-14.8268,"farmer_unique_id":"121970","site_id":9247},{"date":"2020-10-13","product":"COPERNICUS/S1_GRD","band":"VH","value":-18.8571,"farmer_unique_id":"121970","site_id":9247},{"date":"2020-10-25","product":"COPERNICUS/S1_GRD","band":"VH","value":-18.8656,"farmer_unique_id":"121970","site_id":9247},{"date":"2020-11-06","product":"COPERNICUS/S1_GRD","band":"VH","value":-15.5186,"farmer_unique_id":"121970","site_id":9247},{"date":"2020-11-18","product":"COPERNICUS/S1_GRD","band":"VH","value":-15.8598,"farmer_unique_id":"121970","site_id":9247},{"date":"2020-11-30","product":"COPERNICUS/S1_GRD","band":"VH","value":-18.9135,"farmer_unique_id":"121970","site_id":9247},{"date":"2020-12-12","product":"COPERNICUS/S1_GRD","band":"VH","value":-18.9789,"farmer_unique_id":"121970","site_id":9247},{"date":"2020-12-24","product":"COPERNICUS/S1_GRD","band":"VH","value":-15.0353,"farmer_unique_id":"121970","site_id":9247},{"date":"2021-01-05","product":"COPERNICUS/S1_GRD","band":"VH","value":-15.8077,"farmer_unique_id":"121970","site_id":9247},{"date":"2021-01-17","product":"COPERNICUS/S1_GRD","band":"VH","value":-14.6301,"farmer_unique_id":"121970","site_id":9247},{"date":"2021-01-29","product":"COPERNICUS/S1_GRD","band":"VH","value":-17.1241,"farmer_unique_id":"121970","site_id":9247},{"date":"2021-02-10","product":"COPERNICUS/S1_GRD","band":"VH","value":-17.9525,"farmer_unique_id":"121970","site_id":9247},{"date":"2021-02-22","product":"COPERNICUS/S1_GRD","band":"VH","value":-19.2878,"farmer_unique_id":"121970","site_id":9247},{"date":"2021-03-06","product":"COPERNICUS/S1_GRD","band":"VH","value":-17.4164,"farmer_unique_id":"121970","site_id":9247},{"date":"2021-03-18","product":"COPERNICUS/S1_GRD","band":"VH","value":-19.3487,"farmer_unique_id":"121970","site_id":9247},{"date":"2021-03-30","product":"COPERNICUS/S1_GRD","band":"VH","value":-16.7089,"farmer_unique_id":"121970","site_id":9247},{"date":"2021-04-11","product":"COPERNICUS/S1_GRD","band":"VH","value":-16.0453,"farmer_unique_id":"121970","site_id":9247},{"date":"2021-04-23","product":"COPERNICUS/S1_GRD","band":"VH","value":-18.4191,"farmer_unique_id":"121970","site_id":9247},{"date":"2021-05-05","product":"COPERNICUS/S1_GRD","band":"VH","value":-16.9276,"farmer_unique_id":"121970","site_id":9247},{"date":"2021-05-17","product":"COPERNICUS/S1_GRD","band":"VH","value":-18.411,"farmer_unique_id":"121970","site_id":9247},{"date":"2021-05-29","product":"COPERNICUS/S1_GRD","band":"VH","value":-21.9514,"farmer_unique_id":"121970","site_id":9247},{"date":"2021-06-10","product":"COPERNICUS/S1_GRD","band":"VH","value":-19.0432,"farmer_unique_id":"121970","site_id":9247},{"date":"2021-06-22","product":"COPERNICUS/S1_GRD","band":"VH","value":-20.8422,"farmer_unique_id":"121970","site_id":9247},{"date":"2021-07-04","product":"COPERNICUS/S1_GRD","band":"VH","value":-22.7514,"farmer_unique_id":"121970","site_id":9247},{"date":"2021-07-16","product":"COPERNICUS/S1_GRD","band":"VH","value":-19.8291,"farmer_unique_id":"121970","site_id":9247},{"date":"2021-07-28","product":"COPERNICUS/S1_GRD","band":"VH","value":-23.2629,"farmer_unique_id":"121970","site_id":9247},{"date":"2021-08-09","product":"COPERNICUS/S1_GRD","band":"VH","value":-22.306,"farmer_unique_id":"121970","site_id":9247},{"date":"2021-08-21","product":"COPERNICUS/S1_GRD","band":"VH","value":-19.3897,"farmer_unique_id":"121970","site_id":9247},{"date":"2021-09-02","product":"COPERNICUS/S1_GRD","band":"VH","value":-16.8082,"farmer_unique_id":"121970","site_id":9247},{"date":"2021-09-14","product":"COPERNICUS/S1_GRD","band":"VH","value":-17.6573,"farmer_unique_id":"121970","site_id":9247},{"date":"2021-09-26","product":"COPERNICUS/S1_GRD","band":"VH","value":-12.7354,"farmer_unique_id":"121970","site_id":9247},{"date":"2021-10-08","product":"COPERNICUS/S1_GRD","band":"VH","value":-17.1644,"farmer_unique_id":"121970","site_id":9247},{"date":"2021-10-20","product":"COPERNICUS/S1_GRD","band":"VH","value":-18.8772,"farmer_unique_id":"121970","site_id":9247},{"date":"2021-11-01","product":"COPERNICUS/S1_GRD","band":"VH","value":-16.2306,"farmer_unique_id":"121970","site_id":9247},{"date":"2021-11-13","product":"COPERNICUS/S1_GRD","band":"VH","value":-18.643,"farmer_unique_id":"121970","site_id":9247},{"date":"2021-11-25","product":"COPERNICUS/S1_GRD","band":"VH","value":-15.2855,"farmer_unique_id":"121970","site_id":9247},{"date":"2021-12-07","product":"COPERNICUS/S1_GRD","band":"VH","value":-17.1935,"farmer_unique_id":"121970","site_id":9247},{"date":"2021-12-19","product":"COPERNICUS/S1_GRD","band":"VH","value":-17.3422,"farmer_unique_id":"121970","site_id":9247},{"date":"2020-01-11","product":"COPERNICUS/S1_GRD","band":"VV","value":-12.5752,"farmer_unique_id":"121970","site_id":9247},{"date":"2020-01-23","product":"COPERNICUS/S1_GRD","band":"VV","value":-11.266,"farmer_unique_id":"121970","site_id":9247},{"date":"2020-02-04","product":"COPERNICUS/S1_GRD","band":"VV","value":-13.097,"farmer_unique_id":"121970","site_id":9247},{"date":"2020-02-16","product":"COPERNICUS/S1_GRD","band":"VV","value":-14.3229,"farmer_unique_id":"121970","site_id":9247},{"date":"2020-02-28","product":"COPERNICUS/S1_GRD","band":"VV","value":-11.1517,"farmer_unique_id":"121970","site_id":9247},{"date":"2020-03-11","product":"COPERNICUS/S1_GRD","band":"VV","value":-12.8954,"farmer_unique_id":"121970","site_id":9247},{"date":"2020-03-23","product":"COPERNICUS/S1_GRD","band":"VV","value":-12.6231,"farmer_unique_id":"121970","site_id":9247},{"date":"2020-04-04","product":"COPERNICUS/S1_GRD","band":"VV","value":-12.8669,"farmer_unique_id":"121970","site_id":9247},{"date":"2020-04-16","product":"COPERNICUS/S1_GRD","band":"VV","value":-5.917,"farmer_unique_id":"121970","site_id":9247},{"date":"2020-04-28","product":"COPERNICUS/S1_GRD","band":"VV","value":-7.0585,"farmer_unique_id":"121970","site_id":9247},{"date":"2020-05-10","product":"COPERNICUS/S1_GRD","band":"VV","value":-11.2725,"farmer_unique_id":"121970","site_id":9247},{"date":"2020-05-22","product":"COPERNICUS/S1_GRD","band":"VV","value":-5.2881,"farmer_unique_id":"121970","site_id":9247},{"date":"2020-06-03","product":"COPERNICUS/S1_GRD","band":"VV","value":-10.5069,"farmer_unique_id":"121970","site_id":9247},{"date":"2020-06-15","product":"COPERNICUS/S1_GRD","band":"VV","value":-10.8145,"farmer_unique_id":"121970","site_id":9247},{"date":"2020-06-27","product":"COPERNICUS/S1_GRD","band":"VV","value":-11.5343,"farmer_unique_id":"121970","site_id":9247},{"date":"2020-07-09","product":"COPERNICUS/S1_GRD","band":"VV","value":-11.3144,"farmer_unique_id":"121970","site_id":9247},{"date":"2020-07-21","product":"COPERNICUS/S1_GRD","band":"VV","value":-10.0854,"farmer_unique_id":"121970","site_id":9247},{"date":"2020-08-02","product":"COPERNICUS/S1_GRD","band":"VV","value":-8.5546,"farmer_unique_id":"121970","site_id":9247},{"date":"2020-08-14","product":"COPERNICUS/S1_GRD","band":"VV","value":-10.9666,"farmer_unique_id":"121970","site_id":9247},{"date":"2020-08-26","product":"COPERNICUS/S1_GRD","band":"VV","value":-10.3019,"farmer_unique_id":"121970","site_id":9247},{"date":"2020-09-07","product":"COPERNICUS/S1_GRD","band":"VV","value":-9.9876,"farmer_unique_id":"121970","site_id":9247},{"date":"2020-09-19","product":"COPERNICUS/S1_GRD","band":"VV","value":-9.2094,"farmer_unique_id":"121970","site_id":9247},{"date":"2020-10-01","product":"COPERNICUS/S1_GRD","band":"VV","value":-9.9507,"farmer_unique_id":"121970","site_id":9247},{"date":"2020-10-13","product":"COPERNICUS/S1_GRD","band":"VV","value":-10.1074,"farmer_unique_id":"121970","site_id":9247},{"date":"2020-10-25","product":"COPERNICUS/S1_GRD","band":"VV","value":-9.7249,"farmer_unique_id":"121970","site_id":9247},{"date":"2020-11-06","product":"COPERNICUS/S1_GRD","band":"VV","value":-7.5434,"farmer_unique_id":"121970","site_id":9247},{"date":"2020-11-18","product":"COPERNICUS/S1_GRD","band":"VV","value":-10.3292,"farmer_unique_id":"121970","site_id":9247},{"date":"2020-11-30","product":"COPERNICUS/S1_GRD","band":"VV","value":-9.3275,"farmer_unique_id":"121970","site_id":9247},{"date":"2020-12-12","product":"COPERNICUS/S1_GRD","band":"VV","value":-12.7512,"farmer_unique_id":"121970","site_id":9247},{"date":"2020-12-24","product":"COPERNICUS/S1_GRD","band":"VV","value":-12.961,"farmer_unique_id":"121970","site_id":9247},{"date":"2021-01-05","product":"COPERNICUS/S1_GRD","band":"VV","value":-11.2555,"farmer_unique_id":"121970","site_id":9247},{"date":"2021-01-17","product":"COPERNICUS/S1_GRD","band":"VV","value":-12.0953,"farmer_unique_id":"121970","site_id":9247},{"date":"2021-01-29","product":"COPERNICUS/S1_GRD","band":"VV","value":-14.6885,"farmer_unique_id":"121970","site_id":9247},{"date":"2021-02-10","product":"COPERNICUS/S1_GRD","band":"VV","value":-14.9022,"farmer_unique_id":"121970","site_id":9247},{"date":"2021-02-22","product":"COPERNICUS/S1_GRD","band":"VV","value":-12.6565,"farmer_unique_id":"121970","site_id":9247},{"date":"2021-03-06","product":"COPERNICUS/S1_GRD","band":"VV","value":-9.8271,"farmer_unique_id":"121970","site_id":9247},{"date":"2021-03-18","product":"COPERNICUS/S1_GRD","band":"VV","value":-8.375,"farmer_unique_id":"121970","site_id":9247},{"date":"2021-03-30","product":"COPERNICUS/S1_GRD","band":"VV","value":-11.1018,"farmer_unique_id":"121970","site_id":9247},{"date":"2021-04-11","product":"COPERNICUS/S1_GRD","band":"VV","value":-9.9756,"farmer_unique_id":"121970","site_id":9247},{"date":"2021-04-23","product":"COPERNICUS/S1_GRD","band":"VV","value":-10.4067,"farmer_unique_id":"121970","site_id":9247},{"date":"2021-05-05","product":"COPERNICUS/S1_GRD","band":"VV","value":-5.7494,"farmer_unique_id":"121970","site_id":9247},{"date":"2021-05-17","product":"COPERNICUS/S1_GRD","band":"VV","value":-7.658,"farmer_unique_id":"121970","site_id":9247},{"date":"2021-05-29","product":"COPERNICUS/S1_GRD","band":"VV","value":-15.6202,"farmer_unique_id":"121970","site_id":9247},{"date":"2021-06-10","product":"COPERNICUS/S1_GRD","band":"VV","value":-11.941,"farmer_unique_id":"121970","site_id":9247},{"date":"2021-06-22","product":"COPERNICUS/S1_GRD","band":"VV","value":-9.981,"farmer_unique_id":"121970","site_id":9247},{"date":"2021-07-04","product":"COPERNICUS/S1_GRD","band":"VV","value":-12.003,"farmer_unique_id":"121970","site_id":9247},{"date":"2021-07-16","product":"COPERNICUS/S1_GRD","band":"VV","value":-9.7514,"farmer_unique_id":"121970","site_id":9247},{"date":"2021-07-28","product":"COPERNICUS/S1_GRD","band":"VV","value":-10.6485,"farmer_unique_id":"121970","site_id":9247},{"date":"2021-08-09","product":"COPERNICUS/S1_GRD","band":"VV","value":-12.0031,"farmer_unique_id":"121970","site_id":9247},{"date":"2021-08-21","product":"COPERNICUS/S1_GRD","band":"VV","value":-9.2372,"farmer_unique_id":"121970","site_id":9247},{"date":"2021-09-02","product":"COPERNICUS/S1_GRD","band":"VV","value":-11.7005,"farmer_unique_id":"121970","site_id":9247},{"date":"2021-09-14","product":"COPERNICUS/S1_GRD","band":"VV","value":-12.4561,"farmer_unique_id":"121970","site_id":9247},{"date":"2021-09-26","product":"COPERNICUS/S1_GRD","band":"VV","value":-10.0016,"farmer_unique_id":"121970","site_id":9247},{"date":"2021-10-08","product":"COPERNICUS/S1_GRD","band":"VV","value":-13.114,"farmer_unique_id":"121970","site_id":9247},{"date":"2021-10-20","product":"COPERNICUS/S1_GRD","band":"VV","value":-13.6886,"farmer_unique_id":"121970","site_id":9247},{"date":"2021-11-01","product":"COPERNICUS/S1_GRD","band":"VV","value":-12.1435,"farmer_unique_id":"121970","site_id":9247},{"date":"2021-11-13","product":"COPERNICUS/S1_GRD","band":"VV","value":-16.4649,"farmer_unique_id":"121970","site_id":9247},{"date":"2021-11-25","product":"COPERNICUS/S1_GRD","band":"VV","value":-6.0243,"farmer_unique_id":"121970","site_id":9247},{"date":"2021-12-07","product":"COPERNICUS/S1_GRD","band":"VV","value":-10.5445,"farmer_unique_id":"121970","site_id":9247},{"date":"2021-12-19","product":"COPERNICUS/S1_GRD","band":"VV","value":-11.4788,"farmer_unique_id":"121970","site_id":9247}]
