[{"date":"2020-01-11","product":"COPERNICUS/S1_GRD","band":"VH","value":-17.0347,"farmer_unique_id":"3548018","site_id":3633},{"date":"2020-01-23","product":"COPERNICUS/S1_GRD","band":"VH","value":-17.466,"farmer_unique_id":"3548018","site_id":3633},{"date":"2020-02-04","product":"COPERNICUS/S1_GRD","band":"VH","value":-17.1528,"farmer_unique_id":"3548018","site_id":3633},{"date":"2020-02-16","product":"COPERNICUS/S1_GRD","band":"VH","value":-12.4285,"farmer_unique_id":"3548018","site_id":3633},{"date":"2020-02-28","product":"COPERNICUS/S1_GRD","band":"VH","value":-17.5133,"farmer_unique_id":"3548018","site_id":3633},{"date":"2020-03-11","product":"COPERNICUS/S1_GRD","band":"VH","value":-14.3715,"farmer_unique_id":"3548018","site_id":3633},{"date":"2020-03-23","product":"COPERNICUS/S1_GRD","band":"VH","value":-16.4494,"farmer_unique_id":"3548018","site_id":3633},{"date":"2020-04-04","product":"COPERNICUS/S1_GRD","band":"VH","value":-15.5824,"farmer_unique_id":"3548018","site_id":3633},{"date":"2020-04-16","product":"COPERNICUS/S1_GRD","band":"VH","value":-17.7521,"farmer_unique_id":"3548018","site_id":3633},{"date":"2020-04-28","product":"COPERNICUS/S1_GRD","band":"VH","value":-15.6041,"farmer_unique_id":"3548018","site_id":3633},{"date":"2020-05-10","product":"COPERNICUS/S1_GRD","band":"VH","value":-12.6837,"farmer_unique_id":"3548018","site_id":3633},{"date":"2020-05-22","product":"COPERNICUS/S1_GRD","band":"VH","value":-16.2466,"farmer_unique_id":"3548018","site_id":3633},{"date":"2020-06-03","product":"COPERNICUS/S1_GRD","band":"VH","value":-15.5689,"farmer_unique_id":"3548018","site_id":3633},{"date":"2020-06-15","product":"COPERNICUS/S1_GRD","band":"VH","value":-12.7298,"farmer_unique_id":"3548018","site_id":3633},{"date":"2020-06-27","product":"COPERNICUS/S1_GRD","band":"VH","value":-15.8154,"farmer_unique_id":"3548018","site_id":3633},{"date":"2020-07-09","product":"COPERNICUS/S1_GRD","band":"VH","value":-17.2489,"farmer_unique_id":"3548018","site_id":3633},{"date":"2020-07-21","product":"COPERNICUS/S1_GRD","band":"VH","value":-19.8489,"farmer_unique_id":"3548018","site_id":3633},{"date":"2020-08-02","product":"COPERNICUS/S1_GRD","band":"VH","value":-19.687,"farmer_unique_id":"3548018","site_id":3633},{"date":"2020-08-14","product":"COPERNICUS/S1_GRD","band":"VH","value":-19.0972,"farmer_unique_id":"3548018","site_id":3633},{"date":"2020-08-26","product":"COPERNICUS/S1_GRD","band":"VH","value":-19.8032,"farmer_unique_id":"3548018","site_id":3633},{"date":"2020-09-07","product":"COPERNICUS/S1_GRD","band":"VH","value":-16.8481,"farmer_unique_id":"3548018","site_id":3633},{"date":"2020-09-19","product":"COPERNICUS/S1_GRD","band":"VH","value":-20.9223,"farmer_unique_id":"3548018","site_id":3633},{"date":"2020-10-01","product":"COPERNICUS/S1_GRD","band":"VH","value":-20.7978,"farmer_unique_id":"3548018","site_id":3633},{"date":"2020-10-13","product":"COPERNICUS/S1_GRD","band":"VH","value":-22.233,"farmer_unique_id":"3548018","site_id":3633},{"date":"2020-10-25","product":"COPERNICUS/S1_GRD","band":"VH","value":-18.4092,"farmer_unique_id":"3548018","site_id":3633},{"date":"2020-11-06","product":"COPERNICUS/S1_GRD","band":"VH","value":-17.2766,"farmer_unique_id":"3548018","site_id":3633},{"date":"2020-11-18","product":"COPERNICUS/S1_GRD","band":"VH","value":-19.7096,"farmer_unique_id":"3548018","site_id":3633},{"date":"2020-11-30","product":"COPERNICUS/S1_GRD","band":"VH","value":-18.8701,"farmer_unique_id":"3548018","site_id":3633},{"date":"2020-12-12","product":"COPERNICUS/S1_GRD","band":"VH","value":-16.631,"farmer_unique_id":"3548018","site_id":3633},{"date":"2020-12-24","product":"COPERNICUS/S1_GRD","band":"VH","value":-15.0229,"farmer_unique_id":"3548018","site_id":3633},{"date":"2021-01-05","product":"COPERNICUS/S1_GRD","band":"VH","value":-19.1321,"farmer_unique_id":"3548018","site_id":3633},{"date":"2021-01-17","product":"COPERNICUS/S1_GRD","band":"VH","value":-15.324,"farmer_unique_id":"3548018","site_id":3633},{"date":"2021-01-29","product":"COPERNICUS/S1_GRD","band":"VH","value":-16.3699,"farmer_unique_id":"3548018","site_id":3633},{"date":"2021-02-10","product":"COPERNICUS/S1_GRD","band":"VH","value":-18.9924,"farmer_unique_id":"3548018","site_id":3633},{"date":"2021-02-22","product":"COPERNICUS/S1_GRD","band":"VH","value":-15.8795,"farmer_unique_id":"3548018","site_id":3633},{"date":"2021-03-06","product":"COPERNICUS/S1_GRD","band":"VH","value":-22.1796,"farmer_unique_id":"3548018","site_id":3633},{"date":"2021-03-18","product":"COPERNICUS/S1_GRD","band":"VH","value":-18.6315,"farmer_unique_id":"3548018","site_id":3633},{"date":"2021-03-30","product":"COPERNICUS/S1_GRD","band":"VH","value":-19.2544,"farmer_unique_id":"3548018","site_id":3633},{"date":"2021-04-11","product":"COPERNICUS/S1_GRD","band":"VH","value":-13.0707,"farmer_unique_id":"3548018","site_id":3633},{"date":"2021-04-23","product":"COPERNICUS/S1_GRD","band":"VH","value":-16.055,"farmer_unique_id":"3548018","site_id":3633},{"date":"2021-05-05","product":"COPERNICUS/S1_GRD","band":"VH","value":-20.7406,"farmer_unique_id":"3548018","site_id":3633},{"date":"2021-05-17","product":"COPERNICUS/S1_GRD","band":"VH","value":-17.5725,"farmer_unique_id":"3548018","site_id":3633},{"date":"2021-05-29","product":"COPERNICUS/S1_GRD","band":"VH","value":-17.1416,"farmer_unique_id":"3548018","site_id":3633},{"date":"2021-06-10","product":"COPERNICUS/S1_GRD","band":"VH","value":-18.8533,"farmer_unique_id":"3548018","site_id":3633},{"date":"2021-06-22","product":"COPERNICUS/S1_GRD","band":"VH","value":-16.9297,"farmer_unique_id":"3548018","site_id":3633},{"date":"2021-07-04","product":"COPERNICUS/S1_GRD","band":"VH","value":-11.1114,"farmer_unique_id":"3548018","site_id":3633},{"date":"2021-07-16","product":"COPERNICUS/S1_GRD","band":"VH","value":-14.4039,"farmer_unique_id":"3548018","site_id":3633},{"date":"2021-07-28","product":"COPERNICUS/S1_GRD","band":"VH","value":-17.7785,"farmer_unique_id":"3548018","site_id":3633},{"date":"2021-08-09","product":"COPERNICUS/S1_GRD","band":"VH","value":-17.0048,"farmer_unique_id":"3548018","site_id":3633},{"date":"2021-08-21","product":"COPERNICUS/S1_GRD","band":"VH","value":-19.4314,"farmer_unique_id":"3548018","site_id":3633},{"date":"2021-09-02","product":"COPERNICUS/S1_GRD","band":"VH","value":-15.7441,"farmer_unique_id":"3548018","site_id":3633},{"date":"2021-09-14","product":"COPERNICUS/S1_GRD","band":"VH","value":-20.0993,"farmer_unique_id":"3548018","site_id":3633},{"date":"2021-09-26","product":"COPERNICUS/S1_GRD","band":"VH","value":-21.1694,"farmer_unique_id":"3548018","site_id":3633},{"date":"2021-10-08","product":"COPERNICUS/S1_GRD","band":"VH","value":-19.0671,"farmer_unique_id":"3548018","site_id":3633},{"date":"2021-10-20","product":"COPERNICUS/S1_GRD","band":"VH","value":-15.9977,"farmer_unique_id":"3548018","site_id":3633},{"date":"2021-11-01","product":"COPERNICUS/S1_GRD","band":"VH","value":-18.5229,"farmer_unique_id":"3548018","site_id":3633},{"date":"2021-11-13","product":"COPERNICUS/S1_GRD","band":"VH","value":-21.3861,"farmer_unique_id":"3548018","site_id":3633},{"date":"2021-11-25","product":"COPERNICUS/S1_GRD","band":"VH","value":-16.369,"farmer_unique_id":"3548018","site_id":3633},{"date":"2021-12-07","product":"COPERNICUS/S1_GRD","band":"VH","value":-15.2501,"farmer_unique_id":"3548018","site_id":3633},{"date":"2021-12-19","product":"COPERNICUS/S1_GRD","band":"VH","value":-17.5775,"farmer_unique_id":"3548018","site_id":3633},{"date":"2020-01-11","product":"COPERNICUS/S1_GRD","band":"VV","value":-10.4904,"farmer_unique_id":"3548018","site_id":3633},{"date":"2020-01-23","product":"COPERNICUS/S1_GRD","band":"VV","value":-10.2426,"farmer_unique_id":"3548018","site_id":3633},{"date":"2020-02-04","product":"COPERNICUS/S1_GRD","band":"VV","value":-9.4406,"farmer_unique_id":"3548018","site_id":3633},{"date":"2020-02-16","product":"COPERNICUS/S1_GRD","band":"VV","value":-7.4221,"farmer_unique_id":"3548018","site_id":3633},{"date":"2020-02-28","product":"COPERNICUS/S1_GRD","band":"VV","value":-9.457,"farmer_unique_id":"3548018","site_id":3633},{"date":"2020-03-11","product":"COPERNICUS/S1_GRD","band":"VV","value":-7.6106,"farmer_unique_id":"3548018","site_id":3633},{"date":"2020-03-23","product":"COPERNICUS/S1_GRD","band":"VV","value":-12.3526,"farmer_unique_id":"3548018","site_id":3633},{"date":"2020-04-04","product":"COPERNICUS/S1_GRD","band":"VV","value":-9.1535,"farmer_unique_id":"3548018","site_id":3633},{"date":"2020-04-16","product":"COPERNICUS/S1_GRD","band":"VV","value":-9.1251,"farmer_unique_id":"3548018","site_id":3633},{"date":"2020-04-28","product":"COPERNICUS/S1_GRD","band":"VV","value":-7.0983,"farmer_unique_id":"3548018","site_id":3633},{"date":"2020-05-10","product":"COPERNICUS/S1_GRD","band":"VV","value":-11.3861,"farmer_unique_id":"3548018","site_id":3633},{"date":"2020-05-22","product":"COPERNICUS/S1_GRD","band":"VV","value":-8.4312,"farmer_unique_id":"3548018","site_id":3633},{"date":"2020-06-03","product":"COPERNICUS/S1_GRD","band":"VV","value":-8.9446,"farmer_unique_id":"3548018","site_id":3633},{"date":"2020-06-15","product":"COPERNICUS/S1_GRD","band":"VV","value":-11.9564,"farmer_unique_id":"3548018","site_id":3633},{"date":"2020-06-27","product":"COPERNICUS/S1_GRD","band":"VV","value":-10.641,"farmer_unique_id":"3548018","site_id":3633},{"date":"2020-07-09","product":"COPERNICUS/S1_GRD","band":"VV","value":-10.2308,"farmer_unique_id":"3548018","site_id":3633},{"date":"2020-07-21","product":"COPERNICUS/S1_GRD","band":"VV","value":-9.0053,"farmer_unique_id":"3548018","site_id":3633},{"date":"2020-08-02","product":"COPERNICUS/S1_GRD","band":"VV","value":-13.7141,"farmer_unique_id":"3548018","site_id":3633},{"date":"2020-08-14","product":"COPERNICUS/S1_GRD","band":"VV","value":-11.0541,"farmer_unique_id":"3548018","site_id":3633},{"date":"2020-08-26","product":"COPERNICUS/S1_GRD","band":"VV","value":-10.8398,"farmer_unique_id":"3548018","site_id":3633},{"date":"2020-09-07","product":"COPERNICUS/S1_GRD","band":"VV","value":-9.9487,"farmer_unique_id":"3548018","site_id":3633},{"date":"2020-09-19","product":"COPERNICUS/S1_GRD","band":"VV","value":-11.2426,"farmer_unique_id":"3548018","site_id":3633},{"date":"2020-10-01","product":"COPERNICUS/S1_GRD","band":"VV","value":-12.8935,"farmer_unique_id":"3548018","site_id":3633},{"date":"2020-10-13","product":"COPERNICUS/S1_GRD","band":"VV","value":-13.3359,"farmer_unique_id":"3548018","site_id":3633},{"date":"2020-10-25","product":"COPERNICUS/S1_GRD","band":"VV","value":-11.6432,"farmer_unique_id":"3548018","site_id":3633},{"date":"2020-11-06","product":"COPERNICUS/S1_GRD","band":"VV","value":-9.052,"farmer_unique_id":"3548018","site_id":3633},{"date":"2020-11-18","product":"COPERNICUS/S1_GRD","band":"VV","value":-8.0268,"farmer_unique_id":"3548018","site_id":3633},{"date":"2020-11-30","product":"COPERNICUS/S1_GRD","band":"VV","value":-10.5136,"farmer_unique_id":"3548018","site_id":3633},{"date":"2020-12-12","product":"COPERNICUS/S1_GRD","band":"VV","value":-9.2068,"farmer_unique_id":"3548018","site_id":3633},{"date":"2020-12-24","product":"COPERNICUS/S1_GRD","band":"VV","value":-9.5447,"farmer_unique_id":"3548018","site_id":3633},{"date":"2021-01-05","product":"COPERNICUS/S1_GRD","band":"VV","value":-13.1548,"farmer_unique_id":"3548018","site_id":3633},{"date":"2021-01-17","product":"COPERNICUS/S1_GRD","band":"VV","value":-13.2389,"farmer_unique_id":"3548018","site_id":3633},{"date":"2021-01-29","product":"COPERNICUS/S1_GRD","band":"VV","value":-10.2521,"farmer_unique_id":"3548018","site_id":3633},{"date":"2021-02-10","product":"COPERNICUS/S1_GRD","band":"VV","value":-14.788,"farmer_unique_id":"3548018","site_id":3633},{"date":"2021-02-22","product":"COPERNICUS/S1_GRD","band":"VV","value":-10.6722,"farmer_unique_id":"3548018","site_id":3633},{"date":"2021-03-06","product":"COPERNICUS/S1_GRD","band":"VV","value":-17.2201,"farmer_unique_id":"3548018","site_id":3633},{"date":"2021-03-18","product":"COPERNICUS/S1_GRD","band":"VV","value":-12.4813,"farmer_unique_id":"3548018","site_id":3633},{"date":"2021-03-30","product":"COPERNICUS/S1_GRD","band":"VV","value":-12.5602,"farmer_unique_id":"3548018","site_id":3633},{"date":"2021-04-11","product":"COPERNICUS/S1_GRD","band":"VV","value":-9.4129,"farmer_unique_id":"3548018","site_id":3633},{"date":"2021-04-23","product":"COPERNICUS/S1_GRD","band":"VV","value":-9.5335,"farmer_unique_id":"3548018","site_id":3633},{"date":"2021-05-05","product":"COPERNICUS/S1_GRD","band":"VV","value":-13.2292,"farmer_unique_id":"3548018","site_id":3633},{"date":"2021-05-17","product":"COPERNICUS/S1_GRD","band":"VV","value":-7.6684,"farmer_unique_id":"3548018","site_id":3633},{"date":"2021-05-29","product":"COPERNICUS/S1_GRD","band":"VV","value":-9.8566,"farmer_unique_id":"3548018","site_id":3633},{"date":"2021-06-10","product":"COPERNICUS/S1_GRD","band":"VV","value":-10.0314,"farmer_unique_id":"3548018","site_id":3633},{"date":"2021-06-22","product":"COPERNICUS/S1_GRD","band":"VV","value":-10.4974,"farmer_unique_id":"3548018","site_id":3633},{"date":"2021-07-04","product":"COPERNICUS/S1_GRD","band":"VV","value":-12.0375,"farmer_unique_id":"3548018","site_id":3633},{"date":"2021-07-16","product":"COPERNICUS/S1_GRD","band":"VV","value":-13.7042,"farmer_unique_id":"3548018","site_id":3633},{"date":"2021-07-28","product":"COPERNICUS/S1_GRD","band":"VV","value":-11.6127,"farmer_unique_id":"3548018","site_id":3633},{"date":"2021-08-09","product":"COPERNICUS/S1_GRD","band":"VV","value":-12.1059,"farmer_unique_id":"3548018","site_id":3633},{"date":"2021-08-21","product":"COPERNICUS/S1_GRD","band":"VV","value":-11.6662,"farmer_unique_id":"3548018","site_id":3633},{"date":"2021-09-02","product":"COPERNICUS/S1_GRD","band":"VV","value":-17.272,"farmer_unique_id":"3548018","site_id":3633},{"date":"2021-09-14","product":"COPERNICUS/S1_GRD","band":"VV","value":-12.6521,"farmer_unique_id":"3548018","site_id":3633},{"date":"2021-09-26","product":"COPERNICUS/S1_GRD","band":"VV","value":-13.4822,"farmer_unique_id":"3548018","site_id":3633},{"date":"2021-10-08","product":"COPERNICUS/S1_GRD","band":"VV","value":-12.8123,"farmer_unique_id":"3548018","site_id":3633},{"date":"2021-10-20","product":"COPERNICUS/S1_GRD","band":"VV","value":-12.426,"farmer_unique_id":"3548018","site_id":3633},{"date":"2021-11-01","product":"COPERNICUS/S1_GRD","band":"VV","value":-12.8029,"farmer_unique_id":"3548018","site_id":3633},{"date":"2021-11-13","product":"COPERNICUS/S1_GRD","band":"VV","value":-13.9103,"farmer_unique_id":"3548018","site_id":3633},{"date":"2021-11-25","product":"COPERNICUS/S1_GRD","band":"VV","value":-13.5565,"farmer_unique_id":"3548018","site_id":3633},{"date":"2021-12-07","product":"COPERNICUS/S1_GRD","band":"VV","value":-8.425,"farmer_unique_id":"3548018","site_id":3633},{"date":"2021-12-19","product":"COPERNICUS/S1_GRD","band":"VV","value":-9.7522,"farmer_unique_id":"3548018","site_id":3633}]
