[{"date":"2020-01-11","product":"COPERNICUS/S1_GRD","band":"VH","value":-14.7738,"farmer_unique_id":"EM1331","site_id":1288},{"date":"2020-01-23","product":"COPERNICUS/S1_GRD","band":"VH","value":-22.1339,"farmer_unique_id":"EM1331","site_id":1288},{"date":"2020-02-04","product":"COPERNICUS/S1_GRD","band":"VH","value":-16.2574,"farmer_unique_id":"EM1331","site_id":1288},{"date":"2020-02-16","product":"COPERNICUS/S1_GRD","band":"VH","value":-11.5792,"farmer_unique_id":"EM1331","site_id":1288},{"date":"2020-02-28","product":"COPERNICUS/S1_GRD","band":"VH","value":-14.8341,"farmer_unique_id":"EM1331","site_id":1288},{"date":"2020-03-11","product":"COPERNICUS/S1_GRD","band":"VH","value":-13.8394,"farmer_unique_id":"EM1331","site_id":1288},{"date":"2020-03-23","product":"COPERNICUS/S1_GRD","band":"VH","value":-14.7373,"farmer_unique_id":"EM1331","site_id":1288},{"date":"2020-04-04","product":"COPERNICUS/S1_GRD","band":"VH","value":-17.4698,"farmer_unique_id":"EM1331","site_id":1288},{"date":"2020-04-16","product":"COPERNICUS/S1_GRD","band":"VH","value":-14.8696,"farmer_unique_id":"EM1331","site_id":1288},{"date":"2020-04-28","product":"COPERNICUS/S1_GRD","band":"VH","value":-10.7917,"farmer_unique_id":"EM1331","site_id":1288},{"date":"2020-05-10","product":"COPERNICUS/S1_GRD","band":"VH","value":-17.1802,"farmer_unique_id":"EM1331","site_id":1288},{"date":"2020-05-22","product":"COPERNICUS/S1_GRD","band":"VH","value":-15.0486,"farmer_unique_id":"EM1331","site_id":1288},{"date":"2020-06-15","product":"COPERNICUS/S1_GRD","band":"VH","value":-13.503,"farmer_unique_id":"EM1331","site_id":1288},{"date":"2020-06-27","product":"COPERNICUS/S1_GRD","band":"VH","value":-13.8387,"farmer_unique_id":"EM1331","site_id":1288},{"date":"2020-07-09","product":"COPERNICUS/S1_GRD","band":"VH","value":-15.5366,"farmer_unique_id":"EM1331","site_id":1288},{"date":"2020-07-21","product":"COPERNICUS/S1_GRD","band":"VH","value":-19.7555,"farmer_unique_id":"EM1331","site_id":1288},{"date":"2020-08-02","product":"COPERNICUS/S1_GRD","band":"VH","value":-13.1027,"farmer_unique_id":"EM1331","site_id":1288},{"date":"2020-08-14","product":"COPERNICUS/S1_GRD","band":"VH","value":-13.6168,"farmer_unique_id":"EM1331","site_id":1288},{"date":"2020-08-26","product":"COPERNICUS/S1_GRD","band":"VH","value":-14.9489,"farmer_unique_id":"EM1331","site_id":1288},{"date":"2020-09-07","product":"COPERNICUS/S1_GRD","band":"VH","value":-15.5331,"farmer_unique_id":"EM1331","site_id":1288},{"date":"2020-09-19","product":"COPERNICUS/S1_GRD","band":"VH","value":-13.8754,"farmer_unique_id":"EM1331","site_id":1288},{"date":"2020-10-01","product":"COPERNICUS/S1_GRD","band":"VH","value":-20.5036,"farmer_unique_id":"EM1331","site_id":1288},{"date":"2020-10-13","product":"COPERNICUS/S1_GRD","band":"VH","value":-20.77,"farmer_unique_id":"EM1331","site_id":1288},{"date":"2020-10-25","product":"COPERNICUS/S1_GRD","band":"VH","value":-18.1028,"farmer_unique_id":"EM1331","site_id":1288},{"date":"2020-11-06","product":"COPERNICUS/S1_GRD","band":"VH","value":-13.7432,"farmer_unique_id":"EM1331","site_id":1288},{"date":"2020-11-18","product":"COPERNICUS/S1_GRD","band":"VH","value":-15.3357,"farmer_unique_id":"EM1331","site_id":1288},{"date":"2020-11-30","product":"COPERNICUS/S1_GRD","band":"VH","value":-13.0111,"farmer_unique_id":"EM1331","site_id":1288},{"date":"2020-12-12","product":"COPERNICUS/S1_GRD","band":"VH","value":-13.5603,"farmer_unique_id":"EM1331","site_id":1288},{"date":"2020-12-24","product":"COPERNICUS/S1_GRD","band":"VH","value":-15.38,"farmer_unique_id":"EM1331","site_id":1288},{"date":"2021-01-05","product":"COPERNICUS/S1_GRD","band":"VH","value":-15.3143,"farmer_unique_id":"EM1331","site_id":1288},{"date":"2021-01-17","product":"COPERNICUS/S1_GRD","band":"VH","value":-14.9684,"farmer_unique_id":"EM1331","site_id":1288},{"date":"2021-01-29","product":"COPERNICUS/S1_GRD","band":"VH","value":-18.2274,"farmer_unique_id":"EM1331","site_id":1288},{"date":"2021-02-10","product":"COPERNICUS/S1_GRD","band":"VH","value":-16.991,"farmer_unique_id":"EM1331","site_id":1288},{"date":"2021-02-22","product":"COPERNICUS/S1_GRD","band":"VH","value":-13.3245,"farmer_unique_id":"EM1331","site_id":1288},{"date":"2021-03-06","product":"COPERNICUS/S1_GRD","band":"VH","value":-15.8449,"farmer_unique_id":"EM1331","site_id":1288},{"date":"2021-03-18","product":"COPERNICUS/S1_GRD","band":"VH","value":-17.6727,"farmer_unique_id":"EM1331","site_id":1288},{"date":"2021-03-30","product":"COPERNICUS/S1_GRD","band":"VH","value":-15.533,"farmer_unique_id":"EM1331","site_id":1288},{"date":"2021-04-11","product":"COPERNICUS/S1_GRD","band":"VH","value":-14.157,"farmer_unique_id":"EM1331","site_id":1288},{"date":"2021-04-23","product":"COPERNICUS/S1_GRD","band":"VH","value":-14.4162,"farmer_unique_id":"EM1331","site_id":1288},{"date":"2021-05-05","product":"COPERNICUS/S1_GRD","band":"VH","value":-13.5067,"farmer_unique_id":"EM1331","site_id":1288},{"date":"2021-05-17","product":"COPERNICUS/S1_GRD","band":"VH","value":-19.7745,"farmer_unique_id":"EM1331","site_id":1288},{"date":"2021-05-29","product":"COPERNICUS/S1_GRD","band":"VH","value":-15.8991,"farmer_unique_id":"EM1331","site_id":1288},{"date":"2021-06-10","product":"COPERNICUS/S1_GRD","band":"VH","value":-19.715,"farmer_unique_id":"EM1331","site_id":1288},{"date":"2021-06-22","product":"COPERNICUS/S1_GRD","band":"VH","value":-16.952,"farmer_unique_id":"EM1331","site_id":1288},{"date":"2021-07-04","product":"COPERNICUS/S1_GRD","band":"VH","value":-15.3013,"farmer_unique_id":"EM1331","site_id":1288},{"date":"2021-07-16","product":"COPERNICUS/S1_GRD","band":"VH","value":-18.5978,"farmer_unique_id":"EM1331","site_id":1288},{"date":"2021-07-28","product":"COPERNICUS/S1_GRD","band":"VH","value":-15.7793,"farmer_unique_id":"EM1331","site_id":1288},{"date":"2021-08-09","product":"COPERNICUS/S1_GRD","band":"VH","value":-15.0516,"farmer_unique_id":"EM1331","site_id":1288},{"date":"2021-08-21","product":"COPERNICUS/S1_GRD","band":"VH","value":-13.674,"farmer_unique_id":"EM1331","site_id":1288},{"date":"2021-09-02","product":"COPERNICUS/S1_GRD","band":"VH","value":-16.2353,"farmer_unique_id":"EM1331","site_id":1288},{"date":"2021-09-14","product":"COPERNICUS/S1_GRD","band":"VH","value":-19.2964,"farmer_unique_id":"EM1331","site_id":1288},{"date":"2021-09-26","product":"COPERNICUS/S1_GRD","band":"VH","value":-17.4417,"farmer_unique_id":"EM1331","site_id":1288},{"date":"2021-10-08","product":"COPERNICUS/S1_GRD","band":"VH","value":-17.0378,"farmer_unique_id":"EM1331","site_id":1288},{"date":"2021-10-20","product":"COPERNICUS/S1_GRD","band":"VH","value":-16.6516,"farmer_unique_id":"EM1331","site_id":1288},{"date":"2021-11-01","product":"COPERNICUS/S1_GRD","band":"VH","value":-15.6903,"farmer_unique_id":"EM1331","site_id":1288},{"date":"2021-11-13","product":"COPERNICUS/S1_GRD","band":"VH","value":-16.3976,"farmer_unique_id":"EM1331","site_id":1288},{"date":"2021-11-25","product":"COPERNICUS/S1_GRD","band":"VH","value":-12.1171,"farmer_unique_id":"EM1331","site_id":1288},{"date":"2021-12-07","product":"COPERNICUS/S1_GRD","band":"VH","value":-12.5217,"farmer_unique_id":"EM1331","site_id":1288},{"date":"2021-12-19","product":"COPERNICUS/S1_GRD","band":"VH","value":-14.4397,"farmer_unique_id":"EM1331","site_id":1288},{"date":"2020-01-11","product":"COPERNICUS/S1_GRD","band":"VV","value":-1.5279,"farmer_unique_id":"EM1331","site_id":1288},{"date":"2020-01-23","product":"COPERNICUS/S1_GRD","band":"VV","value":-2.5614,"farmer_unique_id":"EM1331","site_id":1288},{"date":"2020-02-04","product":"COPERNICUS/S1_GRD","band":"VV","value":-0.7556,"farmer_unique_id":"EM1331","site_id":1288},{"date":"2020-02-16","product":"COPERNICUS/S1_GRD","band":"VV","value":-1.3205,"farmer_unique_id":"EM1331","site_id":1288},{"date":"2020-02-28","product":"COPERNICUS/S1_GRD","band":"VV","value":-3.3845,"farmer_unique_id":"EM1331","site_id":1288},{"date":"2020-03-11","product":"COPERNICUS/S1_GRD","band":"VV","value":-2.3803,"farmer_unique_id":"EM1331","site_id":1288},{"date":"2020-03-23","product":"COPERNICUS/S1_GRD","band":"VV","value":-3.9517,"farmer_unique_id":"EM1331","site_id":1288},{"date":"2020-04-04","product":"COPERNICUS/S1_GRD","band":"VV","value":-2.217,"farmer_unique_id":"EM1331","site_id":1288},{"date":"2020-04-16","product":"COPERNICUS/S1_GRD","band":"VV","value":-5.8334,"farmer_unique_id":"EM1331","site_id":1288},{"date":"2020-04-28","product":"COPERNICUS/S1_GRD","band":"VV","value":-1.4896,"farmer_unique_id":"EM1331","site_id":1288},{"date":"2020-05-10","product":"COPERNICUS/S1_GRD","band":"VV","value":-4.2201,"farmer_unique_id":"EM1331","site_id":1288},{"date":"2020-05-22","product":"COPERNICUS/S1_GRD","band":"VV","value":-7.078,"farmer_unique_id":"EM1331","site_id":1288},{"date":"2020-06-15","product":"COPERNICUS/S1_GRD","band":"VV","value":-1.6548,"farmer_unique_id":"EM1331","site_id":1288},{"date":"2020-06-27","product":"COPERNICUS/S1_GRD","band":"VV","value":-4.2784,"farmer_unique_id":"EM1331","site_id":1288},{"date":"2020-07-09","product":"COPERNICUS/S1_GRD","band":"VV","value":-5.1132,"farmer_unique_id":"EM1331","site_id":1288},{"date":"2020-07-21","product":"COPERNICUS/S1_GRD","band":"VV","value":-6.6297,"farmer_unique_id":"EM1331","site_id":1288},{"date":"2020-08-02","product":"COPERNICUS/S1_GRD","band":"VV","value":-2.8491,"farmer_unique_id":"EM1331","site_id":1288},{"date":"2020-08-14","product":"COPERNICUS/S1_GRD","band":"VV","value":-3.3391,"farmer_unique_id":"EM1331","site_id":1288},{"date":"2020-08-26","product":"COPERNICUS/S1_GRD","band":"VV","value":-5.4695,"farmer_unique_id":"EM1331","site_id":1288},{"date":"2020-09-07","product":"COPERNICUS/S1_GRD","band":"VV","value":-2.6321,"farmer_unique_id":"EM1331","site_id":1288},{"date":"2020-09-19","product":"COPERNICUS/S1_GRD","band":"VV","value":-4.7956,"farmer_unique_id":"EM1331","site_id":1288},{"date":"2020-10-01","product":"COPERNICUS/S1_GRD","band":"VV","value":-2.6759,"farmer_unique_id":"EM1331","site_id":1288},{"date":"2020-10-13","product":"COPERNICUS/S1_GRD","band":"VV","value":-4.8926,"farmer_unique_id":"EM1331","site_id":1288},{"date":"2020-10-25","product":"COPERNICUS/S1_GRD","band":"VV","value":-4.3661,"farmer_unique_id":"EM1331","site_id":1288},{"date":"2020-11-06","product":"COPERNICUS/S1_GRD","band":"VV","value":-4.7821,"farmer_unique_id":"EM1331","site_id":1288},{"date":"2020-11-18","product":"COPERNICUS/S1_GRD","band":"VV","value":-5.8785,"farmer_unique_id":"EM1331","site_id":1288},{"date":"2020-11-30","product":"COPERNICUS/S1_GRD","band":"VV","value":-2.7819,"farmer_unique_id":"EM1331","site_id":1288},{"date":"2020-12-12","product":"COPERNICUS/S1_GRD","band":"VV","value":-4.7449,"farmer_unique_id":"EM1331","site_id":1288},{"date":"2020-12-24","product":"COPERNICUS/S1_GRD","band":"VV","value":-5.2121,"farmer_unique_id":"EM1331","site_id":1288},{"date":"2021-01-05","product":"COPERNICUS/S1_GRD","band":"VV","value":-5.0518,"farmer_unique_id":"EM1331","site_id":1288},{"date":"2021-01-17","product":"COPERNICUS/S1_GRD","band":"VV","value":-7.2751,"farmer_unique_id":"EM1331","site_id":1288},{"date":"2021-01-29","product":"COPERNICUS/S1_GRD","band":"VV","value":-4.8646,"farmer_unique_id":"EM1331","site_id":1288},{"date":"2021-02-10","product":"COPERNICUS/S1_GRD","band":"VV","value":-4.1188,"farmer_unique_id":"EM1331","site_id":1288},{"date":"2021-02-22","product":"COPERNICUS/S1_GRD","band":"VV","value":-4.2292,"farmer_unique_id":"EM1331","site_id":1288},{"date":"2021-03-06","product":"COPERNICUS/S1_GRD","band":"VV","value":-7.9063,"farmer_unique_id":"EM1331","site_id":1288},{"date":"2021-03-18","product":"COPERNICUS/S1_GRD","band":"VV","value":-4.5402,"farmer_unique_id":"EM1331","site_id":1288},{"date":"2021-03-30","product":"COPERNICUS/S1_GRD","band":"VV","value":-4.2517,"farmer_unique_id":"EM1331","site_id":1288},{"date":"2021-04-11","product":"COPERNICUS/S1_GRD","band":"VV","value":-5.5228,"farmer_unique_id":"EM1331","site_id":1288},{"date":"2021-04-23","product":"COPERNICUS/S1_GRD","band":"VV","value":-4.9016,"farmer_unique_id":"EM1331","site_id":1288},{"date":"2021-05-05","product":"COPERNICUS/S1_GRD","band":"VV","value":-6.0203,"farmer_unique_id":"EM1331","site_id":1288},{"date":"2021-05-17","product":"COPERNICUS/S1_GRD","band":"VV","value":-3.9587,"farmer_unique_id":"EM1331","site_id":1288},{"date":"2021-05-29","product":"COPERNICUS/S1_GRD","band":"VV","value":-3.7989,"farmer_unique_id":"EM1331","site_id":1288},{"date":"2021-06-10","product":"COPERNICUS/S1_GRD","band":"VV","value":-5.5045,"farmer_unique_id":"EM1331","site_id":1288},{"date":"2021-06-22","product":"COPERNICUS/S1_GRD","band":"VV","value":-4.4342,"farmer_unique_id":"EM1331","site_id":1288},{"date":"2021-07-04","product":"COPERNICUS/S1_GRD","band":"VV","value":-4.14,"farmer_unique_id":"EM1331","site_id":1288},{"date":"2021-07-16","product":"COPERNICUS/S1_GRD","band":"VV","value":-5.9055,"farmer_unique_id":"EM1331","site_id":1288},{"date":"2021-07-28","product":"COPERNICUS/S1_GRD","band":"VV","value":-2.0068,"farmer_unique_id":"EM1331","site_id":1288},{"date":"2021-08-09","product":"COPERNICUS/S1_GRD","band":"VV","value":-4.9691,"farmer_unique_id":"EM1331","site_id":1288},{"date":"2021-08-21","product":"COPERNICUS/S1_GRD","band":"VV","value":-2.6519,"farmer_unique_id":"EM1331","site_id":1288},{"date":"2021-09-02","product":"COPERNICUS/S1_GRD","band":"VV","value":-6.5937,"farmer_unique_id":"EM1331","site_id":1288},{"date":"2021-09-14","product":"COPERNICUS/S1_GRD","band":"VV","value":-5.0832,"farmer_unique_id":"EM1331","site_id":1288},{"date":"2021-09-26","product":"COPERNICUS/S1_GRD","band":"VV","value":-4.429,"farmer_unique_id":"EM1331","site_id":1288},{"date":"2021-10-08","product":"COPERNICUS/S1_GRD","band":"VV","value":-10.1607,"farmer_unique_id":"EM1331","site_id":1288},{"date":"2021-10-20","product":"COPERNICUS/S1_GRD","band":"VV","value":-3.7147,"farmer_unique_id":"EM1331","site_id":1288},{"date":"2021-11-01","product":"COPERNICUS/S1_GRD","band":"VV","value":-7.5289,"farmer_unique_id":"EM1331","site_id":1288},{"date":"2021-11-13","product":"COPERNICUS/S1_GRD","band":"VV","value":-5.8898,"farmer_unique_id":"EM1331","site_id":1288},{"date":"2021-11-25","product":"COPERNICUS/S1_GRD","band":"VV","value":-8.3709,"farmer_unique_id":"EM1331","site_id":1288},{"date":"2021-12-07","product":"COPERNICUS/S1_GRD","band":"VV","value":-5.304,"farmer_unique_id":"EM1331","site_id":1288},{"date":"2021-12-19","product":"COPERNICUS/S1_GRD","band":"VV","value":-5.5535,"farmer_unique_id":"EM1331","site_id":1288}]
