[{"date":"2020-01-09","product":"COPERNICUS/S1_GRD","band":"VH","value":-18.1346,"farmer_unique_id":"1180359","site_id":3557},{"date":"2020-01-21","product":"COPERNICUS/S1_GRD","band":"VH","value":-18.3449,"farmer_unique_id":"1180359","site_id":3557},{"date":"2020-02-02","product":"COPERNICUS/S1_GRD","band":"VH","value":-19.1554,"farmer_unique_id":"1180359","site_id":3557},{"date":"2020-02-14","product":"COPERNICUS/S1_GRD","band":"VH","value":-18.4132,"farmer_unique_id":"1180359","site_id":3557},{"date":"2020-02-26","product":"COPERNICUS/S1_GRD","band":"VH","value":-16.4407,"farmer_unique_id":"1180359","site_id":3557},{"date":"2020-03-09","product":"COPERNICUS/S1_GRD","band":"VH","value":-14.4621,"farmer_unique_id":"1180359","site_id":3557},{"date":"2020-03-21","product":"COPERNICUS/S1_GRD","band":"VH","value":-18.6157,"farmer_unique_id":"1180359","site_id":3557},{"date":"2020-04-02","product":"COPERNICUS/S1_GRD","band":"VH","value":-18.2704,"farmer_unique_id":"1180359","site_id":3557},{"date":"2020-04-14","product":"COPERNICUS/S1_GRD","band":"VH","value":-15.724,"farmer_unique_id":"1180359","site_id":3557},{"date":"2020-04-26","product":"COPERNICUS/S1_GRD","band":"VH","value":-14.1094,"farmer_unique_id":"1180359","site_id":3557},{"date":"2020-05-08","product":"COPERNICUS/S1_GRD","band":"VH","value":-17.0369,"farmer_unique_id":"1180359","site_id":3557},{"date":"2020-05-20","product":"COPERNICUS/S1_GRD","band":"VH","value":-18.6872,"farmer_unique_id":"1180359","site_id":3557},{"date":"2020-06-01","product":"COPERNICUS/S1_GRD","band":"VH","value":-14.4676,"farmer_unique_id":"1180359","site_id":3557},{"date":"2020-06-13","product":"COPERNICUS/S1_GRD","band":"VH","value":-20.0004,"farmer_unique_id":"1180359","site_id":3557},{"date":"2020-06-25","product":"COPERNICUS/S1_GRD","band":"VH","value":-17.7586,"farmer_unique_id":"1180359","site_id":3557},{"date":"2020-07-07","product":"COPERNICUS/S1_GRD","band":"VH","value":-12.8924,"farmer_unique_id":"1180359","site_id":3557},{"date":"2020-07-19","product":"COPERNICUS/S1_GRD","band":"VH","value":-18.3163,"farmer_unique_id":"1180359","site_id":3557},{"date":"2020-07-31","product":"COPERNICUS/S1_GRD","band":"VH","value":-15.4998,"farmer_unique_id":"1180359","site_id":3557},{"date":"2020-08-12","product":"COPERNICUS/S1_GRD","band":"VH","farmer_unique_id":"1180359","site_id":3557},{"date":"2020-08-24","product":"COPERNICUS/S1_GRD","band":"VH","value":-16.6461,"farmer_unique_id":"1180359","site_id":3557},{"date":"2020-09-05","product":"COPERNICUS/S1_GRD","band":"VH","value":-20.1858,"farmer_unique_id":"1180359","site_id":3557},{"date":"2020-09-17","product":"COPERNICUS/S1_GRD","band":"VH","value":-16.1562,"farmer_unique_id":"1180359","site_id":3557},{"date":"2020-09-29","product":"COPERNICUS/S1_GRD","band":"VH","value":-17.3492,"farmer_unique_id":"1180359","site_id":3557},{"date":"2020-10-11","product":"COPERNICUS/S1_GRD","band":"VH","value":-20.1958,"farmer_unique_id":"1180359","site_id":3557},{"date":"2020-10-23","product":"COPERNICUS/S1_GRD","band":"VH","value":-15.9441,"farmer_unique_id":"1180359","site_id":3557},{"date":"2020-11-04","product":"COPERNICUS/S1_GRD","band":"VH","value":-15.0827,"farmer_unique_id":"1180359","site_id":3557},{"date":"2020-11-16","product":"COPERNICUS/S1_GRD","band":"VH","value":-14.2662,"farmer_unique_id":"1180359","site_id":3557},{"date":"2020-11-28","product":"COPERNICUS/S1_GRD","band":"VH","value":-14.0101,"farmer_unique_id":"1180359","site_id":3557},{"date":"2020-12-10","product":"COPERNICUS/S1_GRD","band":"VH","value":-24.2224,"farmer_unique_id":"1180359","site_id":3557},{"date":"2020-12-22","product":"COPERNICUS/S1_GRD","band":"VH","value":-17.2485,"farmer_unique_id":"1180359","site_id":3557},{"date":"2021-01-03","product":"COPERNICUS/S1_GRD","band":"VH","value":-14.7847,"farmer_unique_id":"1180359","site_id":3557},{"date":"2021-01-15","product":"COPERNICUS/S1_GRD","band":"VH","value":-18.3699,"farmer_unique_id":"1180359","site_id":3557},{"date":"2021-01-27","product":"COPERNICUS/S1_GRD","band":"VH","value":-15.8149,"farmer_unique_id":"1180359","site_id":3557},{"date":"2021-02-08","product":"COPERNICUS/S1_GRD","band":"VH","value":-19.0837,"farmer_unique_id":"1180359","site_id":3557},{"date":"2021-02-20","product":"COPERNICUS/S1_GRD","band":"VH","value":-18.1123,"farmer_unique_id":"1180359","site_id":3557},{"date":"2021-03-04","product":"COPERNICUS/S1_GRD","band":"VH","value":-20.237,"farmer_unique_id":"1180359","site_id":3557},{"date":"2021-03-16","product":"COPERNICUS/S1_GRD","band":"VH","value":-17.1245,"farmer_unique_id":"1180359","site_id":3557},{"date":"2021-03-28","product":"COPERNICUS/S1_GRD","band":"VH","value":-20.9351,"farmer_unique_id":"1180359","site_id":3557},{"date":"2021-04-09","product":"COPERNICUS/S1_GRD","band":"VH","value":-17.7636,"farmer_unique_id":"1180359","site_id":3557},{"date":"2021-04-21","product":"COPERNICUS/S1_GRD","band":"VH","value":-16.2395,"farmer_unique_id":"1180359","site_id":3557},{"date":"2021-05-03","product":"COPERNICUS/S1_GRD","band":"VH","value":-14.1052,"farmer_unique_id":"1180359","site_id":3557},{"date":"2021-05-15","product":"COPERNICUS/S1_GRD","band":"VH","value":-16.4481,"farmer_unique_id":"1180359","site_id":3557},{"date":"2021-05-27","product":"COPERNICUS/S1_GRD","band":"VH","value":-18.0285,"farmer_unique_id":"1180359","site_id":3557},{"date":"2021-06-08","product":"COPERNICUS/S1_GRD","band":"VH","value":-18.2195,"farmer_unique_id":"1180359","site_id":3557},{"date":"2021-06-20","product":"COPERNICUS/S1_GRD","band":"VH","value":-17.2992,"farmer_unique_id":"1180359","site_id":3557},{"date":"2021-07-02","product":"COPERNICUS/S1_GRD","band":"VH","value":-16.769,"farmer_unique_id":"1180359","site_id":3557},{"date":"2021-07-14","product":"COPERNICUS/S1_GRD","band":"VH","value":-16.2949,"farmer_unique_id":"1180359","site_id":3557},{"date":"2021-07-26","product":"COPERNICUS/S1_GRD","band":"VH","value":-16.985,"farmer_unique_id":"1180359","site_id":3557},{"date":"2021-08-07","product":"COPERNICUS/S1_GRD","band":"VH","value":-18.6142,"farmer_unique_id":"1180359","site_id":3557},{"date":"2021-08-19","product":"COPERNICUS/S1_GRD","band":"VH","value":-17.3845,"farmer_unique_id":"1180359","site_id":3557},{"date":"2021-08-31","product":"COPERNICUS/S1_GRD","band":"VH","value":-15.9024,"farmer_unique_id":"1180359","site_id":3557},{"date":"2021-09-12","product":"COPERNICUS/S1_GRD","band":"VH","value":-18.792,"farmer_unique_id":"1180359","site_id":3557},{"date":"2021-09-24","product":"COPERNICUS/S1_GRD","band":"VH","value":-17.4896,"farmer_unique_id":"1180359","site_id":3557},{"date":"2021-10-06","product":"COPERNICUS/S1_GRD","band":"VH","value":-18.9155,"farmer_unique_id":"1180359","site_id":3557},{"date":"2021-10-18","product":"COPERNICUS/S1_GRD","band":"VH","value":-17.7135,"farmer_unique_id":"1180359","site_id":3557},{"date":"2021-10-30","product":"COPERNICUS/S1_GRD","band":"VH","value":-17.0518,"farmer_unique_id":"1180359","site_id":3557},{"date":"2021-11-11","product":"COPERNICUS/S1_GRD","band":"VH","value":-20.8344,"farmer_unique_id":"1180359","site_id":3557},{"date":"2021-11-23","product":"COPERNICUS/S1_GRD","band":"VH","value":-15.635,"farmer_unique_id":"1180359","site_id":3557},{"date":"2021-12-05","product":"COPERNICUS/S1_GRD","band":"VH","value":-18.9598,"farmer_unique_id":"1180359","site_id":3557},{"date":"2021-12-17","product":"COPERNICUS/S1_GRD","band":"VH","value":-16.2793,"farmer_unique_id":"1180359","site_id":3557},{"date":"2021-12-29","product":"COPERNICUS/S1_GRD","band":"VH","value":-17.1729,"farmer_unique_id":"1180359","site_id":3557},{"date":"2020-01-09","product":"COPERNICUS/S1_GRD","band":"VV","value":-12.8394,"farmer_unique_id":"1180359","site_id":3557},{"date":"2020-01-21","product":"COPERNICUS/S1_GRD","band":"VV","value":-11.3543,"farmer_unique_id":"1180359","site_id":3557},{"date":"2020-02-02","product":"COPERNICUS/S1_GRD","band":"VV","value":-11.2361,"farmer_unique_id":"1180359","site_id":3557},{"date":"2020-02-14","product":"COPERNICUS/S1_GRD","band":"VV","value":-13.0962,"farmer_unique_id":"1180359","site_id":3557},{"date":"2020-02-26","product":"COPERNICUS/S1_GRD","band":"VV","value":-9.5927,"farmer_unique_id":"1180359","site_id":3557},{"date":"2020-03-09","product":"COPERNICUS/S1_GRD","band":"VV","value":-9.8937,"farmer_unique_id":"1180359","site_id":3557},{"date":"2020-03-21","product":"COPERNICUS/S1_GRD","band":"VV","value":-12.815,"farmer_unique_id":"1180359","site_id":3557},{"date":"2020-04-02","product":"COPERNICUS/S1_GRD","band":"VV","value":-10.3084,"farmer_unique_id":"1180359","site_id":3557},{"date":"2020-04-14","product":"COPERNICUS/S1_GRD","band":"VV","value":-10.2906,"farmer_unique_id":"1180359","site_id":3557},{"date":"2020-04-26","product":"COPERNICUS/S1_GRD","band":"VV","value":-9.9569,"farmer_unique_id":"1180359","site_id":3557},{"date":"2020-05-08","product":"COPERNICUS/S1_GRD","band":"VV","value":-11.1428,"farmer_unique_id":"1180359","site_id":3557},{"date":"2020-05-20","product":"COPERNICUS/S1_GRD","band":"VV","value":-8.7265,"farmer_unique_id":"1180359","site_id":3557},{"date":"2020-06-01","product":"COPERNICUS/S1_GRD","band":"VV","value":-11.612,"farmer_unique_id":"1180359","site_id":3557},{"date":"2020-06-13","product":"COPERNICUS/S1_GRD","band":"VV","value":-11.3735,"farmer_unique_id":"1180359","site_id":3557},{"date":"2020-06-25","product":"COPERNICUS/S1_GRD","band":"VV","value":-10.9527,"farmer_unique_id":"1180359","site_id":3557},{"date":"2020-07-07","product":"COPERNICUS/S1_GRD","band":"VV","value":-10.4764,"farmer_unique_id":"1180359","site_id":3557},{"date":"2020-07-19","product":"COPERNICUS/S1_GRD","band":"VV","value":-9.2227,"farmer_unique_id":"1180359","site_id":3557},{"date":"2020-07-31","product":"COPERNICUS/S1_GRD","band":"VV","value":-8.4044,"farmer_unique_id":"1180359","site_id":3557},{"date":"2020-08-12","product":"COPERNICUS/S1_GRD","band":"VV","value":-10.6099,"farmer_unique_id":"1180359","site_id":3557},{"date":"2020-08-24","product":"COPERNICUS/S1_GRD","band":"VV","value":-10.8826,"farmer_unique_id":"1180359","site_id":3557},{"date":"2020-09-05","product":"COPERNICUS/S1_GRD","band":"VV","value":-9.1025,"farmer_unique_id":"1180359","site_id":3557},{"date":"2020-09-17","product":"COPERNICUS/S1_GRD","band":"VV","value":-9.2258,"farmer_unique_id":"1180359","site_id":3557},{"date":"2020-09-29","product":"COPERNICUS/S1_GRD","band":"VV","value":-8.9821,"farmer_unique_id":"1180359","site_id":3557},{"date":"2020-10-11","product":"COPERNICUS/S1_GRD","band":"VV","value":-11.557,"farmer_unique_id":"1180359","site_id":3557},{"date":"2020-10-23","product":"COPERNICUS/S1_GRD","band":"VV","value":-9.3228,"farmer_unique_id":"1180359","site_id":3557},{"date":"2020-11-04","product":"COPERNICUS/S1_GRD","band":"VV","value":-6.4568,"farmer_unique_id":"1180359","site_id":3557},{"date":"2020-11-16","product":"COPERNICUS/S1_GRD","band":"VV","value":-8.2871,"farmer_unique_id":"1180359","site_id":3557},{"date":"2020-11-28","product":"COPERNICUS/S1_GRD","band":"VV","value":-7.6244,"farmer_unique_id":"1180359","site_id":3557},{"date":"2020-12-10","product":"COPERNICUS/S1_GRD","band":"VV","value":-13.3627,"farmer_unique_id":"1180359","site_id":3557},{"date":"2020-12-22","product":"COPERNICUS/S1_GRD","band":"VV","value":-8.5922,"farmer_unique_id":"1180359","site_id":3557},{"date":"2021-01-03","product":"COPERNICUS/S1_GRD","band":"VV","value":-7.9181,"farmer_unique_id":"1180359","site_id":3557},{"date":"2021-01-15","product":"COPERNICUS/S1_GRD","band":"VV","value":-9.9957,"farmer_unique_id":"1180359","site_id":3557},{"date":"2021-01-27","product":"COPERNICUS/S1_GRD","band":"VV","value":-9.8085,"farmer_unique_id":"1180359","site_id":3557},{"date":"2021-02-08","product":"COPERNICUS/S1_GRD","band":"VV","value":-10.9039,"farmer_unique_id":"1180359","site_id":3557},{"date":"2021-02-20","product":"COPERNICUS/S1_GRD","band":"VV","value":-12.931,"farmer_unique_id":"1180359","site_id":3557},{"date":"2021-03-04","product":"COPERNICUS/S1_GRD","band":"VV","value":-10.3354,"farmer_unique_id":"1180359","site_id":3557},{"date":"2021-03-16","product":"COPERNICUS/S1_GRD","band":"VV","value":-6.6776,"farmer_unique_id":"1180359","site_id":3557},{"date":"2021-03-28","product":"COPERNICUS/S1_GRD","band":"VV","value":-9.1047,"farmer_unique_id":"1180359","site_id":3557},{"date":"2021-04-09","product":"COPERNICUS/S1_GRD","band":"VV","value":-5.9828,"farmer_unique_id":"1180359","site_id":3557},{"date":"2021-04-21","product":"COPERNICUS/S1_GRD","band":"VV","value":-9.0425,"farmer_unique_id":"1180359","site_id":3557},{"date":"2021-05-03","product":"COPERNICUS/S1_GRD","band":"VV","value":-10.1688,"farmer_unique_id":"1180359","site_id":3557},{"date":"2021-05-15","product":"COPERNICUS/S1_GRD","band":"VV","value":-6.6887,"farmer_unique_id":"1180359","site_id":3557},{"date":"2021-05-27","product":"COPERNICUS/S1_GRD","band":"VV","value":-12.0136,"farmer_unique_id":"1180359","site_id":3557},{"date":"2021-06-08","product":"COPERNICUS/S1_GRD","band":"VV","value":-10.0779,"farmer_unique_id":"1180359","site_id":3557},{"date":"2021-06-20","product":"COPERNICUS/S1_GRD","band":"VV","value":-8.843,"farmer_unique_id":"1180359","site_id":3557},{"date":"2021-07-02","product":"COPERNICUS/S1_GRD","band":"VV","value":-11.8879,"farmer_unique_id":"1180359","site_id":3557},{"date":"2021-07-14","product":"COPERNICUS/S1_GRD","band":"VV","value":-13.4555,"farmer_unique_id":"1180359","site_id":3557},{"date":"2021-07-26","product":"COPERNICUS/S1_GRD","band":"VV","value":-9.3217,"farmer_unique_id":"1180359","site_id":3557},{"date":"2021-08-07","product":"COPERNICUS/S1_GRD","band":"VV","value":-8.5528,"farmer_unique_id":"1180359","site_id":3557},{"date":"2021-08-19","product":"COPERNICUS/S1_GRD","band":"VV","value":-10.1832,"farmer_unique_id":"1180359","site_id":3557},{"date":"2021-08-31","product":"COPERNICUS/S1_GRD","band":"VV","value":-9.9181,"farmer_unique_id":"1180359","site_id":3557},{"date":"2021-09-12","product":"COPERNICUS/S1_GRD","band":"VV","value":-6.507,"farmer_unique_id":"1180359","site_id":3557},{"date":"2021-09-24","product":"COPERNICUS/S1_GRD","band":"VV","value":-3.8465,"farmer_unique_id":"1180359","site_id":3557},{"date":"2021-10-06","product":"COPERNICUS/S1_GRD","band":"VV","value":-4.373,"farmer_unique_id":"1180359","site_id":3557},{"date":"2021-10-18","product":"COPERNICUS/S1_GRD","band":"VV","value":-10.249,"farmer_unique_id":"1180359","site_id":3557},{"date":"2021-10-30","product":"COPERNICUS/S1_GRD","band":"VV","value":-0.8035,"farmer_unique_id":"1180359","site_id":3557},{"date":"2021-11-11","product":"COPERNICUS/S1_GRD","band":"VV","value":-8.4595,"farmer_unique_id":"1180359","site_id":3557},{"date":"2021-11-23","product":"COPERNICUS/S1_GRD","band":"VV","value":-9.6737,"farmer_unique_id":"1180359","site_id":3557},{"date":"2021-12-05","product":"COPERNICUS/S1_GRD","band":"VV","value":-5.9395,"farmer_unique_id":"1180359","site_id":3557},{"date":"2021-12-17","product":"COPERNICUS/S1_GRD","band":"VV","value":-10.0679,"farmer_unique_id":"1180359","site_id":3557},{"date":"2021-12-29","product":"COPERNICUS/S1_GRD","band":"VV","value":-11.3144,"farmer_unique_id":"1180359","site_id":3557}]
