[{"date":"2020-01-11","product":"COPERNICUS/S1_GRD","band":"VH","value":-18.3411,"farmer_unique_id":"EM1132","site_id":3861},{"date":"2020-01-23","product":"COPERNICUS/S1_GRD","band":"VH","value":-13.7046,"farmer_unique_id":"EM1132","site_id":3861},{"date":"2020-02-04","product":"COPERNICUS/S1_GRD","band":"VH","value":-19.1914,"farmer_unique_id":"EM1132","site_id":3861},{"date":"2020-02-16","product":"COPERNICUS/S1_GRD","band":"VH","value":-16.7706,"farmer_unique_id":"EM1132","site_id":3861},{"date":"2020-02-28","product":"COPERNICUS/S1_GRD","band":"VH","value":-14.0466,"farmer_unique_id":"EM1132","site_id":3861},{"date":"2020-03-11","product":"COPERNICUS/S1_GRD","band":"VH","value":-13.9296,"farmer_unique_id":"EM1132","site_id":3861},{"date":"2020-03-23","product":"COPERNICUS/S1_GRD","band":"VH","value":-15.2779,"farmer_unique_id":"EM1132","site_id":3861},{"date":"2020-04-04","product":"COPERNICUS/S1_GRD","band":"VH","value":-18.4045,"farmer_unique_id":"EM1132","site_id":3861},{"date":"2020-04-16","product":"COPERNICUS/S1_GRD","band":"VH","value":-14.2765,"farmer_unique_id":"EM1132","site_id":3861},{"date":"2020-04-28","product":"COPERNICUS/S1_GRD","band":"VH","value":-20.122,"farmer_unique_id":"EM1132","site_id":3861},{"date":"2020-05-10","product":"COPERNICUS/S1_GRD","band":"VH","value":-14.6414,"farmer_unique_id":"EM1132","site_id":3861},{"date":"2020-05-22","product":"COPERNICUS/S1_GRD","band":"VH","value":-15.5002,"farmer_unique_id":"EM1132","site_id":3861},{"date":"2020-06-15","product":"COPERNICUS/S1_GRD","band":"VH","value":-18.7849,"farmer_unique_id":"EM1132","site_id":3861},{"date":"2020-06-27","product":"COPERNICUS/S1_GRD","band":"VH","value":-14.9313,"farmer_unique_id":"EM1132","site_id":3861},{"date":"2020-07-09","product":"COPERNICUS/S1_GRD","band":"VH","value":-17.1782,"farmer_unique_id":"EM1132","site_id":3861},{"date":"2020-07-21","product":"COPERNICUS/S1_GRD","band":"VH","value":-15.6643,"farmer_unique_id":"EM1132","site_id":3861},{"date":"2020-08-02","product":"COPERNICUS/S1_GRD","band":"VH","value":-17.2972,"farmer_unique_id":"EM1132","site_id":3861},{"date":"2020-08-14","product":"COPERNICUS/S1_GRD","band":"VH","value":-17.9196,"farmer_unique_id":"EM1132","site_id":3861},{"date":"2020-08-26","product":"COPERNICUS/S1_GRD","band":"VH","value":-19.256,"farmer_unique_id":"EM1132","site_id":3861},{"date":"2020-09-07","product":"COPERNICUS/S1_GRD","band":"VH","value":-12.5968,"farmer_unique_id":"EM1132","site_id":3861},{"date":"2020-09-19","product":"COPERNICUS/S1_GRD","band":"VH","value":-17.2951,"farmer_unique_id":"EM1132","site_id":3861},{"date":"2020-10-01","product":"COPERNICUS/S1_GRD","band":"VH","value":-17.813,"farmer_unique_id":"EM1132","site_id":3861},{"date":"2020-10-13","product":"COPERNICUS/S1_GRD","band":"VH","value":-20.1742,"farmer_unique_id":"EM1132","site_id":3861},{"date":"2020-10-25","product":"COPERNICUS/S1_GRD","band":"VH","value":-14.5279,"farmer_unique_id":"EM1132","site_id":3861},{"date":"2020-11-06","product":"COPERNICUS/S1_GRD","band":"VH","value":-18.7807,"farmer_unique_id":"EM1132","site_id":3861},{"date":"2020-11-18","product":"COPERNICUS/S1_GRD","band":"VH","value":-17.7207,"farmer_unique_id":"EM1132","site_id":3861},{"date":"2020-11-30","product":"COPERNICUS/S1_GRD","band":"VH","value":-14.3663,"farmer_unique_id":"EM1132","site_id":3861},{"date":"2020-12-12","product":"COPERNICUS/S1_GRD","band":"VH","value":-17.3901,"farmer_unique_id":"EM1132","site_id":3861},{"date":"2020-12-24","product":"COPERNICUS/S1_GRD","band":"VH","value":-16.6622,"farmer_unique_id":"EM1132","site_id":3861},{"date":"2021-01-05","product":"COPERNICUS/S1_GRD","band":"VH","value":-16.4414,"farmer_unique_id":"EM1132","site_id":3861},{"date":"2021-01-17","product":"COPERNICUS/S1_GRD","band":"VH","value":-16.4435,"farmer_unique_id":"EM1132","site_id":3861},{"date":"2021-01-29","product":"COPERNICUS/S1_GRD","band":"VH","value":-18.875,"farmer_unique_id":"EM1132","site_id":3861},{"date":"2021-02-10","product":"COPERNICUS/S1_GRD","band":"VH","value":-14.993,"farmer_unique_id":"EM1132","site_id":3861},{"date":"2021-02-22","product":"COPERNICUS/S1_GRD","band":"VH","value":-14.8422,"farmer_unique_id":"EM1132","site_id":3861},{"date":"2021-03-06","product":"COPERNICUS/S1_GRD","band":"VH","value":-13.0793,"farmer_unique_id":"EM1132","site_id":3861},{"date":"2021-03-18","product":"COPERNICUS/S1_GRD","band":"VH","value":-15.8207,"farmer_unique_id":"EM1132","site_id":3861},{"date":"2021-03-30","product":"COPERNICUS/S1_GRD","band":"VH","value":-17.6376,"farmer_unique_id":"EM1132","site_id":3861},{"date":"2021-04-11","product":"COPERNICUS/S1_GRD","band":"VH","value":-13.7063,"farmer_unique_id":"EM1132","site_id":3861},{"date":"2021-04-23","product":"COPERNICUS/S1_GRD","band":"VH","value":-16.4082,"farmer_unique_id":"EM1132","site_id":3861},{"date":"2021-05-05","product":"COPERNICUS/S1_GRD","band":"VH","value":-15.1844,"farmer_unique_id":"EM1132","site_id":3861},{"date":"2021-05-17","product":"COPERNICUS/S1_GRD","band":"VH","value":-14.2642,"farmer_unique_id":"EM1132","site_id":3861},{"date":"2021-05-29","product":"COPERNICUS/S1_GRD","band":"VH","value":-17.7202,"farmer_unique_id":"EM1132","site_id":3861},{"date":"2021-06-10","product":"COPERNICUS/S1_GRD","band":"VH","value":-16.541,"farmer_unique_id":"EM1132","site_id":3861},{"date":"2021-06-22","product":"COPERNICUS/S1_GRD","band":"VH","value":-19.827,"farmer_unique_id":"EM1132","site_id":3861},{"date":"2021-07-04","product":"COPERNICUS/S1_GRD","band":"VH","value":-18.2091,"farmer_unique_id":"EM1132","site_id":3861},{"date":"2021-07-16","product":"COPERNICUS/S1_GRD","band":"VH","value":-17.613,"farmer_unique_id":"EM1132","site_id":3861},{"date":"2021-07-28","product":"COPERNICUS/S1_GRD","band":"VH","value":-17.3866,"farmer_unique_id":"EM1132","site_id":3861},{"date":"2021-08-09","product":"COPERNICUS/S1_GRD","band":"VH","value":-15.9917,"farmer_unique_id":"EM1132","site_id":3861},{"date":"2021-08-21","product":"COPERNICUS/S1_GRD","band":"VH","value":-18.5242,"farmer_unique_id":"EM1132","site_id":3861},{"date":"2021-09-02","product":"COPERNICUS/S1_GRD","band":"VH","value":-13.413,"farmer_unique_id":"EM1132","site_id":3861},{"date":"2021-09-14","product":"COPERNICUS/S1_GRD","band":"VH","value":-13.9294,"farmer_unique_id":"EM1132","site_id":3861},{"date":"2021-09-26","product":"COPERNICUS/S1_GRD","band":"VH","value":-16.8194,"farmer_unique_id":"EM1132","site_id":3861},{"date":"2021-10-08","product":"COPERNICUS/S1_GRD","band":"VH","value":-18.8225,"farmer_unique_id":"EM1132","site_id":3861},{"date":"2021-10-20","product":"COPERNICUS/S1_GRD","band":"VH","value":-17.4136,"farmer_unique_id":"EM1132","site_id":3861},{"date":"2021-11-01","product":"COPERNICUS/S1_GRD","band":"VH","value":-13.5619,"farmer_unique_id":"EM1132","site_id":3861},{"date":"2021-11-13","product":"COPERNICUS/S1_GRD","band":"VH","value":-15.7619,"farmer_unique_id":"EM1132","site_id":3861},{"date":"2021-11-25","product":"COPERNICUS/S1_GRD","band":"VH","value":-16.7336,"farmer_unique_id":"EM1132","site_id":3861},{"date":"2021-12-07","product":"COPERNICUS/S1_GRD","band":"VH","value":-17.2816,"farmer_unique_id":"EM1132","site_id":3861},{"date":"2021-12-19","product":"COPERNICUS/S1_GRD","band":"VH","value":-16.1772,"farmer_unique_id":"EM1132","site_id":3861},{"date":"2020-01-11","product":"COPERNICUS/S1_GRD","band":"VV","value":-12.4376,"farmer_unique_id":"EM1132","site_id":3861},{"date":"2020-01-23","product":"COPERNICUS/S1_GRD","band":"VV","value":-8.0133,"farmer_unique_id":"EM1132","site_id":3861},{"date":"2020-02-04","product":"COPERNICUS/S1_GRD","band":"VV","value":-9.6452,"farmer_unique_id":"EM1132","site_id":3861},{"date":"2020-02-16","product":"COPERNICUS/S1_GRD","band":"VV","value":-11.3062,"farmer_unique_id":"EM1132","site_id":3861},{"date":"2020-02-28","product":"COPERNICUS/S1_GRD","band":"VV","value":-9.4417,"farmer_unique_id":"EM1132","site_id":3861},{"date":"2020-03-11","product":"COPERNICUS/S1_GRD","band":"VV","value":-11.6471,"farmer_unique_id":"EM1132","site_id":3861},{"date":"2020-03-23","product":"COPERNICUS/S1_GRD","band":"VV","value":-12.3253,"farmer_unique_id":"EM1132","site_id":3861},{"date":"2020-04-04","product":"COPERNICUS/S1_GRD","band":"VV","value":-13.4828,"farmer_unique_id":"EM1132","site_id":3861},{"date":"2020-04-16","product":"COPERNICUS/S1_GRD","band":"VV","value":-8.2393,"farmer_unique_id":"EM1132","site_id":3861},{"date":"2020-04-28","product":"COPERNICUS/S1_GRD","band":"VV","value":-13.1537,"farmer_unique_id":"EM1132","site_id":3861},{"date":"2020-05-10","product":"COPERNICUS/S1_GRD","band":"VV","value":-8.0984,"farmer_unique_id":"EM1132","site_id":3861},{"date":"2020-05-22","product":"COPERNICUS/S1_GRD","band":"VV","value":-3.9519,"farmer_unique_id":"EM1132","site_id":3861},{"date":"2020-06-15","product":"COPERNICUS/S1_GRD","band":"VV","value":-10.0058,"farmer_unique_id":"EM1132","site_id":3861},{"date":"2020-06-27","product":"COPERNICUS/S1_GRD","band":"VV","value":-8.6084,"farmer_unique_id":"EM1132","site_id":3861},{"date":"2020-07-09","product":"COPERNICUS/S1_GRD","band":"VV","value":-5.4953,"farmer_unique_id":"EM1132","site_id":3861},{"date":"2020-07-21","product":"COPERNICUS/S1_GRD","band":"VV","value":-9.4251,"farmer_unique_id":"EM1132","site_id":3861},{"date":"2020-08-02","product":"COPERNICUS/S1_GRD","band":"VV","value":-14.8076,"farmer_unique_id":"EM1132","site_id":3861},{"date":"2020-08-14","product":"COPERNICUS/S1_GRD","band":"VV","value":-12.479,"farmer_unique_id":"EM1132","site_id":3861},{"date":"2020-08-26","product":"COPERNICUS/S1_GRD","band":"VV","value":-9.7939,"farmer_unique_id":"EM1132","site_id":3861},{"date":"2020-09-07","product":"COPERNICUS/S1_GRD","band":"VV","value":-13.5757,"farmer_unique_id":"EM1132","site_id":3861},{"date":"2020-09-19","product":"COPERNICUS/S1_GRD","band":"VV","value":-13.3772,"farmer_unique_id":"EM1132","site_id":3861},{"date":"2020-10-01","product":"COPERNICUS/S1_GRD","band":"VV","value":-14.0849,"farmer_unique_id":"EM1132","site_id":3861},{"date":"2020-10-13","product":"COPERNICUS/S1_GRD","band":"VV","value":-9.4189,"farmer_unique_id":"EM1132","site_id":3861},{"date":"2020-10-25","product":"COPERNICUS/S1_GRD","band":"VV","value":-11.5613,"farmer_unique_id":"EM1132","site_id":3861},{"date":"2020-11-06","product":"COPERNICUS/S1_GRD","band":"VV","value":-10.3656,"farmer_unique_id":"EM1132","site_id":3861},{"date":"2020-11-18","product":"COPERNICUS/S1_GRD","band":"VV","value":-7.8043,"farmer_unique_id":"EM1132","site_id":3861},{"date":"2020-11-30","product":"COPERNICUS/S1_GRD","band":"VV","value":-11.3214,"farmer_unique_id":"EM1132","site_id":3861},{"date":"2020-12-12","product":"COPERNICUS/S1_GRD","band":"VV","value":-13.5144,"farmer_unique_id":"EM1132","site_id":3861},{"date":"2020-12-24","product":"COPERNICUS/S1_GRD","band":"VV","value":-8.9182,"farmer_unique_id":"EM1132","site_id":3861},{"date":"2021-01-05","product":"COPERNICUS/S1_GRD","band":"VV","value":-8.5285,"farmer_unique_id":"EM1132","site_id":3861},{"date":"2021-01-17","product":"COPERNICUS/S1_GRD","band":"VV","value":-10.3805,"farmer_unique_id":"EM1132","site_id":3861},{"date":"2021-01-29","product":"COPERNICUS/S1_GRD","band":"VV","value":-13.0612,"farmer_unique_id":"EM1132","site_id":3861},{"date":"2021-02-10","product":"COPERNICUS/S1_GRD","band":"VV","value":-16.8151,"farmer_unique_id":"EM1132","site_id":3861},{"date":"2021-02-22","product":"COPERNICUS/S1_GRD","band":"VV","value":-9.4503,"farmer_unique_id":"EM1132","site_id":3861},{"date":"2021-03-06","product":"COPERNICUS/S1_GRD","band":"VV","value":-9.7731,"farmer_unique_id":"EM1132","site_id":3861},{"date":"2021-03-18","product":"COPERNICUS/S1_GRD","band":"VV","value":-11.904,"farmer_unique_id":"EM1132","site_id":3861},{"date":"2021-03-30","product":"COPERNICUS/S1_GRD","band":"VV","value":-10.0289,"farmer_unique_id":"EM1132","site_id":3861},{"date":"2021-04-11","product":"COPERNICUS/S1_GRD","band":"VV","value":-7.513,"farmer_unique_id":"EM1132","site_id":3861},{"date":"2021-04-23","product":"COPERNICUS/S1_GRD","band":"VV","value":-11.6189,"farmer_unique_id":"EM1132","site_id":3861},{"date":"2021-05-05","product":"COPERNICUS/S1_GRD","band":"VV","value":-6.3503,"farmer_unique_id":"EM1132","site_id":3861},{"date":"2021-05-17","product":"COPERNICUS/S1_GRD","band":"VV","value":-11.4584,"farmer_unique_id":"EM1132","site_id":3861},{"date":"2021-05-29","product":"COPERNICUS/S1_GRD","band":"VV","value":-11.0032,"farmer_unique_id":"EM1132","site_id":3861},{"date":"2021-06-10","product":"COPERNICUS/S1_GRD","band":"VV","value":-12.9861,"farmer_unique_id":"EM1132","site_id":3861},{"date":"2021-06-22","product":"COPERNICUS/S1_GRD","band":"VV","value":-14.1406,"farmer_unique_id":"EM1132","site_id":3861},{"date":"2021-07-04","product":"COPERNICUS/S1_GRD","band":"VV","value":-12.5347,"farmer_unique_id":"EM1132","site_id":3861},{"date":"2021-07-16","product":"COPERNICUS/S1_GRD","band":"VV","value":-8.6804,"farmer_unique_id":"EM1132","site_id":3861},{"date":"2021-07-28","product":"COPERNICUS/S1_GRD","band":"VV","value":-13.8389,"farmer_unique_id":"EM1132","site_id":3861},{"date":"2021-08-09","product":"COPERNICUS/S1_GRD","band":"VV","value":-8.4493,"farmer_unique_id":"EM1132","site_id":3861},{"date":"2021-08-21","product":"COPERNICUS/S1_GRD","band":"VV","value":-9.4877,"farmer_unique_id":"EM1132","site_id":3861},{"date":"2021-09-02","product":"COPERNICUS/S1_GRD","band":"VV","value":-11.8548,"farmer_unique_id":"EM1132","site_id":3861},{"date":"2021-09-14","product":"COPERNICUS/S1_GRD","band":"VV","value":-13.4425,"farmer_unique_id":"EM1132","site_id":3861},{"date":"2021-09-26","product":"COPERNICUS/S1_GRD","band":"VV","value":-13.2798,"farmer_unique_id":"EM1132","site_id":3861},{"date":"2021-10-08","product":"COPERNICUS/S1_GRD","band":"VV","value":-6.1676,"farmer_unique_id":"EM1132","site_id":3861},{"date":"2021-10-20","product":"COPERNICUS/S1_GRD","band":"VV","value":-8.5501,"farmer_unique_id":"EM1132","site_id":3861},{"date":"2021-11-01","product":"COPERNICUS/S1_GRD","band":"VV","value":-8.9096,"farmer_unique_id":"EM1132","site_id":3861},{"date":"2021-11-13","product":"COPERNICUS/S1_GRD","band":"VV","value":-8.4783,"farmer_unique_id":"EM1132","site_id":3861},{"date":"2021-11-25","product":"COPERNICUS/S1_GRD","band":"VV","value":-14.2394,"farmer_unique_id":"EM1132","site_id":3861},{"date":"2021-12-07","product":"COPERNICUS/S1_GRD","band":"VV","value":-10.5303,"farmer_unique_id":"EM1132","site_id":3861},{"date":"2021-12-19","product":"COPERNICUS/S1_GRD","band":"VV","value":-11.0847,"farmer_unique_id":"EM1132","site_id":3861}]
