[{"date":"2020-01-11","product":"COPERNICUS/S1_GRD","band":"VH","value":-22.7991,"farmer_unique_id":"MN029","site_id":9196},{"date":"2020-01-23","product":"COPERNICUS/S1_GRD","band":"VH","value":-14.9914,"farmer_unique_id":"MN029","site_id":9196},{"date":"2020-02-04","product":"COPERNICUS/S1_GRD","band":"VH","value":-13.6051,"farmer_unique_id":"MN029","site_id":9196},{"date":"2020-02-16","product":"COPERNICUS/S1_GRD","band":"VH","value":-16.18,"farmer_unique_id":"MN029","site_id":9196},{"date":"2020-02-28","product":"COPERNICUS/S1_GRD","band":"VH","value":-16.8015,"farmer_unique_id":"MN029","site_id":9196},{"date":"2020-03-11","product":"COPERNICUS/S1_GRD","band":"VH","value":-17.4616,"farmer_unique_id":"MN029","site_id":9196},{"date":"2020-03-23","product":"COPERNICUS/S1_GRD","band":"VH","value":-17.3887,"farmer_unique_id":"MN029","site_id":9196},{"date":"2020-04-04","product":"COPERNICUS/S1_GRD","band":"VH","value":-19.4841,"farmer_unique_id":"MN029","site_id":9196},{"date":"2020-04-16","product":"COPERNICUS/S1_GRD","band":"VH","value":-16.0153,"farmer_unique_id":"MN029","site_id":9196},{"date":"2020-04-28","product":"COPERNICUS/S1_GRD","band":"VH","value":-13.5241,"farmer_unique_id":"MN029","site_id":9196},{"date":"2020-05-10","product":"COPERNICUS/S1_GRD","band":"VH","value":-15.4874,"farmer_unique_id":"MN029","site_id":9196},{"date":"2020-05-22","product":"COPERNICUS/S1_GRD","band":"VH","value":-18.5634,"farmer_unique_id":"MN029","site_id":9196},{"date":"2020-06-15","product":"COPERNICUS/S1_GRD","band":"VH","value":-14.0055,"farmer_unique_id":"MN029","site_id":9196},{"date":"2020-06-27","product":"COPERNICUS/S1_GRD","band":"VH","value":-14.337,"farmer_unique_id":"MN029","site_id":9196},{"date":"2020-07-09","product":"COPERNICUS/S1_GRD","band":"VH","value":-14.6217,"farmer_unique_id":"MN029","site_id":9196},{"date":"2020-07-21","product":"COPERNICUS/S1_GRD","band":"VH","value":-18.8937,"farmer_unique_id":"MN029","site_id":9196},{"date":"2020-08-02","product":"COPERNICUS/S1_GRD","band":"VH","value":-16.6564,"farmer_unique_id":"MN029","site_id":9196},{"date":"2020-08-14","product":"COPERNICUS/S1_GRD","band":"VH","value":-19.6081,"farmer_unique_id":"MN029","site_id":9196},{"date":"2020-08-26","product":"COPERNICUS/S1_GRD","band":"VH","value":-12.4427,"farmer_unique_id":"MN029","site_id":9196},{"date":"2020-09-07","product":"COPERNICUS/S1_GRD","band":"VH","value":-20.8,"farmer_unique_id":"MN029","site_id":9196},{"date":"2020-09-19","product":"COPERNICUS/S1_GRD","band":"VH","value":-14.7876,"farmer_unique_id":"MN029","site_id":9196},{"date":"2020-10-01","product":"COPERNICUS/S1_GRD","band":"VH","value":-15.1173,"farmer_unique_id":"MN029","site_id":9196},{"date":"2020-10-13","product":"COPERNICUS/S1_GRD","band":"VH","value":-17.7713,"farmer_unique_id":"MN029","site_id":9196},{"date":"2020-10-25","product":"COPERNICUS/S1_GRD","band":"VH","value":-16.8851,"farmer_unique_id":"MN029","site_id":9196},{"date":"2020-11-06","product":"COPERNICUS/S1_GRD","band":"VH","value":-19.2169,"farmer_unique_id":"MN029","site_id":9196},{"date":"2020-11-18","product":"COPERNICUS/S1_GRD","band":"VH","value":-15.3699,"farmer_unique_id":"MN029","site_id":9196},{"date":"2020-11-30","product":"COPERNICUS/S1_GRD","band":"VH","value":-15.3368,"farmer_unique_id":"MN029","site_id":9196},{"date":"2020-12-12","product":"COPERNICUS/S1_GRD","band":"VH","value":-15.5764,"farmer_unique_id":"MN029","site_id":9196},{"date":"2020-12-24","product":"COPERNICUS/S1_GRD","band":"VH","value":-16.688,"farmer_unique_id":"MN029","site_id":9196},{"date":"2021-01-05","product":"COPERNICUS/S1_GRD","band":"VH","value":-14.8762,"farmer_unique_id":"MN029","site_id":9196},{"date":"2021-01-17","product":"COPERNICUS/S1_GRD","band":"VH","value":-17.2209,"farmer_unique_id":"MN029","site_id":9196},{"date":"2021-01-29","product":"COPERNICUS/S1_GRD","band":"VH","value":-17.3752,"farmer_unique_id":"MN029","site_id":9196},{"date":"2021-02-10","product":"COPERNICUS/S1_GRD","band":"VH","value":-15.8003,"farmer_unique_id":"MN029","site_id":9196},{"date":"2021-02-22","product":"COPERNICUS/S1_GRD","band":"VH","value":-14.3295,"farmer_unique_id":"MN029","site_id":9196},{"date":"2021-03-06","product":"COPERNICUS/S1_GRD","band":"VH","value":-16.3632,"farmer_unique_id":"MN029","site_id":9196},{"date":"2021-03-18","product":"COPERNICUS/S1_GRD","band":"VH","value":-17.8095,"farmer_unique_id":"MN029","site_id":9196},{"date":"2021-03-30","product":"COPERNICUS/S1_GRD","band":"VH","value":-19.6291,"farmer_unique_id":"MN029","site_id":9196},{"date":"2021-04-11","product":"COPERNICUS/S1_GRD","band":"VH","value":-19.2238,"farmer_unique_id":"MN029","site_id":9196},{"date":"2021-04-23","product":"COPERNICUS/S1_GRD","band":"VH","value":-21.8861,"farmer_unique_id":"MN029","site_id":9196},{"date":"2021-05-05","product":"COPERNICUS/S1_GRD","band":"VH","value":-11.9407,"farmer_unique_id":"MN029","site_id":9196},{"date":"2021-05-17","product":"COPERNICUS/S1_GRD","band":"VH","value":-12.5068,"farmer_unique_id":"MN029","site_id":9196},{"date":"2021-05-29","product":"COPERNICUS/S1_GRD","band":"VH","value":-18.3073,"farmer_unique_id":"MN029","site_id":9196},{"date":"2021-06-10","product":"COPERNICUS/S1_GRD","band":"VH","value":-13.7325,"farmer_unique_id":"MN029","site_id":9196},{"date":"2021-06-22","product":"COPERNICUS/S1_GRD","band":"VH","value":-15.2389,"farmer_unique_id":"MN029","site_id":9196},{"date":"2021-07-04","product":"COPERNICUS/S1_GRD","band":"VH","value":-14.1776,"farmer_unique_id":"MN029","site_id":9196},{"date":"2021-07-16","product":"COPERNICUS/S1_GRD","band":"VH","value":-19.1706,"farmer_unique_id":"MN029","site_id":9196},{"date":"2021-07-28","product":"COPERNICUS/S1_GRD","band":"VH","value":-15.5957,"farmer_unique_id":"MN029","site_id":9196},{"date":"2021-08-09","product":"COPERNICUS/S1_GRD","band":"VH","value":-14.7669,"farmer_unique_id":"MN029","site_id":9196},{"date":"2021-08-21","product":"COPERNICUS/S1_GRD","band":"VH","value":-16.4334,"farmer_unique_id":"MN029","site_id":9196},{"date":"2021-09-02","product":"COPERNICUS/S1_GRD","band":"VH","value":-14.8436,"farmer_unique_id":"MN029","site_id":9196},{"date":"2021-09-14","product":"COPERNICUS/S1_GRD","band":"VH","value":-17.8487,"farmer_unique_id":"MN029","site_id":9196},{"date":"2021-09-26","product":"COPERNICUS/S1_GRD","band":"VH","value":-15.5848,"farmer_unique_id":"MN029","site_id":9196},{"date":"2021-10-08","product":"COPERNICUS/S1_GRD","band":"VH","value":-18.0406,"farmer_unique_id":"MN029","site_id":9196},{"date":"2021-10-20","product":"COPERNICUS/S1_GRD","band":"VH","value":-14.8286,"farmer_unique_id":"MN029","site_id":9196},{"date":"2021-11-01","product":"COPERNICUS/S1_GRD","band":"VH","value":-16.2433,"farmer_unique_id":"MN029","site_id":9196},{"date":"2021-11-13","product":"COPERNICUS/S1_GRD","band":"VH","value":-18.8111,"farmer_unique_id":"MN029","site_id":9196},{"date":"2021-11-25","product":"COPERNICUS/S1_GRD","band":"VH","value":-13.3597,"farmer_unique_id":"MN029","site_id":9196},{"date":"2021-12-07","product":"COPERNICUS/S1_GRD","band":"VH","value":-16.2499,"farmer_unique_id":"MN029","site_id":9196},{"date":"2021-12-19","product":"COPERNICUS/S1_GRD","band":"VH","value":-19.3814,"farmer_unique_id":"MN029","site_id":9196},{"date":"2020-01-11","product":"COPERNICUS/S1_GRD","band":"VV","value":-9.9489,"farmer_unique_id":"MN029","site_id":9196},{"date":"2020-01-23","product":"COPERNICUS/S1_GRD","band":"VV","value":-11.3775,"farmer_unique_id":"MN029","site_id":9196},{"date":"2020-02-04","product":"COPERNICUS/S1_GRD","band":"VV","value":-10.8685,"farmer_unique_id":"MN029","site_id":9196},{"date":"2020-02-16","product":"COPERNICUS/S1_GRD","band":"VV","value":-6.3864,"farmer_unique_id":"MN029","site_id":9196},{"date":"2020-02-28","product":"COPERNICUS/S1_GRD","band":"VV","value":-9.8291,"farmer_unique_id":"MN029","site_id":9196},{"date":"2020-03-11","product":"COPERNICUS/S1_GRD","band":"VV","value":-9.297,"farmer_unique_id":"MN029","site_id":9196},{"date":"2020-03-23","product":"COPERNICUS/S1_GRD","band":"VV","value":-12.3893,"farmer_unique_id":"MN029","site_id":9196},{"date":"2020-04-04","product":"COPERNICUS/S1_GRD","band":"VV","value":-5.4428,"farmer_unique_id":"MN029","site_id":9196},{"date":"2020-04-16","product":"COPERNICUS/S1_GRD","band":"VV","value":-10.2319,"farmer_unique_id":"MN029","site_id":9196},{"date":"2020-04-28","product":"COPERNICUS/S1_GRD","band":"VV","value":-7.5183,"farmer_unique_id":"MN029","site_id":9196},{"date":"2020-05-10","product":"COPERNICUS/S1_GRD","band":"VV","value":-11.534,"farmer_unique_id":"MN029","site_id":9196},{"date":"2020-05-22","product":"COPERNICUS/S1_GRD","band":"VV","value":-12.548,"farmer_unique_id":"MN029","site_id":9196},{"date":"2020-06-15","product":"COPERNICUS/S1_GRD","band":"VV","value":-7.8446,"farmer_unique_id":"MN029","site_id":9196},{"date":"2020-06-27","product":"COPERNICUS/S1_GRD","band":"VV","value":-10.6127,"farmer_unique_id":"MN029","site_id":9196},{"date":"2020-07-09","product":"COPERNICUS/S1_GRD","band":"VV","value":-10.2198,"farmer_unique_id":"MN029","site_id":9196},{"date":"2020-07-21","product":"COPERNICUS/S1_GRD","band":"VV","value":-12.1457,"farmer_unique_id":"MN029","site_id":9196},{"date":"2020-08-02","product":"COPERNICUS/S1_GRD","band":"VV","value":-9.8496,"farmer_unique_id":"MN029","site_id":9196},{"date":"2020-08-14","product":"COPERNICUS/S1_GRD","band":"VV","value":-8.2488,"farmer_unique_id":"MN029","site_id":9196},{"date":"2020-08-26","product":"COPERNICUS/S1_GRD","band":"VV","value":-10.1095,"farmer_unique_id":"MN029","site_id":9196},{"date":"2020-09-07","product":"COPERNICUS/S1_GRD","band":"VV","value":-8.6607,"farmer_unique_id":"MN029","site_id":9196},{"date":"2020-09-19","product":"COPERNICUS/S1_GRD","band":"VV","value":-10.0349,"farmer_unique_id":"MN029","site_id":9196},{"date":"2020-10-01","product":"COPERNICUS/S1_GRD","band":"VV","value":-14.6626,"farmer_unique_id":"MN029","site_id":9196},{"date":"2020-10-13","product":"COPERNICUS/S1_GRD","band":"VV","value":-15.576,"farmer_unique_id":"MN029","site_id":9196},{"date":"2020-10-25","product":"COPERNICUS/S1_GRD","band":"VV","value":-9.8844,"farmer_unique_id":"MN029","site_id":9196},{"date":"2020-11-06","product":"COPERNICUS/S1_GRD","band":"VV","value":-10.1807,"farmer_unique_id":"MN029","site_id":9196},{"date":"2020-11-18","product":"COPERNICUS/S1_GRD","band":"VV","value":-9.8846,"farmer_unique_id":"MN029","site_id":9196},{"date":"2020-11-30","product":"COPERNICUS/S1_GRD","band":"VV","value":-7.1826,"farmer_unique_id":"MN029","site_id":9196},{"date":"2020-12-12","product":"COPERNICUS/S1_GRD","band":"VV","value":-7.9293,"farmer_unique_id":"MN029","site_id":9196},{"date":"2020-12-24","product":"COPERNICUS/S1_GRD","band":"VV","value":-12.4456,"farmer_unique_id":"MN029","site_id":9196},{"date":"2021-01-05","product":"COPERNICUS/S1_GRD","band":"VV","value":-8.4825,"farmer_unique_id":"MN029","site_id":9196},{"date":"2021-01-17","product":"COPERNICUS/S1_GRD","band":"VV","value":-8.1857,"farmer_unique_id":"MN029","site_id":9196},{"date":"2021-01-29","product":"COPERNICUS/S1_GRD","band":"VV","value":-10.1188,"farmer_unique_id":"MN029","site_id":9196},{"date":"2021-02-10","product":"COPERNICUS/S1_GRD","band":"VV","value":-12.7168,"farmer_unique_id":"MN029","site_id":9196},{"date":"2021-02-22","product":"COPERNICUS/S1_GRD","band":"VV","value":-9.7826,"farmer_unique_id":"MN029","site_id":9196},{"date":"2021-03-06","product":"COPERNICUS/S1_GRD","band":"VV","value":-13.4889,"farmer_unique_id":"MN029","site_id":9196},{"date":"2021-03-18","product":"COPERNICUS/S1_GRD","band":"VV","value":-11.1341,"farmer_unique_id":"MN029","site_id":9196},{"date":"2021-03-30","product":"COPERNICUS/S1_GRD","band":"VV","value":-9.7613,"farmer_unique_id":"MN029","site_id":9196},{"date":"2021-04-11","product":"COPERNICUS/S1_GRD","band":"VV","value":-11.5564,"farmer_unique_id":"MN029","site_id":9196},{"date":"2021-04-23","product":"COPERNICUS/S1_GRD","band":"VV","value":-10.603,"farmer_unique_id":"MN029","site_id":9196},{"date":"2021-05-05","product":"COPERNICUS/S1_GRD","band":"VV","value":-8.9754,"farmer_unique_id":"MN029","site_id":9196},{"date":"2021-05-17","product":"COPERNICUS/S1_GRD","band":"VV","value":-9.7131,"farmer_unique_id":"MN029","site_id":9196},{"date":"2021-05-29","product":"COPERNICUS/S1_GRD","band":"VV","value":-10.8867,"farmer_unique_id":"MN029","site_id":9196},{"date":"2021-06-10","product":"COPERNICUS/S1_GRD","band":"VV","value":-12.7398,"farmer_unique_id":"MN029","site_id":9196},{"date":"2021-06-22","product":"COPERNICUS/S1_GRD","band":"VV","value":-10.5865,"farmer_unique_id":"MN029","site_id":9196},{"date":"2021-07-04","product":"COPERNICUS/S1_GRD","band":"VV","value":-11.0164,"farmer_unique_id":"MN029","site_id":9196},{"date":"2021-07-16","product":"COPERNICUS/S1_GRD","band":"VV","value":-9.3823,"farmer_unique_id":"MN029","site_id":9196},{"date":"2021-07-28","product":"COPERNICUS/S1_GRD","band":"VV","value":-10.9616,"farmer_unique_id":"MN029","site_id":9196},{"date":"2021-08-09","product":"COPERNICUS/S1_GRD","band":"VV","value":-10.6415,"farmer_unique_id":"MN029","site_id":9196},{"date":"2021-08-21","product":"COPERNICUS/S1_GRD","band":"VV","value":-8.5315,"farmer_unique_id":"MN029","site_id":9196},{"date":"2021-09-02","product":"COPERNICUS/S1_GRD","band":"VV","value":-11.0942,"farmer_unique_id":"MN029","site_id":9196},{"date":"2021-09-14","product":"COPERNICUS/S1_GRD","band":"VV","value":-13.084,"farmer_unique_id":"MN029","site_id":9196},{"date":"2021-09-26","product":"COPERNICUS/S1_GRD","band":"VV","value":-11.2747,"farmer_unique_id":"MN029","site_id":9196},{"date":"2021-10-08","product":"COPERNICUS/S1_GRD","band":"VV","value":-12.8013,"farmer_unique_id":"MN029","site_id":9196},{"date":"2021-10-20","product":"COPERNICUS/S1_GRD","band":"VV","value":-13.5239,"farmer_unique_id":"MN029","site_id":9196},{"date":"2021-11-01","product":"COPERNICUS/S1_GRD","band":"VV","value":-11.1265,"farmer_unique_id":"MN029","site_id":9196},{"date":"2021-11-13","product":"COPERNICUS/S1_GRD","band":"VV","value":-6.637,"farmer_unique_id":"MN029","site_id":9196},{"date":"2021-11-25","product":"COPERNICUS/S1_GRD","band":"VV","value":-9.579,"farmer_unique_id":"MN029","site_id":9196},{"date":"2021-12-07","product":"COPERNICUS/S1_GRD","band":"VV","value":-9.5972,"farmer_unique_id":"MN029","site_id":9196},{"date":"2021-12-19","product":"COPERNICUS/S1_GRD","band":"VV","value":-8.5366,"farmer_unique_id":"MN029","site_id":9196}]
