[{"date":"2020-01-11","product":"COPERNICUS/S1_GRD","band":"VH","value":-12.6122,"farmer_unique_id":"EM1214","site_id":3838},{"date":"2020-01-23","product":"COPERNICUS/S1_GRD","band":"VH","value":-12.5947,"farmer_unique_id":"EM1214","site_id":3838},{"date":"2020-02-04","product":"COPERNICUS/S1_GRD","band":"VH","value":-12.5913,"farmer_unique_id":"EM1214","site_id":3838},{"date":"2020-02-16","product":"COPERNICUS/S1_GRD","band":"VH","value":-9.1396,"farmer_unique_id":"EM1214","site_id":3838},{"date":"2020-02-28","product":"COPERNICUS/S1_GRD","band":"VH","value":-10.1703,"farmer_unique_id":"EM1214","site_id":3838},{"date":"2020-03-11","product":"COPERNICUS/S1_GRD","band":"VH","value":-13.4824,"farmer_unique_id":"EM1214","site_id":3838},{"date":"2020-03-23","product":"COPERNICUS/S1_GRD","band":"VH","value":-12.9153,"farmer_unique_id":"EM1214","site_id":3838},{"date":"2020-04-04","product":"COPERNICUS/S1_GRD","band":"VH","value":-15.8674,"farmer_unique_id":"EM1214","site_id":3838},{"date":"2020-04-16","product":"COPERNICUS/S1_GRD","band":"VH","value":-11.2204,"farmer_unique_id":"EM1214","site_id":3838},{"date":"2020-04-28","product":"COPERNICUS/S1_GRD","band":"VH","value":-12.6307,"farmer_unique_id":"EM1214","site_id":3838},{"date":"2020-05-10","product":"COPERNICUS/S1_GRD","band":"VH","value":-10.1316,"farmer_unique_id":"EM1214","site_id":3838},{"date":"2020-05-22","product":"COPERNICUS/S1_GRD","band":"VH","value":-15.6311,"farmer_unique_id":"EM1214","site_id":3838},{"date":"2020-06-15","product":"COPERNICUS/S1_GRD","band":"VH","value":-11.3298,"farmer_unique_id":"EM1214","site_id":3838},{"date":"2020-06-27","product":"COPERNICUS/S1_GRD","band":"VH","value":-12.4989,"farmer_unique_id":"EM1214","site_id":3838},{"date":"2020-07-09","product":"COPERNICUS/S1_GRD","band":"VH","value":-14.4596,"farmer_unique_id":"EM1214","site_id":3838},{"date":"2020-07-21","product":"COPERNICUS/S1_GRD","band":"VH","value":-14.2413,"farmer_unique_id":"EM1214","site_id":3838},{"date":"2020-08-02","product":"COPERNICUS/S1_GRD","band":"VH","value":-11.7926,"farmer_unique_id":"EM1214","site_id":3838},{"date":"2020-08-14","product":"COPERNICUS/S1_GRD","band":"VH","value":-13.8961,"farmer_unique_id":"EM1214","site_id":3838},{"date":"2020-08-26","product":"COPERNICUS/S1_GRD","band":"VH","value":-13.4105,"farmer_unique_id":"EM1214","site_id":3838},{"date":"2020-09-07","product":"COPERNICUS/S1_GRD","band":"VH","value":-12.7937,"farmer_unique_id":"EM1214","site_id":3838},{"date":"2020-09-19","product":"COPERNICUS/S1_GRD","band":"VH","value":-11.8625,"farmer_unique_id":"EM1214","site_id":3838},{"date":"2020-10-01","product":"COPERNICUS/S1_GRD","band":"VH","value":-12.6663,"farmer_unique_id":"EM1214","site_id":3838},{"date":"2020-10-13","product":"COPERNICUS/S1_GRD","band":"VH","value":-12.0109,"farmer_unique_id":"EM1214","site_id":3838},{"date":"2020-10-25","product":"COPERNICUS/S1_GRD","band":"VH","value":-11.4181,"farmer_unique_id":"EM1214","site_id":3838},{"date":"2020-11-06","product":"COPERNICUS/S1_GRD","band":"VH","value":-14.9411,"farmer_unique_id":"EM1214","site_id":3838},{"date":"2020-11-18","product":"COPERNICUS/S1_GRD","band":"VH","value":-16.4556,"farmer_unique_id":"EM1214","site_id":3838},{"date":"2020-11-30","product":"COPERNICUS/S1_GRD","band":"VH","value":-19.046,"farmer_unique_id":"EM1214","site_id":3838},{"date":"2020-12-12","product":"COPERNICUS/S1_GRD","band":"VH","value":-13.3377,"farmer_unique_id":"EM1214","site_id":3838},{"date":"2020-12-24","product":"COPERNICUS/S1_GRD","band":"VH","value":-15.4986,"farmer_unique_id":"EM1214","site_id":3838},{"date":"2021-01-05","product":"COPERNICUS/S1_GRD","band":"VH","value":-11.4964,"farmer_unique_id":"EM1214","site_id":3838},{"date":"2021-01-17","product":"COPERNICUS/S1_GRD","band":"VH","value":-14.6966,"farmer_unique_id":"EM1214","site_id":3838},{"date":"2021-01-29","product":"COPERNICUS/S1_GRD","band":"VH","value":-14.7784,"farmer_unique_id":"EM1214","site_id":3838},{"date":"2021-02-10","product":"COPERNICUS/S1_GRD","band":"VH","value":-11.8592,"farmer_unique_id":"EM1214","site_id":3838},{"date":"2021-02-22","product":"COPERNICUS/S1_GRD","band":"VH","value":-12.9409,"farmer_unique_id":"EM1214","site_id":3838},{"date":"2021-03-06","product":"COPERNICUS/S1_GRD","band":"VH","value":-13.7901,"farmer_unique_id":"EM1214","site_id":3838},{"date":"2021-03-18","product":"COPERNICUS/S1_GRD","band":"VH","value":-13.0534,"farmer_unique_id":"EM1214","site_id":3838},{"date":"2021-03-30","product":"COPERNICUS/S1_GRD","band":"VH","value":-12.0887,"farmer_unique_id":"EM1214","site_id":3838},{"date":"2021-04-11","product":"COPERNICUS/S1_GRD","band":"VH","value":-13.3945,"farmer_unique_id":"EM1214","site_id":3838},{"date":"2021-04-23","product":"COPERNICUS/S1_GRD","band":"VH","value":-15.0736,"farmer_unique_id":"EM1214","site_id":3838},{"date":"2021-05-05","product":"COPERNICUS/S1_GRD","band":"VH","value":-12.339,"farmer_unique_id":"EM1214","site_id":3838},{"date":"2021-05-17","product":"COPERNICUS/S1_GRD","band":"VH","value":-11.0658,"farmer_unique_id":"EM1214","site_id":3838},{"date":"2021-05-29","product":"COPERNICUS/S1_GRD","band":"VH","value":-14.6386,"farmer_unique_id":"EM1214","site_id":3838},{"date":"2021-06-10","product":"COPERNICUS/S1_GRD","band":"VH","value":-15.2882,"farmer_unique_id":"EM1214","site_id":3838},{"date":"2021-06-22","product":"COPERNICUS/S1_GRD","band":"VH","value":-12.0703,"farmer_unique_id":"EM1214","site_id":3838},{"date":"2021-07-04","product":"COPERNICUS/S1_GRD","band":"VH","value":-16.3439,"farmer_unique_id":"EM1214","site_id":3838},{"date":"2021-07-16","product":"COPERNICUS/S1_GRD","band":"VH","value":-15.9772,"farmer_unique_id":"EM1214","site_id":3838},{"date":"2021-07-28","product":"COPERNICUS/S1_GRD","band":"VH","value":-12.8457,"farmer_unique_id":"EM1214","site_id":3838},{"date":"2021-08-09","product":"COPERNICUS/S1_GRD","band":"VH","value":-14.644,"farmer_unique_id":"EM1214","site_id":3838},{"date":"2021-08-21","product":"COPERNICUS/S1_GRD","band":"VH","value":-12.5241,"farmer_unique_id":"EM1214","site_id":3838},{"date":"2021-09-02","product":"COPERNICUS/S1_GRD","band":"VH","value":-14.1493,"farmer_unique_id":"EM1214","site_id":3838},{"date":"2021-09-14","product":"COPERNICUS/S1_GRD","band":"VH","value":-15.8065,"farmer_unique_id":"EM1214","site_id":3838},{"date":"2021-09-26","product":"COPERNICUS/S1_GRD","band":"VH","value":-15.4647,"farmer_unique_id":"EM1214","site_id":3838},{"date":"2021-10-08","product":"COPERNICUS/S1_GRD","band":"VH","value":-13.9189,"farmer_unique_id":"EM1214","site_id":3838},{"date":"2021-10-20","product":"COPERNICUS/S1_GRD","band":"VH","value":-14.9353,"farmer_unique_id":"EM1214","site_id":3838},{"date":"2021-11-01","product":"COPERNICUS/S1_GRD","band":"VH","value":-18.3528,"farmer_unique_id":"EM1214","site_id":3838},{"date":"2021-11-13","product":"COPERNICUS/S1_GRD","band":"VH","value":-13.4012,"farmer_unique_id":"EM1214","site_id":3838},{"date":"2021-11-25","product":"COPERNICUS/S1_GRD","band":"VH","value":-13.5881,"farmer_unique_id":"EM1214","site_id":3838},{"date":"2021-12-07","product":"COPERNICUS/S1_GRD","band":"VH","value":-13.0979,"farmer_unique_id":"EM1214","site_id":3838},{"date":"2021-12-19","product":"COPERNICUS/S1_GRD","band":"VH","value":-14.5704,"farmer_unique_id":"EM1214","site_id":3838},{"date":"2020-01-11","product":"COPERNICUS/S1_GRD","band":"VV","value":-6.5116,"farmer_unique_id":"EM1214","site_id":3838},{"date":"2020-01-23","product":"COPERNICUS/S1_GRD","band":"VV","value":-8.399,"farmer_unique_id":"EM1214","site_id":3838},{"date":"2020-02-04","product":"COPERNICUS/S1_GRD","band":"VV","value":-5.6325,"farmer_unique_id":"EM1214","site_id":3838},{"date":"2020-02-16","product":"COPERNICUS/S1_GRD","band":"VV","value":-8.6053,"farmer_unique_id":"EM1214","site_id":3838},{"date":"2020-02-28","product":"COPERNICUS/S1_GRD","band":"VV","value":-6.4158,"farmer_unique_id":"EM1214","site_id":3838},{"date":"2020-03-11","product":"COPERNICUS/S1_GRD","band":"VV","value":-8.0921,"farmer_unique_id":"EM1214","site_id":3838},{"date":"2020-03-23","product":"COPERNICUS/S1_GRD","band":"VV","value":-8.151,"farmer_unique_id":"EM1214","site_id":3838},{"date":"2020-04-04","product":"COPERNICUS/S1_GRD","band":"VV","value":-8.4482,"farmer_unique_id":"EM1214","site_id":3838},{"date":"2020-04-16","product":"COPERNICUS/S1_GRD","band":"VV","value":-6.0661,"farmer_unique_id":"EM1214","site_id":3838},{"date":"2020-04-28","product":"COPERNICUS/S1_GRD","band":"VV","value":-10.5609,"farmer_unique_id":"EM1214","site_id":3838},{"date":"2020-05-10","product":"COPERNICUS/S1_GRD","band":"VV","value":-9.7052,"farmer_unique_id":"EM1214","site_id":3838},{"date":"2020-05-22","product":"COPERNICUS/S1_GRD","band":"VV","value":-6.5318,"farmer_unique_id":"EM1214","site_id":3838},{"date":"2020-06-15","product":"COPERNICUS/S1_GRD","band":"VV","value":-7.9669,"farmer_unique_id":"EM1214","site_id":3838},{"date":"2020-06-27","product":"COPERNICUS/S1_GRD","band":"VV","value":-7.8791,"farmer_unique_id":"EM1214","site_id":3838},{"date":"2020-07-09","product":"COPERNICUS/S1_GRD","band":"VV","value":-7.5064,"farmer_unique_id":"EM1214","site_id":3838},{"date":"2020-07-21","product":"COPERNICUS/S1_GRD","band":"VV","value":-7.4765,"farmer_unique_id":"EM1214","site_id":3838},{"date":"2020-08-02","product":"COPERNICUS/S1_GRD","band":"VV","value":-9.4216,"farmer_unique_id":"EM1214","site_id":3838},{"date":"2020-08-14","product":"COPERNICUS/S1_GRD","band":"VV","value":-7.1474,"farmer_unique_id":"EM1214","site_id":3838},{"date":"2020-08-26","product":"COPERNICUS/S1_GRD","band":"VV","value":-6.2342,"farmer_unique_id":"EM1214","site_id":3838},{"date":"2020-09-07","product":"COPERNICUS/S1_GRD","band":"VV","value":-7.5968,"farmer_unique_id":"EM1214","site_id":3838},{"date":"2020-09-19","product":"COPERNICUS/S1_GRD","band":"VV","value":-6.1153,"farmer_unique_id":"EM1214","site_id":3838},{"date":"2020-10-01","product":"COPERNICUS/S1_GRD","band":"VV","value":-5.0167,"farmer_unique_id":"EM1214","site_id":3838},{"date":"2020-10-13","product":"COPERNICUS/S1_GRD","band":"VV","value":-8.2232,"farmer_unique_id":"EM1214","site_id":3838},{"date":"2020-10-25","product":"COPERNICUS/S1_GRD","band":"VV","value":-4.514,"farmer_unique_id":"EM1214","site_id":3838},{"date":"2020-11-06","product":"COPERNICUS/S1_GRD","band":"VV","value":-6.7514,"farmer_unique_id":"EM1214","site_id":3838},{"date":"2020-11-18","product":"COPERNICUS/S1_GRD","band":"VV","value":-4.9543,"farmer_unique_id":"EM1214","site_id":3838},{"date":"2020-11-30","product":"COPERNICUS/S1_GRD","band":"VV","value":-7.6525,"farmer_unique_id":"EM1214","site_id":3838},{"date":"2020-12-12","product":"COPERNICUS/S1_GRD","band":"VV","value":-8.5196,"farmer_unique_id":"EM1214","site_id":3838},{"date":"2020-12-24","product":"COPERNICUS/S1_GRD","band":"VV","value":-4.7603,"farmer_unique_id":"EM1214","site_id":3838},{"date":"2021-01-05","product":"COPERNICUS/S1_GRD","band":"VV","value":-5.5917,"farmer_unique_id":"EM1214","site_id":3838},{"date":"2021-01-17","product":"COPERNICUS/S1_GRD","band":"VV","value":-7.4556,"farmer_unique_id":"EM1214","site_id":3838},{"date":"2021-01-29","product":"COPERNICUS/S1_GRD","band":"VV","value":-5.9453,"farmer_unique_id":"EM1214","site_id":3838},{"date":"2021-02-10","product":"COPERNICUS/S1_GRD","band":"VV","value":-5.557,"farmer_unique_id":"EM1214","site_id":3838},{"date":"2021-02-22","product":"COPERNICUS/S1_GRD","band":"VV","value":-6.3886,"farmer_unique_id":"EM1214","site_id":3838},{"date":"2021-03-06","product":"COPERNICUS/S1_GRD","band":"VV","value":-7.631,"farmer_unique_id":"EM1214","site_id":3838},{"date":"2021-03-18","product":"COPERNICUS/S1_GRD","band":"VV","value":-8.0436,"farmer_unique_id":"EM1214","site_id":3838},{"date":"2021-03-30","product":"COPERNICUS/S1_GRD","band":"VV","value":-6.605,"farmer_unique_id":"EM1214","site_id":3838},{"date":"2021-04-11","product":"COPERNICUS/S1_GRD","band":"VV","value":-8.9236,"farmer_unique_id":"EM1214","site_id":3838},{"date":"2021-04-23","product":"COPERNICUS/S1_GRD","band":"VV","value":-5.4885,"farmer_unique_id":"EM1214","site_id":3838},{"date":"2021-05-05","product":"COPERNICUS/S1_GRD","band":"VV","value":-8.9954,"farmer_unique_id":"EM1214","site_id":3838},{"date":"2021-05-17","product":"COPERNICUS/S1_GRD","band":"VV","value":-8.1936,"farmer_unique_id":"EM1214","site_id":3838},{"date":"2021-05-29","product":"COPERNICUS/S1_GRD","band":"VV","value":-3.9507,"farmer_unique_id":"EM1214","site_id":3838},{"date":"2021-06-10","product":"COPERNICUS/S1_GRD","band":"VV","value":-7.7358,"farmer_unique_id":"EM1214","site_id":3838},{"date":"2021-06-22","product":"COPERNICUS/S1_GRD","band":"VV","value":-7.1657,"farmer_unique_id":"EM1214","site_id":3838},{"date":"2021-07-04","product":"COPERNICUS/S1_GRD","band":"VV","value":-5.472,"farmer_unique_id":"EM1214","site_id":3838},{"date":"2021-07-16","product":"COPERNICUS/S1_GRD","band":"VV","value":-6.6039,"farmer_unique_id":"EM1214","site_id":3838},{"date":"2021-07-28","product":"COPERNICUS/S1_GRD","band":"VV","value":-4.7346,"farmer_unique_id":"EM1214","site_id":3838},{"date":"2021-08-09","product":"COPERNICUS/S1_GRD","band":"VV","value":-7.072,"farmer_unique_id":"EM1214","site_id":3838},{"date":"2021-08-21","product":"COPERNICUS/S1_GRD","band":"VV","value":-5.5468,"farmer_unique_id":"EM1214","site_id":3838},{"date":"2021-09-02","product":"COPERNICUS/S1_GRD","band":"VV","value":-9.5979,"farmer_unique_id":"EM1214","site_id":3838},{"date":"2021-09-14","product":"COPERNICUS/S1_GRD","band":"VV","value":-10.7613,"farmer_unique_id":"EM1214","site_id":3838},{"date":"2021-09-26","product":"COPERNICUS/S1_GRD","band":"VV","value":-7.5757,"farmer_unique_id":"EM1214","site_id":3838},{"date":"2021-10-08","product":"COPERNICUS/S1_GRD","band":"VV","value":-7.3533,"farmer_unique_id":"EM1214","site_id":3838},{"date":"2021-10-20","product":"COPERNICUS/S1_GRD","band":"VV","value":-7.0001,"farmer_unique_id":"EM1214","site_id":3838},{"date":"2021-11-01","product":"COPERNICUS/S1_GRD","band":"VV","value":-8.0702,"farmer_unique_id":"EM1214","site_id":3838},{"date":"2021-11-13","product":"COPERNICUS/S1_GRD","band":"VV","value":-6.8557,"farmer_unique_id":"EM1214","site_id":3838},{"date":"2021-11-25","product":"COPERNICUS/S1_GRD","band":"VV","value":-9.9294,"farmer_unique_id":"EM1214","site_id":3838},{"date":"2021-12-07","product":"COPERNICUS/S1_GRD","band":"VV","value":-7.7176,"farmer_unique_id":"EM1214","site_id":3838},{"date":"2021-12-19","product":"COPERNICUS/S1_GRD","band":"VV","value":-6.1518,"farmer_unique_id":"EM1214","site_id":3838}]
