[{"date":"2020-01-11","product":"COPERNICUS/S1_GRD","band":"VH","value":-22.1803,"farmer_unique_id":"893339","site_id":2510},{"date":"2020-01-23","product":"COPERNICUS/S1_GRD","band":"VH","value":-18.8909,"farmer_unique_id":"893339","site_id":2510},{"date":"2020-02-04","product":"COPERNICUS/S1_GRD","band":"VH","value":-16.6802,"farmer_unique_id":"893339","site_id":2510},{"date":"2020-02-16","product":"COPERNICUS/S1_GRD","band":"VH","value":-16.724,"farmer_unique_id":"893339","site_id":2510},{"date":"2020-02-28","product":"COPERNICUS/S1_GRD","band":"VH","value":-17.3451,"farmer_unique_id":"893339","site_id":2510},{"date":"2020-03-11","product":"COPERNICUS/S1_GRD","band":"VH","value":-15.8769,"farmer_unique_id":"893339","site_id":2510},{"date":"2020-03-23","product":"COPERNICUS/S1_GRD","band":"VH","value":-20.3357,"farmer_unique_id":"893339","site_id":2510},{"date":"2020-04-04","product":"COPERNICUS/S1_GRD","band":"VH","value":-16.319,"farmer_unique_id":"893339","site_id":2510},{"date":"2020-04-16","product":"COPERNICUS/S1_GRD","band":"VH","value":-14.7334,"farmer_unique_id":"893339","site_id":2510},{"date":"2020-04-28","product":"COPERNICUS/S1_GRD","band":"VH","value":-18.4939,"farmer_unique_id":"893339","site_id":2510},{"date":"2020-05-10","product":"COPERNICUS/S1_GRD","band":"VH","value":-20.0785,"farmer_unique_id":"893339","site_id":2510},{"date":"2020-05-22","product":"COPERNICUS/S1_GRD","band":"VH","value":-19.5198,"farmer_unique_id":"893339","site_id":2510},{"date":"2020-06-15","product":"COPERNICUS/S1_GRD","band":"VH","value":-14.856,"farmer_unique_id":"893339","site_id":2510},{"date":"2020-06-27","product":"COPERNICUS/S1_GRD","band":"VH","value":-19.0806,"farmer_unique_id":"893339","site_id":2510},{"date":"2020-07-09","product":"COPERNICUS/S1_GRD","band":"VH","value":-13.79,"farmer_unique_id":"893339","site_id":2510},{"date":"2020-07-21","product":"COPERNICUS/S1_GRD","band":"VH","value":-15.7683,"farmer_unique_id":"893339","site_id":2510},{"date":"2020-08-02","product":"COPERNICUS/S1_GRD","band":"VH","value":-15.3484,"farmer_unique_id":"893339","site_id":2510},{"date":"2020-08-14","product":"COPERNICUS/S1_GRD","band":"VH","value":-17.2928,"farmer_unique_id":"893339","site_id":2510},{"date":"2020-08-26","product":"COPERNICUS/S1_GRD","band":"VH","value":-19.4996,"farmer_unique_id":"893339","site_id":2510},{"date":"2020-09-07","product":"COPERNICUS/S1_GRD","band":"VH","value":-17.0747,"farmer_unique_id":"893339","site_id":2510},{"date":"2020-09-19","product":"COPERNICUS/S1_GRD","band":"VH","value":-17.4067,"farmer_unique_id":"893339","site_id":2510},{"date":"2020-10-01","product":"COPERNICUS/S1_GRD","band":"VH","value":-21.8245,"farmer_unique_id":"893339","site_id":2510},{"date":"2020-10-13","product":"COPERNICUS/S1_GRD","band":"VH","value":-20.1329,"farmer_unique_id":"893339","site_id":2510},{"date":"2020-10-25","product":"COPERNICUS/S1_GRD","band":"VH","value":-18.9395,"farmer_unique_id":"893339","site_id":2510},{"date":"2020-11-06","product":"COPERNICUS/S1_GRD","band":"VH","value":-15.6741,"farmer_unique_id":"893339","site_id":2510},{"date":"2020-11-18","product":"COPERNICUS/S1_GRD","band":"VH","value":-17.704,"farmer_unique_id":"893339","site_id":2510},{"date":"2020-11-30","product":"COPERNICUS/S1_GRD","band":"VH","value":-17.5104,"farmer_unique_id":"893339","site_id":2510},{"date":"2020-12-12","product":"COPERNICUS/S1_GRD","band":"VH","value":-16.823,"farmer_unique_id":"893339","site_id":2510},{"date":"2020-12-24","product":"COPERNICUS/S1_GRD","band":"VH","value":-13.2846,"farmer_unique_id":"893339","site_id":2510},{"date":"2021-01-05","product":"COPERNICUS/S1_GRD","band":"VH","value":-20.3625,"farmer_unique_id":"893339","site_id":2510},{"date":"2021-01-17","product":"COPERNICUS/S1_GRD","band":"VH","value":-16.0886,"farmer_unique_id":"893339","site_id":2510},{"date":"2021-01-29","product":"COPERNICUS/S1_GRD","band":"VH","value":-14.9266,"farmer_unique_id":"893339","site_id":2510},{"date":"2021-02-10","product":"COPERNICUS/S1_GRD","band":"VH","value":-22.53,"farmer_unique_id":"893339","site_id":2510},{"date":"2021-02-22","product":"COPERNICUS/S1_GRD","band":"VH","value":-19.519,"farmer_unique_id":"893339","site_id":2510},{"date":"2021-03-06","product":"COPERNICUS/S1_GRD","band":"VH","value":-20.7082,"farmer_unique_id":"893339","site_id":2510},{"date":"2021-03-18","product":"COPERNICUS/S1_GRD","band":"VH","value":-19.6391,"farmer_unique_id":"893339","site_id":2510},{"date":"2021-03-30","product":"COPERNICUS/S1_GRD","band":"VH","value":-18.6121,"farmer_unique_id":"893339","site_id":2510},{"date":"2021-04-11","product":"COPERNICUS/S1_GRD","band":"VH","value":-15.152,"farmer_unique_id":"893339","site_id":2510},{"date":"2021-04-23","product":"COPERNICUS/S1_GRD","band":"VH","value":-18.2553,"farmer_unique_id":"893339","site_id":2510},{"date":"2021-05-05","product":"COPERNICUS/S1_GRD","band":"VH","value":-14.4895,"farmer_unique_id":"893339","site_id":2510},{"date":"2021-05-17","product":"COPERNICUS/S1_GRD","band":"VH","value":-15.278,"farmer_unique_id":"893339","site_id":2510},{"date":"2021-05-29","product":"COPERNICUS/S1_GRD","band":"VH","value":-14.6838,"farmer_unique_id":"893339","site_id":2510},{"date":"2021-06-10","product":"COPERNICUS/S1_GRD","band":"VH","value":-14.7003,"farmer_unique_id":"893339","site_id":2510},{"date":"2021-06-22","product":"COPERNICUS/S1_GRD","band":"VH","value":-19.7003,"farmer_unique_id":"893339","site_id":2510},{"date":"2021-07-04","product":"COPERNICUS/S1_GRD","band":"VH","value":-16.2201,"farmer_unique_id":"893339","site_id":2510},{"date":"2021-07-16","product":"COPERNICUS/S1_GRD","band":"VH","value":-20.2401,"farmer_unique_id":"893339","site_id":2510},{"date":"2021-07-28","product":"COPERNICUS/S1_GRD","band":"VH","value":-16.3906,"farmer_unique_id":"893339","site_id":2510},{"date":"2021-08-09","product":"COPERNICUS/S1_GRD","band":"VH","value":-17.363,"farmer_unique_id":"893339","site_id":2510},{"date":"2021-08-21","product":"COPERNICUS/S1_GRD","band":"VH","value":-19.3579,"farmer_unique_id":"893339","site_id":2510},{"date":"2021-09-02","product":"COPERNICUS/S1_GRD","band":"VH","value":-18.3225,"farmer_unique_id":"893339","site_id":2510},{"date":"2021-09-14","product":"COPERNICUS/S1_GRD","band":"VH","value":-20.7732,"farmer_unique_id":"893339","site_id":2510},{"date":"2021-09-26","product":"COPERNICUS/S1_GRD","band":"VH","value":-21.4948,"farmer_unique_id":"893339","site_id":2510},{"date":"2021-10-08","product":"COPERNICUS/S1_GRD","band":"VH","value":-17.7042,"farmer_unique_id":"893339","site_id":2510},{"date":"2021-10-20","product":"COPERNICUS/S1_GRD","band":"VH","value":-18.1529,"farmer_unique_id":"893339","site_id":2510},{"date":"2021-11-01","product":"COPERNICUS/S1_GRD","band":"VH","value":-27.5008,"farmer_unique_id":"893339","site_id":2510},{"date":"2021-11-13","product":"COPERNICUS/S1_GRD","band":"VH","value":-22.3355,"farmer_unique_id":"893339","site_id":2510},{"date":"2021-11-25","product":"COPERNICUS/S1_GRD","band":"VH","value":-12.039,"farmer_unique_id":"893339","site_id":2510},{"date":"2021-12-07","product":"COPERNICUS/S1_GRD","band":"VH","value":-17.0501,"farmer_unique_id":"893339","site_id":2510},{"date":"2021-12-19","product":"COPERNICUS/S1_GRD","band":"VH","value":-16.8703,"farmer_unique_id":"893339","site_id":2510},{"date":"2020-01-11","product":"COPERNICUS/S1_GRD","band":"VV","value":-9.3944,"farmer_unique_id":"893339","site_id":2510},{"date":"2020-01-23","product":"COPERNICUS/S1_GRD","band":"VV","value":-10.0665,"farmer_unique_id":"893339","site_id":2510},{"date":"2020-02-04","product":"COPERNICUS/S1_GRD","band":"VV","value":-10.3344,"farmer_unique_id":"893339","site_id":2510},{"date":"2020-02-16","product":"COPERNICUS/S1_GRD","band":"VV","value":-13.0278,"farmer_unique_id":"893339","site_id":2510},{"date":"2020-02-28","product":"COPERNICUS/S1_GRD","band":"VV","value":-8.317,"farmer_unique_id":"893339","site_id":2510},{"date":"2020-03-11","product":"COPERNICUS/S1_GRD","band":"VV","value":-7.944,"farmer_unique_id":"893339","site_id":2510},{"date":"2020-03-23","product":"COPERNICUS/S1_GRD","band":"VV","value":-12.273,"farmer_unique_id":"893339","site_id":2510},{"date":"2020-04-04","product":"COPERNICUS/S1_GRD","band":"VV","value":-11.3222,"farmer_unique_id":"893339","site_id":2510},{"date":"2020-04-16","product":"COPERNICUS/S1_GRD","band":"VV","value":-10.2904,"farmer_unique_id":"893339","site_id":2510},{"date":"2020-04-28","product":"COPERNICUS/S1_GRD","band":"VV","value":-11.6549,"farmer_unique_id":"893339","site_id":2510},{"date":"2020-05-10","product":"COPERNICUS/S1_GRD","band":"VV","value":-9.8176,"farmer_unique_id":"893339","site_id":2510},{"date":"2020-05-22","product":"COPERNICUS/S1_GRD","band":"VV","value":-6.9413,"farmer_unique_id":"893339","site_id":2510},{"date":"2020-06-15","product":"COPERNICUS/S1_GRD","band":"VV","value":-9.6165,"farmer_unique_id":"893339","site_id":2510},{"date":"2020-06-27","product":"COPERNICUS/S1_GRD","band":"VV","value":-12.2014,"farmer_unique_id":"893339","site_id":2510},{"date":"2020-07-09","product":"COPERNICUS/S1_GRD","band":"VV","value":-12.7288,"farmer_unique_id":"893339","site_id":2510},{"date":"2020-07-21","product":"COPERNICUS/S1_GRD","band":"VV","value":-10.3822,"farmer_unique_id":"893339","site_id":2510},{"date":"2020-08-02","product":"COPERNICUS/S1_GRD","band":"VV","value":-10.2706,"farmer_unique_id":"893339","site_id":2510},{"date":"2020-08-14","product":"COPERNICUS/S1_GRD","band":"VV","value":-9.1005,"farmer_unique_id":"893339","site_id":2510},{"date":"2020-08-26","product":"COPERNICUS/S1_GRD","band":"VV","value":-11.7226,"farmer_unique_id":"893339","site_id":2510},{"date":"2020-09-07","product":"COPERNICUS/S1_GRD","band":"VV","value":-13.432,"farmer_unique_id":"893339","site_id":2510},{"date":"2020-09-19","product":"COPERNICUS/S1_GRD","band":"VV","value":-12.1075,"farmer_unique_id":"893339","site_id":2510},{"date":"2020-10-01","product":"COPERNICUS/S1_GRD","band":"VV","value":-10.6088,"farmer_unique_id":"893339","site_id":2510},{"date":"2020-10-13","product":"COPERNICUS/S1_GRD","band":"VV","value":-10.9288,"farmer_unique_id":"893339","site_id":2510},{"date":"2020-10-25","product":"COPERNICUS/S1_GRD","band":"VV","value":-11.0805,"farmer_unique_id":"893339","site_id":2510},{"date":"2020-11-06","product":"COPERNICUS/S1_GRD","band":"VV","value":-12.4358,"farmer_unique_id":"893339","site_id":2510},{"date":"2020-11-18","product":"COPERNICUS/S1_GRD","band":"VV","value":-8.6203,"farmer_unique_id":"893339","site_id":2510},{"date":"2020-11-30","product":"COPERNICUS/S1_GRD","band":"VV","value":-9.4785,"farmer_unique_id":"893339","site_id":2510},{"date":"2020-12-12","product":"COPERNICUS/S1_GRD","band":"VV","value":-9.4822,"farmer_unique_id":"893339","site_id":2510},{"date":"2020-12-24","product":"COPERNICUS/S1_GRD","band":"VV","value":-8.6375,"farmer_unique_id":"893339","site_id":2510},{"date":"2021-01-05","product":"COPERNICUS/S1_GRD","band":"VV","value":-11.2929,"farmer_unique_id":"893339","site_id":2510},{"date":"2021-01-17","product":"COPERNICUS/S1_GRD","band":"VV","value":-8.9687,"farmer_unique_id":"893339","site_id":2510},{"date":"2021-01-29","product":"COPERNICUS/S1_GRD","band":"VV","value":-9.8686,"farmer_unique_id":"893339","site_id":2510},{"date":"2021-02-10","product":"COPERNICUS/S1_GRD","band":"VV","value":-12.2722,"farmer_unique_id":"893339","site_id":2510},{"date":"2021-02-22","product":"COPERNICUS/S1_GRD","band":"VV","value":-8.0142,"farmer_unique_id":"893339","site_id":2510},{"date":"2021-03-06","product":"COPERNICUS/S1_GRD","band":"VV","value":-14.4513,"farmer_unique_id":"893339","site_id":2510},{"date":"2021-03-18","product":"COPERNICUS/S1_GRD","band":"VV","value":-8.6753,"farmer_unique_id":"893339","site_id":2510},{"date":"2021-03-30","product":"COPERNICUS/S1_GRD","band":"VV","value":-11.4519,"farmer_unique_id":"893339","site_id":2510},{"date":"2021-04-11","product":"COPERNICUS/S1_GRD","band":"VV","value":-9.2828,"farmer_unique_id":"893339","site_id":2510},{"date":"2021-04-23","product":"COPERNICUS/S1_GRD","band":"VV","value":-7.8937,"farmer_unique_id":"893339","site_id":2510},{"date":"2021-05-05","product":"COPERNICUS/S1_GRD","band":"VV","value":-6.7228,"farmer_unique_id":"893339","site_id":2510},{"date":"2021-05-17","product":"COPERNICUS/S1_GRD","band":"VV","value":-6.2806,"farmer_unique_id":"893339","site_id":2510},{"date":"2021-05-29","product":"COPERNICUS/S1_GRD","band":"VV","value":-10.1357,"farmer_unique_id":"893339","site_id":2510},{"date":"2021-06-10","product":"COPERNICUS/S1_GRD","band":"VV","value":-8.1393,"farmer_unique_id":"893339","site_id":2510},{"date":"2021-06-22","product":"COPERNICUS/S1_GRD","band":"VV","value":-8.1475,"farmer_unique_id":"893339","site_id":2510},{"date":"2021-07-04","product":"COPERNICUS/S1_GRD","band":"VV","value":-8.8133,"farmer_unique_id":"893339","site_id":2510},{"date":"2021-07-16","product":"COPERNICUS/S1_GRD","band":"VV","value":-11.2748,"farmer_unique_id":"893339","site_id":2510},{"date":"2021-07-28","product":"COPERNICUS/S1_GRD","band":"VV","value":-9.8804,"farmer_unique_id":"893339","site_id":2510},{"date":"2021-08-09","product":"COPERNICUS/S1_GRD","band":"VV","value":-9.3434,"farmer_unique_id":"893339","site_id":2510},{"date":"2021-08-21","product":"COPERNICUS/S1_GRD","band":"VV","value":-12.4703,"farmer_unique_id":"893339","site_id":2510},{"date":"2021-09-02","product":"COPERNICUS/S1_GRD","band":"VV","value":-11.807,"farmer_unique_id":"893339","site_id":2510},{"date":"2021-09-14","product":"COPERNICUS/S1_GRD","band":"VV","value":-11.4912,"farmer_unique_id":"893339","site_id":2510},{"date":"2021-09-26","product":"COPERNICUS/S1_GRD","band":"VV","value":-12.9652,"farmer_unique_id":"893339","site_id":2510},{"date":"2021-10-08","product":"COPERNICUS/S1_GRD","band":"VV","value":-14.8995,"farmer_unique_id":"893339","site_id":2510},{"date":"2021-10-20","product":"COPERNICUS/S1_GRD","band":"VV","value":-10.6176,"farmer_unique_id":"893339","site_id":2510},{"date":"2021-11-01","product":"COPERNICUS/S1_GRD","band":"VV","value":-10.8382,"farmer_unique_id":"893339","site_id":2510},{"date":"2021-11-13","product":"COPERNICUS/S1_GRD","band":"VV","value":-8.3169,"farmer_unique_id":"893339","site_id":2510},{"date":"2021-11-25","product":"COPERNICUS/S1_GRD","band":"VV","value":-5.9987,"farmer_unique_id":"893339","site_id":2510},{"date":"2021-12-07","product":"COPERNICUS/S1_GRD","band":"VV","value":-8.7372,"farmer_unique_id":"893339","site_id":2510},{"date":"2021-12-19","product":"COPERNICUS/S1_GRD","band":"VV","value":-8.2508,"farmer_unique_id":"893339","site_id":2510}]
