[{"date":"2020-01-04","product":"COPERNICUS/S1_GRD","band":"VH","value":-16.3109,"farmer_unique_id":"2743852","site_id":8276},{"date":"2020-01-09","product":"COPERNICUS/S1_GRD","band":"VH","value":-16.4058,"farmer_unique_id":"2743852","site_id":8276},{"date":"2020-01-16","product":"COPERNICUS/S1_GRD","band":"VH","value":-17.232,"farmer_unique_id":"2743852","site_id":8276},{"date":"2020-01-21","product":"COPERNICUS/S1_GRD","band":"VH","value":-19.8617,"farmer_unique_id":"2743852","site_id":8276},{"date":"2020-01-28","product":"COPERNICUS/S1_GRD","band":"VH","value":-14.2307,"farmer_unique_id":"2743852","site_id":8276},{"date":"2020-02-02","product":"COPERNICUS/S1_GRD","band":"VH","value":-14.2195,"farmer_unique_id":"2743852","site_id":8276},{"date":"2020-02-09","product":"COPERNICUS/S1_GRD","band":"VH","value":-15.4152,"farmer_unique_id":"2743852","site_id":8276},{"date":"2020-02-14","product":"COPERNICUS/S1_GRD","band":"VH","value":-15.258,"farmer_unique_id":"2743852","site_id":8276},{"date":"2020-02-21","product":"COPERNICUS/S1_GRD","band":"VH","value":-18.5082,"farmer_unique_id":"2743852","site_id":8276},{"date":"2020-02-26","product":"COPERNICUS/S1_GRD","band":"VH","value":-18.2884,"farmer_unique_id":"2743852","site_id":8276},{"date":"2020-03-04","product":"COPERNICUS/S1_GRD","band":"VH","value":-11.647,"farmer_unique_id":"2743852","site_id":8276},{"date":"2020-03-09","product":"COPERNICUS/S1_GRD","band":"VH","value":-13.7125,"farmer_unique_id":"2743852","site_id":8276},{"date":"2020-03-16","product":"COPERNICUS/S1_GRD","band":"VH","value":-16.3321,"farmer_unique_id":"2743852","site_id":8276},{"date":"2020-03-21","product":"COPERNICUS/S1_GRD","band":"VH","value":-16.2736,"farmer_unique_id":"2743852","site_id":8276},{"date":"2020-03-28","product":"COPERNICUS/S1_GRD","band":"VH","value":-13.2696,"farmer_unique_id":"2743852","site_id":8276},{"date":"2020-04-02","product":"COPERNICUS/S1_GRD","band":"VH","value":-19.7717,"farmer_unique_id":"2743852","site_id":8276},{"date":"2020-04-09","product":"COPERNICUS/S1_GRD","band":"VH","value":-13.633,"farmer_unique_id":"2743852","site_id":8276},{"date":"2020-04-14","product":"COPERNICUS/S1_GRD","band":"VH","value":-18.5118,"farmer_unique_id":"2743852","site_id":8276},{"date":"2020-04-21","product":"COPERNICUS/S1_GRD","band":"VH","value":-14.4869,"farmer_unique_id":"2743852","site_id":8276},{"date":"2020-04-26","product":"COPERNICUS/S1_GRD","band":"VH","value":-12.2202,"farmer_unique_id":"2743852","site_id":8276},{"date":"2020-05-03","product":"COPERNICUS/S1_GRD","band":"VH","value":-10.5235,"farmer_unique_id":"2743852","site_id":8276},{"date":"2020-05-08","product":"COPERNICUS/S1_GRD","band":"VH","value":-13.7177,"farmer_unique_id":"2743852","site_id":8276},{"date":"2020-05-15","product":"COPERNICUS/S1_GRD","band":"VH","value":-14.7268,"farmer_unique_id":"2743852","site_id":8276},{"date":"2020-05-20","product":"COPERNICUS/S1_GRD","band":"VH","value":-18.5038,"farmer_unique_id":"2743852","site_id":8276},{"date":"2020-05-27","product":"COPERNICUS/S1_GRD","band":"VH","value":-12.9565,"farmer_unique_id":"2743852","site_id":8276},{"date":"2020-06-01","product":"COPERNICUS/S1_GRD","band":"VH","value":-15.772,"farmer_unique_id":"2743852","site_id":8276},{"date":"2020-06-08","product":"COPERNICUS/S1_GRD","band":"VH","value":-14.4803,"farmer_unique_id":"2743852","site_id":8276},{"date":"2020-06-13","product":"COPERNICUS/S1_GRD","band":"VH","value":-12.862,"farmer_unique_id":"2743852","site_id":8276},{"date":"2020-06-20","product":"COPERNICUS/S1_GRD","band":"VH","value":-12.4689,"farmer_unique_id":"2743852","site_id":8276},{"date":"2020-06-25","product":"COPERNICUS/S1_GRD","band":"VH","value":-16.9218,"farmer_unique_id":"2743852","site_id":8276},{"date":"2020-07-02","product":"COPERNICUS/S1_GRD","band":"VH","value":-11.723,"farmer_unique_id":"2743852","site_id":8276},{"date":"2020-07-07","product":"COPERNICUS/S1_GRD","band":"VH","value":-14.5835,"farmer_unique_id":"2743852","site_id":8276},{"date":"2020-07-14","product":"COPERNICUS/S1_GRD","band":"VH","value":-11.6409,"farmer_unique_id":"2743852","site_id":8276},{"date":"2020-07-19","product":"COPERNICUS/S1_GRD","band":"VH","value":-17.2866,"farmer_unique_id":"2743852","site_id":8276},{"date":"2020-07-26","product":"COPERNICUS/S1_GRD","band":"VH","value":-13.4295,"farmer_unique_id":"2743852","site_id":8276},{"date":"2020-07-31","product":"COPERNICUS/S1_GRD","band":"VH","value":-16.7206,"farmer_unique_id":"2743852","site_id":8276},{"date":"2020-08-07","product":"COPERNICUS/S1_GRD","band":"VH","value":-12.7125,"farmer_unique_id":"2743852","site_id":8276},{"date":"2020-08-12","product":"COPERNICUS/S1_GRD","band":"VH","value":-15.0533,"farmer_unique_id":"2743852","site_id":8276},{"date":"2020-08-19","product":"COPERNICUS/S1_GRD","band":"VH","value":-16.548,"farmer_unique_id":"2743852","site_id":8276},{"date":"2020-08-24","product":"COPERNICUS/S1_GRD","band":"VH","value":-15.5647,"farmer_unique_id":"2743852","site_id":8276},{"date":"2020-08-31","product":"COPERNICUS/S1_GRD","band":"VH","value":-11.2372,"farmer_unique_id":"2743852","site_id":8276},{"date":"2020-09-05","product":"COPERNICUS/S1_GRD","band":"VH","value":-16.1954,"farmer_unique_id":"2743852","site_id":8276},{"date":"2020-09-12","product":"COPERNICUS/S1_GRD","band":"VH","value":-15.8868,"farmer_unique_id":"2743852","site_id":8276},{"date":"2020-09-17","product":"COPERNICUS/S1_GRD","band":"VH","value":-18.5656,"farmer_unique_id":"2743852","site_id":8276},{"date":"2020-09-24","product":"COPERNICUS/S1_GRD","band":"VH","value":-12.1534,"farmer_unique_id":"2743852","site_id":8276},{"date":"2020-09-29","product":"COPERNICUS/S1_GRD","band":"VH","value":-16.9595,"farmer_unique_id":"2743852","site_id":8276},{"date":"2020-10-06","product":"COPERNICUS/S1_GRD","band":"VH","value":-15.866,"farmer_unique_id":"2743852","site_id":8276},{"date":"2020-10-11","product":"COPERNICUS/S1_GRD","band":"VH","value":-16.3223,"farmer_unique_id":"2743852","site_id":8276},{"date":"2020-10-18","product":"COPERNICUS/S1_GRD","band":"VH","value":-15.4186,"farmer_unique_id":"2743852","site_id":8276},{"date":"2020-10-23","product":"COPERNICUS/S1_GRD","band":"VH","value":-13.1531,"farmer_unique_id":"2743852","site_id":8276},{"date":"2020-10-30","product":"COPERNICUS/S1_GRD","band":"VH","value":-11.2455,"farmer_unique_id":"2743852","site_id":8276},{"date":"2020-11-04","product":"COPERNICUS/S1_GRD","band":"VH","value":-16.08,"farmer_unique_id":"2743852","site_id":8276},{"date":"2020-11-11","product":"COPERNICUS/S1_GRD","band":"VH","value":-13.4578,"farmer_unique_id":"2743852","site_id":8276},{"date":"2020-11-16","product":"COPERNICUS/S1_GRD","band":"VH","value":-15.7198,"farmer_unique_id":"2743852","site_id":8276},{"date":"2020-11-23","product":"COPERNICUS/S1_GRD","band":"VH","value":-13.5838,"farmer_unique_id":"2743852","site_id":8276},{"date":"2020-11-28","product":"COPERNICUS/S1_GRD","band":"VH","value":-19.5348,"farmer_unique_id":"2743852","site_id":8276},{"date":"2020-12-05","product":"COPERNICUS/S1_GRD","band":"VH","value":-13.728,"farmer_unique_id":"2743852","site_id":8276},{"date":"2020-12-10","product":"COPERNICUS/S1_GRD","band":"VH","value":-18.5554,"farmer_unique_id":"2743852","site_id":8276},{"date":"2020-12-17","product":"COPERNICUS/S1_GRD","band":"VH","value":-14.4544,"farmer_unique_id":"2743852","site_id":8276},{"date":"2020-12-22","product":"COPERNICUS/S1_GRD","band":"VH","value":-18.2626,"farmer_unique_id":"2743852","site_id":8276},{"date":"2020-12-29","product":"COPERNICUS/S1_GRD","band":"VH","value":-15.4622,"farmer_unique_id":"2743852","site_id":8276},{"date":"2021-01-03","product":"COPERNICUS/S1_GRD","band":"VH","value":-16.7772,"farmer_unique_id":"2743852","site_id":8276},{"date":"2021-01-10","product":"COPERNICUS/S1_GRD","band":"VH","value":-16.3079,"farmer_unique_id":"2743852","site_id":8276},{"date":"2021-01-15","product":"COPERNICUS/S1_GRD","band":"VH","value":-16.9029,"farmer_unique_id":"2743852","site_id":8276},{"date":"2021-01-22","product":"COPERNICUS/S1_GRD","band":"VH","value":-16.0688,"farmer_unique_id":"2743852","site_id":8276},{"date":"2021-01-27","product":"COPERNICUS/S1_GRD","band":"VH","value":-16.9635,"farmer_unique_id":"2743852","site_id":8276},{"date":"2021-02-03","product":"COPERNICUS/S1_GRD","band":"VH","value":-15.4411,"farmer_unique_id":"2743852","site_id":8276},{"date":"2021-02-08","product":"COPERNICUS/S1_GRD","band":"VH","value":-19.174,"farmer_unique_id":"2743852","site_id":8276},{"date":"2021-02-15","product":"COPERNICUS/S1_GRD","band":"VH","value":-12.0084,"farmer_unique_id":"2743852","site_id":8276},{"date":"2021-02-20","product":"COPERNICUS/S1_GRD","band":"VH","value":-16.2037,"farmer_unique_id":"2743852","site_id":8276},{"date":"2021-02-27","product":"COPERNICUS/S1_GRD","band":"VH","value":-17.6828,"farmer_unique_id":"2743852","site_id":8276},{"date":"2021-03-04","product":"COPERNICUS/S1_GRD","band":"VH","value":-14.9212,"farmer_unique_id":"2743852","site_id":8276},{"date":"2021-03-11","product":"COPERNICUS/S1_GRD","band":"VH","value":-15.4899,"farmer_unique_id":"2743852","site_id":8276},{"date":"2021-03-16","product":"COPERNICUS/S1_GRD","band":"VH","value":-16.2235,"farmer_unique_id":"2743852","site_id":8276},{"date":"2021-03-23","product":"COPERNICUS/S1_GRD","band":"VH","value":-15.2982,"farmer_unique_id":"2743852","site_id":8276},{"date":"2021-03-28","product":"COPERNICUS/S1_GRD","band":"VH","value":-19.5486,"farmer_unique_id":"2743852","site_id":8276},{"date":"2021-04-04","product":"COPERNICUS/S1_GRD","band":"VH","value":-14.8478,"farmer_unique_id":"2743852","site_id":8276},{"date":"2021-04-09","product":"COPERNICUS/S1_GRD","band":"VH","value":-14.5385,"farmer_unique_id":"2743852","site_id":8276},{"date":"2021-04-16","product":"COPERNICUS/S1_GRD","band":"VH","value":-10.6512,"farmer_unique_id":"2743852","site_id":8276},{"date":"2021-04-21","product":"COPERNICUS/S1_GRD","band":"VH","value":-13.2216,"farmer_unique_id":"2743852","site_id":8276},{"date":"2021-04-28","product":"COPERNICUS/S1_GRD","band":"VH","value":-13.6954,"farmer_unique_id":"2743852","site_id":8276},{"date":"2021-05-03","product":"COPERNICUS/S1_GRD","band":"VH","value":-16.0901,"farmer_unique_id":"2743852","site_id":8276},{"date":"2021-05-10","product":"COPERNICUS/S1_GRD","band":"VH","value":-13.4426,"farmer_unique_id":"2743852","site_id":8276},{"date":"2021-05-15","product":"COPERNICUS/S1_GRD","band":"VH","value":-14.2983,"farmer_unique_id":"2743852","site_id":8276},{"date":"2021-05-22","product":"COPERNICUS/S1_GRD","band":"VH","value":-13.3327,"farmer_unique_id":"2743852","site_id":8276},{"date":"2021-05-27","product":"COPERNICUS/S1_GRD","band":"VH","value":-14.5166,"farmer_unique_id":"2743852","site_id":8276},{"date":"2021-06-03","product":"COPERNICUS/S1_GRD","band":"VH","value":-12.3797,"farmer_unique_id":"2743852","site_id":8276},{"date":"2021-06-08","product":"COPERNICUS/S1_GRD","band":"VH","value":-20.3116,"farmer_unique_id":"2743852","site_id":8276},{"date":"2021-06-15","product":"COPERNICUS/S1_GRD","band":"VH","value":-12.1154,"farmer_unique_id":"2743852","site_id":8276},{"date":"2021-06-20","product":"COPERNICUS/S1_GRD","band":"VH","value":-15.2692,"farmer_unique_id":"2743852","site_id":8276},{"date":"2021-06-27","product":"COPERNICUS/S1_GRD","band":"VH","value":-18.4876,"farmer_unique_id":"2743852","site_id":8276},{"date":"2021-07-02","product":"COPERNICUS/S1_GRD","band":"VH","value":-12.9107,"farmer_unique_id":"2743852","site_id":8276},{"date":"2021-07-09","product":"COPERNICUS/S1_GRD","band":"VH","value":-12.1563,"farmer_unique_id":"2743852","site_id":8276},{"date":"2021-07-14","product":"COPERNICUS/S1_GRD","band":"VH","value":-18.4395,"farmer_unique_id":"2743852","site_id":8276},{"date":"2021-07-21","product":"COPERNICUS/S1_GRD","band":"VH","value":-17.4112,"farmer_unique_id":"2743852","site_id":8276},{"date":"2021-07-26","product":"COPERNICUS/S1_GRD","band":"VH","value":-15.0757,"farmer_unique_id":"2743852","site_id":8276},{"date":"2021-08-02","product":"COPERNICUS/S1_GRD","band":"VH","value":-15.4622,"farmer_unique_id":"2743852","site_id":8276},{"date":"2021-08-07","product":"COPERNICUS/S1_GRD","band":"VH","value":-23.512,"farmer_unique_id":"2743852","site_id":8276},{"date":"2021-08-14","product":"COPERNICUS/S1_GRD","band":"VH","value":-12.8473,"farmer_unique_id":"2743852","site_id":8276},{"date":"2021-08-19","product":"COPERNICUS/S1_GRD","band":"VH","value":-16.1548,"farmer_unique_id":"2743852","site_id":8276},{"date":"2021-08-26","product":"COPERNICUS/S1_GRD","band":"VH","value":-17.9636,"farmer_unique_id":"2743852","site_id":8276},{"date":"2021-08-31","product":"COPERNICUS/S1_GRD","band":"VH","value":-18.403,"farmer_unique_id":"2743852","site_id":8276},{"date":"2021-09-07","product":"COPERNICUS/S1_GRD","band":"VH","value":-17.2928,"farmer_unique_id":"2743852","site_id":8276},{"date":"2021-09-12","product":"COPERNICUS/S1_GRD","band":"VH","value":-17.5305,"farmer_unique_id":"2743852","site_id":8276},{"date":"2021-09-19","product":"COPERNICUS/S1_GRD","band":"VH","value":-16.1784,"farmer_unique_id":"2743852","site_id":8276},{"date":"2021-09-24","product":"COPERNICUS/S1_GRD","band":"VH","value":-14.9953,"farmer_unique_id":"2743852","site_id":8276},{"date":"2021-10-01","product":"COPERNICUS/S1_GRD","band":"VH","value":-18.1195,"farmer_unique_id":"2743852","site_id":8276},{"date":"2021-10-06","product":"COPERNICUS/S1_GRD","band":"VH","value":-16.0432,"farmer_unique_id":"2743852","site_id":8276},{"date":"2021-10-13","product":"COPERNICUS/S1_GRD","band":"VH","value":-12.7743,"farmer_unique_id":"2743852","site_id":8276},{"date":"2021-10-18","product":"COPERNICUS/S1_GRD","band":"VH","value":-13.8872,"farmer_unique_id":"2743852","site_id":8276},{"date":"2021-10-25","product":"COPERNICUS/S1_GRD","band":"VH","value":-10.5624,"farmer_unique_id":"2743852","site_id":8276},{"date":"2021-10-30","product":"COPERNICUS/S1_GRD","band":"VH","value":-19.7093,"farmer_unique_id":"2743852","site_id":8276},{"date":"2021-11-06","product":"COPERNICUS/S1_GRD","band":"VH","value":-14.8117,"farmer_unique_id":"2743852","site_id":8276},{"date":"2021-11-11","product":"COPERNICUS/S1_GRD","band":"VH","value":-18.7081,"farmer_unique_id":"2743852","site_id":8276},{"date":"2021-11-18","product":"COPERNICUS/S1_GRD","band":"VH","value":-15.2704,"farmer_unique_id":"2743852","site_id":8276},{"date":"2021-11-23","product":"COPERNICUS/S1_GRD","band":"VH","value":-12.3005,"farmer_unique_id":"2743852","site_id":8276},{"date":"2021-11-30","product":"COPERNICUS/S1_GRD","band":"VH","value":-13.1242,"farmer_unique_id":"2743852","site_id":8276},{"date":"2021-12-05","product":"COPERNICUS/S1_GRD","band":"VH","value":-19.0986,"farmer_unique_id":"2743852","site_id":8276},{"date":"2021-12-12","product":"COPERNICUS/S1_GRD","band":"VH","value":-15.0047,"farmer_unique_id":"2743852","site_id":8276},{"date":"2021-12-17","product":"COPERNICUS/S1_GRD","band":"VH","value":-16.1915,"farmer_unique_id":"2743852","site_id":8276},{"date":"2021-12-24","product":"COPERNICUS/S1_GRD","band":"VH","value":-14.5154,"farmer_unique_id":"2743852","site_id":8276},{"date":"2021-12-29","product":"COPERNICUS/S1_GRD","band":"VH","value":-16.4296,"farmer_unique_id":"2743852","site_id":8276},{"date":"2020-01-04","product":"COPERNICUS/S1_GRD","band":"VV","value":-6.5237,"farmer_unique_id":"2743852","site_id":8276},{"date":"2020-01-09","product":"COPERNICUS/S1_GRD","band":"VV","value":-9.2271,"farmer_unique_id":"2743852","site_id":8276},{"date":"2020-01-16","product":"COPERNICUS/S1_GRD","band":"VV","value":-9.1855,"farmer_unique_id":"2743852","site_id":8276},{"date":"2020-01-21","product":"COPERNICUS/S1_GRD","band":"VV","value":-11.6431,"farmer_unique_id":"2743852","site_id":8276},{"date":"2020-01-28","product":"COPERNICUS/S1_GRD","band":"VV","value":-6.4633,"farmer_unique_id":"2743852","site_id":8276},{"date":"2020-02-02","product":"COPERNICUS/S1_GRD","band":"VV","value":-8.1037,"farmer_unique_id":"2743852","site_id":8276},{"date":"2020-02-09","product":"COPERNICUS/S1_GRD","band":"VV","value":-8.8716,"farmer_unique_id":"2743852","site_id":8276},{"date":"2020-02-14","product":"COPERNICUS/S1_GRD","band":"VV","value":-12.0723,"farmer_unique_id":"2743852","site_id":8276},{"date":"2020-02-21","product":"COPERNICUS/S1_GRD","band":"VV","value":-11.7357,"farmer_unique_id":"2743852","site_id":8276},{"date":"2020-02-26","product":"COPERNICUS/S1_GRD","band":"VV","value":-12.2794,"farmer_unique_id":"2743852","site_id":8276},{"date":"2020-03-04","product":"COPERNICUS/S1_GRD","band":"VV","value":-7.0389,"farmer_unique_id":"2743852","site_id":8276},{"date":"2020-03-09","product":"COPERNICUS/S1_GRD","band":"VV","value":-10.5595,"farmer_unique_id":"2743852","site_id":8276},{"date":"2020-03-16","product":"COPERNICUS/S1_GRD","band":"VV","value":-6.9563,"farmer_unique_id":"2743852","site_id":8276},{"date":"2020-03-21","product":"COPERNICUS/S1_GRD","band":"VV","value":-12.3227,"farmer_unique_id":"2743852","site_id":8276},{"date":"2020-03-28","product":"COPERNICUS/S1_GRD","band":"VV","value":-3.1032,"farmer_unique_id":"2743852","site_id":8276},{"date":"2020-04-02","product":"COPERNICUS/S1_GRD","band":"VV","value":-7.954,"farmer_unique_id":"2743852","site_id":8276},{"date":"2020-04-09","product":"COPERNICUS/S1_GRD","band":"VV","value":-13.0702,"farmer_unique_id":"2743852","site_id":8276},{"date":"2020-04-14","product":"COPERNICUS/S1_GRD","band":"VV","value":-6.3239,"farmer_unique_id":"2743852","site_id":8276},{"date":"2020-04-21","product":"COPERNICUS/S1_GRD","band":"VV","value":-4.1647,"farmer_unique_id":"2743852","site_id":8276},{"date":"2020-04-26","product":"COPERNICUS/S1_GRD","band":"VV","value":-13.9761,"farmer_unique_id":"2743852","site_id":8276},{"date":"2020-05-03","product":"COPERNICUS/S1_GRD","band":"VV","value":-5.1625,"farmer_unique_id":"2743852","site_id":8276},{"date":"2020-05-08","product":"COPERNICUS/S1_GRD","band":"VV","value":-8.3792,"farmer_unique_id":"2743852","site_id":8276},{"date":"2020-05-15","product":"COPERNICUS/S1_GRD","band":"VV","value":-7.3032,"farmer_unique_id":"2743852","site_id":8276},{"date":"2020-05-20","product":"COPERNICUS/S1_GRD","band":"VV","value":-11.6112,"farmer_unique_id":"2743852","site_id":8276},{"date":"2020-05-27","product":"COPERNICUS/S1_GRD","band":"VV","value":-4.869,"farmer_unique_id":"2743852","site_id":8276},{"date":"2020-06-01","product":"COPERNICUS/S1_GRD","band":"VV","value":-7.2393,"farmer_unique_id":"2743852","site_id":8276},{"date":"2020-06-08","product":"COPERNICUS/S1_GRD","band":"VV","value":-9.614,"farmer_unique_id":"2743852","site_id":8276},{"date":"2020-06-13","product":"COPERNICUS/S1_GRD","band":"VV","value":-12.1695,"farmer_unique_id":"2743852","site_id":8276},{"date":"2020-06-20","product":"COPERNICUS/S1_GRD","band":"VV","value":-7.2699,"farmer_unique_id":"2743852","site_id":8276},{"date":"2020-06-25","product":"COPERNICUS/S1_GRD","band":"VV","value":-8.6973,"farmer_unique_id":"2743852","site_id":8276},{"date":"2020-07-02","product":"COPERNICUS/S1_GRD","band":"VV","value":-8.3835,"farmer_unique_id":"2743852","site_id":8276},{"date":"2020-07-07","product":"COPERNICUS/S1_GRD","band":"VV","value":-10.3475,"farmer_unique_id":"2743852","site_id":8276},{"date":"2020-07-14","product":"COPERNICUS/S1_GRD","band":"VV","value":-5.8866,"farmer_unique_id":"2743852","site_id":8276},{"date":"2020-07-19","product":"COPERNICUS/S1_GRD","band":"VV","value":-9.1522,"farmer_unique_id":"2743852","site_id":8276},{"date":"2020-07-26","product":"COPERNICUS/S1_GRD","band":"VV","value":-6.3374,"farmer_unique_id":"2743852","site_id":8276},{"date":"2020-07-31","product":"COPERNICUS/S1_GRD","band":"VV","value":-12.1706,"farmer_unique_id":"2743852","site_id":8276},{"date":"2020-08-07","product":"COPERNICUS/S1_GRD","band":"VV","value":-8.0657,"farmer_unique_id":"2743852","site_id":8276},{"date":"2020-08-12","product":"COPERNICUS/S1_GRD","band":"VV","value":-8.7698,"farmer_unique_id":"2743852","site_id":8276},{"date":"2020-08-19","product":"COPERNICUS/S1_GRD","band":"VV","value":-8.0682,"farmer_unique_id":"2743852","site_id":8276},{"date":"2020-08-24","product":"COPERNICUS/S1_GRD","band":"VV","value":-8.6504,"farmer_unique_id":"2743852","site_id":8276},{"date":"2020-08-31","product":"COPERNICUS/S1_GRD","band":"VV","value":-6.6261,"farmer_unique_id":"2743852","site_id":8276},{"date":"2020-09-05","product":"COPERNICUS/S1_GRD","band":"VV","value":-16.3055,"farmer_unique_id":"2743852","site_id":8276},{"date":"2020-09-12","product":"COPERNICUS/S1_GRD","band":"VV","value":-9.4113,"farmer_unique_id":"2743852","site_id":8276},{"date":"2020-09-17","product":"COPERNICUS/S1_GRD","band":"VV","value":-9.0404,"farmer_unique_id":"2743852","site_id":8276},{"date":"2020-09-24","product":"COPERNICUS/S1_GRD","band":"VV","value":-11.1167,"farmer_unique_id":"2743852","site_id":8276},{"date":"2020-09-29","product":"COPERNICUS/S1_GRD","band":"VV","value":-7.0058,"farmer_unique_id":"2743852","site_id":8276},{"date":"2020-10-06","product":"COPERNICUS/S1_GRD","band":"VV","value":-7.2925,"farmer_unique_id":"2743852","site_id":8276},{"date":"2020-10-11","product":"COPERNICUS/S1_GRD","band":"VV","value":-9.2593,"farmer_unique_id":"2743852","site_id":8276},{"date":"2020-10-18","product":"COPERNICUS/S1_GRD","band":"VV","value":-4.0171,"farmer_unique_id":"2743852","site_id":8276},{"date":"2020-10-23","product":"COPERNICUS/S1_GRD","band":"VV","value":-9.8394,"farmer_unique_id":"2743852","site_id":8276},{"date":"2020-10-30","product":"COPERNICUS/S1_GRD","band":"VV","value":-8.3726,"farmer_unique_id":"2743852","site_id":8276},{"date":"2020-11-04","product":"COPERNICUS/S1_GRD","band":"VV","value":-9.8169,"farmer_unique_id":"2743852","site_id":8276},{"date":"2020-11-11","product":"COPERNICUS/S1_GRD","band":"VV","value":-5.809,"farmer_unique_id":"2743852","site_id":8276},{"date":"2020-11-16","product":"COPERNICUS/S1_GRD","band":"VV","value":-9.0586,"farmer_unique_id":"2743852","site_id":8276},{"date":"2020-11-23","product":"COPERNICUS/S1_GRD","band":"VV","value":-6.646,"farmer_unique_id":"2743852","site_id":8276},{"date":"2020-11-28","product":"COPERNICUS/S1_GRD","band":"VV","value":-13.0625,"farmer_unique_id":"2743852","site_id":8276},{"date":"2020-12-05","product":"COPERNICUS/S1_GRD","band":"VV","value":-6.7883,"farmer_unique_id":"2743852","site_id":8276},{"date":"2020-12-10","product":"COPERNICUS/S1_GRD","band":"VV","value":-10.7517,"farmer_unique_id":"2743852","site_id":8276},{"date":"2020-12-17","product":"COPERNICUS/S1_GRD","band":"VV","value":-9.3217,"farmer_unique_id":"2743852","site_id":8276},{"date":"2020-12-22","product":"COPERNICUS/S1_GRD","band":"VV","value":-11.0671,"farmer_unique_id":"2743852","site_id":8276},{"date":"2020-12-29","product":"COPERNICUS/S1_GRD","band":"VV","value":-6.4054,"farmer_unique_id":"2743852","site_id":8276},{"date":"2021-01-03","product":"COPERNICUS/S1_GRD","band":"VV","value":-11.3406,"farmer_unique_id":"2743852","site_id":8276},{"date":"2021-01-10","product":"COPERNICUS/S1_GRD","band":"VV","value":-5.4562,"farmer_unique_id":"2743852","site_id":8276},{"date":"2021-01-15","product":"COPERNICUS/S1_GRD","band":"VV","value":-13.1443,"farmer_unique_id":"2743852","site_id":8276},{"date":"2021-01-22","product":"COPERNICUS/S1_GRD","band":"VV","value":-12.1005,"farmer_unique_id":"2743852","site_id":8276},{"date":"2021-01-27","product":"COPERNICUS/S1_GRD","band":"VV","value":-6.9107,"farmer_unique_id":"2743852","site_id":8276},{"date":"2021-02-03","product":"COPERNICUS/S1_GRD","band":"VV","value":-8.7465,"farmer_unique_id":"2743852","site_id":8276},{"date":"2021-02-08","product":"COPERNICUS/S1_GRD","band":"VV","value":-13.3349,"farmer_unique_id":"2743852","site_id":8276},{"date":"2021-02-15","product":"COPERNICUS/S1_GRD","band":"VV","value":-6.8814,"farmer_unique_id":"2743852","site_id":8276},{"date":"2021-02-20","product":"COPERNICUS/S1_GRD","band":"VV","value":-12.7605,"farmer_unique_id":"2743852","site_id":8276},{"date":"2021-02-27","product":"COPERNICUS/S1_GRD","band":"VV","value":-8.2033,"farmer_unique_id":"2743852","site_id":8276},{"date":"2021-03-04","product":"COPERNICUS/S1_GRD","band":"VV","value":-8.9434,"farmer_unique_id":"2743852","site_id":8276},{"date":"2021-03-11","product":"COPERNICUS/S1_GRD","band":"VV","value":-7.063,"farmer_unique_id":"2743852","site_id":8276},{"date":"2021-03-16","product":"COPERNICUS/S1_GRD","band":"VV","value":-5.3845,"farmer_unique_id":"2743852","site_id":8276},{"date":"2021-03-23","product":"COPERNICUS/S1_GRD","band":"VV","value":-6.4077,"farmer_unique_id":"2743852","site_id":8276},{"date":"2021-03-28","product":"COPERNICUS/S1_GRD","band":"VV","value":-11.477,"farmer_unique_id":"2743852","site_id":8276},{"date":"2021-04-04","product":"COPERNICUS/S1_GRD","band":"VV","value":-8.6577,"farmer_unique_id":"2743852","site_id":8276},{"date":"2021-04-09","product":"COPERNICUS/S1_GRD","band":"VV","value":-9.8833,"farmer_unique_id":"2743852","site_id":8276},{"date":"2021-04-16","product":"COPERNICUS/S1_GRD","band":"VV","value":-5.5734,"farmer_unique_id":"2743852","site_id":8276},{"date":"2021-04-21","product":"COPERNICUS/S1_GRD","band":"VV","value":-7.9557,"farmer_unique_id":"2743852","site_id":8276},{"date":"2021-04-28","product":"COPERNICUS/S1_GRD","band":"VV","value":-7.7652,"farmer_unique_id":"2743852","site_id":8276},{"date":"2021-05-03","product":"COPERNICUS/S1_GRD","band":"VV","value":-9.2725,"farmer_unique_id":"2743852","site_id":8276},{"date":"2021-05-10","product":"COPERNICUS/S1_GRD","band":"VV","value":-3.7211,"farmer_unique_id":"2743852","site_id":8276},{"date":"2021-05-15","product":"COPERNICUS/S1_GRD","band":"VV","value":-8.5065,"farmer_unique_id":"2743852","site_id":8276},{"date":"2021-05-22","product":"COPERNICUS/S1_GRD","band":"VV","value":-7.5177,"farmer_unique_id":"2743852","site_id":8276},{"date":"2021-05-27","product":"COPERNICUS/S1_GRD","band":"VV","value":-10.7153,"farmer_unique_id":"2743852","site_id":8276},{"date":"2021-06-03","product":"COPERNICUS/S1_GRD","band":"VV","value":-3.6764,"farmer_unique_id":"2743852","site_id":8276},{"date":"2021-06-08","product":"COPERNICUS/S1_GRD","band":"VV","value":-11.0753,"farmer_unique_id":"2743852","site_id":8276},{"date":"2021-06-15","product":"COPERNICUS/S1_GRD","band":"VV","value":-10.1791,"farmer_unique_id":"2743852","site_id":8276},{"date":"2021-06-20","product":"COPERNICUS/S1_GRD","band":"VV","value":-12.5959,"farmer_unique_id":"2743852","site_id":8276},{"date":"2021-06-27","product":"COPERNICUS/S1_GRD","band":"VV","value":-5.5106,"farmer_unique_id":"2743852","site_id":8276},{"date":"2021-07-02","product":"COPERNICUS/S1_GRD","band":"VV","value":-6.3542,"farmer_unique_id":"2743852","site_id":8276},{"date":"2021-07-09","product":"COPERNICUS/S1_GRD","band":"VV","value":-8.9527,"farmer_unique_id":"2743852","site_id":8276},{"date":"2021-07-14","product":"COPERNICUS/S1_GRD","band":"VV","value":-11.0357,"farmer_unique_id":"2743852","site_id":8276},{"date":"2021-07-21","product":"COPERNICUS/S1_GRD","band":"VV","value":-10.24,"farmer_unique_id":"2743852","site_id":8276},{"date":"2021-07-26","product":"COPERNICUS/S1_GRD","band":"VV","value":-8.7131,"farmer_unique_id":"2743852","site_id":8276},{"date":"2021-08-02","product":"COPERNICUS/S1_GRD","band":"VV","value":-8.2326,"farmer_unique_id":"2743852","site_id":8276},{"date":"2021-08-07","product":"COPERNICUS/S1_GRD","band":"VV","value":-9.9007,"farmer_unique_id":"2743852","site_id":8276},{"date":"2021-08-14","product":"COPERNICUS/S1_GRD","band":"VV","value":-5.2475,"farmer_unique_id":"2743852","site_id":8276},{"date":"2021-08-19","product":"COPERNICUS/S1_GRD","band":"VV","value":-16.3171,"farmer_unique_id":"2743852","site_id":8276},{"date":"2021-08-26","product":"COPERNICUS/S1_GRD","band":"VV","value":-7.5953,"farmer_unique_id":"2743852","site_id":8276},{"date":"2021-08-31","product":"COPERNICUS/S1_GRD","band":"VV","value":-13.0602,"farmer_unique_id":"2743852","site_id":8276},{"date":"2021-09-07","product":"COPERNICUS/S1_GRD","band":"VV","value":-6.4902,"farmer_unique_id":"2743852","site_id":8276},{"date":"2021-09-12","product":"COPERNICUS/S1_GRD","band":"VV","value":-7.1855,"farmer_unique_id":"2743852","site_id":8276},{"date":"2021-09-19","product":"COPERNICUS/S1_GRD","band":"VV","value":-9.3536,"farmer_unique_id":"2743852","site_id":8276},{"date":"2021-09-24","product":"COPERNICUS/S1_GRD","band":"VV","value":-7.3637,"farmer_unique_id":"2743852","site_id":8276},{"date":"2021-10-01","product":"COPERNICUS/S1_GRD","band":"VV","value":-4.2729,"farmer_unique_id":"2743852","site_id":8276},{"date":"2021-10-06","product":"COPERNICUS/S1_GRD","band":"VV","value":-11.349,"farmer_unique_id":"2743852","site_id":8276},{"date":"2021-10-13","product":"COPERNICUS/S1_GRD","band":"VV","value":-7.9337,"farmer_unique_id":"2743852","site_id":8276},{"date":"2021-10-18","product":"COPERNICUS/S1_GRD","band":"VV","value":-7.8384,"farmer_unique_id":"2743852","site_id":8276},{"date":"2021-10-25","product":"COPERNICUS/S1_GRD","band":"VV","farmer_unique_id":"2743852","site_id":8276},{"date":"2021-10-30","product":"COPERNICUS/S1_GRD","band":"VV","value":-9.5085,"farmer_unique_id":"2743852","site_id":8276},{"date":"2021-11-06","product":"COPERNICUS/S1_GRD","band":"VV","value":-9.7743,"farmer_unique_id":"2743852","site_id":8276},{"date":"2021-11-11","product":"COPERNICUS/S1_GRD","band":"VV","value":-9.856,"farmer_unique_id":"2743852","site_id":8276},{"date":"2021-11-18","product":"COPERNICUS/S1_GRD","band":"VV","value":-4.0699,"farmer_unique_id":"2743852","site_id":8276},{"date":"2021-11-23","product":"COPERNICUS/S1_GRD","band":"VV","value":-12.1396,"farmer_unique_id":"2743852","site_id":8276},{"date":"2021-11-30","product":"COPERNICUS/S1_GRD","band":"VV","value":-6.3186,"farmer_unique_id":"2743852","site_id":8276},{"date":"2021-12-05","product":"COPERNICUS/S1_GRD","band":"VV","value":-9.6089,"farmer_unique_id":"2743852","site_id":8276},{"date":"2021-12-12","product":"COPERNICUS/S1_GRD","band":"VV","value":-7.7931,"farmer_unique_id":"2743852","site_id":8276},{"date":"2021-12-17","product":"COPERNICUS/S1_GRD","band":"VV","value":-10.278,"farmer_unique_id":"2743852","site_id":8276},{"date":"2021-12-24","product":"COPERNICUS/S1_GRD","band":"VV","value":-7.0913,"farmer_unique_id":"2743852","site_id":8276},{"date":"2021-12-29","product":"COPERNICUS/S1_GRD","band":"VV","value":-9.494,"farmer_unique_id":"2743852","site_id":8276}]
