[{"date":"2020-01-11","product":"COPERNICUS/S1_GRD","band":"VH","value":-16.8888,"farmer_unique_id":"3708393","site_id":2269},{"date":"2020-01-23","product":"COPERNICUS/S1_GRD","band":"VH","value":-19.8271,"farmer_unique_id":"3708393","site_id":2269},{"date":"2020-02-04","product":"COPERNICUS/S1_GRD","band":"VH","value":-17.7029,"farmer_unique_id":"3708393","site_id":2269},{"date":"2020-02-16","product":"COPERNICUS/S1_GRD","band":"VH","value":-14.0314,"farmer_unique_id":"3708393","site_id":2269},{"date":"2020-02-28","product":"COPERNICUS/S1_GRD","band":"VH","value":-18.0615,"farmer_unique_id":"3708393","site_id":2269},{"date":"2020-03-11","product":"COPERNICUS/S1_GRD","band":"VH","value":-14.3843,"farmer_unique_id":"3708393","site_id":2269},{"date":"2020-03-23","product":"COPERNICUS/S1_GRD","band":"VH","value":-21.5747,"farmer_unique_id":"3708393","site_id":2269},{"date":"2020-04-04","product":"COPERNICUS/S1_GRD","band":"VH","value":-15.4405,"farmer_unique_id":"3708393","site_id":2269},{"date":"2020-04-16","product":"COPERNICUS/S1_GRD","band":"VH","value":-15.8324,"farmer_unique_id":"3708393","site_id":2269},{"date":"2020-04-28","product":"COPERNICUS/S1_GRD","band":"VH","value":-18.505,"farmer_unique_id":"3708393","site_id":2269},{"date":"2020-05-10","product":"COPERNICUS/S1_GRD","band":"VH","value":-16.7197,"farmer_unique_id":"3708393","site_id":2269},{"date":"2020-05-22","product":"COPERNICUS/S1_GRD","band":"VH","value":-13.8632,"farmer_unique_id":"3708393","site_id":2269},{"date":"2020-06-03","product":"COPERNICUS/S1_GRD","band":"VH","value":-14.6822,"farmer_unique_id":"3708393","site_id":2269},{"date":"2020-06-15","product":"COPERNICUS/S1_GRD","band":"VH","value":-16.3095,"farmer_unique_id":"3708393","site_id":2269},{"date":"2020-06-27","product":"COPERNICUS/S1_GRD","band":"VH","value":-15.9735,"farmer_unique_id":"3708393","site_id":2269},{"date":"2020-07-09","product":"COPERNICUS/S1_GRD","band":"VH","value":-18.114,"farmer_unique_id":"3708393","site_id":2269},{"date":"2020-07-21","product":"COPERNICUS/S1_GRD","band":"VH","value":-19.6295,"farmer_unique_id":"3708393","site_id":2269},{"date":"2020-08-02","product":"COPERNICUS/S1_GRD","band":"VH","value":-18.3597,"farmer_unique_id":"3708393","site_id":2269},{"date":"2020-08-14","product":"COPERNICUS/S1_GRD","band":"VH","value":-22.1693,"farmer_unique_id":"3708393","site_id":2269},{"date":"2020-08-26","product":"COPERNICUS/S1_GRD","band":"VH","value":-23.5985,"farmer_unique_id":"3708393","site_id":2269},{"date":"2020-09-07","product":"COPERNICUS/S1_GRD","band":"VH","value":-19.6159,"farmer_unique_id":"3708393","site_id":2269},{"date":"2020-09-19","product":"COPERNICUS/S1_GRD","band":"VH","value":-22.6728,"farmer_unique_id":"3708393","site_id":2269},{"date":"2020-10-01","product":"COPERNICUS/S1_GRD","band":"VH","value":-21.2355,"farmer_unique_id":"3708393","site_id":2269},{"date":"2020-10-13","product":"COPERNICUS/S1_GRD","band":"VH","value":-26.2007,"farmer_unique_id":"3708393","site_id":2269},{"date":"2020-10-25","product":"COPERNICUS/S1_GRD","band":"VH","value":-24.2533,"farmer_unique_id":"3708393","site_id":2269},{"date":"2020-11-06","product":"COPERNICUS/S1_GRD","band":"VH","value":-17.2421,"farmer_unique_id":"3708393","site_id":2269},{"date":"2020-11-18","product":"COPERNICUS/S1_GRD","band":"VH","value":-22.278,"farmer_unique_id":"3708393","site_id":2269},{"date":"2020-11-30","product":"COPERNICUS/S1_GRD","band":"VH","value":-21.3821,"farmer_unique_id":"3708393","site_id":2269},{"date":"2020-12-12","product":"COPERNICUS/S1_GRD","band":"VH","value":-17.3586,"farmer_unique_id":"3708393","site_id":2269},{"date":"2020-12-24","product":"COPERNICUS/S1_GRD","band":"VH","value":-15.4487,"farmer_unique_id":"3708393","site_id":2269},{"date":"2021-01-05","product":"COPERNICUS/S1_GRD","band":"VH","value":-13.9679,"farmer_unique_id":"3708393","site_id":2269},{"date":"2021-01-17","product":"COPERNICUS/S1_GRD","band":"VH","value":-16.9262,"farmer_unique_id":"3708393","site_id":2269},{"date":"2021-01-29","product":"COPERNICUS/S1_GRD","band":"VH","value":-16.2506,"farmer_unique_id":"3708393","site_id":2269},{"date":"2021-02-10","product":"COPERNICUS/S1_GRD","band":"VH","value":-14.519,"farmer_unique_id":"3708393","site_id":2269},{"date":"2021-02-22","product":"COPERNICUS/S1_GRD","band":"VH","value":-15.4787,"farmer_unique_id":"3708393","site_id":2269},{"date":"2021-03-06","product":"COPERNICUS/S1_GRD","band":"VH","value":-22.8762,"farmer_unique_id":"3708393","site_id":2269},{"date":"2021-03-18","product":"COPERNICUS/S1_GRD","band":"VH","value":-17.9882,"farmer_unique_id":"3708393","site_id":2269},{"date":"2021-03-30","product":"COPERNICUS/S1_GRD","band":"VH","value":-14.1309,"farmer_unique_id":"3708393","site_id":2269},{"date":"2021-04-11","product":"COPERNICUS/S1_GRD","band":"VH","value":-21.7341,"farmer_unique_id":"3708393","site_id":2269},{"date":"2021-04-23","product":"COPERNICUS/S1_GRD","band":"VH","value":-15.7391,"farmer_unique_id":"3708393","site_id":2269},{"date":"2021-05-05","product":"COPERNICUS/S1_GRD","band":"VH","value":-14.9623,"farmer_unique_id":"3708393","site_id":2269},{"date":"2021-05-17","product":"COPERNICUS/S1_GRD","band":"VH","value":-16.6363,"farmer_unique_id":"3708393","site_id":2269},{"date":"2021-05-29","product":"COPERNICUS/S1_GRD","band":"VH","value":-14.6784,"farmer_unique_id":"3708393","site_id":2269},{"date":"2021-06-10","product":"COPERNICUS/S1_GRD","band":"VH","value":-17.7242,"farmer_unique_id":"3708393","site_id":2269},{"date":"2021-06-22","product":"COPERNICUS/S1_GRD","band":"VH","value":-15.8332,"farmer_unique_id":"3708393","site_id":2269},{"date":"2021-07-04","product":"COPERNICUS/S1_GRD","band":"VH","value":-16.0477,"farmer_unique_id":"3708393","site_id":2269},{"date":"2021-07-16","product":"COPERNICUS/S1_GRD","band":"VH","value":-20.3211,"farmer_unique_id":"3708393","site_id":2269},{"date":"2021-07-28","product":"COPERNICUS/S1_GRD","band":"VH","value":-18.456,"farmer_unique_id":"3708393","site_id":2269},{"date":"2021-08-09","product":"COPERNICUS/S1_GRD","band":"VH","value":-19.1254,"farmer_unique_id":"3708393","site_id":2269},{"date":"2021-08-21","product":"COPERNICUS/S1_GRD","band":"VH","value":-18.5019,"farmer_unique_id":"3708393","site_id":2269},{"date":"2021-09-02","product":"COPERNICUS/S1_GRD","band":"VH","value":-23.1606,"farmer_unique_id":"3708393","site_id":2269},{"date":"2021-09-14","product":"COPERNICUS/S1_GRD","band":"VH","value":-21.2819,"farmer_unique_id":"3708393","site_id":2269},{"date":"2021-09-26","product":"COPERNICUS/S1_GRD","band":"VH","value":-23.5006,"farmer_unique_id":"3708393","site_id":2269},{"date":"2021-10-08","product":"COPERNICUS/S1_GRD","band":"VH","value":-21.6126,"farmer_unique_id":"3708393","site_id":2269},{"date":"2021-10-20","product":"COPERNICUS/S1_GRD","band":"VH","value":-25.2022,"farmer_unique_id":"3708393","site_id":2269},{"date":"2021-11-01","product":"COPERNICUS/S1_GRD","band":"VH","value":-19.6639,"farmer_unique_id":"3708393","site_id":2269},{"date":"2021-11-13","product":"COPERNICUS/S1_GRD","band":"VH","value":-15.5859,"farmer_unique_id":"3708393","site_id":2269},{"date":"2021-11-25","product":"COPERNICUS/S1_GRD","band":"VH","value":-17.2301,"farmer_unique_id":"3708393","site_id":2269},{"date":"2021-12-07","product":"COPERNICUS/S1_GRD","band":"VH","value":-17.2532,"farmer_unique_id":"3708393","site_id":2269},{"date":"2021-12-19","product":"COPERNICUS/S1_GRD","band":"VH","value":-14.6966,"farmer_unique_id":"3708393","site_id":2269},{"date":"2020-01-11","product":"COPERNICUS/S1_GRD","band":"VV","value":-11.7709,"farmer_unique_id":"3708393","site_id":2269},{"date":"2020-01-23","product":"COPERNICUS/S1_GRD","band":"VV","value":-9.4879,"farmer_unique_id":"3708393","site_id":2269},{"date":"2020-02-04","product":"COPERNICUS/S1_GRD","band":"VV","value":-9.2968,"farmer_unique_id":"3708393","site_id":2269},{"date":"2020-02-16","product":"COPERNICUS/S1_GRD","band":"VV","value":-9.9118,"farmer_unique_id":"3708393","site_id":2269},{"date":"2020-02-28","product":"COPERNICUS/S1_GRD","band":"VV","value":-8.7192,"farmer_unique_id":"3708393","site_id":2269},{"date":"2020-03-11","product":"COPERNICUS/S1_GRD","band":"VV","value":-10.5749,"farmer_unique_id":"3708393","site_id":2269},{"date":"2020-03-23","product":"COPERNICUS/S1_GRD","band":"VV","value":-12.2001,"farmer_unique_id":"3708393","site_id":2269},{"date":"2020-04-04","product":"COPERNICUS/S1_GRD","band":"VV","value":-11.9157,"farmer_unique_id":"3708393","site_id":2269},{"date":"2020-04-16","product":"COPERNICUS/S1_GRD","band":"VV","value":-7.9386,"farmer_unique_id":"3708393","site_id":2269},{"date":"2020-04-28","product":"COPERNICUS/S1_GRD","band":"VV","value":-7.0147,"farmer_unique_id":"3708393","site_id":2269},{"date":"2020-05-10","product":"COPERNICUS/S1_GRD","band":"VV","value":-8.2394,"farmer_unique_id":"3708393","site_id":2269},{"date":"2020-05-22","product":"COPERNICUS/S1_GRD","band":"VV","value":-9.9433,"farmer_unique_id":"3708393","site_id":2269},{"date":"2020-06-03","product":"COPERNICUS/S1_GRD","band":"VV","value":-9.532,"farmer_unique_id":"3708393","site_id":2269},{"date":"2020-06-15","product":"COPERNICUS/S1_GRD","band":"VV","value":-12.7857,"farmer_unique_id":"3708393","site_id":2269},{"date":"2020-06-27","product":"COPERNICUS/S1_GRD","band":"VV","value":-13.7172,"farmer_unique_id":"3708393","site_id":2269},{"date":"2020-07-09","product":"COPERNICUS/S1_GRD","band":"VV","value":-11.3522,"farmer_unique_id":"3708393","site_id":2269},{"date":"2020-07-21","product":"COPERNICUS/S1_GRD","band":"VV","value":-12.1365,"farmer_unique_id":"3708393","site_id":2269},{"date":"2020-08-02","product":"COPERNICUS/S1_GRD","band":"VV","value":-10.9053,"farmer_unique_id":"3708393","site_id":2269},{"date":"2020-08-14","product":"COPERNICUS/S1_GRD","band":"VV","value":-13.2403,"farmer_unique_id":"3708393","site_id":2269},{"date":"2020-08-26","product":"COPERNICUS/S1_GRD","band":"VV","value":-12.2945,"farmer_unique_id":"3708393","site_id":2269},{"date":"2020-09-07","product":"COPERNICUS/S1_GRD","band":"VV","value":-10.7154,"farmer_unique_id":"3708393","site_id":2269},{"date":"2020-09-19","product":"COPERNICUS/S1_GRD","band":"VV","value":-15.5828,"farmer_unique_id":"3708393","site_id":2269},{"date":"2020-10-01","product":"COPERNICUS/S1_GRD","band":"VV","value":-12.6488,"farmer_unique_id":"3708393","site_id":2269},{"date":"2020-10-13","product":"COPERNICUS/S1_GRD","band":"VV","value":-11.8103,"farmer_unique_id":"3708393","site_id":2269},{"date":"2020-10-25","product":"COPERNICUS/S1_GRD","band":"VV","value":-10.7429,"farmer_unique_id":"3708393","site_id":2269},{"date":"2020-11-06","product":"COPERNICUS/S1_GRD","band":"VV","value":-9.9382,"farmer_unique_id":"3708393","site_id":2269},{"date":"2020-11-18","product":"COPERNICUS/S1_GRD","band":"VV","value":-9.5088,"farmer_unique_id":"3708393","site_id":2269},{"date":"2020-11-30","product":"COPERNICUS/S1_GRD","band":"VV","value":-14.9161,"farmer_unique_id":"3708393","site_id":2269},{"date":"2020-12-12","product":"COPERNICUS/S1_GRD","band":"VV","value":-10.6739,"farmer_unique_id":"3708393","site_id":2269},{"date":"2020-12-24","product":"COPERNICUS/S1_GRD","band":"VV","value":-8.6521,"farmer_unique_id":"3708393","site_id":2269},{"date":"2021-01-05","product":"COPERNICUS/S1_GRD","band":"VV","value":-11.9229,"farmer_unique_id":"3708393","site_id":2269},{"date":"2021-01-17","product":"COPERNICUS/S1_GRD","band":"VV","value":-9.4641,"farmer_unique_id":"3708393","site_id":2269},{"date":"2021-01-29","product":"COPERNICUS/S1_GRD","band":"VV","value":-11.2669,"farmer_unique_id":"3708393","site_id":2269},{"date":"2021-02-10","product":"COPERNICUS/S1_GRD","band":"VV","value":-11.0934,"farmer_unique_id":"3708393","site_id":2269},{"date":"2021-02-22","product":"COPERNICUS/S1_GRD","band":"VV","value":-8.5006,"farmer_unique_id":"3708393","site_id":2269},{"date":"2021-03-06","product":"COPERNICUS/S1_GRD","band":"VV","value":-16.0916,"farmer_unique_id":"3708393","site_id":2269},{"date":"2021-03-18","product":"COPERNICUS/S1_GRD","band":"VV","value":-14.7003,"farmer_unique_id":"3708393","site_id":2269},{"date":"2021-03-30","product":"COPERNICUS/S1_GRD","band":"VV","value":-11.0783,"farmer_unique_id":"3708393","site_id":2269},{"date":"2021-04-11","product":"COPERNICUS/S1_GRD","band":"VV","value":-14.5589,"farmer_unique_id":"3708393","site_id":2269},{"date":"2021-04-23","product":"COPERNICUS/S1_GRD","band":"VV","value":-11.8838,"farmer_unique_id":"3708393","site_id":2269},{"date":"2021-05-05","product":"COPERNICUS/S1_GRD","band":"VV","value":-9.0343,"farmer_unique_id":"3708393","site_id":2269},{"date":"2021-05-17","product":"COPERNICUS/S1_GRD","band":"VV","value":-7.3809,"farmer_unique_id":"3708393","site_id":2269},{"date":"2021-05-29","product":"COPERNICUS/S1_GRD","band":"VV","value":-10.9064,"farmer_unique_id":"3708393","site_id":2269},{"date":"2021-06-10","product":"COPERNICUS/S1_GRD","band":"VV","value":-8.8482,"farmer_unique_id":"3708393","site_id":2269},{"date":"2021-06-22","product":"COPERNICUS/S1_GRD","band":"VV","value":-9.9053,"farmer_unique_id":"3708393","site_id":2269},{"date":"2021-07-04","product":"COPERNICUS/S1_GRD","band":"VV","value":-8.9471,"farmer_unique_id":"3708393","site_id":2269},{"date":"2021-07-16","product":"COPERNICUS/S1_GRD","band":"VV","value":-10.4986,"farmer_unique_id":"3708393","site_id":2269},{"date":"2021-07-28","product":"COPERNICUS/S1_GRD","band":"VV","value":-12.0492,"farmer_unique_id":"3708393","site_id":2269},{"date":"2021-08-09","product":"COPERNICUS/S1_GRD","band":"VV","value":-13.1927,"farmer_unique_id":"3708393","site_id":2269},{"date":"2021-08-21","product":"COPERNICUS/S1_GRD","band":"VV","value":-12.4381,"farmer_unique_id":"3708393","site_id":2269},{"date":"2021-09-02","product":"COPERNICUS/S1_GRD","band":"VV","value":-12.7836,"farmer_unique_id":"3708393","site_id":2269},{"date":"2021-09-14","product":"COPERNICUS/S1_GRD","band":"VV","value":-12.2768,"farmer_unique_id":"3708393","site_id":2269},{"date":"2021-09-26","product":"COPERNICUS/S1_GRD","band":"VV","value":-12.9736,"farmer_unique_id":"3708393","site_id":2269},{"date":"2021-10-08","product":"COPERNICUS/S1_GRD","band":"VV","value":-16.5875,"farmer_unique_id":"3708393","site_id":2269},{"date":"2021-10-20","product":"COPERNICUS/S1_GRD","band":"VV","value":-14.4114,"farmer_unique_id":"3708393","site_id":2269},{"date":"2021-11-01","product":"COPERNICUS/S1_GRD","band":"VV","value":-14.3342,"farmer_unique_id":"3708393","site_id":2269},{"date":"2021-11-13","product":"COPERNICUS/S1_GRD","band":"VV","value":-14.5685,"farmer_unique_id":"3708393","site_id":2269},{"date":"2021-11-25","product":"COPERNICUS/S1_GRD","band":"VV","value":-10.2501,"farmer_unique_id":"3708393","site_id":2269},{"date":"2021-12-07","product":"COPERNICUS/S1_GRD","band":"VV","value":-8.5234,"farmer_unique_id":"3708393","site_id":2269},{"date":"2021-12-19","product":"COPERNICUS/S1_GRD","band":"VV","value":-10.2474,"farmer_unique_id":"3708393","site_id":2269}]
