[{"date":"2020-01-11","product":"COPERNICUS/S1_GRD","band":"VH","value":-13.9527,"farmer_unique_id":"1512176","site_id":2459},{"date":"2020-01-23","product":"COPERNICUS/S1_GRD","band":"VH","value":-16.5823,"farmer_unique_id":"1512176","site_id":2459},{"date":"2020-02-04","product":"COPERNICUS/S1_GRD","band":"VH","value":-11.204,"farmer_unique_id":"1512176","site_id":2459},{"date":"2020-02-16","product":"COPERNICUS/S1_GRD","band":"VH","value":-12.2175,"farmer_unique_id":"1512176","site_id":2459},{"date":"2020-02-28","product":"COPERNICUS/S1_GRD","band":"VH","value":-12.4186,"farmer_unique_id":"1512176","site_id":2459},{"date":"2020-03-11","product":"COPERNICUS/S1_GRD","band":"VH","value":-13.3704,"farmer_unique_id":"1512176","site_id":2459},{"date":"2020-03-23","product":"COPERNICUS/S1_GRD","band":"VH","value":-10.8828,"farmer_unique_id":"1512176","site_id":2459},{"date":"2020-04-04","product":"COPERNICUS/S1_GRD","band":"VH","value":-14.4692,"farmer_unique_id":"1512176","site_id":2459},{"date":"2020-04-16","product":"COPERNICUS/S1_GRD","band":"VH","value":-13.9958,"farmer_unique_id":"1512176","site_id":2459},{"date":"2020-04-28","product":"COPERNICUS/S1_GRD","band":"VH","value":-12.841,"farmer_unique_id":"1512176","site_id":2459},{"date":"2020-05-10","product":"COPERNICUS/S1_GRD","band":"VH","value":-11.9792,"farmer_unique_id":"1512176","site_id":2459},{"date":"2020-05-22","product":"COPERNICUS/S1_GRD","band":"VH","value":-11.77,"farmer_unique_id":"1512176","site_id":2459},{"date":"2020-06-15","product":"COPERNICUS/S1_GRD","band":"VH","value":-10.6825,"farmer_unique_id":"1512176","site_id":2459},{"date":"2020-06-27","product":"COPERNICUS/S1_GRD","band":"VH","value":-13.5208,"farmer_unique_id":"1512176","site_id":2459},{"date":"2020-07-09","product":"COPERNICUS/S1_GRD","band":"VH","value":-11.5977,"farmer_unique_id":"1512176","site_id":2459},{"date":"2020-07-21","product":"COPERNICUS/S1_GRD","band":"VH","value":-10.2669,"farmer_unique_id":"1512176","site_id":2459},{"date":"2020-08-02","product":"COPERNICUS/S1_GRD","band":"VH","value":-14.5089,"farmer_unique_id":"1512176","site_id":2459},{"date":"2020-08-14","product":"COPERNICUS/S1_GRD","band":"VH","value":-13.9212,"farmer_unique_id":"1512176","site_id":2459},{"date":"2020-08-26","product":"COPERNICUS/S1_GRD","band":"VH","value":-14.6975,"farmer_unique_id":"1512176","site_id":2459},{"date":"2020-09-07","product":"COPERNICUS/S1_GRD","band":"VH","value":-12.7713,"farmer_unique_id":"1512176","site_id":2459},{"date":"2020-09-19","product":"COPERNICUS/S1_GRD","band":"VH","value":-12.0978,"farmer_unique_id":"1512176","site_id":2459},{"date":"2020-10-01","product":"COPERNICUS/S1_GRD","band":"VH","value":-12.6431,"farmer_unique_id":"1512176","site_id":2459},{"date":"2020-10-13","product":"COPERNICUS/S1_GRD","band":"VH","value":-12.2822,"farmer_unique_id":"1512176","site_id":2459},{"date":"2020-10-25","product":"COPERNICUS/S1_GRD","band":"VH","value":-16.5646,"farmer_unique_id":"1512176","site_id":2459},{"date":"2020-11-06","product":"COPERNICUS/S1_GRD","band":"VH","value":-12.0904,"farmer_unique_id":"1512176","site_id":2459},{"date":"2020-11-18","product":"COPERNICUS/S1_GRD","band":"VH","value":-13.5205,"farmer_unique_id":"1512176","site_id":2459},{"date":"2020-11-30","product":"COPERNICUS/S1_GRD","band":"VH","value":-13.4493,"farmer_unique_id":"1512176","site_id":2459},{"date":"2020-12-12","product":"COPERNICUS/S1_GRD","band":"VH","value":-13.1268,"farmer_unique_id":"1512176","site_id":2459},{"date":"2020-12-24","product":"COPERNICUS/S1_GRD","band":"VH","value":-14.0233,"farmer_unique_id":"1512176","site_id":2459},{"date":"2021-01-05","product":"COPERNICUS/S1_GRD","band":"VH","value":-14.2619,"farmer_unique_id":"1512176","site_id":2459},{"date":"2021-01-17","product":"COPERNICUS/S1_GRD","band":"VH","value":-13.0081,"farmer_unique_id":"1512176","site_id":2459},{"date":"2021-01-29","product":"COPERNICUS/S1_GRD","band":"VH","value":-12.373,"farmer_unique_id":"1512176","site_id":2459},{"date":"2021-02-10","product":"COPERNICUS/S1_GRD","band":"VH","value":-14.7041,"farmer_unique_id":"1512176","site_id":2459},{"date":"2021-02-22","product":"COPERNICUS/S1_GRD","band":"VH","value":-11.9629,"farmer_unique_id":"1512176","site_id":2459},{"date":"2021-03-06","product":"COPERNICUS/S1_GRD","band":"VH","value":-13.9949,"farmer_unique_id":"1512176","site_id":2459},{"date":"2021-03-18","product":"COPERNICUS/S1_GRD","band":"VH","value":-10.2148,"farmer_unique_id":"1512176","site_id":2459},{"date":"2021-03-30","product":"COPERNICUS/S1_GRD","band":"VH","value":-14.6051,"farmer_unique_id":"1512176","site_id":2459},{"date":"2021-04-11","product":"COPERNICUS/S1_GRD","band":"VH","value":-13.833,"farmer_unique_id":"1512176","site_id":2459},{"date":"2021-04-23","product":"COPERNICUS/S1_GRD","band":"VH","value":-10.7101,"farmer_unique_id":"1512176","site_id":2459},{"date":"2021-05-05","product":"COPERNICUS/S1_GRD","band":"VH","value":-11.7937,"farmer_unique_id":"1512176","site_id":2459},{"date":"2021-05-17","product":"COPERNICUS/S1_GRD","band":"VH","value":-12.9099,"farmer_unique_id":"1512176","site_id":2459},{"date":"2021-05-29","product":"COPERNICUS/S1_GRD","band":"VH","value":-11.9614,"farmer_unique_id":"1512176","site_id":2459},{"date":"2021-06-10","product":"COPERNICUS/S1_GRD","band":"VH","value":-12.1105,"farmer_unique_id":"1512176","site_id":2459},{"date":"2021-06-22","product":"COPERNICUS/S1_GRD","band":"VH","value":-11.4659,"farmer_unique_id":"1512176","site_id":2459},{"date":"2021-07-04","product":"COPERNICUS/S1_GRD","band":"VH","value":-16.0933,"farmer_unique_id":"1512176","site_id":2459},{"date":"2021-07-16","product":"COPERNICUS/S1_GRD","band":"VH","value":-13.593,"farmer_unique_id":"1512176","site_id":2459},{"date":"2021-07-28","product":"COPERNICUS/S1_GRD","band":"VH","value":-14.1337,"farmer_unique_id":"1512176","site_id":2459},{"date":"2021-08-09","product":"COPERNICUS/S1_GRD","band":"VH","value":-11.5865,"farmer_unique_id":"1512176","site_id":2459},{"date":"2021-08-21","product":"COPERNICUS/S1_GRD","band":"VH","value":-16.8204,"farmer_unique_id":"1512176","site_id":2459},{"date":"2021-09-02","product":"COPERNICUS/S1_GRD","band":"VH","value":-15.4524,"farmer_unique_id":"1512176","site_id":2459},{"date":"2021-09-14","product":"COPERNICUS/S1_GRD","band":"VH","value":-13.501,"farmer_unique_id":"1512176","site_id":2459},{"date":"2021-09-26","product":"COPERNICUS/S1_GRD","band":"VH","value":-13.972,"farmer_unique_id":"1512176","site_id":2459},{"date":"2021-10-08","product":"COPERNICUS/S1_GRD","band":"VH","value":-13.38,"farmer_unique_id":"1512176","site_id":2459},{"date":"2021-10-20","product":"COPERNICUS/S1_GRD","band":"VH","value":-14.0376,"farmer_unique_id":"1512176","site_id":2459},{"date":"2021-11-01","product":"COPERNICUS/S1_GRD","band":"VH","value":-14.1861,"farmer_unique_id":"1512176","site_id":2459},{"date":"2021-11-13","product":"COPERNICUS/S1_GRD","band":"VH","value":-11.9737,"farmer_unique_id":"1512176","site_id":2459},{"date":"2021-11-25","product":"COPERNICUS/S1_GRD","band":"VH","value":-13.9047,"farmer_unique_id":"1512176","site_id":2459},{"date":"2021-12-07","product":"COPERNICUS/S1_GRD","band":"VH","value":-14.7408,"farmer_unique_id":"1512176","site_id":2459},{"date":"2021-12-19","product":"COPERNICUS/S1_GRD","band":"VH","value":-17.0045,"farmer_unique_id":"1512176","site_id":2459},{"date":"2020-01-11","product":"COPERNICUS/S1_GRD","band":"VV","value":-7.746,"farmer_unique_id":"1512176","site_id":2459},{"date":"2020-01-23","product":"COPERNICUS/S1_GRD","band":"VV","value":-8.321,"farmer_unique_id":"1512176","site_id":2459},{"date":"2020-02-04","product":"COPERNICUS/S1_GRD","band":"VV","value":-6.8279,"farmer_unique_id":"1512176","site_id":2459},{"date":"2020-02-16","product":"COPERNICUS/S1_GRD","band":"VV","value":-7.0313,"farmer_unique_id":"1512176","site_id":2459},{"date":"2020-02-28","product":"COPERNICUS/S1_GRD","band":"VV","value":-4.4891,"farmer_unique_id":"1512176","site_id":2459},{"date":"2020-03-11","product":"COPERNICUS/S1_GRD","band":"VV","value":-13.3888,"farmer_unique_id":"1512176","site_id":2459},{"date":"2020-03-23","product":"COPERNICUS/S1_GRD","band":"VV","value":-6.5243,"farmer_unique_id":"1512176","site_id":2459},{"date":"2020-04-04","product":"COPERNICUS/S1_GRD","band":"VV","value":-10.8447,"farmer_unique_id":"1512176","site_id":2459},{"date":"2020-04-16","product":"COPERNICUS/S1_GRD","band":"VV","value":-8.174,"farmer_unique_id":"1512176","site_id":2459},{"date":"2020-04-28","product":"COPERNICUS/S1_GRD","band":"VV","value":-8.5509,"farmer_unique_id":"1512176","site_id":2459},{"date":"2020-05-10","product":"COPERNICUS/S1_GRD","band":"VV","value":-7.8162,"farmer_unique_id":"1512176","site_id":2459},{"date":"2020-05-22","product":"COPERNICUS/S1_GRD","band":"VV","value":-7.4813,"farmer_unique_id":"1512176","site_id":2459},{"date":"2020-06-15","product":"COPERNICUS/S1_GRD","band":"VV","value":-6.7172,"farmer_unique_id":"1512176","site_id":2459},{"date":"2020-06-27","product":"COPERNICUS/S1_GRD","band":"VV","value":-9.1583,"farmer_unique_id":"1512176","site_id":2459},{"date":"2020-07-09","product":"COPERNICUS/S1_GRD","band":"VV","value":-8.6843,"farmer_unique_id":"1512176","site_id":2459},{"date":"2020-07-21","product":"COPERNICUS/S1_GRD","band":"VV","value":-8.9492,"farmer_unique_id":"1512176","site_id":2459},{"date":"2020-08-02","product":"COPERNICUS/S1_GRD","band":"VV","value":-9.2029,"farmer_unique_id":"1512176","site_id":2459},{"date":"2020-08-14","product":"COPERNICUS/S1_GRD","band":"VV","value":-8.9759,"farmer_unique_id":"1512176","site_id":2459},{"date":"2020-08-26","product":"COPERNICUS/S1_GRD","band":"VV","value":-9.1192,"farmer_unique_id":"1512176","site_id":2459},{"date":"2020-09-07","product":"COPERNICUS/S1_GRD","band":"VV","value":-9.3605,"farmer_unique_id":"1512176","site_id":2459},{"date":"2020-09-19","product":"COPERNICUS/S1_GRD","band":"VV","value":-7.9468,"farmer_unique_id":"1512176","site_id":2459},{"date":"2020-10-01","product":"COPERNICUS/S1_GRD","band":"VV","value":-7.5904,"farmer_unique_id":"1512176","site_id":2459},{"date":"2020-10-13","product":"COPERNICUS/S1_GRD","band":"VV","value":-7.433,"farmer_unique_id":"1512176","site_id":2459},{"date":"2020-10-25","product":"COPERNICUS/S1_GRD","band":"VV","value":-6.323,"farmer_unique_id":"1512176","site_id":2459},{"date":"2020-11-06","product":"COPERNICUS/S1_GRD","band":"VV","value":-7.9612,"farmer_unique_id":"1512176","site_id":2459},{"date":"2020-11-18","product":"COPERNICUS/S1_GRD","band":"VV","value":-10.8143,"farmer_unique_id":"1512176","site_id":2459},{"date":"2020-11-30","product":"COPERNICUS/S1_GRD","band":"VV","value":-8.2488,"farmer_unique_id":"1512176","site_id":2459},{"date":"2020-12-12","product":"COPERNICUS/S1_GRD","band":"VV","value":-10.8356,"farmer_unique_id":"1512176","site_id":2459},{"date":"2020-12-24","product":"COPERNICUS/S1_GRD","band":"VV","value":-8.6734,"farmer_unique_id":"1512176","site_id":2459},{"date":"2021-01-05","product":"COPERNICUS/S1_GRD","band":"VV","value":-6.3981,"farmer_unique_id":"1512176","site_id":2459},{"date":"2021-01-17","product":"COPERNICUS/S1_GRD","band":"VV","value":-13.6181,"farmer_unique_id":"1512176","site_id":2459},{"date":"2021-01-29","product":"COPERNICUS/S1_GRD","band":"VV","value":-9.354,"farmer_unique_id":"1512176","site_id":2459},{"date":"2021-02-10","product":"COPERNICUS/S1_GRD","band":"VV","value":-10.709,"farmer_unique_id":"1512176","site_id":2459},{"date":"2021-02-22","product":"COPERNICUS/S1_GRD","band":"VV","value":-10.2427,"farmer_unique_id":"1512176","site_id":2459},{"date":"2021-03-06","product":"COPERNICUS/S1_GRD","band":"VV","value":-7.377,"farmer_unique_id":"1512176","site_id":2459},{"date":"2021-03-18","product":"COPERNICUS/S1_GRD","band":"VV","value":-8.3565,"farmer_unique_id":"1512176","site_id":2459},{"date":"2021-03-30","product":"COPERNICUS/S1_GRD","band":"VV","value":-8.0541,"farmer_unique_id":"1512176","site_id":2459},{"date":"2021-04-11","product":"COPERNICUS/S1_GRD","band":"VV","value":-8.4828,"farmer_unique_id":"1512176","site_id":2459},{"date":"2021-04-23","product":"COPERNICUS/S1_GRD","band":"VV","value":-8.645,"farmer_unique_id":"1512176","site_id":2459},{"date":"2021-05-05","product":"COPERNICUS/S1_GRD","band":"VV","value":-9.9648,"farmer_unique_id":"1512176","site_id":2459},{"date":"2021-05-17","product":"COPERNICUS/S1_GRD","band":"VV","value":-7.8133,"farmer_unique_id":"1512176","site_id":2459},{"date":"2021-05-29","product":"COPERNICUS/S1_GRD","band":"VV","value":-8.1787,"farmer_unique_id":"1512176","site_id":2459},{"date":"2021-06-10","product":"COPERNICUS/S1_GRD","band":"VV","value":-9.2793,"farmer_unique_id":"1512176","site_id":2459},{"date":"2021-06-22","product":"COPERNICUS/S1_GRD","band":"VV","value":-7.9707,"farmer_unique_id":"1512176","site_id":2459},{"date":"2021-07-04","product":"COPERNICUS/S1_GRD","band":"VV","value":-11.2269,"farmer_unique_id":"1512176","site_id":2459},{"date":"2021-07-16","product":"COPERNICUS/S1_GRD","band":"VV","value":-8.318,"farmer_unique_id":"1512176","site_id":2459},{"date":"2021-07-28","product":"COPERNICUS/S1_GRD","band":"VV","value":-8.6471,"farmer_unique_id":"1512176","site_id":2459},{"date":"2021-08-09","product":"COPERNICUS/S1_GRD","band":"VV","value":-7.8052,"farmer_unique_id":"1512176","site_id":2459},{"date":"2021-08-21","product":"COPERNICUS/S1_GRD","band":"VV","value":-9.1628,"farmer_unique_id":"1512176","site_id":2459},{"date":"2021-09-02","product":"COPERNICUS/S1_GRD","band":"VV","value":-9.8412,"farmer_unique_id":"1512176","site_id":2459},{"date":"2021-09-14","product":"COPERNICUS/S1_GRD","band":"VV","value":-7.4075,"farmer_unique_id":"1512176","site_id":2459},{"date":"2021-09-26","product":"COPERNICUS/S1_GRD","band":"VV","value":-7.0714,"farmer_unique_id":"1512176","site_id":2459},{"date":"2021-10-08","product":"COPERNICUS/S1_GRD","band":"VV","value":-9.253,"farmer_unique_id":"1512176","site_id":2459},{"date":"2021-10-20","product":"COPERNICUS/S1_GRD","band":"VV","value":-11.3486,"farmer_unique_id":"1512176","site_id":2459},{"date":"2021-11-01","product":"COPERNICUS/S1_GRD","band":"VV","value":-13.1407,"farmer_unique_id":"1512176","site_id":2459},{"date":"2021-11-13","product":"COPERNICUS/S1_GRD","band":"VV","value":-6.4709,"farmer_unique_id":"1512176","site_id":2459},{"date":"2021-11-25","product":"COPERNICUS/S1_GRD","band":"VV","value":-12.3506,"farmer_unique_id":"1512176","site_id":2459},{"date":"2021-12-07","product":"COPERNICUS/S1_GRD","band":"VV","value":-8.7854,"farmer_unique_id":"1512176","site_id":2459},{"date":"2021-12-19","product":"COPERNICUS/S1_GRD","band":"VV","value":-7.3787,"farmer_unique_id":"1512176","site_id":2459}]
