[{"date":"2020-01-11","product":"COPERNICUS/S1_GRD","band":"VH","value":-18.6924,"farmer_unique_id":"3949885","site_id":10466},{"date":"2020-01-23","product":"COPERNICUS/S1_GRD","band":"VH","value":-15.633,"farmer_unique_id":"3949885","site_id":10466},{"date":"2020-02-04","product":"COPERNICUS/S1_GRD","band":"VH","value":-12.6523,"farmer_unique_id":"3949885","site_id":10466},{"date":"2020-02-16","product":"COPERNICUS/S1_GRD","band":"VH","value":-17.566,"farmer_unique_id":"3949885","site_id":10466},{"date":"2020-02-28","product":"COPERNICUS/S1_GRD","band":"VH","value":-15.081,"farmer_unique_id":"3949885","site_id":10466},{"date":"2020-03-11","product":"COPERNICUS/S1_GRD","band":"VH","value":-17.2579,"farmer_unique_id":"3949885","site_id":10466},{"date":"2020-03-23","product":"COPERNICUS/S1_GRD","band":"VH","value":-16.3679,"farmer_unique_id":"3949885","site_id":10466},{"date":"2020-04-04","product":"COPERNICUS/S1_GRD","band":"VH","value":-14.8733,"farmer_unique_id":"3949885","site_id":10466},{"date":"2020-04-16","product":"COPERNICUS/S1_GRD","band":"VH","value":-15.9703,"farmer_unique_id":"3949885","site_id":10466},{"date":"2020-04-28","product":"COPERNICUS/S1_GRD","band":"VH","value":-13.7383,"farmer_unique_id":"3949885","site_id":10466},{"date":"2020-05-10","product":"COPERNICUS/S1_GRD","band":"VH","value":-11.6497,"farmer_unique_id":"3949885","site_id":10466},{"date":"2020-05-22","product":"COPERNICUS/S1_GRD","band":"VH","value":-14.9272,"farmer_unique_id":"3949885","site_id":10466},{"date":"2020-06-15","product":"COPERNICUS/S1_GRD","band":"VH","value":-16.6918,"farmer_unique_id":"3949885","site_id":10466},{"date":"2020-06-27","product":"COPERNICUS/S1_GRD","band":"VH","value":-14.6984,"farmer_unique_id":"3949885","site_id":10466},{"date":"2020-07-09","product":"COPERNICUS/S1_GRD","band":"VH","value":-14.4618,"farmer_unique_id":"3949885","site_id":10466},{"date":"2020-07-21","product":"COPERNICUS/S1_GRD","band":"VH","value":-17.1014,"farmer_unique_id":"3949885","site_id":10466},{"date":"2020-08-02","product":"COPERNICUS/S1_GRD","band":"VH","value":-17.6555,"farmer_unique_id":"3949885","site_id":10466},{"date":"2020-08-14","product":"COPERNICUS/S1_GRD","band":"VH","value":-14.8234,"farmer_unique_id":"3949885","site_id":10466},{"date":"2020-08-26","product":"COPERNICUS/S1_GRD","band":"VH","value":-16.3083,"farmer_unique_id":"3949885","site_id":10466},{"date":"2020-09-07","product":"COPERNICUS/S1_GRD","band":"VH","value":-14.6928,"farmer_unique_id":"3949885","site_id":10466},{"date":"2020-09-19","product":"COPERNICUS/S1_GRD","band":"VH","value":-16.0352,"farmer_unique_id":"3949885","site_id":10466},{"date":"2020-10-01","product":"COPERNICUS/S1_GRD","band":"VH","value":-15.6938,"farmer_unique_id":"3949885","site_id":10466},{"date":"2020-10-13","product":"COPERNICUS/S1_GRD","band":"VH","value":-16.5929,"farmer_unique_id":"3949885","site_id":10466},{"date":"2020-10-25","product":"COPERNICUS/S1_GRD","band":"VH","value":-16.1565,"farmer_unique_id":"3949885","site_id":10466},{"date":"2020-11-06","product":"COPERNICUS/S1_GRD","band":"VH","value":-17.699,"farmer_unique_id":"3949885","site_id":10466},{"date":"2020-11-18","product":"COPERNICUS/S1_GRD","band":"VH","value":-19.0194,"farmer_unique_id":"3949885","site_id":10466},{"date":"2020-11-30","product":"COPERNICUS/S1_GRD","band":"VH","value":-14.6006,"farmer_unique_id":"3949885","site_id":10466},{"date":"2020-12-12","product":"COPERNICUS/S1_GRD","band":"VH","value":-15.9609,"farmer_unique_id":"3949885","site_id":10466},{"date":"2020-12-24","product":"COPERNICUS/S1_GRD","band":"VH","value":-16.216,"farmer_unique_id":"3949885","site_id":10466},{"date":"2021-01-05","product":"COPERNICUS/S1_GRD","band":"VH","value":-15.7466,"farmer_unique_id":"3949885","site_id":10466},{"date":"2021-01-17","product":"COPERNICUS/S1_GRD","band":"VH","value":-14.3879,"farmer_unique_id":"3949885","site_id":10466},{"date":"2021-01-29","product":"COPERNICUS/S1_GRD","band":"VH","value":-13.6784,"farmer_unique_id":"3949885","site_id":10466},{"date":"2021-02-10","product":"COPERNICUS/S1_GRD","band":"VH","value":-17.3847,"farmer_unique_id":"3949885","site_id":10466},{"date":"2021-02-22","product":"COPERNICUS/S1_GRD","band":"VH","value":-17.009,"farmer_unique_id":"3949885","site_id":10466},{"date":"2021-03-06","product":"COPERNICUS/S1_GRD","band":"VH","value":-18.3456,"farmer_unique_id":"3949885","site_id":10466},{"date":"2021-03-18","product":"COPERNICUS/S1_GRD","band":"VH","value":-20.4382,"farmer_unique_id":"3949885","site_id":10466},{"date":"2021-03-30","product":"COPERNICUS/S1_GRD","band":"VH","value":-15.0533,"farmer_unique_id":"3949885","site_id":10466},{"date":"2021-04-11","product":"COPERNICUS/S1_GRD","band":"VH","value":-17.5618,"farmer_unique_id":"3949885","site_id":10466},{"date":"2021-04-23","product":"COPERNICUS/S1_GRD","band":"VH","value":-12.0543,"farmer_unique_id":"3949885","site_id":10466},{"date":"2021-05-05","product":"COPERNICUS/S1_GRD","band":"VH","value":-12.433,"farmer_unique_id":"3949885","site_id":10466},{"date":"2021-05-17","product":"COPERNICUS/S1_GRD","band":"VH","value":-16.8386,"farmer_unique_id":"3949885","site_id":10466},{"date":"2021-05-29","product":"COPERNICUS/S1_GRD","band":"VH","value":-15.3476,"farmer_unique_id":"3949885","site_id":10466},{"date":"2021-06-10","product":"COPERNICUS/S1_GRD","band":"VH","value":-16.4679,"farmer_unique_id":"3949885","site_id":10466},{"date":"2021-06-22","product":"COPERNICUS/S1_GRD","band":"VH","value":-15.0808,"farmer_unique_id":"3949885","site_id":10466},{"date":"2021-07-04","product":"COPERNICUS/S1_GRD","band":"VH","value":-15.2535,"farmer_unique_id":"3949885","site_id":10466},{"date":"2021-07-16","product":"COPERNICUS/S1_GRD","band":"VH","value":-14.163,"farmer_unique_id":"3949885","site_id":10466},{"date":"2021-07-28","product":"COPERNICUS/S1_GRD","band":"VH","value":-16.817,"farmer_unique_id":"3949885","site_id":10466},{"date":"2021-08-09","product":"COPERNICUS/S1_GRD","band":"VH","value":-15.1968,"farmer_unique_id":"3949885","site_id":10466},{"date":"2021-08-21","product":"COPERNICUS/S1_GRD","band":"VH","value":-16.1722,"farmer_unique_id":"3949885","site_id":10466},{"date":"2021-09-02","product":"COPERNICUS/S1_GRD","band":"VH","value":-17.3494,"farmer_unique_id":"3949885","site_id":10466},{"date":"2021-09-14","product":"COPERNICUS/S1_GRD","band":"VH","value":-18.5308,"farmer_unique_id":"3949885","site_id":10466},{"date":"2021-09-26","product":"COPERNICUS/S1_GRD","band":"VH","value":-17.8942,"farmer_unique_id":"3949885","site_id":10466},{"date":"2021-10-08","product":"COPERNICUS/S1_GRD","band":"VH","value":-19.9559,"farmer_unique_id":"3949885","site_id":10466},{"date":"2021-10-20","product":"COPERNICUS/S1_GRD","band":"VH","value":-17.5695,"farmer_unique_id":"3949885","site_id":10466},{"date":"2021-11-01","product":"COPERNICUS/S1_GRD","band":"VH","value":-20.4956,"farmer_unique_id":"3949885","site_id":10466},{"date":"2021-11-13","product":"COPERNICUS/S1_GRD","band":"VH","value":-13.1172,"farmer_unique_id":"3949885","site_id":10466},{"date":"2021-11-25","product":"COPERNICUS/S1_GRD","band":"VH","value":-17.0021,"farmer_unique_id":"3949885","site_id":10466},{"date":"2021-12-07","product":"COPERNICUS/S1_GRD","band":"VH","value":-13.2433,"farmer_unique_id":"3949885","site_id":10466},{"date":"2021-12-19","product":"COPERNICUS/S1_GRD","band":"VH","value":-18.9028,"farmer_unique_id":"3949885","site_id":10466},{"date":"2020-01-11","product":"COPERNICUS/S1_GRD","band":"VV","value":-11.2859,"farmer_unique_id":"3949885","site_id":10466},{"date":"2020-01-23","product":"COPERNICUS/S1_GRD","band":"VV","value":-7.9336,"farmer_unique_id":"3949885","site_id":10466},{"date":"2020-02-04","product":"COPERNICUS/S1_GRD","band":"VV","value":-8.5818,"farmer_unique_id":"3949885","site_id":10466},{"date":"2020-02-16","product":"COPERNICUS/S1_GRD","band":"VV","value":-10.4791,"farmer_unique_id":"3949885","site_id":10466},{"date":"2020-02-28","product":"COPERNICUS/S1_GRD","band":"VV","value":-12.4799,"farmer_unique_id":"3949885","site_id":10466},{"date":"2020-03-11","product":"COPERNICUS/S1_GRD","band":"VV","value":-9.5434,"farmer_unique_id":"3949885","site_id":10466},{"date":"2020-03-23","product":"COPERNICUS/S1_GRD","band":"VV","value":-10.7455,"farmer_unique_id":"3949885","site_id":10466},{"date":"2020-04-04","product":"COPERNICUS/S1_GRD","band":"VV","value":-12.2332,"farmer_unique_id":"3949885","site_id":10466},{"date":"2020-04-16","product":"COPERNICUS/S1_GRD","band":"VV","value":-7.3489,"farmer_unique_id":"3949885","site_id":10466},{"date":"2020-04-28","product":"COPERNICUS/S1_GRD","band":"VV","value":-11.7507,"farmer_unique_id":"3949885","site_id":10466},{"date":"2020-05-10","product":"COPERNICUS/S1_GRD","band":"VV","value":-9.2103,"farmer_unique_id":"3949885","site_id":10466},{"date":"2020-05-22","product":"COPERNICUS/S1_GRD","band":"VV","value":-8.9356,"farmer_unique_id":"3949885","site_id":10466},{"date":"2020-06-15","product":"COPERNICUS/S1_GRD","band":"VV","value":-9.3977,"farmer_unique_id":"3949885","site_id":10466},{"date":"2020-06-27","product":"COPERNICUS/S1_GRD","band":"VV","value":-9.1208,"farmer_unique_id":"3949885","site_id":10466},{"date":"2020-07-09","product":"COPERNICUS/S1_GRD","band":"VV","value":-12.4285,"farmer_unique_id":"3949885","site_id":10466},{"date":"2020-07-21","product":"COPERNICUS/S1_GRD","band":"VV","value":-12.4946,"farmer_unique_id":"3949885","site_id":10466},{"date":"2020-08-02","product":"COPERNICUS/S1_GRD","band":"VV","value":-9.9632,"farmer_unique_id":"3949885","site_id":10466},{"date":"2020-08-14","product":"COPERNICUS/S1_GRD","band":"VV","value":-10.7437,"farmer_unique_id":"3949885","site_id":10466},{"date":"2020-08-26","product":"COPERNICUS/S1_GRD","band":"VV","value":-8.694,"farmer_unique_id":"3949885","site_id":10466},{"date":"2020-09-07","product":"COPERNICUS/S1_GRD","band":"VV","value":-8.5831,"farmer_unique_id":"3949885","site_id":10466},{"date":"2020-09-19","product":"COPERNICUS/S1_GRD","band":"VV","value":-8.5695,"farmer_unique_id":"3949885","site_id":10466},{"date":"2020-10-01","product":"COPERNICUS/S1_GRD","band":"VV","value":-10.4162,"farmer_unique_id":"3949885","site_id":10466},{"date":"2020-10-13","product":"COPERNICUS/S1_GRD","band":"VV","value":-11.6826,"farmer_unique_id":"3949885","site_id":10466},{"date":"2020-10-25","product":"COPERNICUS/S1_GRD","band":"VV","value":-13.261,"farmer_unique_id":"3949885","site_id":10466},{"date":"2020-11-06","product":"COPERNICUS/S1_GRD","band":"VV","value":-11.8013,"farmer_unique_id":"3949885","site_id":10466},{"date":"2020-11-18","product":"COPERNICUS/S1_GRD","band":"VV","value":-13.4557,"farmer_unique_id":"3949885","site_id":10466},{"date":"2020-11-30","product":"COPERNICUS/S1_GRD","band":"VV","value":-12.1127,"farmer_unique_id":"3949885","site_id":10466},{"date":"2020-12-12","product":"COPERNICUS/S1_GRD","band":"VV","value":-11.8371,"farmer_unique_id":"3949885","site_id":10466},{"date":"2020-12-24","product":"COPERNICUS/S1_GRD","band":"VV","value":-9.6851,"farmer_unique_id":"3949885","site_id":10466},{"date":"2021-01-05","product":"COPERNICUS/S1_GRD","band":"VV","value":-11.0041,"farmer_unique_id":"3949885","site_id":10466},{"date":"2021-01-17","product":"COPERNICUS/S1_GRD","band":"VV","value":-11.7495,"farmer_unique_id":"3949885","site_id":10466},{"date":"2021-01-29","product":"COPERNICUS/S1_GRD","band":"VV","value":-11.6549,"farmer_unique_id":"3949885","site_id":10466},{"date":"2021-02-10","product":"COPERNICUS/S1_GRD","band":"VV","value":-11.0088,"farmer_unique_id":"3949885","site_id":10466},{"date":"2021-02-22","product":"COPERNICUS/S1_GRD","band":"VV","value":-8.47,"farmer_unique_id":"3949885","site_id":10466},{"date":"2021-03-06","product":"COPERNICUS/S1_GRD","band":"VV","value":-10.2939,"farmer_unique_id":"3949885","site_id":10466},{"date":"2021-03-18","product":"COPERNICUS/S1_GRD","band":"VV","value":-9.3107,"farmer_unique_id":"3949885","site_id":10466},{"date":"2021-03-30","product":"COPERNICUS/S1_GRD","band":"VV","value":-12.5689,"farmer_unique_id":"3949885","site_id":10466},{"date":"2021-04-11","product":"COPERNICUS/S1_GRD","band":"VV","value":-10.9677,"farmer_unique_id":"3949885","site_id":10466},{"date":"2021-04-23","product":"COPERNICUS/S1_GRD","band":"VV","value":-8.4064,"farmer_unique_id":"3949885","site_id":10466},{"date":"2021-05-05","product":"COPERNICUS/S1_GRD","band":"VV","value":-8.877,"farmer_unique_id":"3949885","site_id":10466},{"date":"2021-05-17","product":"COPERNICUS/S1_GRD","band":"VV","value":-10.6541,"farmer_unique_id":"3949885","site_id":10466},{"date":"2021-05-29","product":"COPERNICUS/S1_GRD","band":"VV","value":-9.4207,"farmer_unique_id":"3949885","site_id":10466},{"date":"2021-06-10","product":"COPERNICUS/S1_GRD","band":"VV","value":-9.0686,"farmer_unique_id":"3949885","site_id":10466},{"date":"2021-06-22","product":"COPERNICUS/S1_GRD","band":"VV","value":-10.6587,"farmer_unique_id":"3949885","site_id":10466},{"date":"2021-07-04","product":"COPERNICUS/S1_GRD","band":"VV","value":-8.8414,"farmer_unique_id":"3949885","site_id":10466},{"date":"2021-07-16","product":"COPERNICUS/S1_GRD","band":"VV","value":-12.3669,"farmer_unique_id":"3949885","site_id":10466},{"date":"2021-07-28","product":"COPERNICUS/S1_GRD","band":"VV","value":-12.147,"farmer_unique_id":"3949885","site_id":10466},{"date":"2021-08-09","product":"COPERNICUS/S1_GRD","band":"VV","value":-10.5272,"farmer_unique_id":"3949885","site_id":10466},{"date":"2021-08-21","product":"COPERNICUS/S1_GRD","band":"VV","value":-11.3591,"farmer_unique_id":"3949885","site_id":10466},{"date":"2021-09-02","product":"COPERNICUS/S1_GRD","band":"VV","value":-11.2493,"farmer_unique_id":"3949885","site_id":10466},{"date":"2021-09-14","product":"COPERNICUS/S1_GRD","band":"VV","value":-12.8648,"farmer_unique_id":"3949885","site_id":10466},{"date":"2021-09-26","product":"COPERNICUS/S1_GRD","band":"VV","value":-13.2403,"farmer_unique_id":"3949885","site_id":10466},{"date":"2021-10-08","product":"COPERNICUS/S1_GRD","band":"VV","value":-17.0455,"farmer_unique_id":"3949885","site_id":10466},{"date":"2021-10-20","product":"COPERNICUS/S1_GRD","band":"VV","value":-9.4243,"farmer_unique_id":"3949885","site_id":10466},{"date":"2021-11-01","product":"COPERNICUS/S1_GRD","band":"VV","value":-7.3095,"farmer_unique_id":"3949885","site_id":10466},{"date":"2021-11-13","product":"COPERNICUS/S1_GRD","band":"VV","value":-7.8746,"farmer_unique_id":"3949885","site_id":10466},{"date":"2021-11-25","product":"COPERNICUS/S1_GRD","band":"VV","value":-9.7203,"farmer_unique_id":"3949885","site_id":10466},{"date":"2021-12-07","product":"COPERNICUS/S1_GRD","band":"VV","value":-8.7277,"farmer_unique_id":"3949885","site_id":10466},{"date":"2021-12-19","product":"COPERNICUS/S1_GRD","band":"VV","value":-9.252,"farmer_unique_id":"3949885","site_id":10466}]
