[{"date":"2020-01-11","product":"COPERNICUS/S1_GRD","band":"VH","value":-19.1973,"farmer_unique_id":"3946689","site_id":3709},{"date":"2020-01-23","product":"COPERNICUS/S1_GRD","band":"VH","value":-17.3409,"farmer_unique_id":"3946689","site_id":3709},{"date":"2020-02-04","product":"COPERNICUS/S1_GRD","band":"VH","value":-15.4861,"farmer_unique_id":"3946689","site_id":3709},{"date":"2020-02-16","product":"COPERNICUS/S1_GRD","band":"VH","value":-13.9249,"farmer_unique_id":"3946689","site_id":3709},{"date":"2020-02-28","product":"COPERNICUS/S1_GRD","band":"VH","value":-17.5011,"farmer_unique_id":"3946689","site_id":3709},{"date":"2020-03-11","product":"COPERNICUS/S1_GRD","band":"VH","value":-16.6481,"farmer_unique_id":"3946689","site_id":3709},{"date":"2020-03-23","product":"COPERNICUS/S1_GRD","band":"VH","value":-18.6493,"farmer_unique_id":"3946689","site_id":3709},{"date":"2020-04-04","product":"COPERNICUS/S1_GRD","band":"VH","value":-23.116,"farmer_unique_id":"3946689","site_id":3709},{"date":"2020-04-16","product":"COPERNICUS/S1_GRD","band":"VH","value":-19.4205,"farmer_unique_id":"3946689","site_id":3709},{"date":"2020-04-28","product":"COPERNICUS/S1_GRD","band":"VH","value":-22.2115,"farmer_unique_id":"3946689","site_id":3709},{"date":"2020-05-10","product":"COPERNICUS/S1_GRD","band":"VH","value":-17.2552,"farmer_unique_id":"3946689","site_id":3709},{"date":"2020-05-22","product":"COPERNICUS/S1_GRD","band":"VH","value":-15.4263,"farmer_unique_id":"3946689","site_id":3709},{"date":"2020-06-03","product":"COPERNICUS/S1_GRD","band":"VH","value":-15.6838,"farmer_unique_id":"3946689","site_id":3709},{"date":"2020-06-15","product":"COPERNICUS/S1_GRD","band":"VH","value":-15.6762,"farmer_unique_id":"3946689","site_id":3709},{"date":"2020-06-27","product":"COPERNICUS/S1_GRD","band":"VH","value":-17.281,"farmer_unique_id":"3946689","site_id":3709},{"date":"2020-07-09","product":"COPERNICUS/S1_GRD","band":"VH","value":-16.2475,"farmer_unique_id":"3946689","site_id":3709},{"date":"2020-07-21","product":"COPERNICUS/S1_GRD","band":"VH","value":-16.2908,"farmer_unique_id":"3946689","site_id":3709},{"date":"2020-08-02","product":"COPERNICUS/S1_GRD","band":"VH","value":-19.4923,"farmer_unique_id":"3946689","site_id":3709},{"date":"2020-08-14","product":"COPERNICUS/S1_GRD","band":"VH","value":-14.5561,"farmer_unique_id":"3946689","site_id":3709},{"date":"2020-08-26","product":"COPERNICUS/S1_GRD","band":"VH","value":-26.4018,"farmer_unique_id":"3946689","site_id":3709},{"date":"2020-09-07","product":"COPERNICUS/S1_GRD","band":"VH","value":-21.7066,"farmer_unique_id":"3946689","site_id":3709},{"date":"2020-09-19","product":"COPERNICUS/S1_GRD","band":"VH","value":-23.4447,"farmer_unique_id":"3946689","site_id":3709},{"date":"2020-10-01","product":"COPERNICUS/S1_GRD","band":"VH","value":-21.1871,"farmer_unique_id":"3946689","site_id":3709},{"date":"2020-10-13","product":"COPERNICUS/S1_GRD","band":"VH","value":-23.053,"farmer_unique_id":"3946689","site_id":3709},{"date":"2020-10-25","product":"COPERNICUS/S1_GRD","band":"VH","value":-19.9536,"farmer_unique_id":"3946689","site_id":3709},{"date":"2020-11-06","product":"COPERNICUS/S1_GRD","band":"VH","value":-19.6764,"farmer_unique_id":"3946689","site_id":3709},{"date":"2020-11-18","product":"COPERNICUS/S1_GRD","band":"VH","value":-22.6292,"farmer_unique_id":"3946689","site_id":3709},{"date":"2020-11-30","product":"COPERNICUS/S1_GRD","band":"VH","value":-17.0662,"farmer_unique_id":"3946689","site_id":3709},{"date":"2020-12-12","product":"COPERNICUS/S1_GRD","band":"VH","value":-20.8981,"farmer_unique_id":"3946689","site_id":3709},{"date":"2020-12-24","product":"COPERNICUS/S1_GRD","band":"VH","value":-14.7096,"farmer_unique_id":"3946689","site_id":3709},{"date":"2021-01-05","product":"COPERNICUS/S1_GRD","band":"VH","value":-18.5078,"farmer_unique_id":"3946689","site_id":3709},{"date":"2021-01-17","product":"COPERNICUS/S1_GRD","band":"VH","value":-13.5045,"farmer_unique_id":"3946689","site_id":3709},{"date":"2021-01-29","product":"COPERNICUS/S1_GRD","band":"VH","value":-15.7076,"farmer_unique_id":"3946689","site_id":3709},{"date":"2021-02-10","product":"COPERNICUS/S1_GRD","band":"VH","value":-16.3866,"farmer_unique_id":"3946689","site_id":3709},{"date":"2021-02-22","product":"COPERNICUS/S1_GRD","band":"VH","value":-19.0342,"farmer_unique_id":"3946689","site_id":3709},{"date":"2021-03-06","product":"COPERNICUS/S1_GRD","band":"VH","value":-20.3197,"farmer_unique_id":"3946689","site_id":3709},{"date":"2021-03-18","product":"COPERNICUS/S1_GRD","band":"VH","value":-24.4163,"farmer_unique_id":"3946689","site_id":3709},{"date":"2021-03-30","product":"COPERNICUS/S1_GRD","band":"VH","value":-22.4008,"farmer_unique_id":"3946689","site_id":3709},{"date":"2021-04-11","product":"COPERNICUS/S1_GRD","band":"VH","value":-21.9862,"farmer_unique_id":"3946689","site_id":3709},{"date":"2021-04-23","product":"COPERNICUS/S1_GRD","band":"VH","value":-22.5317,"farmer_unique_id":"3946689","site_id":3709},{"date":"2021-05-05","product":"COPERNICUS/S1_GRD","band":"VH","value":-11.9473,"farmer_unique_id":"3946689","site_id":3709},{"date":"2021-05-17","product":"COPERNICUS/S1_GRD","band":"VH","value":-13.4507,"farmer_unique_id":"3946689","site_id":3709},{"date":"2021-05-29","product":"COPERNICUS/S1_GRD","band":"VH","value":-16.7512,"farmer_unique_id":"3946689","site_id":3709},{"date":"2021-06-10","product":"COPERNICUS/S1_GRD","band":"VH","value":-17.0542,"farmer_unique_id":"3946689","site_id":3709},{"date":"2021-06-22","product":"COPERNICUS/S1_GRD","band":"VH","value":-17.7348,"farmer_unique_id":"3946689","site_id":3709},{"date":"2021-07-04","product":"COPERNICUS/S1_GRD","band":"VH","value":-14.0772,"farmer_unique_id":"3946689","site_id":3709},{"date":"2021-07-16","product":"COPERNICUS/S1_GRD","band":"VH","value":-16.7599,"farmer_unique_id":"3946689","site_id":3709},{"date":"2021-07-28","product":"COPERNICUS/S1_GRD","band":"VH","value":-16.1258,"farmer_unique_id":"3946689","site_id":3709},{"date":"2021-08-09","product":"COPERNICUS/S1_GRD","band":"VH","value":-17.8522,"farmer_unique_id":"3946689","site_id":3709},{"date":"2021-08-21","product":"COPERNICUS/S1_GRD","band":"VH","value":-24.6416,"farmer_unique_id":"3946689","site_id":3709},{"date":"2021-09-02","product":"COPERNICUS/S1_GRD","band":"VH","value":-23.6508,"farmer_unique_id":"3946689","site_id":3709},{"date":"2021-09-14","product":"COPERNICUS/S1_GRD","band":"VH","value":-19.6325,"farmer_unique_id":"3946689","site_id":3709},{"date":"2021-09-26","product":"COPERNICUS/S1_GRD","band":"VH","value":-24.8448,"farmer_unique_id":"3946689","site_id":3709},{"date":"2021-10-08","product":"COPERNICUS/S1_GRD","band":"VH","value":-17.5759,"farmer_unique_id":"3946689","site_id":3709},{"date":"2021-10-20","product":"COPERNICUS/S1_GRD","band":"VH","value":-19.4423,"farmer_unique_id":"3946689","site_id":3709},{"date":"2021-11-01","product":"COPERNICUS/S1_GRD","band":"VH","value":-22.4581,"farmer_unique_id":"3946689","site_id":3709},{"date":"2021-11-13","product":"COPERNICUS/S1_GRD","band":"VH","value":-21.4976,"farmer_unique_id":"3946689","site_id":3709},{"date":"2021-11-25","product":"COPERNICUS/S1_GRD","band":"VH","value":-17.4599,"farmer_unique_id":"3946689","site_id":3709},{"date":"2021-12-07","product":"COPERNICUS/S1_GRD","band":"VH","value":-21.5594,"farmer_unique_id":"3946689","site_id":3709},{"date":"2021-12-19","product":"COPERNICUS/S1_GRD","band":"VH","value":-20.3801,"farmer_unique_id":"3946689","site_id":3709},{"date":"2020-01-11","product":"COPERNICUS/S1_GRD","band":"VV","value":-9.9439,"farmer_unique_id":"3946689","site_id":3709},{"date":"2020-01-23","product":"COPERNICUS/S1_GRD","band":"VV","value":-8.9681,"farmer_unique_id":"3946689","site_id":3709},{"date":"2020-02-04","product":"COPERNICUS/S1_GRD","band":"VV","value":-7.4941,"farmer_unique_id":"3946689","site_id":3709},{"date":"2020-02-16","product":"COPERNICUS/S1_GRD","band":"VV","value":-11.6573,"farmer_unique_id":"3946689","site_id":3709},{"date":"2020-02-28","product":"COPERNICUS/S1_GRD","band":"VV","value":-11.9224,"farmer_unique_id":"3946689","site_id":3709},{"date":"2020-03-11","product":"COPERNICUS/S1_GRD","band":"VV","value":-10.5685,"farmer_unique_id":"3946689","site_id":3709},{"date":"2020-03-23","product":"COPERNICUS/S1_GRD","band":"VV","value":-12.0263,"farmer_unique_id":"3946689","site_id":3709},{"date":"2020-04-04","product":"COPERNICUS/S1_GRD","band":"VV","value":-14.6257,"farmer_unique_id":"3946689","site_id":3709},{"date":"2020-04-16","product":"COPERNICUS/S1_GRD","band":"VV","value":-14.8597,"farmer_unique_id":"3946689","site_id":3709},{"date":"2020-04-28","product":"COPERNICUS/S1_GRD","band":"VV","value":-13.7695,"farmer_unique_id":"3946689","site_id":3709},{"date":"2020-05-10","product":"COPERNICUS/S1_GRD","band":"VV","value":-9.3276,"farmer_unique_id":"3946689","site_id":3709},{"date":"2020-05-22","product":"COPERNICUS/S1_GRD","band":"VV","value":-9.5108,"farmer_unique_id":"3946689","site_id":3709},{"date":"2020-06-03","product":"COPERNICUS/S1_GRD","band":"VV","value":-11.99,"farmer_unique_id":"3946689","site_id":3709},{"date":"2020-06-15","product":"COPERNICUS/S1_GRD","band":"VV","value":-13.2978,"farmer_unique_id":"3946689","site_id":3709},{"date":"2020-06-27","product":"COPERNICUS/S1_GRD","band":"VV","value":-8.4423,"farmer_unique_id":"3946689","site_id":3709},{"date":"2020-07-09","product":"COPERNICUS/S1_GRD","band":"VV","value":-9.8837,"farmer_unique_id":"3946689","site_id":3709},{"date":"2020-07-21","product":"COPERNICUS/S1_GRD","band":"VV","value":-11.0459,"farmer_unique_id":"3946689","site_id":3709},{"date":"2020-08-02","product":"COPERNICUS/S1_GRD","band":"VV","value":-10.3746,"farmer_unique_id":"3946689","site_id":3709},{"date":"2020-08-14","product":"COPERNICUS/S1_GRD","band":"VV","value":-13.0666,"farmer_unique_id":"3946689","site_id":3709},{"date":"2020-08-26","product":"COPERNICUS/S1_GRD","band":"VV","value":-12.9971,"farmer_unique_id":"3946689","site_id":3709},{"date":"2020-09-07","product":"COPERNICUS/S1_GRD","band":"VV","value":-11.2654,"farmer_unique_id":"3946689","site_id":3709},{"date":"2020-09-19","product":"COPERNICUS/S1_GRD","band":"VV","value":-13.7511,"farmer_unique_id":"3946689","site_id":3709},{"date":"2020-10-01","product":"COPERNICUS/S1_GRD","band":"VV","value":-14.2859,"farmer_unique_id":"3946689","site_id":3709},{"date":"2020-10-13","product":"COPERNICUS/S1_GRD","band":"VV","value":-17.5743,"farmer_unique_id":"3946689","site_id":3709},{"date":"2020-10-25","product":"COPERNICUS/S1_GRD","band":"VV","value":-11.0885,"farmer_unique_id":"3946689","site_id":3709},{"date":"2020-11-06","product":"COPERNICUS/S1_GRD","band":"VV","value":-12.1744,"farmer_unique_id":"3946689","site_id":3709},{"date":"2020-11-18","product":"COPERNICUS/S1_GRD","band":"VV","value":-15.2461,"farmer_unique_id":"3946689","site_id":3709},{"date":"2020-11-30","product":"COPERNICUS/S1_GRD","band":"VV","value":-11.5753,"farmer_unique_id":"3946689","site_id":3709},{"date":"2020-12-12","product":"COPERNICUS/S1_GRD","band":"VV","value":-10.2486,"farmer_unique_id":"3946689","site_id":3709},{"date":"2020-12-24","product":"COPERNICUS/S1_GRD","band":"VV","value":-11.1026,"farmer_unique_id":"3946689","site_id":3709},{"date":"2021-01-05","product":"COPERNICUS/S1_GRD","band":"VV","value":-11.6001,"farmer_unique_id":"3946689","site_id":3709},{"date":"2021-01-17","product":"COPERNICUS/S1_GRD","band":"VV","value":-11.8969,"farmer_unique_id":"3946689","site_id":3709},{"date":"2021-01-29","product":"COPERNICUS/S1_GRD","band":"VV","value":-11.8917,"farmer_unique_id":"3946689","site_id":3709},{"date":"2021-02-10","product":"COPERNICUS/S1_GRD","band":"VV","value":-12.6767,"farmer_unique_id":"3946689","site_id":3709},{"date":"2021-02-22","product":"COPERNICUS/S1_GRD","band":"VV","value":-12.1111,"farmer_unique_id":"3946689","site_id":3709},{"date":"2021-03-06","product":"COPERNICUS/S1_GRD","band":"VV","value":-13.0387,"farmer_unique_id":"3946689","site_id":3709},{"date":"2021-03-18","product":"COPERNICUS/S1_GRD","band":"VV","value":-11.7128,"farmer_unique_id":"3946689","site_id":3709},{"date":"2021-03-30","product":"COPERNICUS/S1_GRD","band":"VV","value":-16.1073,"farmer_unique_id":"3946689","site_id":3709},{"date":"2021-04-11","product":"COPERNICUS/S1_GRD","band":"VV","value":-17.0322,"farmer_unique_id":"3946689","site_id":3709},{"date":"2021-04-23","product":"COPERNICUS/S1_GRD","band":"VV","value":-13.8058,"farmer_unique_id":"3946689","site_id":3709},{"date":"2021-05-05","product":"COPERNICUS/S1_GRD","band":"VV","value":-8.5111,"farmer_unique_id":"3946689","site_id":3709},{"date":"2021-05-17","product":"COPERNICUS/S1_GRD","band":"VV","value":-11.5049,"farmer_unique_id":"3946689","site_id":3709},{"date":"2021-05-29","product":"COPERNICUS/S1_GRD","band":"VV","value":-9.5435,"farmer_unique_id":"3946689","site_id":3709},{"date":"2021-06-10","product":"COPERNICUS/S1_GRD","band":"VV","value":-9.0121,"farmer_unique_id":"3946689","site_id":3709},{"date":"2021-06-22","product":"COPERNICUS/S1_GRD","band":"VV","value":-7.9816,"farmer_unique_id":"3946689","site_id":3709},{"date":"2021-07-04","product":"COPERNICUS/S1_GRD","band":"VV","value":-8.1299,"farmer_unique_id":"3946689","site_id":3709},{"date":"2021-07-16","product":"COPERNICUS/S1_GRD","band":"VV","value":-12.7586,"farmer_unique_id":"3946689","site_id":3709},{"date":"2021-07-28","product":"COPERNICUS/S1_GRD","band":"VV","value":-14.8424,"farmer_unique_id":"3946689","site_id":3709},{"date":"2021-08-09","product":"COPERNICUS/S1_GRD","band":"VV","value":-10.16,"farmer_unique_id":"3946689","site_id":3709},{"date":"2021-08-21","product":"COPERNICUS/S1_GRD","band":"VV","value":-14.8662,"farmer_unique_id":"3946689","site_id":3709},{"date":"2021-09-02","product":"COPERNICUS/S1_GRD","band":"VV","value":-14.6156,"farmer_unique_id":"3946689","site_id":3709},{"date":"2021-09-14","product":"COPERNICUS/S1_GRD","band":"VV","value":-16.794,"farmer_unique_id":"3946689","site_id":3709},{"date":"2021-09-26","product":"COPERNICUS/S1_GRD","band":"VV","value":-13.3723,"farmer_unique_id":"3946689","site_id":3709},{"date":"2021-10-08","product":"COPERNICUS/S1_GRD","band":"VV","value":-15.4132,"farmer_unique_id":"3946689","site_id":3709},{"date":"2021-10-20","product":"COPERNICUS/S1_GRD","band":"VV","value":-10.0589,"farmer_unique_id":"3946689","site_id":3709},{"date":"2021-11-01","product":"COPERNICUS/S1_GRD","band":"VV","value":-15.4625,"farmer_unique_id":"3946689","site_id":3709},{"date":"2021-11-13","product":"COPERNICUS/S1_GRD","band":"VV","value":-15.1776,"farmer_unique_id":"3946689","site_id":3709},{"date":"2021-11-25","product":"COPERNICUS/S1_GRD","band":"VV","value":-9.4657,"farmer_unique_id":"3946689","site_id":3709},{"date":"2021-12-07","product":"COPERNICUS/S1_GRD","band":"VV","value":-12.097,"farmer_unique_id":"3946689","site_id":3709},{"date":"2021-12-19","product":"COPERNICUS/S1_GRD","band":"VV","value":-12.2512,"farmer_unique_id":"3946689","site_id":3709}]
