[{"date":"2020-01-11","product":"COPERNICUS/S1_GRD","band":"VH","value":-18.9155,"farmer_unique_id":"2058798","site_id":2693},{"date":"2020-01-23","product":"COPERNICUS/S1_GRD","band":"VH","value":-15.2341,"farmer_unique_id":"2058798","site_id":2693},{"date":"2020-02-04","product":"COPERNICUS/S1_GRD","band":"VH","value":-14.7883,"farmer_unique_id":"2058798","site_id":2693},{"date":"2020-02-16","product":"COPERNICUS/S1_GRD","band":"VH","value":-18.3438,"farmer_unique_id":"2058798","site_id":2693},{"date":"2020-02-28","product":"COPERNICUS/S1_GRD","band":"VH","value":-14.6139,"farmer_unique_id":"2058798","site_id":2693},{"date":"2020-03-11","product":"COPERNICUS/S1_GRD","band":"VH","value":-15.9801,"farmer_unique_id":"2058798","site_id":2693},{"date":"2020-03-23","product":"COPERNICUS/S1_GRD","band":"VH","value":-12.9892,"farmer_unique_id":"2058798","site_id":2693},{"date":"2020-04-04","product":"COPERNICUS/S1_GRD","band":"VH","value":-13.3494,"farmer_unique_id":"2058798","site_id":2693},{"date":"2020-04-16","product":"COPERNICUS/S1_GRD","band":"VH","value":-14.2911,"farmer_unique_id":"2058798","site_id":2693},{"date":"2020-04-28","product":"COPERNICUS/S1_GRD","band":"VH","value":-13.7008,"farmer_unique_id":"2058798","site_id":2693},{"date":"2020-05-10","product":"COPERNICUS/S1_GRD","band":"VH","value":-13.4314,"farmer_unique_id":"2058798","site_id":2693},{"date":"2020-05-22","product":"COPERNICUS/S1_GRD","band":"VH","value":-15.7055,"farmer_unique_id":"2058798","site_id":2693},{"date":"2020-06-03","product":"COPERNICUS/S1_GRD","band":"VH","value":-12.4019,"farmer_unique_id":"2058798","site_id":2693},{"date":"2020-06-15","product":"COPERNICUS/S1_GRD","band":"VH","value":-13.1939,"farmer_unique_id":"2058798","site_id":2693},{"date":"2020-06-27","product":"COPERNICUS/S1_GRD","band":"VH","value":-10.4609,"farmer_unique_id":"2058798","site_id":2693},{"date":"2020-07-09","product":"COPERNICUS/S1_GRD","band":"VH","value":-15.7982,"farmer_unique_id":"2058798","site_id":2693},{"date":"2020-07-21","product":"COPERNICUS/S1_GRD","band":"VH","value":-20.2784,"farmer_unique_id":"2058798","site_id":2693},{"date":"2020-08-02","product":"COPERNICUS/S1_GRD","band":"VH","value":-13.1906,"farmer_unique_id":"2058798","site_id":2693},{"date":"2020-08-14","product":"COPERNICUS/S1_GRD","band":"VH","value":-14.086,"farmer_unique_id":"2058798","site_id":2693},{"date":"2020-08-26","product":"COPERNICUS/S1_GRD","band":"VH","value":-16.0435,"farmer_unique_id":"2058798","site_id":2693},{"date":"2020-09-07","product":"COPERNICUS/S1_GRD","band":"VH","value":-15.9124,"farmer_unique_id":"2058798","site_id":2693},{"date":"2020-09-19","product":"COPERNICUS/S1_GRD","band":"VH","value":-15.6806,"farmer_unique_id":"2058798","site_id":2693},{"date":"2020-10-01","product":"COPERNICUS/S1_GRD","band":"VH","value":-15.7332,"farmer_unique_id":"2058798","site_id":2693},{"date":"2020-10-13","product":"COPERNICUS/S1_GRD","band":"VH","value":-16.5468,"farmer_unique_id":"2058798","site_id":2693},{"date":"2020-10-25","product":"COPERNICUS/S1_GRD","band":"VH","value":-16.69,"farmer_unique_id":"2058798","site_id":2693},{"date":"2020-11-06","product":"COPERNICUS/S1_GRD","band":"VH","value":-15.6233,"farmer_unique_id":"2058798","site_id":2693},{"date":"2020-11-18","product":"COPERNICUS/S1_GRD","band":"VH","value":-16.8989,"farmer_unique_id":"2058798","site_id":2693},{"date":"2020-11-30","product":"COPERNICUS/S1_GRD","band":"VH","value":-14.0927,"farmer_unique_id":"2058798","site_id":2693},{"date":"2020-12-12","product":"COPERNICUS/S1_GRD","band":"VH","value":-15.1069,"farmer_unique_id":"2058798","site_id":2693},{"date":"2020-12-24","product":"COPERNICUS/S1_GRD","band":"VH","value":-14.9146,"farmer_unique_id":"2058798","site_id":2693},{"date":"2021-01-05","product":"COPERNICUS/S1_GRD","band":"VH","value":-16.4263,"farmer_unique_id":"2058798","site_id":2693},{"date":"2021-01-17","product":"COPERNICUS/S1_GRD","band":"VH","value":-16.1477,"farmer_unique_id":"2058798","site_id":2693},{"date":"2021-01-29","product":"COPERNICUS/S1_GRD","band":"VH","value":-14.1566,"farmer_unique_id":"2058798","site_id":2693},{"date":"2021-02-10","product":"COPERNICUS/S1_GRD","band":"VH","value":-15.9054,"farmer_unique_id":"2058798","site_id":2693},{"date":"2021-02-22","product":"COPERNICUS/S1_GRD","band":"VH","value":-10.2589,"farmer_unique_id":"2058798","site_id":2693},{"date":"2021-03-06","product":"COPERNICUS/S1_GRD","band":"VH","value":-15.1966,"farmer_unique_id":"2058798","site_id":2693},{"date":"2021-03-18","product":"COPERNICUS/S1_GRD","band":"VH","value":-15.7418,"farmer_unique_id":"2058798","site_id":2693},{"date":"2021-03-30","product":"COPERNICUS/S1_GRD","band":"VH","value":-14.3537,"farmer_unique_id":"2058798","site_id":2693},{"date":"2021-04-11","product":"COPERNICUS/S1_GRD","band":"VH","value":-12.8838,"farmer_unique_id":"2058798","site_id":2693},{"date":"2021-04-23","product":"COPERNICUS/S1_GRD","band":"VH","value":-13.2859,"farmer_unique_id":"2058798","site_id":2693},{"date":"2021-05-05","product":"COPERNICUS/S1_GRD","band":"VH","value":-13.7026,"farmer_unique_id":"2058798","site_id":2693},{"date":"2021-05-17","product":"COPERNICUS/S1_GRD","band":"VH","value":-12.9402,"farmer_unique_id":"2058798","site_id":2693},{"date":"2021-05-29","product":"COPERNICUS/S1_GRD","band":"VH","value":-11.4631,"farmer_unique_id":"2058798","site_id":2693},{"date":"2021-06-10","product":"COPERNICUS/S1_GRD","band":"VH","value":-16.8759,"farmer_unique_id":"2058798","site_id":2693},{"date":"2021-06-22","product":"COPERNICUS/S1_GRD","band":"VH","value":-13.5624,"farmer_unique_id":"2058798","site_id":2693},{"date":"2021-07-04","product":"COPERNICUS/S1_GRD","band":"VH","value":-14.9696,"farmer_unique_id":"2058798","site_id":2693},{"date":"2021-07-16","product":"COPERNICUS/S1_GRD","band":"VH","value":-14.9059,"farmer_unique_id":"2058798","site_id":2693},{"date":"2021-07-28","product":"COPERNICUS/S1_GRD","band":"VH","value":-18.0575,"farmer_unique_id":"2058798","site_id":2693},{"date":"2021-08-09","product":"COPERNICUS/S1_GRD","band":"VH","value":-17.0213,"farmer_unique_id":"2058798","site_id":2693},{"date":"2021-08-21","product":"COPERNICUS/S1_GRD","band":"VH","value":-16.9067,"farmer_unique_id":"2058798","site_id":2693},{"date":"2021-09-02","product":"COPERNICUS/S1_GRD","band":"VH","value":-15.2859,"farmer_unique_id":"2058798","site_id":2693},{"date":"2021-09-14","product":"COPERNICUS/S1_GRD","band":"VH","value":-18.9002,"farmer_unique_id":"2058798","site_id":2693},{"date":"2021-09-26","product":"COPERNICUS/S1_GRD","band":"VH","value":-20.5073,"farmer_unique_id":"2058798","site_id":2693},{"date":"2021-10-08","product":"COPERNICUS/S1_GRD","band":"VH","value":-19.259,"farmer_unique_id":"2058798","site_id":2693},{"date":"2021-10-20","product":"COPERNICUS/S1_GRD","band":"VH","value":-17.1233,"farmer_unique_id":"2058798","site_id":2693},{"date":"2021-11-01","product":"COPERNICUS/S1_GRD","band":"VH","value":-15.5877,"farmer_unique_id":"2058798","site_id":2693},{"date":"2021-11-13","product":"COPERNICUS/S1_GRD","band":"VH","value":-22.8156,"farmer_unique_id":"2058798","site_id":2693},{"date":"2021-11-25","product":"COPERNICUS/S1_GRD","band":"VH","value":-19.031,"farmer_unique_id":"2058798","site_id":2693},{"date":"2021-12-07","product":"COPERNICUS/S1_GRD","band":"VH","value":-19.7346,"farmer_unique_id":"2058798","site_id":2693},{"date":"2021-12-19","product":"COPERNICUS/S1_GRD","band":"VH","value":-17.8081,"farmer_unique_id":"2058798","site_id":2693},{"date":"2020-01-11","product":"COPERNICUS/S1_GRD","band":"VV","value":-10.7756,"farmer_unique_id":"2058798","site_id":2693},{"date":"2020-01-23","product":"COPERNICUS/S1_GRD","band":"VV","value":-14.1177,"farmer_unique_id":"2058798","site_id":2693},{"date":"2020-02-04","product":"COPERNICUS/S1_GRD","band":"VV","value":-8.0539,"farmer_unique_id":"2058798","site_id":2693},{"date":"2020-02-16","product":"COPERNICUS/S1_GRD","band":"VV","value":-10.0848,"farmer_unique_id":"2058798","site_id":2693},{"date":"2020-02-28","product":"COPERNICUS/S1_GRD","band":"VV","value":-11.1873,"farmer_unique_id":"2058798","site_id":2693},{"date":"2020-03-11","product":"COPERNICUS/S1_GRD","band":"VV","value":-11.2462,"farmer_unique_id":"2058798","site_id":2693},{"date":"2020-03-23","product":"COPERNICUS/S1_GRD","band":"VV","value":-8.535,"farmer_unique_id":"2058798","site_id":2693},{"date":"2020-04-04","product":"COPERNICUS/S1_GRD","band":"VV","value":-7.5308,"farmer_unique_id":"2058798","site_id":2693},{"date":"2020-04-16","product":"COPERNICUS/S1_GRD","band":"VV","value":-11.7644,"farmer_unique_id":"2058798","site_id":2693},{"date":"2020-04-28","product":"COPERNICUS/S1_GRD","band":"VV","value":-8.5827,"farmer_unique_id":"2058798","site_id":2693},{"date":"2020-05-10","product":"COPERNICUS/S1_GRD","band":"VV","value":-10.0897,"farmer_unique_id":"2058798","site_id":2693},{"date":"2020-05-22","product":"COPERNICUS/S1_GRD","band":"VV","value":-11.6127,"farmer_unique_id":"2058798","site_id":2693},{"date":"2020-06-03","product":"COPERNICUS/S1_GRD","band":"VV","value":-10.7602,"farmer_unique_id":"2058798","site_id":2693},{"date":"2020-06-15","product":"COPERNICUS/S1_GRD","band":"VV","value":-9.6816,"farmer_unique_id":"2058798","site_id":2693},{"date":"2020-06-27","product":"COPERNICUS/S1_GRD","band":"VV","value":-11.8422,"farmer_unique_id":"2058798","site_id":2693},{"date":"2020-07-09","product":"COPERNICUS/S1_GRD","band":"VV","value":-7.1367,"farmer_unique_id":"2058798","site_id":2693},{"date":"2020-07-21","product":"COPERNICUS/S1_GRD","band":"VV","value":-11.4572,"farmer_unique_id":"2058798","site_id":2693},{"date":"2020-08-02","product":"COPERNICUS/S1_GRD","band":"VV","value":-11.3722,"farmer_unique_id":"2058798","site_id":2693},{"date":"2020-08-14","product":"COPERNICUS/S1_GRD","band":"VV","value":-9.7071,"farmer_unique_id":"2058798","site_id":2693},{"date":"2020-08-26","product":"COPERNICUS/S1_GRD","band":"VV","value":-15.2103,"farmer_unique_id":"2058798","site_id":2693},{"date":"2020-09-07","product":"COPERNICUS/S1_GRD","band":"VV","value":-12.3445,"farmer_unique_id":"2058798","site_id":2693},{"date":"2020-09-19","product":"COPERNICUS/S1_GRD","band":"VV","value":-11.4541,"farmer_unique_id":"2058798","site_id":2693},{"date":"2020-10-01","product":"COPERNICUS/S1_GRD","band":"VV","value":-9.716,"farmer_unique_id":"2058798","site_id":2693},{"date":"2020-10-13","product":"COPERNICUS/S1_GRD","band":"VV","value":-10.2624,"farmer_unique_id":"2058798","site_id":2693},{"date":"2020-10-25","product":"COPERNICUS/S1_GRD","band":"VV","value":-9.7995,"farmer_unique_id":"2058798","site_id":2693},{"date":"2020-11-06","product":"COPERNICUS/S1_GRD","band":"VV","value":-10.4409,"farmer_unique_id":"2058798","site_id":2693},{"date":"2020-11-18","product":"COPERNICUS/S1_GRD","band":"VV","value":-13.1063,"farmer_unique_id":"2058798","site_id":2693},{"date":"2020-11-30","product":"COPERNICUS/S1_GRD","band":"VV","value":-10.4314,"farmer_unique_id":"2058798","site_id":2693},{"date":"2020-12-12","product":"COPERNICUS/S1_GRD","band":"VV","value":-7.3907,"farmer_unique_id":"2058798","site_id":2693},{"date":"2020-12-24","product":"COPERNICUS/S1_GRD","band":"VV","value":-11.6931,"farmer_unique_id":"2058798","site_id":2693},{"date":"2021-01-05","product":"COPERNICUS/S1_GRD","band":"VV","value":-9.0145,"farmer_unique_id":"2058798","site_id":2693},{"date":"2021-01-17","product":"COPERNICUS/S1_GRD","band":"VV","value":-9.0933,"farmer_unique_id":"2058798","site_id":2693},{"date":"2021-01-29","product":"COPERNICUS/S1_GRD","band":"VV","value":-9.9088,"farmer_unique_id":"2058798","site_id":2693},{"date":"2021-02-10","product":"COPERNICUS/S1_GRD","band":"VV","value":-8.9401,"farmer_unique_id":"2058798","site_id":2693},{"date":"2021-02-22","product":"COPERNICUS/S1_GRD","band":"VV","value":-7.899,"farmer_unique_id":"2058798","site_id":2693},{"date":"2021-03-06","product":"COPERNICUS/S1_GRD","band":"VV","value":-12.6112,"farmer_unique_id":"2058798","site_id":2693},{"date":"2021-03-18","product":"COPERNICUS/S1_GRD","band":"VV","value":-10.6923,"farmer_unique_id":"2058798","site_id":2693},{"date":"2021-03-30","product":"COPERNICUS/S1_GRD","band":"VV","value":-8.0396,"farmer_unique_id":"2058798","site_id":2693},{"date":"2021-04-11","product":"COPERNICUS/S1_GRD","band":"VV","value":-10.3212,"farmer_unique_id":"2058798","site_id":2693},{"date":"2021-04-23","product":"COPERNICUS/S1_GRD","band":"VV","value":-12.3201,"farmer_unique_id":"2058798","site_id":2693},{"date":"2021-05-05","product":"COPERNICUS/S1_GRD","band":"VV","value":-9.3189,"farmer_unique_id":"2058798","site_id":2693},{"date":"2021-05-17","product":"COPERNICUS/S1_GRD","band":"VV","value":-10.8768,"farmer_unique_id":"2058798","site_id":2693},{"date":"2021-05-29","product":"COPERNICUS/S1_GRD","band":"VV","value":-8.4274,"farmer_unique_id":"2058798","site_id":2693},{"date":"2021-06-10","product":"COPERNICUS/S1_GRD","band":"VV","value":-13.3561,"farmer_unique_id":"2058798","site_id":2693},{"date":"2021-06-22","product":"COPERNICUS/S1_GRD","band":"VV","value":-13.5282,"farmer_unique_id":"2058798","site_id":2693},{"date":"2021-07-04","product":"COPERNICUS/S1_GRD","band":"VV","value":-8.3013,"farmer_unique_id":"2058798","site_id":2693},{"date":"2021-07-16","product":"COPERNICUS/S1_GRD","band":"VV","value":-9.8524,"farmer_unique_id":"2058798","site_id":2693},{"date":"2021-07-28","product":"COPERNICUS/S1_GRD","band":"VV","value":-12.8483,"farmer_unique_id":"2058798","site_id":2693},{"date":"2021-08-09","product":"COPERNICUS/S1_GRD","band":"VV","value":-10.9542,"farmer_unique_id":"2058798","site_id":2693},{"date":"2021-08-21","product":"COPERNICUS/S1_GRD","band":"VV","value":-10.0735,"farmer_unique_id":"2058798","site_id":2693},{"date":"2021-09-02","product":"COPERNICUS/S1_GRD","band":"VV","value":-9.1751,"farmer_unique_id":"2058798","site_id":2693},{"date":"2021-09-14","product":"COPERNICUS/S1_GRD","band":"VV","value":-11.9994,"farmer_unique_id":"2058798","site_id":2693},{"date":"2021-09-26","product":"COPERNICUS/S1_GRD","band":"VV","value":-14.5535,"farmer_unique_id":"2058798","site_id":2693},{"date":"2021-10-08","product":"COPERNICUS/S1_GRD","band":"VV","value":-14.1917,"farmer_unique_id":"2058798","site_id":2693},{"date":"2021-10-20","product":"COPERNICUS/S1_GRD","band":"VV","value":-10.6643,"farmer_unique_id":"2058798","site_id":2693},{"date":"2021-11-01","product":"COPERNICUS/S1_GRD","band":"VV","value":-9.2762,"farmer_unique_id":"2058798","site_id":2693},{"date":"2021-11-13","product":"COPERNICUS/S1_GRD","band":"VV","value":-10.8678,"farmer_unique_id":"2058798","site_id":2693},{"date":"2021-11-25","product":"COPERNICUS/S1_GRD","band":"VV","value":-13.2385,"farmer_unique_id":"2058798","site_id":2693},{"date":"2021-12-07","product":"COPERNICUS/S1_GRD","band":"VV","value":-11.8369,"farmer_unique_id":"2058798","site_id":2693},{"date":"2021-12-19","product":"COPERNICUS/S1_GRD","band":"VV","value":-10.0506,"farmer_unique_id":"2058798","site_id":2693}]
