[{"date":"2020-01-04","product":"COPERNICUS/S1_GRD","band":"VH","value":-13.0068,"farmer_unique_id":"2308558","site_id":9621},{"date":"2020-01-09","product":"COPERNICUS/S1_GRD","band":"VH","value":-13.7667,"farmer_unique_id":"2308558","site_id":9621},{"date":"2020-01-16","product":"COPERNICUS/S1_GRD","band":"VH","value":-11.7177,"farmer_unique_id":"2308558","site_id":9621},{"date":"2020-01-21","product":"COPERNICUS/S1_GRD","band":"VH","value":-12.7301,"farmer_unique_id":"2308558","site_id":9621},{"date":"2020-01-28","product":"COPERNICUS/S1_GRD","band":"VH","value":-10.8072,"farmer_unique_id":"2308558","site_id":9621},{"date":"2020-02-02","product":"COPERNICUS/S1_GRD","band":"VH","value":-16.1208,"farmer_unique_id":"2308558","site_id":9621},{"date":"2020-02-09","product":"COPERNICUS/S1_GRD","band":"VH","value":-13.5223,"farmer_unique_id":"2308558","site_id":9621},{"date":"2020-02-14","product":"COPERNICUS/S1_GRD","band":"VH","value":-16.7622,"farmer_unique_id":"2308558","site_id":9621},{"date":"2020-02-21","product":"COPERNICUS/S1_GRD","band":"VH","value":-18.3801,"farmer_unique_id":"2308558","site_id":9621},{"date":"2020-02-26","product":"COPERNICUS/S1_GRD","band":"VH","value":-16.6453,"farmer_unique_id":"2308558","site_id":9621},{"date":"2020-03-04","product":"COPERNICUS/S1_GRD","band":"VH","value":-12.4759,"farmer_unique_id":"2308558","site_id":9621},{"date":"2020-03-09","product":"COPERNICUS/S1_GRD","band":"VH","value":-15.4026,"farmer_unique_id":"2308558","site_id":9621},{"date":"2020-03-16","product":"COPERNICUS/S1_GRD","band":"VH","value":-21.0151,"farmer_unique_id":"2308558","site_id":9621},{"date":"2020-03-21","product":"COPERNICUS/S1_GRD","band":"VH","value":-12.7346,"farmer_unique_id":"2308558","site_id":9621},{"date":"2020-03-28","product":"COPERNICUS/S1_GRD","band":"VH","value":-13.9465,"farmer_unique_id":"2308558","site_id":9621},{"date":"2020-04-02","product":"COPERNICUS/S1_GRD","band":"VH","value":-13.7231,"farmer_unique_id":"2308558","site_id":9621},{"date":"2020-04-09","product":"COPERNICUS/S1_GRD","band":"VH","value":-13.9963,"farmer_unique_id":"2308558","site_id":9621},{"date":"2020-04-14","product":"COPERNICUS/S1_GRD","band":"VH","value":-15.0958,"farmer_unique_id":"2308558","site_id":9621},{"date":"2020-04-21","product":"COPERNICUS/S1_GRD","band":"VH","value":-13.5369,"farmer_unique_id":"2308558","site_id":9621},{"date":"2020-04-26","product":"COPERNICUS/S1_GRD","band":"VH","value":-16.7523,"farmer_unique_id":"2308558","site_id":9621},{"date":"2020-05-03","product":"COPERNICUS/S1_GRD","band":"VH","value":-16.9089,"farmer_unique_id":"2308558","site_id":9621},{"date":"2020-05-08","product":"COPERNICUS/S1_GRD","band":"VH","value":-11.7225,"farmer_unique_id":"2308558","site_id":9621},{"date":"2020-05-15","product":"COPERNICUS/S1_GRD","band":"VH","value":-17.1541,"farmer_unique_id":"2308558","site_id":9621},{"date":"2020-05-20","product":"COPERNICUS/S1_GRD","band":"VH","value":-14.8506,"farmer_unique_id":"2308558","site_id":9621},{"date":"2020-05-27","product":"COPERNICUS/S1_GRD","band":"VH","value":-22.9775,"farmer_unique_id":"2308558","site_id":9621},{"date":"2020-06-01","product":"COPERNICUS/S1_GRD","band":"VH","value":-13.0293,"farmer_unique_id":"2308558","site_id":9621},{"date":"2020-06-08","product":"COPERNICUS/S1_GRD","band":"VH","value":-15.3176,"farmer_unique_id":"2308558","site_id":9621},{"date":"2020-06-13","product":"COPERNICUS/S1_GRD","band":"VH","value":-14.8874,"farmer_unique_id":"2308558","site_id":9621},{"date":"2020-06-20","product":"COPERNICUS/S1_GRD","band":"VH","value":-14.5122,"farmer_unique_id":"2308558","site_id":9621},{"date":"2020-06-25","product":"COPERNICUS/S1_GRD","band":"VH","value":-15.2258,"farmer_unique_id":"2308558","site_id":9621},{"date":"2020-07-02","product":"COPERNICUS/S1_GRD","band":"VH","value":-15.1076,"farmer_unique_id":"2308558","site_id":9621},{"date":"2020-07-07","product":"COPERNICUS/S1_GRD","band":"VH","value":-17.6118,"farmer_unique_id":"2308558","site_id":9621},{"date":"2020-07-14","product":"COPERNICUS/S1_GRD","band":"VH","value":-13.8246,"farmer_unique_id":"2308558","site_id":9621},{"date":"2020-07-19","product":"COPERNICUS/S1_GRD","band":"VH","value":-13.7939,"farmer_unique_id":"2308558","site_id":9621},{"date":"2020-07-26","product":"COPERNICUS/S1_GRD","band":"VH","value":-16.3415,"farmer_unique_id":"2308558","site_id":9621},{"date":"2020-07-31","product":"COPERNICUS/S1_GRD","band":"VH","value":-22.9946,"farmer_unique_id":"2308558","site_id":9621},{"date":"2020-08-07","product":"COPERNICUS/S1_GRD","band":"VH","value":-11.3219,"farmer_unique_id":"2308558","site_id":9621},{"date":"2020-08-12","product":"COPERNICUS/S1_GRD","band":"VH","value":-21.1954,"farmer_unique_id":"2308558","site_id":9621},{"date":"2020-08-19","product":"COPERNICUS/S1_GRD","band":"VH","value":-16.0954,"farmer_unique_id":"2308558","site_id":9621},{"date":"2020-08-24","product":"COPERNICUS/S1_GRD","band":"VH","value":-13.8814,"farmer_unique_id":"2308558","site_id":9621},{"date":"2020-08-31","product":"COPERNICUS/S1_GRD","band":"VH","value":-13.7462,"farmer_unique_id":"2308558","site_id":9621},{"date":"2020-09-05","product":"COPERNICUS/S1_GRD","band":"VH","value":-19.7267,"farmer_unique_id":"2308558","site_id":9621},{"date":"2020-09-12","product":"COPERNICUS/S1_GRD","band":"VH","value":-17.2157,"farmer_unique_id":"2308558","site_id":9621},{"date":"2020-09-17","product":"COPERNICUS/S1_GRD","band":"VH","value":-17.4265,"farmer_unique_id":"2308558","site_id":9621},{"date":"2020-09-24","product":"COPERNICUS/S1_GRD","band":"VH","value":-17.6751,"farmer_unique_id":"2308558","site_id":9621},{"date":"2020-09-29","product":"COPERNICUS/S1_GRD","band":"VH","value":-15.4364,"farmer_unique_id":"2308558","site_id":9621},{"date":"2020-10-06","product":"COPERNICUS/S1_GRD","band":"VH","value":-12.568,"farmer_unique_id":"2308558","site_id":9621},{"date":"2020-10-11","product":"COPERNICUS/S1_GRD","band":"VH","value":-13.2106,"farmer_unique_id":"2308558","site_id":9621},{"date":"2020-10-18","product":"COPERNICUS/S1_GRD","band":"VH","value":-11.9942,"farmer_unique_id":"2308558","site_id":9621},{"date":"2020-10-23","product":"COPERNICUS/S1_GRD","band":"VH","value":-12.4332,"farmer_unique_id":"2308558","site_id":9621},{"date":"2020-10-30","product":"COPERNICUS/S1_GRD","band":"VH","value":-13.6364,"farmer_unique_id":"2308558","site_id":9621},{"date":"2020-11-04","product":"COPERNICUS/S1_GRD","band":"VH","value":-16.6238,"farmer_unique_id":"2308558","site_id":9621},{"date":"2020-11-11","product":"COPERNICUS/S1_GRD","band":"VH","value":-13.946,"farmer_unique_id":"2308558","site_id":9621},{"date":"2020-11-16","product":"COPERNICUS/S1_GRD","band":"VH","value":-15.8493,"farmer_unique_id":"2308558","site_id":9621},{"date":"2020-11-23","product":"COPERNICUS/S1_GRD","band":"VH","value":-12.8117,"farmer_unique_id":"2308558","site_id":9621},{"date":"2020-11-28","product":"COPERNICUS/S1_GRD","band":"VH","value":-13.3122,"farmer_unique_id":"2308558","site_id":9621},{"date":"2020-12-05","product":"COPERNICUS/S1_GRD","band":"VH","value":-13.6726,"farmer_unique_id":"2308558","site_id":9621},{"date":"2020-12-10","product":"COPERNICUS/S1_GRD","band":"VH","value":-16.4995,"farmer_unique_id":"2308558","site_id":9621},{"date":"2020-12-17","product":"COPERNICUS/S1_GRD","band":"VH","value":-13.9862,"farmer_unique_id":"2308558","site_id":9621},{"date":"2020-12-22","product":"COPERNICUS/S1_GRD","band":"VH","value":-18.667,"farmer_unique_id":"2308558","site_id":9621},{"date":"2020-12-29","product":"COPERNICUS/S1_GRD","band":"VH","value":-10.5046,"farmer_unique_id":"2308558","site_id":9621},{"date":"2021-01-03","product":"COPERNICUS/S1_GRD","band":"VH","value":-13.476,"farmer_unique_id":"2308558","site_id":9621},{"date":"2021-01-10","product":"COPERNICUS/S1_GRD","band":"VH","value":-10.8698,"farmer_unique_id":"2308558","site_id":9621},{"date":"2021-01-15","product":"COPERNICUS/S1_GRD","band":"VH","value":-17.2918,"farmer_unique_id":"2308558","site_id":9621},{"date":"2021-01-22","product":"COPERNICUS/S1_GRD","band":"VH","value":-9.3287,"farmer_unique_id":"2308558","site_id":9621},{"date":"2021-01-27","product":"COPERNICUS/S1_GRD","band":"VH","value":-13.1316,"farmer_unique_id":"2308558","site_id":9621},{"date":"2021-02-03","product":"COPERNICUS/S1_GRD","band":"VH","value":-15.3484,"farmer_unique_id":"2308558","site_id":9621},{"date":"2021-02-08","product":"COPERNICUS/S1_GRD","band":"VH","value":-14.8213,"farmer_unique_id":"2308558","site_id":9621},{"date":"2021-02-15","product":"COPERNICUS/S1_GRD","band":"VH","value":-14.9243,"farmer_unique_id":"2308558","site_id":9621},{"date":"2021-02-20","product":"COPERNICUS/S1_GRD","band":"VH","value":-16.6361,"farmer_unique_id":"2308558","site_id":9621},{"date":"2021-02-27","product":"COPERNICUS/S1_GRD","band":"VH","value":-15.7926,"farmer_unique_id":"2308558","site_id":9621},{"date":"2021-03-04","product":"COPERNICUS/S1_GRD","band":"VH","value":-15.1613,"farmer_unique_id":"2308558","site_id":9621},{"date":"2021-03-11","product":"COPERNICUS/S1_GRD","band":"VH","value":-17.953,"farmer_unique_id":"2308558","site_id":9621},{"date":"2021-03-16","product":"COPERNICUS/S1_GRD","band":"VH","value":-11.4696,"farmer_unique_id":"2308558","site_id":9621},{"date":"2021-03-23","product":"COPERNICUS/S1_GRD","band":"VH","value":-15.8631,"farmer_unique_id":"2308558","site_id":9621},{"date":"2021-03-28","product":"COPERNICUS/S1_GRD","band":"VH","value":-23.3412,"farmer_unique_id":"2308558","site_id":9621},{"date":"2021-04-04","product":"COPERNICUS/S1_GRD","band":"VH","value":-10.698,"farmer_unique_id":"2308558","site_id":9621},{"date":"2021-04-09","product":"COPERNICUS/S1_GRD","band":"VH","value":-14.0917,"farmer_unique_id":"2308558","site_id":9621},{"date":"2021-04-16","product":"COPERNICUS/S1_GRD","band":"VH","value":-15.114,"farmer_unique_id":"2308558","site_id":9621},{"date":"2021-04-21","product":"COPERNICUS/S1_GRD","band":"VH","value":-13.2126,"farmer_unique_id":"2308558","site_id":9621},{"date":"2021-04-28","product":"COPERNICUS/S1_GRD","band":"VH","value":-12.6963,"farmer_unique_id":"2308558","site_id":9621},{"date":"2021-05-03","product":"COPERNICUS/S1_GRD","band":"VH","value":-15.3672,"farmer_unique_id":"2308558","site_id":9621},{"date":"2021-05-10","product":"COPERNICUS/S1_GRD","band":"VH","value":-14.9758,"farmer_unique_id":"2308558","site_id":9621},{"date":"2021-05-15","product":"COPERNICUS/S1_GRD","band":"VH","value":-13.9827,"farmer_unique_id":"2308558","site_id":9621},{"date":"2021-05-22","product":"COPERNICUS/S1_GRD","band":"VH","value":-17.9956,"farmer_unique_id":"2308558","site_id":9621},{"date":"2021-05-27","product":"COPERNICUS/S1_GRD","band":"VH","value":-13.4462,"farmer_unique_id":"2308558","site_id":9621},{"date":"2021-06-03","product":"COPERNICUS/S1_GRD","band":"VH","value":-15.3704,"farmer_unique_id":"2308558","site_id":9621},{"date":"2021-06-08","product":"COPERNICUS/S1_GRD","band":"VH","value":-15.4777,"farmer_unique_id":"2308558","site_id":9621},{"date":"2021-06-15","product":"COPERNICUS/S1_GRD","band":"VH","value":-12.0643,"farmer_unique_id":"2308558","site_id":9621},{"date":"2021-06-20","product":"COPERNICUS/S1_GRD","band":"VH","value":-14.272,"farmer_unique_id":"2308558","site_id":9621},{"date":"2021-06-27","product":"COPERNICUS/S1_GRD","band":"VH","value":-13.2291,"farmer_unique_id":"2308558","site_id":9621},{"date":"2021-07-02","product":"COPERNICUS/S1_GRD","band":"VH","value":-14.6695,"farmer_unique_id":"2308558","site_id":9621},{"date":"2021-07-09","product":"COPERNICUS/S1_GRD","band":"VH","value":-15.3194,"farmer_unique_id":"2308558","site_id":9621},{"date":"2021-07-14","product":"COPERNICUS/S1_GRD","band":"VH","value":-14.054,"farmer_unique_id":"2308558","site_id":9621},{"date":"2021-07-21","product":"COPERNICUS/S1_GRD","band":"VH","value":-15.7282,"farmer_unique_id":"2308558","site_id":9621},{"date":"2021-07-26","product":"COPERNICUS/S1_GRD","band":"VH","value":-20.8542,"farmer_unique_id":"2308558","site_id":9621},{"date":"2021-08-02","product":"COPERNICUS/S1_GRD","band":"VH","value":-15.3125,"farmer_unique_id":"2308558","site_id":9621},{"date":"2021-08-07","product":"COPERNICUS/S1_GRD","band":"VH","value":-16.7057,"farmer_unique_id":"2308558","site_id":9621},{"date":"2021-08-14","product":"COPERNICUS/S1_GRD","band":"VH","value":-11.1433,"farmer_unique_id":"2308558","site_id":9621},{"date":"2021-08-19","product":"COPERNICUS/S1_GRD","band":"VH","value":-13.9443,"farmer_unique_id":"2308558","site_id":9621},{"date":"2021-08-26","product":"COPERNICUS/S1_GRD","band":"VH","value":-16.8201,"farmer_unique_id":"2308558","site_id":9621},{"date":"2021-08-31","product":"COPERNICUS/S1_GRD","band":"VH","value":-16.2594,"farmer_unique_id":"2308558","site_id":9621},{"date":"2021-09-07","product":"COPERNICUS/S1_GRD","band":"VH","value":-14.8128,"farmer_unique_id":"2308558","site_id":9621},{"date":"2021-09-12","product":"COPERNICUS/S1_GRD","band":"VH","value":-17.0195,"farmer_unique_id":"2308558","site_id":9621},{"date":"2021-09-19","product":"COPERNICUS/S1_GRD","band":"VH","value":-13.6455,"farmer_unique_id":"2308558","site_id":9621},{"date":"2021-09-24","product":"COPERNICUS/S1_GRD","band":"VH","value":-14.7586,"farmer_unique_id":"2308558","site_id":9621},{"date":"2021-10-01","product":"COPERNICUS/S1_GRD","band":"VH","value":-10.9496,"farmer_unique_id":"2308558","site_id":9621},{"date":"2021-10-06","product":"COPERNICUS/S1_GRD","band":"VH","value":-14.0456,"farmer_unique_id":"2308558","site_id":9621},{"date":"2021-10-13","product":"COPERNICUS/S1_GRD","band":"VH","value":-15.5277,"farmer_unique_id":"2308558","site_id":9621},{"date":"2021-10-18","product":"COPERNICUS/S1_GRD","band":"VH","value":-15.5781,"farmer_unique_id":"2308558","site_id":9621},{"date":"2021-10-25","product":"COPERNICUS/S1_GRD","band":"VH","value":-15.5803,"farmer_unique_id":"2308558","site_id":9621},{"date":"2021-10-30","product":"COPERNICUS/S1_GRD","band":"VH","value":-16.4841,"farmer_unique_id":"2308558","site_id":9621},{"date":"2021-11-06","product":"COPERNICUS/S1_GRD","band":"VH","value":-12.1565,"farmer_unique_id":"2308558","site_id":9621},{"date":"2021-11-11","product":"COPERNICUS/S1_GRD","band":"VH","value":-15.9361,"farmer_unique_id":"2308558","site_id":9621},{"date":"2021-11-18","product":"COPERNICUS/S1_GRD","band":"VH","value":-18.5747,"farmer_unique_id":"2308558","site_id":9621},{"date":"2021-11-23","product":"COPERNICUS/S1_GRD","band":"VH","value":-10.7626,"farmer_unique_id":"2308558","site_id":9621},{"date":"2021-11-30","product":"COPERNICUS/S1_GRD","band":"VH","value":-12.2249,"farmer_unique_id":"2308558","site_id":9621},{"date":"2021-12-05","product":"COPERNICUS/S1_GRD","band":"VH","value":-13.6985,"farmer_unique_id":"2308558","site_id":9621},{"date":"2021-12-12","product":"COPERNICUS/S1_GRD","band":"VH","value":-16.9766,"farmer_unique_id":"2308558","site_id":9621},{"date":"2021-12-17","product":"COPERNICUS/S1_GRD","band":"VH","value":-20.8982,"farmer_unique_id":"2308558","site_id":9621},{"date":"2021-12-24","product":"COPERNICUS/S1_GRD","band":"VH","value":-17.0913,"farmer_unique_id":"2308558","site_id":9621},{"date":"2021-12-29","product":"COPERNICUS/S1_GRD","band":"VH","value":-17.8562,"farmer_unique_id":"2308558","site_id":9621},{"date":"2020-01-04","product":"COPERNICUS/S1_GRD","band":"VV","value":-6.0013,"farmer_unique_id":"2308558","site_id":9621},{"date":"2020-01-09","product":"COPERNICUS/S1_GRD","band":"VV","value":-7.5649,"farmer_unique_id":"2308558","site_id":9621},{"date":"2020-01-16","product":"COPERNICUS/S1_GRD","band":"VV","value":-10.6594,"farmer_unique_id":"2308558","site_id":9621},{"date":"2020-01-21","product":"COPERNICUS/S1_GRD","band":"VV","value":-8.6386,"farmer_unique_id":"2308558","site_id":9621},{"date":"2020-01-28","product":"COPERNICUS/S1_GRD","band":"VV","value":-11.0155,"farmer_unique_id":"2308558","site_id":9621},{"date":"2020-02-02","product":"COPERNICUS/S1_GRD","band":"VV","value":-6.4997,"farmer_unique_id":"2308558","site_id":9621},{"date":"2020-02-09","product":"COPERNICUS/S1_GRD","band":"VV","value":-8.4856,"farmer_unique_id":"2308558","site_id":9621},{"date":"2020-02-14","product":"COPERNICUS/S1_GRD","band":"VV","value":-8.4957,"farmer_unique_id":"2308558","site_id":9621},{"date":"2020-02-21","product":"COPERNICUS/S1_GRD","band":"VV","value":-12.4886,"farmer_unique_id":"2308558","site_id":9621},{"date":"2020-02-26","product":"COPERNICUS/S1_GRD","band":"VV","value":-9.6335,"farmer_unique_id":"2308558","site_id":9621},{"date":"2020-03-04","product":"COPERNICUS/S1_GRD","band":"VV","value":-4.0984,"farmer_unique_id":"2308558","site_id":9621},{"date":"2020-03-09","product":"COPERNICUS/S1_GRD","band":"VV","value":-10.9246,"farmer_unique_id":"2308558","site_id":9621},{"date":"2020-03-16","product":"COPERNICUS/S1_GRD","band":"VV","value":-8.7222,"farmer_unique_id":"2308558","site_id":9621},{"date":"2020-03-21","product":"COPERNICUS/S1_GRD","band":"VV","value":-9.7271,"farmer_unique_id":"2308558","site_id":9621},{"date":"2020-03-28","product":"COPERNICUS/S1_GRD","band":"VV","value":-6.5657,"farmer_unique_id":"2308558","site_id":9621},{"date":"2020-04-02","product":"COPERNICUS/S1_GRD","band":"VV","value":-5.4272,"farmer_unique_id":"2308558","site_id":9621},{"date":"2020-04-09","product":"COPERNICUS/S1_GRD","band":"VV","value":-8.3501,"farmer_unique_id":"2308558","site_id":9621},{"date":"2020-04-14","product":"COPERNICUS/S1_GRD","band":"VV","value":-5.1474,"farmer_unique_id":"2308558","site_id":9621},{"date":"2020-04-21","product":"COPERNICUS/S1_GRD","band":"VV","value":-6.9076,"farmer_unique_id":"2308558","site_id":9621},{"date":"2020-04-26","product":"COPERNICUS/S1_GRD","band":"VV","value":-10.1375,"farmer_unique_id":"2308558","site_id":9621},{"date":"2020-05-03","product":"COPERNICUS/S1_GRD","band":"VV","value":-6.6011,"farmer_unique_id":"2308558","site_id":9621},{"date":"2020-05-08","product":"COPERNICUS/S1_GRD","band":"VV","value":-10.3245,"farmer_unique_id":"2308558","site_id":9621},{"date":"2020-05-15","product":"COPERNICUS/S1_GRD","band":"VV","value":-4.9097,"farmer_unique_id":"2308558","site_id":9621},{"date":"2020-05-20","product":"COPERNICUS/S1_GRD","band":"VV","value":-6.7011,"farmer_unique_id":"2308558","site_id":9621},{"date":"2020-05-27","product":"COPERNICUS/S1_GRD","band":"VV","value":-12.1047,"farmer_unique_id":"2308558","site_id":9621},{"date":"2020-06-01","product":"COPERNICUS/S1_GRD","band":"VV","value":-7.6743,"farmer_unique_id":"2308558","site_id":9621},{"date":"2020-06-08","product":"COPERNICUS/S1_GRD","band":"VV","value":-10.2455,"farmer_unique_id":"2308558","site_id":9621},{"date":"2020-06-13","product":"COPERNICUS/S1_GRD","band":"VV","value":-9.2517,"farmer_unique_id":"2308558","site_id":9621},{"date":"2020-06-20","product":"COPERNICUS/S1_GRD","band":"VV","value":-9.9023,"farmer_unique_id":"2308558","site_id":9621},{"date":"2020-06-25","product":"COPERNICUS/S1_GRD","band":"VV","value":-8.8137,"farmer_unique_id":"2308558","site_id":9621},{"date":"2020-07-02","product":"COPERNICUS/S1_GRD","band":"VV","value":-7.72,"farmer_unique_id":"2308558","site_id":9621},{"date":"2020-07-07","product":"COPERNICUS/S1_GRD","band":"VV","value":-9.7769,"farmer_unique_id":"2308558","site_id":9621},{"date":"2020-07-14","product":"COPERNICUS/S1_GRD","band":"VV","value":-10.619,"farmer_unique_id":"2308558","site_id":9621},{"date":"2020-07-19","product":"COPERNICUS/S1_GRD","band":"VV","value":-15.2973,"farmer_unique_id":"2308558","site_id":9621},{"date":"2020-07-26","product":"COPERNICUS/S1_GRD","band":"VV","value":-8.8841,"farmer_unique_id":"2308558","site_id":9621},{"date":"2020-07-31","product":"COPERNICUS/S1_GRD","band":"VV","value":-10.9409,"farmer_unique_id":"2308558","site_id":9621},{"date":"2020-08-07","product":"COPERNICUS/S1_GRD","band":"VV","value":-4.3846,"farmer_unique_id":"2308558","site_id":9621},{"date":"2020-08-12","product":"COPERNICUS/S1_GRD","band":"VV","value":-11.3553,"farmer_unique_id":"2308558","site_id":9621},{"date":"2020-08-19","product":"COPERNICUS/S1_GRD","band":"VV","value":-6.3344,"farmer_unique_id":"2308558","site_id":9621},{"date":"2020-08-24","product":"COPERNICUS/S1_GRD","band":"VV","value":-9.5422,"farmer_unique_id":"2308558","site_id":9621},{"date":"2020-08-31","product":"COPERNICUS/S1_GRD","band":"VV","value":-6.7007,"farmer_unique_id":"2308558","site_id":9621},{"date":"2020-09-05","product":"COPERNICUS/S1_GRD","band":"VV","value":-11.5579,"farmer_unique_id":"2308558","site_id":9621},{"date":"2020-09-12","product":"COPERNICUS/S1_GRD","band":"VV","value":-9.5233,"farmer_unique_id":"2308558","site_id":9621},{"date":"2020-09-17","product":"COPERNICUS/S1_GRD","band":"VV","value":-9.133,"farmer_unique_id":"2308558","site_id":9621},{"date":"2020-09-24","product":"COPERNICUS/S1_GRD","band":"VV","value":-10.6253,"farmer_unique_id":"2308558","site_id":9621},{"date":"2020-09-29","product":"COPERNICUS/S1_GRD","band":"VV","value":-9.1687,"farmer_unique_id":"2308558","site_id":9621},{"date":"2020-10-06","product":"COPERNICUS/S1_GRD","band":"VV","value":-5.5871,"farmer_unique_id":"2308558","site_id":9621},{"date":"2020-10-11","product":"COPERNICUS/S1_GRD","band":"VV","value":-6.5826,"farmer_unique_id":"2308558","site_id":9621},{"date":"2020-10-18","product":"COPERNICUS/S1_GRD","band":"VV","value":-4.33,"farmer_unique_id":"2308558","site_id":9621},{"date":"2020-10-23","product":"COPERNICUS/S1_GRD","band":"VV","value":-7.3579,"farmer_unique_id":"2308558","site_id":9621},{"date":"2020-10-30","product":"COPERNICUS/S1_GRD","band":"VV","value":-5.0112,"farmer_unique_id":"2308558","site_id":9621},{"date":"2020-11-04","product":"COPERNICUS/S1_GRD","band":"VV","value":-16.3975,"farmer_unique_id":"2308558","site_id":9621},{"date":"2020-11-11","product":"COPERNICUS/S1_GRD","band":"VV","value":-9.5276,"farmer_unique_id":"2308558","site_id":9621},{"date":"2020-11-16","product":"COPERNICUS/S1_GRD","band":"VV","value":-7.9406,"farmer_unique_id":"2308558","site_id":9621},{"date":"2020-11-23","product":"COPERNICUS/S1_GRD","band":"VV","value":-8.8813,"farmer_unique_id":"2308558","site_id":9621},{"date":"2020-11-28","product":"COPERNICUS/S1_GRD","band":"VV","value":-8.7159,"farmer_unique_id":"2308558","site_id":9621},{"date":"2020-12-05","product":"COPERNICUS/S1_GRD","band":"VV","value":-6.7894,"farmer_unique_id":"2308558","site_id":9621},{"date":"2020-12-10","product":"COPERNICUS/S1_GRD","band":"VV","value":-8.2215,"farmer_unique_id":"2308558","site_id":9621},{"date":"2020-12-17","product":"COPERNICUS/S1_GRD","band":"VV","value":-7.9111,"farmer_unique_id":"2308558","site_id":9621},{"date":"2020-12-22","product":"COPERNICUS/S1_GRD","band":"VV","value":-11.3566,"farmer_unique_id":"2308558","site_id":9621},{"date":"2020-12-29","product":"COPERNICUS/S1_GRD","band":"VV","value":-7.8713,"farmer_unique_id":"2308558","site_id":9621},{"date":"2021-01-03","product":"COPERNICUS/S1_GRD","band":"VV","value":-11.1138,"farmer_unique_id":"2308558","site_id":9621},{"date":"2021-01-10","product":"COPERNICUS/S1_GRD","band":"VV","value":-8.6995,"farmer_unique_id":"2308558","site_id":9621},{"date":"2021-01-15","product":"COPERNICUS/S1_GRD","band":"VV","value":-12.7833,"farmer_unique_id":"2308558","site_id":9621},{"date":"2021-01-22","product":"COPERNICUS/S1_GRD","band":"VV","value":-8.1719,"farmer_unique_id":"2308558","site_id":9621},{"date":"2021-01-27","product":"COPERNICUS/S1_GRD","band":"VV","value":-7.0425,"farmer_unique_id":"2308558","site_id":9621},{"date":"2021-02-03","product":"COPERNICUS/S1_GRD","band":"VV","value":-10.7072,"farmer_unique_id":"2308558","site_id":9621},{"date":"2021-02-08","product":"COPERNICUS/S1_GRD","band":"VV","value":-12.9123,"farmer_unique_id":"2308558","site_id":9621},{"date":"2021-02-15","product":"COPERNICUS/S1_GRD","band":"VV","value":-8.2518,"farmer_unique_id":"2308558","site_id":9621},{"date":"2021-02-20","product":"COPERNICUS/S1_GRD","band":"VV","value":-10.6754,"farmer_unique_id":"2308558","site_id":9621},{"date":"2021-02-27","product":"COPERNICUS/S1_GRD","band":"VV","value":-12.6981,"farmer_unique_id":"2308558","site_id":9621},{"date":"2021-03-04","product":"COPERNICUS/S1_GRD","band":"VV","value":-10.6585,"farmer_unique_id":"2308558","site_id":9621},{"date":"2021-03-11","product":"COPERNICUS/S1_GRD","band":"VV","value":-4.0319,"farmer_unique_id":"2308558","site_id":9621},{"date":"2021-03-16","product":"COPERNICUS/S1_GRD","band":"VV","value":-7.6715,"farmer_unique_id":"2308558","site_id":9621},{"date":"2021-03-23","product":"COPERNICUS/S1_GRD","band":"VV","value":-8.2999,"farmer_unique_id":"2308558","site_id":9621},{"date":"2021-03-28","product":"COPERNICUS/S1_GRD","band":"VV","value":-14.886,"farmer_unique_id":"2308558","site_id":9621},{"date":"2021-04-04","product":"COPERNICUS/S1_GRD","band":"VV","value":-7.9065,"farmer_unique_id":"2308558","site_id":9621},{"date":"2021-04-09","product":"COPERNICUS/S1_GRD","band":"VV","value":-11.1066,"farmer_unique_id":"2308558","site_id":9621},{"date":"2021-04-16","product":"COPERNICUS/S1_GRD","band":"VV","value":-11.4625,"farmer_unique_id":"2308558","site_id":9621},{"date":"2021-04-21","product":"COPERNICUS/S1_GRD","band":"VV","value":-15.7623,"farmer_unique_id":"2308558","site_id":9621},{"date":"2021-04-28","product":"COPERNICUS/S1_GRD","band":"VV","value":-10.2256,"farmer_unique_id":"2308558","site_id":9621},{"date":"2021-05-03","product":"COPERNICUS/S1_GRD","band":"VV","value":-9.9677,"farmer_unique_id":"2308558","site_id":9621},{"date":"2021-05-10","product":"COPERNICUS/S1_GRD","band":"VV","value":-9.4219,"farmer_unique_id":"2308558","site_id":9621},{"date":"2021-05-15","product":"COPERNICUS/S1_GRD","band":"VV","value":-9.4638,"farmer_unique_id":"2308558","site_id":9621},{"date":"2021-05-22","product":"COPERNICUS/S1_GRD","band":"VV","value":-7.688,"farmer_unique_id":"2308558","site_id":9621},{"date":"2021-05-27","product":"COPERNICUS/S1_GRD","band":"VV","value":-9.2471,"farmer_unique_id":"2308558","site_id":9621},{"date":"2021-06-03","product":"COPERNICUS/S1_GRD","band":"VV","value":-8.5969,"farmer_unique_id":"2308558","site_id":9621},{"date":"2021-06-08","product":"COPERNICUS/S1_GRD","band":"VV","value":-10.4616,"farmer_unique_id":"2308558","site_id":9621},{"date":"2021-06-15","product":"COPERNICUS/S1_GRD","band":"VV","value":-9.4775,"farmer_unique_id":"2308558","site_id":9621},{"date":"2021-06-20","product":"COPERNICUS/S1_GRD","band":"VV","value":-7.3905,"farmer_unique_id":"2308558","site_id":9621},{"date":"2021-06-27","product":"COPERNICUS/S1_GRD","band":"VV","value":-8.4981,"farmer_unique_id":"2308558","site_id":9621},{"date":"2021-07-02","product":"COPERNICUS/S1_GRD","band":"VV","value":-6.9331,"farmer_unique_id":"2308558","site_id":9621},{"date":"2021-07-09","product":"COPERNICUS/S1_GRD","band":"VV","value":-7.4881,"farmer_unique_id":"2308558","site_id":9621},{"date":"2021-07-14","product":"COPERNICUS/S1_GRD","band":"VV","value":-8.9179,"farmer_unique_id":"2308558","site_id":9621},{"date":"2021-07-21","product":"COPERNICUS/S1_GRD","band":"VV","value":-6.7265,"farmer_unique_id":"2308558","site_id":9621},{"date":"2021-07-26","product":"COPERNICUS/S1_GRD","band":"VV","value":-10.7093,"farmer_unique_id":"2308558","site_id":9621},{"date":"2021-08-02","product":"COPERNICUS/S1_GRD","band":"VV","value":-7.8731,"farmer_unique_id":"2308558","site_id":9621},{"date":"2021-08-07","product":"COPERNICUS/S1_GRD","band":"VV","value":-6.493,"farmer_unique_id":"2308558","site_id":9621},{"date":"2021-08-14","product":"COPERNICUS/S1_GRD","band":"VV","value":-7.4808,"farmer_unique_id":"2308558","site_id":9621},{"date":"2021-08-19","product":"COPERNICUS/S1_GRD","band":"VV","value":-6.1102,"farmer_unique_id":"2308558","site_id":9621},{"date":"2021-08-26","product":"COPERNICUS/S1_GRD","band":"VV","value":-7.4075,"farmer_unique_id":"2308558","site_id":9621},{"date":"2021-08-31","product":"COPERNICUS/S1_GRD","band":"VV","value":-8.0525,"farmer_unique_id":"2308558","site_id":9621},{"date":"2021-09-07","product":"COPERNICUS/S1_GRD","band":"VV","value":-6.3942,"farmer_unique_id":"2308558","site_id":9621},{"date":"2021-09-12","product":"COPERNICUS/S1_GRD","band":"VV","value":-10.6872,"farmer_unique_id":"2308558","site_id":9621},{"date":"2021-09-19","product":"COPERNICUS/S1_GRD","band":"VV","value":-4.3874,"farmer_unique_id":"2308558","site_id":9621},{"date":"2021-09-24","product":"COPERNICUS/S1_GRD","band":"VV","value":-7.48,"farmer_unique_id":"2308558","site_id":9621},{"date":"2021-10-01","product":"COPERNICUS/S1_GRD","band":"VV","value":-11.9503,"farmer_unique_id":"2308558","site_id":9621},{"date":"2021-10-06","product":"COPERNICUS/S1_GRD","band":"VV","value":-5.384,"farmer_unique_id":"2308558","site_id":9621},{"date":"2021-10-13","product":"COPERNICUS/S1_GRD","band":"VV","value":-11.1028,"farmer_unique_id":"2308558","site_id":9621},{"date":"2021-10-18","product":"COPERNICUS/S1_GRD","band":"VV","value":-7.7154,"farmer_unique_id":"2308558","site_id":9621},{"date":"2021-10-25","product":"COPERNICUS/S1_GRD","band":"VV","farmer_unique_id":"2308558","site_id":9621},{"date":"2021-10-30","product":"COPERNICUS/S1_GRD","band":"VV","value":-7.8709,"farmer_unique_id":"2308558","site_id":9621},{"date":"2021-11-06","product":"COPERNICUS/S1_GRD","band":"VV","value":-6.8149,"farmer_unique_id":"2308558","site_id":9621},{"date":"2021-11-11","product":"COPERNICUS/S1_GRD","band":"VV","value":-9.962,"farmer_unique_id":"2308558","site_id":9621},{"date":"2021-11-18","product":"COPERNICUS/S1_GRD","band":"VV","value":-7.4355,"farmer_unique_id":"2308558","site_id":9621},{"date":"2021-11-23","product":"COPERNICUS/S1_GRD","band":"VV","value":-10.9115,"farmer_unique_id":"2308558","site_id":9621},{"date":"2021-11-30","product":"COPERNICUS/S1_GRD","band":"VV","value":-9.3923,"farmer_unique_id":"2308558","site_id":9621},{"date":"2021-12-05","product":"COPERNICUS/S1_GRD","band":"VV","value":-6.5853,"farmer_unique_id":"2308558","site_id":9621},{"date":"2021-12-12","product":"COPERNICUS/S1_GRD","band":"VV","value":-8.6724,"farmer_unique_id":"2308558","site_id":9621},{"date":"2021-12-17","product":"COPERNICUS/S1_GRD","band":"VV","value":-8.274,"farmer_unique_id":"2308558","site_id":9621},{"date":"2021-12-24","product":"COPERNICUS/S1_GRD","band":"VV","value":-7.5223,"farmer_unique_id":"2308558","site_id":9621},{"date":"2021-12-29","product":"COPERNICUS/S1_GRD","band":"VV","value":-6.6133,"farmer_unique_id":"2308558","site_id":9621}]
