[{"date":"2020-01-11","product":"COPERNICUS/S1_GRD","band":"VH","value":-15.4704,"farmer_unique_id":"3583648","site_id":7905},{"date":"2020-01-23","product":"COPERNICUS/S1_GRD","band":"VH","value":-14.5523,"farmer_unique_id":"3583648","site_id":7905},{"date":"2020-02-04","product":"COPERNICUS/S1_GRD","band":"VH","value":-12.3662,"farmer_unique_id":"3583648","site_id":7905},{"date":"2020-02-16","product":"COPERNICUS/S1_GRD","band":"VH","value":-13.9238,"farmer_unique_id":"3583648","site_id":7905},{"date":"2020-02-28","product":"COPERNICUS/S1_GRD","band":"VH","value":-15.7899,"farmer_unique_id":"3583648","site_id":7905},{"date":"2020-03-11","product":"COPERNICUS/S1_GRD","band":"VH","value":-14.0235,"farmer_unique_id":"3583648","site_id":7905},{"date":"2020-03-23","product":"COPERNICUS/S1_GRD","band":"VH","value":-15.0986,"farmer_unique_id":"3583648","site_id":7905},{"date":"2020-04-04","product":"COPERNICUS/S1_GRD","band":"VH","value":-17.8614,"farmer_unique_id":"3583648","site_id":7905},{"date":"2020-04-16","product":"COPERNICUS/S1_GRD","band":"VH","value":-11.6953,"farmer_unique_id":"3583648","site_id":7905},{"date":"2020-04-28","product":"COPERNICUS/S1_GRD","band":"VH","value":-17.0723,"farmer_unique_id":"3583648","site_id":7905},{"date":"2020-05-10","product":"COPERNICUS/S1_GRD","band":"VH","value":-13.5174,"farmer_unique_id":"3583648","site_id":7905},{"date":"2020-05-22","product":"COPERNICUS/S1_GRD","band":"VH","value":-12.8655,"farmer_unique_id":"3583648","site_id":7905},{"date":"2020-06-15","product":"COPERNICUS/S1_GRD","band":"VH","value":-12.3188,"farmer_unique_id":"3583648","site_id":7905},{"date":"2020-06-27","product":"COPERNICUS/S1_GRD","band":"VH","value":-13.2456,"farmer_unique_id":"3583648","site_id":7905},{"date":"2020-07-09","product":"COPERNICUS/S1_GRD","band":"VH","value":-15.5992,"farmer_unique_id":"3583648","site_id":7905},{"date":"2020-07-21","product":"COPERNICUS/S1_GRD","band":"VH","value":-15.0668,"farmer_unique_id":"3583648","site_id":7905},{"date":"2020-08-02","product":"COPERNICUS/S1_GRD","band":"VH","value":-13.684,"farmer_unique_id":"3583648","site_id":7905},{"date":"2020-08-14","product":"COPERNICUS/S1_GRD","band":"VH","value":-16.1334,"farmer_unique_id":"3583648","site_id":7905},{"date":"2020-08-26","product":"COPERNICUS/S1_GRD","band":"VH","value":-15.2796,"farmer_unique_id":"3583648","site_id":7905},{"date":"2020-09-07","product":"COPERNICUS/S1_GRD","band":"VH","value":-14.281,"farmer_unique_id":"3583648","site_id":7905},{"date":"2020-09-19","product":"COPERNICUS/S1_GRD","band":"VH","value":-15.747,"farmer_unique_id":"3583648","site_id":7905},{"date":"2020-10-01","product":"COPERNICUS/S1_GRD","band":"VH","value":-17.2644,"farmer_unique_id":"3583648","site_id":7905},{"date":"2020-10-13","product":"COPERNICUS/S1_GRD","band":"VH","value":-19.3138,"farmer_unique_id":"3583648","site_id":7905},{"date":"2020-10-25","product":"COPERNICUS/S1_GRD","band":"VH","value":-15.4271,"farmer_unique_id":"3583648","site_id":7905},{"date":"2020-11-06","product":"COPERNICUS/S1_GRD","band":"VH","value":-14.8547,"farmer_unique_id":"3583648","site_id":7905},{"date":"2020-11-18","product":"COPERNICUS/S1_GRD","band":"VH","value":-14.0898,"farmer_unique_id":"3583648","site_id":7905},{"date":"2020-11-30","product":"COPERNICUS/S1_GRD","band":"VH","value":-11.5045,"farmer_unique_id":"3583648","site_id":7905},{"date":"2020-12-12","product":"COPERNICUS/S1_GRD","band":"VH","value":-15.764,"farmer_unique_id":"3583648","site_id":7905},{"date":"2020-12-24","product":"COPERNICUS/S1_GRD","band":"VH","value":-15.2627,"farmer_unique_id":"3583648","site_id":7905},{"date":"2021-01-05","product":"COPERNICUS/S1_GRD","band":"VH","value":-11.3488,"farmer_unique_id":"3583648","site_id":7905},{"date":"2021-01-17","product":"COPERNICUS/S1_GRD","band":"VH","value":-15.0242,"farmer_unique_id":"3583648","site_id":7905},{"date":"2021-01-29","product":"COPERNICUS/S1_GRD","band":"VH","value":-15.328,"farmer_unique_id":"3583648","site_id":7905},{"date":"2021-02-10","product":"COPERNICUS/S1_GRD","band":"VH","value":-12.5938,"farmer_unique_id":"3583648","site_id":7905},{"date":"2021-02-22","product":"COPERNICUS/S1_GRD","band":"VH","value":-10.3269,"farmer_unique_id":"3583648","site_id":7905},{"date":"2021-03-06","product":"COPERNICUS/S1_GRD","band":"VH","value":-16.4499,"farmer_unique_id":"3583648","site_id":7905},{"date":"2021-03-18","product":"COPERNICUS/S1_GRD","band":"VH","value":-15.6115,"farmer_unique_id":"3583648","site_id":7905},{"date":"2021-03-30","product":"COPERNICUS/S1_GRD","band":"VH","value":-13.1237,"farmer_unique_id":"3583648","site_id":7905},{"date":"2021-04-11","product":"COPERNICUS/S1_GRD","band":"VH","value":-16.9286,"farmer_unique_id":"3583648","site_id":7905},{"date":"2021-04-23","product":"COPERNICUS/S1_GRD","band":"VH","value":-15.1364,"farmer_unique_id":"3583648","site_id":7905},{"date":"2021-05-05","product":"COPERNICUS/S1_GRD","band":"VH","value":-13.5744,"farmer_unique_id":"3583648","site_id":7905},{"date":"2021-05-17","product":"COPERNICUS/S1_GRD","band":"VH","value":-13.2877,"farmer_unique_id":"3583648","site_id":7905},{"date":"2021-05-29","product":"COPERNICUS/S1_GRD","band":"VH","value":-13.9998,"farmer_unique_id":"3583648","site_id":7905},{"date":"2021-06-10","product":"COPERNICUS/S1_GRD","band":"VH","value":-11.5994,"farmer_unique_id":"3583648","site_id":7905},{"date":"2021-06-22","product":"COPERNICUS/S1_GRD","band":"VH","value":-14.419,"farmer_unique_id":"3583648","site_id":7905},{"date":"2021-07-04","product":"COPERNICUS/S1_GRD","band":"VH","value":-16.8226,"farmer_unique_id":"3583648","site_id":7905},{"date":"2021-07-16","product":"COPERNICUS/S1_GRD","band":"VH","value":-16.846,"farmer_unique_id":"3583648","site_id":7905},{"date":"2021-07-28","product":"COPERNICUS/S1_GRD","band":"VH","value":-17.1957,"farmer_unique_id":"3583648","site_id":7905},{"date":"2021-08-09","product":"COPERNICUS/S1_GRD","band":"VH","value":-16.1463,"farmer_unique_id":"3583648","site_id":7905},{"date":"2021-08-21","product":"COPERNICUS/S1_GRD","band":"VH","value":-14.9272,"farmer_unique_id":"3583648","site_id":7905},{"date":"2021-09-02","product":"COPERNICUS/S1_GRD","band":"VH","value":-17.4379,"farmer_unique_id":"3583648","site_id":7905},{"date":"2021-09-14","product":"COPERNICUS/S1_GRD","band":"VH","value":-17.6411,"farmer_unique_id":"3583648","site_id":7905},{"date":"2021-09-26","product":"COPERNICUS/S1_GRD","band":"VH","value":-15.3611,"farmer_unique_id":"3583648","site_id":7905},{"date":"2021-10-08","product":"COPERNICUS/S1_GRD","band":"VH","value":-14.6765,"farmer_unique_id":"3583648","site_id":7905},{"date":"2021-10-20","product":"COPERNICUS/S1_GRD","band":"VH","value":-14.537,"farmer_unique_id":"3583648","site_id":7905},{"date":"2021-11-01","product":"COPERNICUS/S1_GRD","band":"VH","value":-16.7964,"farmer_unique_id":"3583648","site_id":7905},{"date":"2021-11-13","product":"COPERNICUS/S1_GRD","band":"VH","value":-16.8053,"farmer_unique_id":"3583648","site_id":7905},{"date":"2021-11-25","product":"COPERNICUS/S1_GRD","band":"VH","value":-18.6964,"farmer_unique_id":"3583648","site_id":7905},{"date":"2021-12-07","product":"COPERNICUS/S1_GRD","band":"VH","value":-11.4033,"farmer_unique_id":"3583648","site_id":7905},{"date":"2021-12-19","product":"COPERNICUS/S1_GRD","band":"VH","value":-14.5386,"farmer_unique_id":"3583648","site_id":7905},{"date":"2020-01-11","product":"COPERNICUS/S1_GRD","band":"VV","value":-8.7717,"farmer_unique_id":"3583648","site_id":7905},{"date":"2020-01-23","product":"COPERNICUS/S1_GRD","band":"VV","value":-8.8247,"farmer_unique_id":"3583648","site_id":7905},{"date":"2020-02-04","product":"COPERNICUS/S1_GRD","band":"VV","value":-7.7932,"farmer_unique_id":"3583648","site_id":7905},{"date":"2020-02-16","product":"COPERNICUS/S1_GRD","band":"VV","value":-9.7831,"farmer_unique_id":"3583648","site_id":7905},{"date":"2020-02-28","product":"COPERNICUS/S1_GRD","band":"VV","value":-11.148,"farmer_unique_id":"3583648","site_id":7905},{"date":"2020-03-11","product":"COPERNICUS/S1_GRD","band":"VV","value":-9.313,"farmer_unique_id":"3583648","site_id":7905},{"date":"2020-03-23","product":"COPERNICUS/S1_GRD","band":"VV","value":-8.4997,"farmer_unique_id":"3583648","site_id":7905},{"date":"2020-04-04","product":"COPERNICUS/S1_GRD","band":"VV","value":-7.2236,"farmer_unique_id":"3583648","site_id":7905},{"date":"2020-04-16","product":"COPERNICUS/S1_GRD","band":"VV","value":-6.9647,"farmer_unique_id":"3583648","site_id":7905},{"date":"2020-04-28","product":"COPERNICUS/S1_GRD","band":"VV","value":-8.7804,"farmer_unique_id":"3583648","site_id":7905},{"date":"2020-05-10","product":"COPERNICUS/S1_GRD","band":"VV","value":-6.6745,"farmer_unique_id":"3583648","site_id":7905},{"date":"2020-05-22","product":"COPERNICUS/S1_GRD","band":"VV","value":-8.1387,"farmer_unique_id":"3583648","site_id":7905},{"date":"2020-06-15","product":"COPERNICUS/S1_GRD","band":"VV","value":-6.4897,"farmer_unique_id":"3583648","site_id":7905},{"date":"2020-06-27","product":"COPERNICUS/S1_GRD","band":"VV","value":-6.947,"farmer_unique_id":"3583648","site_id":7905},{"date":"2020-07-09","product":"COPERNICUS/S1_GRD","band":"VV","value":-9.7933,"farmer_unique_id":"3583648","site_id":7905},{"date":"2020-07-21","product":"COPERNICUS/S1_GRD","band":"VV","value":-10.0324,"farmer_unique_id":"3583648","site_id":7905},{"date":"2020-08-02","product":"COPERNICUS/S1_GRD","band":"VV","value":-9.049,"farmer_unique_id":"3583648","site_id":7905},{"date":"2020-08-14","product":"COPERNICUS/S1_GRD","band":"VV","value":-9.5611,"farmer_unique_id":"3583648","site_id":7905},{"date":"2020-08-26","product":"COPERNICUS/S1_GRD","band":"VV","value":-9.3593,"farmer_unique_id":"3583648","site_id":7905},{"date":"2020-09-07","product":"COPERNICUS/S1_GRD","band":"VV","value":-10.8771,"farmer_unique_id":"3583648","site_id":7905},{"date":"2020-09-19","product":"COPERNICUS/S1_GRD","band":"VV","value":-10.7297,"farmer_unique_id":"3583648","site_id":7905},{"date":"2020-10-01","product":"COPERNICUS/S1_GRD","band":"VV","value":-10.4203,"farmer_unique_id":"3583648","site_id":7905},{"date":"2020-10-13","product":"COPERNICUS/S1_GRD","band":"VV","value":-11.9295,"farmer_unique_id":"3583648","site_id":7905},{"date":"2020-10-25","product":"COPERNICUS/S1_GRD","band":"VV","value":-8.6237,"farmer_unique_id":"3583648","site_id":7905},{"date":"2020-11-06","product":"COPERNICUS/S1_GRD","band":"VV","value":-4.9781,"farmer_unique_id":"3583648","site_id":7905},{"date":"2020-11-18","product":"COPERNICUS/S1_GRD","band":"VV","value":-9.0655,"farmer_unique_id":"3583648","site_id":7905},{"date":"2020-11-30","product":"COPERNICUS/S1_GRD","band":"VV","value":-6.0536,"farmer_unique_id":"3583648","site_id":7905},{"date":"2020-12-12","product":"COPERNICUS/S1_GRD","band":"VV","value":-4.2224,"farmer_unique_id":"3583648","site_id":7905},{"date":"2020-12-24","product":"COPERNICUS/S1_GRD","band":"VV","value":-7.7977,"farmer_unique_id":"3583648","site_id":7905},{"date":"2021-01-05","product":"COPERNICUS/S1_GRD","band":"VV","value":-8.8044,"farmer_unique_id":"3583648","site_id":7905},{"date":"2021-01-17","product":"COPERNICUS/S1_GRD","band":"VV","value":-6.5379,"farmer_unique_id":"3583648","site_id":7905},{"date":"2021-01-29","product":"COPERNICUS/S1_GRD","band":"VV","value":-5.4601,"farmer_unique_id":"3583648","site_id":7905},{"date":"2021-02-10","product":"COPERNICUS/S1_GRD","band":"VV","value":-10.3696,"farmer_unique_id":"3583648","site_id":7905},{"date":"2021-02-22","product":"COPERNICUS/S1_GRD","band":"VV","value":-7.5775,"farmer_unique_id":"3583648","site_id":7905},{"date":"2021-03-06","product":"COPERNICUS/S1_GRD","band":"VV","value":-8.7607,"farmer_unique_id":"3583648","site_id":7905},{"date":"2021-03-18","product":"COPERNICUS/S1_GRD","band":"VV","value":-11.1484,"farmer_unique_id":"3583648","site_id":7905},{"date":"2021-03-30","product":"COPERNICUS/S1_GRD","band":"VV","value":-5.1592,"farmer_unique_id":"3583648","site_id":7905},{"date":"2021-04-11","product":"COPERNICUS/S1_GRD","band":"VV","value":-9.6086,"farmer_unique_id":"3583648","site_id":7905},{"date":"2021-04-23","product":"COPERNICUS/S1_GRD","band":"VV","value":-7.8893,"farmer_unique_id":"3583648","site_id":7905},{"date":"2021-05-05","product":"COPERNICUS/S1_GRD","band":"VV","value":-5.9105,"farmer_unique_id":"3583648","site_id":7905},{"date":"2021-05-17","product":"COPERNICUS/S1_GRD","band":"VV","value":-8.574,"farmer_unique_id":"3583648","site_id":7905},{"date":"2021-05-29","product":"COPERNICUS/S1_GRD","band":"VV","value":-4.0518,"farmer_unique_id":"3583648","site_id":7905},{"date":"2021-06-10","product":"COPERNICUS/S1_GRD","band":"VV","value":-4.7804,"farmer_unique_id":"3583648","site_id":7905},{"date":"2021-06-22","product":"COPERNICUS/S1_GRD","band":"VV","value":-10.6556,"farmer_unique_id":"3583648","site_id":7905},{"date":"2021-07-04","product":"COPERNICUS/S1_GRD","band":"VV","value":-8.135,"farmer_unique_id":"3583648","site_id":7905},{"date":"2021-07-16","product":"COPERNICUS/S1_GRD","band":"VV","value":-9.9646,"farmer_unique_id":"3583648","site_id":7905},{"date":"2021-07-28","product":"COPERNICUS/S1_GRD","band":"VV","value":-10.0924,"farmer_unique_id":"3583648","site_id":7905},{"date":"2021-08-09","product":"COPERNICUS/S1_GRD","band":"VV","value":-11.3775,"farmer_unique_id":"3583648","site_id":7905},{"date":"2021-08-21","product":"COPERNICUS/S1_GRD","band":"VV","value":-10.2818,"farmer_unique_id":"3583648","site_id":7905},{"date":"2021-09-02","product":"COPERNICUS/S1_GRD","band":"VV","value":-10.3804,"farmer_unique_id":"3583648","site_id":7905},{"date":"2021-09-14","product":"COPERNICUS/S1_GRD","band":"VV","value":-11.6934,"farmer_unique_id":"3583648","site_id":7905},{"date":"2021-09-26","product":"COPERNICUS/S1_GRD","band":"VV","value":-10.0998,"farmer_unique_id":"3583648","site_id":7905},{"date":"2021-10-08","product":"COPERNICUS/S1_GRD","band":"VV","value":-10.4341,"farmer_unique_id":"3583648","site_id":7905},{"date":"2021-10-20","product":"COPERNICUS/S1_GRD","band":"VV","value":-8.7281,"farmer_unique_id":"3583648","site_id":7905},{"date":"2021-11-01","product":"COPERNICUS/S1_GRD","band":"VV","value":-11.8731,"farmer_unique_id":"3583648","site_id":7905},{"date":"2021-11-13","product":"COPERNICUS/S1_GRD","band":"VV","value":-6.5545,"farmer_unique_id":"3583648","site_id":7905},{"date":"2021-11-25","product":"COPERNICUS/S1_GRD","band":"VV","value":-10.0538,"farmer_unique_id":"3583648","site_id":7905},{"date":"2021-12-07","product":"COPERNICUS/S1_GRD","band":"VV","value":-5.8069,"farmer_unique_id":"3583648","site_id":7905},{"date":"2021-12-19","product":"COPERNICUS/S1_GRD","band":"VV","value":-6.042,"farmer_unique_id":"3583648","site_id":7905}]
