[{"date":"2020-01-11","product":"COPERNICUS/S1_GRD","band":"VH","value":-13.5114,"farmer_unique_id":"1646846","site_id":7766},{"date":"2020-01-23","product":"COPERNICUS/S1_GRD","band":"VH","value":-12.8086,"farmer_unique_id":"1646846","site_id":7766},{"date":"2020-02-04","product":"COPERNICUS/S1_GRD","band":"VH","value":-13.2278,"farmer_unique_id":"1646846","site_id":7766},{"date":"2020-02-16","product":"COPERNICUS/S1_GRD","band":"VH","value":-15.7062,"farmer_unique_id":"1646846","site_id":7766},{"date":"2020-02-28","product":"COPERNICUS/S1_GRD","band":"VH","value":-15.5152,"farmer_unique_id":"1646846","site_id":7766},{"date":"2020-03-11","product":"COPERNICUS/S1_GRD","band":"VH","value":-13.0493,"farmer_unique_id":"1646846","site_id":7766},{"date":"2020-03-23","product":"COPERNICUS/S1_GRD","band":"VH","value":-12.9039,"farmer_unique_id":"1646846","site_id":7766},{"date":"2020-04-04","product":"COPERNICUS/S1_GRD","band":"VH","value":-13.8278,"farmer_unique_id":"1646846","site_id":7766},{"date":"2020-04-16","product":"COPERNICUS/S1_GRD","band":"VH","value":-12.592,"farmer_unique_id":"1646846","site_id":7766},{"date":"2020-04-28","product":"COPERNICUS/S1_GRD","band":"VH","value":-15.2018,"farmer_unique_id":"1646846","site_id":7766},{"date":"2020-05-10","product":"COPERNICUS/S1_GRD","band":"VH","value":-14.2348,"farmer_unique_id":"1646846","site_id":7766},{"date":"2020-05-22","product":"COPERNICUS/S1_GRD","band":"VH","value":-12.7916,"farmer_unique_id":"1646846","site_id":7766},{"date":"2020-06-03","product":"COPERNICUS/S1_GRD","band":"VH","value":-13.6788,"farmer_unique_id":"1646846","site_id":7766},{"date":"2020-06-15","product":"COPERNICUS/S1_GRD","band":"VH","value":-12.7119,"farmer_unique_id":"1646846","site_id":7766},{"date":"2020-06-27","product":"COPERNICUS/S1_GRD","band":"VH","value":-13.8746,"farmer_unique_id":"1646846","site_id":7766},{"date":"2020-07-09","product":"COPERNICUS/S1_GRD","band":"VH","value":-18.1437,"farmer_unique_id":"1646846","site_id":7766},{"date":"2020-07-21","product":"COPERNICUS/S1_GRD","band":"VH","value":-17.2727,"farmer_unique_id":"1646846","site_id":7766},{"date":"2020-08-02","product":"COPERNICUS/S1_GRD","band":"VH","value":-14.4375,"farmer_unique_id":"1646846","site_id":7766},{"date":"2020-08-14","product":"COPERNICUS/S1_GRD","band":"VH","value":-15.3615,"farmer_unique_id":"1646846","site_id":7766},{"date":"2020-08-26","product":"COPERNICUS/S1_GRD","band":"VH","value":-16.2582,"farmer_unique_id":"1646846","site_id":7766},{"date":"2020-09-07","product":"COPERNICUS/S1_GRD","band":"VH","value":-14.1325,"farmer_unique_id":"1646846","site_id":7766},{"date":"2020-09-19","product":"COPERNICUS/S1_GRD","band":"VH","value":-15.194,"farmer_unique_id":"1646846","site_id":7766},{"date":"2020-10-01","product":"COPERNICUS/S1_GRD","band":"VH","value":-14.8159,"farmer_unique_id":"1646846","site_id":7766},{"date":"2020-10-13","product":"COPERNICUS/S1_GRD","band":"VH","value":-16.2904,"farmer_unique_id":"1646846","site_id":7766},{"date":"2020-10-25","product":"COPERNICUS/S1_GRD","band":"VH","value":-12.5589,"farmer_unique_id":"1646846","site_id":7766},{"date":"2020-11-06","product":"COPERNICUS/S1_GRD","band":"VH","value":-15.5205,"farmer_unique_id":"1646846","site_id":7766},{"date":"2020-11-18","product":"COPERNICUS/S1_GRD","band":"VH","value":-15.3827,"farmer_unique_id":"1646846","site_id":7766},{"date":"2020-11-30","product":"COPERNICUS/S1_GRD","band":"VH","value":-11.873,"farmer_unique_id":"1646846","site_id":7766},{"date":"2020-12-12","product":"COPERNICUS/S1_GRD","band":"VH","value":-14.2888,"farmer_unique_id":"1646846","site_id":7766},{"date":"2020-12-24","product":"COPERNICUS/S1_GRD","band":"VH","value":-14.1062,"farmer_unique_id":"1646846","site_id":7766},{"date":"2021-01-05","product":"COPERNICUS/S1_GRD","band":"VH","value":-13.8812,"farmer_unique_id":"1646846","site_id":7766},{"date":"2021-01-17","product":"COPERNICUS/S1_GRD","band":"VH","value":-12.0713,"farmer_unique_id":"1646846","site_id":7766},{"date":"2021-01-29","product":"COPERNICUS/S1_GRD","band":"VH","value":-11.9413,"farmer_unique_id":"1646846","site_id":7766},{"date":"2021-02-10","product":"COPERNICUS/S1_GRD","band":"VH","value":-13.3992,"farmer_unique_id":"1646846","site_id":7766},{"date":"2021-02-22","product":"COPERNICUS/S1_GRD","band":"VH","value":-15.0017,"farmer_unique_id":"1646846","site_id":7766},{"date":"2021-03-06","product":"COPERNICUS/S1_GRD","band":"VH","value":-16.8149,"farmer_unique_id":"1646846","site_id":7766},{"date":"2021-03-18","product":"COPERNICUS/S1_GRD","band":"VH","value":-14.7749,"farmer_unique_id":"1646846","site_id":7766},{"date":"2021-03-30","product":"COPERNICUS/S1_GRD","band":"VH","value":-12.1378,"farmer_unique_id":"1646846","site_id":7766},{"date":"2021-04-11","product":"COPERNICUS/S1_GRD","band":"VH","value":-15.1289,"farmer_unique_id":"1646846","site_id":7766},{"date":"2021-04-23","product":"COPERNICUS/S1_GRD","band":"VH","value":-13.2144,"farmer_unique_id":"1646846","site_id":7766},{"date":"2021-05-05","product":"COPERNICUS/S1_GRD","band":"VH","value":-11.6336,"farmer_unique_id":"1646846","site_id":7766},{"date":"2021-05-17","product":"COPERNICUS/S1_GRD","band":"VH","value":-13.5963,"farmer_unique_id":"1646846","site_id":7766},{"date":"2021-05-29","product":"COPERNICUS/S1_GRD","band":"VH","value":-17.2303,"farmer_unique_id":"1646846","site_id":7766},{"date":"2021-06-10","product":"COPERNICUS/S1_GRD","band":"VH","value":-14.4726,"farmer_unique_id":"1646846","site_id":7766},{"date":"2021-06-22","product":"COPERNICUS/S1_GRD","band":"VH","value":-13.8704,"farmer_unique_id":"1646846","site_id":7766},{"date":"2021-07-04","product":"COPERNICUS/S1_GRD","band":"VH","value":-16.812,"farmer_unique_id":"1646846","site_id":7766},{"date":"2021-07-16","product":"COPERNICUS/S1_GRD","band":"VH","value":-19.7359,"farmer_unique_id":"1646846","site_id":7766},{"date":"2021-07-28","product":"COPERNICUS/S1_GRD","band":"VH","value":-16.187,"farmer_unique_id":"1646846","site_id":7766},{"date":"2021-08-09","product":"COPERNICUS/S1_GRD","band":"VH","value":-14.4163,"farmer_unique_id":"1646846","site_id":7766},{"date":"2021-08-21","product":"COPERNICUS/S1_GRD","band":"VH","value":-15.3965,"farmer_unique_id":"1646846","site_id":7766},{"date":"2021-09-02","product":"COPERNICUS/S1_GRD","band":"VH","value":-14.2004,"farmer_unique_id":"1646846","site_id":7766},{"date":"2021-09-14","product":"COPERNICUS/S1_GRD","band":"VH","value":-15.7386,"farmer_unique_id":"1646846","site_id":7766},{"date":"2021-09-26","product":"COPERNICUS/S1_GRD","band":"VH","value":-14.8839,"farmer_unique_id":"1646846","site_id":7766},{"date":"2021-10-08","product":"COPERNICUS/S1_GRD","band":"VH","value":-14.3676,"farmer_unique_id":"1646846","site_id":7766},{"date":"2021-10-20","product":"COPERNICUS/S1_GRD","band":"VH","value":-14.3519,"farmer_unique_id":"1646846","site_id":7766},{"date":"2021-11-01","product":"COPERNICUS/S1_GRD","band":"VH","value":-11.5892,"farmer_unique_id":"1646846","site_id":7766},{"date":"2021-11-13","product":"COPERNICUS/S1_GRD","band":"VH","value":-16.0519,"farmer_unique_id":"1646846","site_id":7766},{"date":"2021-11-25","product":"COPERNICUS/S1_GRD","band":"VH","value":-17.8009,"farmer_unique_id":"1646846","site_id":7766},{"date":"2021-12-07","product":"COPERNICUS/S1_GRD","band":"VH","value":-13.6421,"farmer_unique_id":"1646846","site_id":7766},{"date":"2021-12-19","product":"COPERNICUS/S1_GRD","band":"VH","value":-12.0685,"farmer_unique_id":"1646846","site_id":7766},{"date":"2020-01-11","product":"COPERNICUS/S1_GRD","band":"VV","value":-10.8613,"farmer_unique_id":"1646846","site_id":7766},{"date":"2020-01-23","product":"COPERNICUS/S1_GRD","band":"VV","value":-6.5682,"farmer_unique_id":"1646846","site_id":7766},{"date":"2020-02-04","product":"COPERNICUS/S1_GRD","band":"VV","value":-8.0318,"farmer_unique_id":"1646846","site_id":7766},{"date":"2020-02-16","product":"COPERNICUS/S1_GRD","band":"VV","value":-7.0299,"farmer_unique_id":"1646846","site_id":7766},{"date":"2020-02-28","product":"COPERNICUS/S1_GRD","band":"VV","value":-7.1493,"farmer_unique_id":"1646846","site_id":7766},{"date":"2020-03-11","product":"COPERNICUS/S1_GRD","band":"VV","value":-8.2716,"farmer_unique_id":"1646846","site_id":7766},{"date":"2020-03-23","product":"COPERNICUS/S1_GRD","band":"VV","value":-8.0861,"farmer_unique_id":"1646846","site_id":7766},{"date":"2020-04-04","product":"COPERNICUS/S1_GRD","band":"VV","value":-10.5446,"farmer_unique_id":"1646846","site_id":7766},{"date":"2020-04-16","product":"COPERNICUS/S1_GRD","band":"VV","value":-8.4163,"farmer_unique_id":"1646846","site_id":7766},{"date":"2020-04-28","product":"COPERNICUS/S1_GRD","band":"VV","value":-10.3023,"farmer_unique_id":"1646846","site_id":7766},{"date":"2020-05-10","product":"COPERNICUS/S1_GRD","band":"VV","value":-7.837,"farmer_unique_id":"1646846","site_id":7766},{"date":"2020-05-22","product":"COPERNICUS/S1_GRD","band":"VV","value":-8.3055,"farmer_unique_id":"1646846","site_id":7766},{"date":"2020-06-03","product":"COPERNICUS/S1_GRD","band":"VV","value":-8.9157,"farmer_unique_id":"1646846","site_id":7766},{"date":"2020-06-15","product":"COPERNICUS/S1_GRD","band":"VV","value":-10.693,"farmer_unique_id":"1646846","site_id":7766},{"date":"2020-06-27","product":"COPERNICUS/S1_GRD","band":"VV","value":-5.4424,"farmer_unique_id":"1646846","site_id":7766},{"date":"2020-07-09","product":"COPERNICUS/S1_GRD","band":"VV","value":-9.8161,"farmer_unique_id":"1646846","site_id":7766},{"date":"2020-07-21","product":"COPERNICUS/S1_GRD","band":"VV","value":-7.7091,"farmer_unique_id":"1646846","site_id":7766},{"date":"2020-08-02","product":"COPERNICUS/S1_GRD","band":"VV","value":-8.4863,"farmer_unique_id":"1646846","site_id":7766},{"date":"2020-08-14","product":"COPERNICUS/S1_GRD","band":"VV","value":-9.0453,"farmer_unique_id":"1646846","site_id":7766},{"date":"2020-08-26","product":"COPERNICUS/S1_GRD","band":"VV","value":-10.0942,"farmer_unique_id":"1646846","site_id":7766},{"date":"2020-09-07","product":"COPERNICUS/S1_GRD","band":"VV","value":-5.2296,"farmer_unique_id":"1646846","site_id":7766},{"date":"2020-09-19","product":"COPERNICUS/S1_GRD","band":"VV","value":-8.7468,"farmer_unique_id":"1646846","site_id":7766},{"date":"2020-10-01","product":"COPERNICUS/S1_GRD","band":"VV","value":-10.0293,"farmer_unique_id":"1646846","site_id":7766},{"date":"2020-10-13","product":"COPERNICUS/S1_GRD","band":"VV","value":-9.7952,"farmer_unique_id":"1646846","site_id":7766},{"date":"2020-10-25","product":"COPERNICUS/S1_GRD","band":"VV","value":-8.0528,"farmer_unique_id":"1646846","site_id":7766},{"date":"2020-11-06","product":"COPERNICUS/S1_GRD","band":"VV","value":-6.8992,"farmer_unique_id":"1646846","site_id":7766},{"date":"2020-11-18","product":"COPERNICUS/S1_GRD","band":"VV","value":-6.8983,"farmer_unique_id":"1646846","site_id":7766},{"date":"2020-11-30","product":"COPERNICUS/S1_GRD","band":"VV","value":-9.5526,"farmer_unique_id":"1646846","site_id":7766},{"date":"2020-12-12","product":"COPERNICUS/S1_GRD","band":"VV","value":-12.1863,"farmer_unique_id":"1646846","site_id":7766},{"date":"2020-12-24","product":"COPERNICUS/S1_GRD","band":"VV","value":-5.4763,"farmer_unique_id":"1646846","site_id":7766},{"date":"2021-01-05","product":"COPERNICUS/S1_GRD","band":"VV","value":-10.1702,"farmer_unique_id":"1646846","site_id":7766},{"date":"2021-01-17","product":"COPERNICUS/S1_GRD","band":"VV","value":-6.5361,"farmer_unique_id":"1646846","site_id":7766},{"date":"2021-01-29","product":"COPERNICUS/S1_GRD","band":"VV","value":-8.5237,"farmer_unique_id":"1646846","site_id":7766},{"date":"2021-02-10","product":"COPERNICUS/S1_GRD","band":"VV","value":-6.4385,"farmer_unique_id":"1646846","site_id":7766},{"date":"2021-02-22","product":"COPERNICUS/S1_GRD","band":"VV","value":-7.8755,"farmer_unique_id":"1646846","site_id":7766},{"date":"2021-03-06","product":"COPERNICUS/S1_GRD","band":"VV","value":-9.3578,"farmer_unique_id":"1646846","site_id":7766},{"date":"2021-03-18","product":"COPERNICUS/S1_GRD","band":"VV","value":-7.137,"farmer_unique_id":"1646846","site_id":7766},{"date":"2021-03-30","product":"COPERNICUS/S1_GRD","band":"VV","value":-7.6208,"farmer_unique_id":"1646846","site_id":7766},{"date":"2021-04-11","product":"COPERNICUS/S1_GRD","band":"VV","value":-13.0902,"farmer_unique_id":"1646846","site_id":7766},{"date":"2021-04-23","product":"COPERNICUS/S1_GRD","band":"VV","value":-8.0753,"farmer_unique_id":"1646846","site_id":7766},{"date":"2021-05-05","product":"COPERNICUS/S1_GRD","band":"VV","value":-6.5168,"farmer_unique_id":"1646846","site_id":7766},{"date":"2021-05-17","product":"COPERNICUS/S1_GRD","band":"VV","value":-5.0588,"farmer_unique_id":"1646846","site_id":7766},{"date":"2021-05-29","product":"COPERNICUS/S1_GRD","band":"VV","value":-9.0057,"farmer_unique_id":"1646846","site_id":7766},{"date":"2021-06-10","product":"COPERNICUS/S1_GRD","band":"VV","value":-9.2503,"farmer_unique_id":"1646846","site_id":7766},{"date":"2021-06-22","product":"COPERNICUS/S1_GRD","band":"VV","value":-9.7359,"farmer_unique_id":"1646846","site_id":7766},{"date":"2021-07-04","product":"COPERNICUS/S1_GRD","band":"VV","value":-11.1012,"farmer_unique_id":"1646846","site_id":7766},{"date":"2021-07-16","product":"COPERNICUS/S1_GRD","band":"VV","value":-3.9372,"farmer_unique_id":"1646846","site_id":7766},{"date":"2021-07-28","product":"COPERNICUS/S1_GRD","band":"VV","value":-9.6401,"farmer_unique_id":"1646846","site_id":7766},{"date":"2021-08-09","product":"COPERNICUS/S1_GRD","band":"VV","value":-9.1307,"farmer_unique_id":"1646846","site_id":7766},{"date":"2021-08-21","product":"COPERNICUS/S1_GRD","band":"VV","value":-10.6614,"farmer_unique_id":"1646846","site_id":7766},{"date":"2021-09-02","product":"COPERNICUS/S1_GRD","band":"VV","value":-9.3524,"farmer_unique_id":"1646846","site_id":7766},{"date":"2021-09-14","product":"COPERNICUS/S1_GRD","band":"VV","value":-7.9879,"farmer_unique_id":"1646846","site_id":7766},{"date":"2021-09-26","product":"COPERNICUS/S1_GRD","band":"VV","value":-8.7799,"farmer_unique_id":"1646846","site_id":7766},{"date":"2021-10-08","product":"COPERNICUS/S1_GRD","band":"VV","value":-7.3614,"farmer_unique_id":"1646846","site_id":7766},{"date":"2021-10-20","product":"COPERNICUS/S1_GRD","band":"VV","value":-8.174,"farmer_unique_id":"1646846","site_id":7766},{"date":"2021-11-01","product":"COPERNICUS/S1_GRD","band":"VV","value":-7.3434,"farmer_unique_id":"1646846","site_id":7766},{"date":"2021-11-13","product":"COPERNICUS/S1_GRD","band":"VV","value":-8.9481,"farmer_unique_id":"1646846","site_id":7766},{"date":"2021-11-25","product":"COPERNICUS/S1_GRD","band":"VV","value":-7.3412,"farmer_unique_id":"1646846","site_id":7766},{"date":"2021-12-07","product":"COPERNICUS/S1_GRD","band":"VV","value":-6.0202,"farmer_unique_id":"1646846","site_id":7766},{"date":"2021-12-19","product":"COPERNICUS/S1_GRD","band":"VV","value":-7.7978,"farmer_unique_id":"1646846","site_id":7766}]
