[{"date":"2020-01-04","product":"COPERNICUS/S1_GRD","band":"VH","value":-16.514,"farmer_unique_id":"1253537","site_id":2858},{"date":"2020-01-09","product":"COPERNICUS/S1_GRD","band":"VH","value":-14.8908,"farmer_unique_id":"1253537","site_id":2858},{"date":"2020-01-16","product":"COPERNICUS/S1_GRD","band":"VH","value":-17.8936,"farmer_unique_id":"1253537","site_id":2858},{"date":"2020-01-21","product":"COPERNICUS/S1_GRD","band":"VH","value":-13.5465,"farmer_unique_id":"1253537","site_id":2858},{"date":"2020-01-28","product":"COPERNICUS/S1_GRD","band":"VH","value":-12.4105,"farmer_unique_id":"1253537","site_id":2858},{"date":"2020-02-02","product":"COPERNICUS/S1_GRD","band":"VH","value":-20.9382,"farmer_unique_id":"1253537","site_id":2858},{"date":"2020-02-09","product":"COPERNICUS/S1_GRD","band":"VH","value":-23.4314,"farmer_unique_id":"1253537","site_id":2858},{"date":"2020-02-14","product":"COPERNICUS/S1_GRD","band":"VH","value":-18.1995,"farmer_unique_id":"1253537","site_id":2858},{"date":"2020-02-21","product":"COPERNICUS/S1_GRD","band":"VH","value":-21.7413,"farmer_unique_id":"1253537","site_id":2858},{"date":"2020-02-26","product":"COPERNICUS/S1_GRD","band":"VH","value":-23.304,"farmer_unique_id":"1253537","site_id":2858},{"date":"2020-03-04","product":"COPERNICUS/S1_GRD","band":"VH","value":-14.7016,"farmer_unique_id":"1253537","site_id":2858},{"date":"2020-03-09","product":"COPERNICUS/S1_GRD","band":"VH","value":-23.1449,"farmer_unique_id":"1253537","site_id":2858},{"date":"2020-03-16","product":"COPERNICUS/S1_GRD","band":"VH","value":-17.2063,"farmer_unique_id":"1253537","site_id":2858},{"date":"2020-03-21","product":"COPERNICUS/S1_GRD","band":"VH","value":-20.3784,"farmer_unique_id":"1253537","site_id":2858},{"date":"2020-03-28","product":"COPERNICUS/S1_GRD","band":"VH","value":-15.4744,"farmer_unique_id":"1253537","site_id":2858},{"date":"2020-04-02","product":"COPERNICUS/S1_GRD","band":"VH","value":-17.8241,"farmer_unique_id":"1253537","site_id":2858},{"date":"2020-04-09","product":"COPERNICUS/S1_GRD","band":"VH","value":-22.3253,"farmer_unique_id":"1253537","site_id":2858},{"date":"2020-04-14","product":"COPERNICUS/S1_GRD","band":"VH","value":-14.9548,"farmer_unique_id":"1253537","site_id":2858},{"date":"2020-04-21","product":"COPERNICUS/S1_GRD","band":"VH","value":-14.2952,"farmer_unique_id":"1253537","site_id":2858},{"date":"2020-04-26","product":"COPERNICUS/S1_GRD","band":"VH","value":-14.394,"farmer_unique_id":"1253537","site_id":2858},{"date":"2020-05-03","product":"COPERNICUS/S1_GRD","band":"VH","value":-12.6091,"farmer_unique_id":"1253537","site_id":2858},{"date":"2020-05-08","product":"COPERNICUS/S1_GRD","band":"VH","value":-16.3114,"farmer_unique_id":"1253537","site_id":2858},{"date":"2020-05-15","product":"COPERNICUS/S1_GRD","band":"VH","value":-12.9896,"farmer_unique_id":"1253537","site_id":2858},{"date":"2020-05-20","product":"COPERNICUS/S1_GRD","band":"VH","value":-16.2532,"farmer_unique_id":"1253537","site_id":2858},{"date":"2020-05-27","product":"COPERNICUS/S1_GRD","band":"VH","value":-12.0811,"farmer_unique_id":"1253537","site_id":2858},{"date":"2020-06-01","product":"COPERNICUS/S1_GRD","band":"VH","value":-17.8514,"farmer_unique_id":"1253537","site_id":2858},{"date":"2020-06-08","product":"COPERNICUS/S1_GRD","band":"VH","value":-10.2104,"farmer_unique_id":"1253537","site_id":2858},{"date":"2020-06-13","product":"COPERNICUS/S1_GRD","band":"VH","value":-18.9741,"farmer_unique_id":"1253537","site_id":2858},{"date":"2020-06-20","product":"COPERNICUS/S1_GRD","band":"VH","value":-17.4154,"farmer_unique_id":"1253537","site_id":2858},{"date":"2020-06-25","product":"COPERNICUS/S1_GRD","band":"VH","value":-17.9936,"farmer_unique_id":"1253537","site_id":2858},{"date":"2020-07-02","product":"COPERNICUS/S1_GRD","band":"VH","value":-16.5745,"farmer_unique_id":"1253537","site_id":2858},{"date":"2020-07-07","product":"COPERNICUS/S1_GRD","band":"VH","value":-18.6788,"farmer_unique_id":"1253537","site_id":2858},{"date":"2020-07-14","product":"COPERNICUS/S1_GRD","band":"VH","value":-16.8692,"farmer_unique_id":"1253537","site_id":2858},{"date":"2020-07-19","product":"COPERNICUS/S1_GRD","band":"VH","value":-21.3367,"farmer_unique_id":"1253537","site_id":2858},{"date":"2020-07-26","product":"COPERNICUS/S1_GRD","band":"VH","value":-21.6574,"farmer_unique_id":"1253537","site_id":2858},{"date":"2020-07-31","product":"COPERNICUS/S1_GRD","band":"VH","value":-14.3388,"farmer_unique_id":"1253537","site_id":2858},{"date":"2020-08-07","product":"COPERNICUS/S1_GRD","band":"VH","value":-17.2632,"farmer_unique_id":"1253537","site_id":2858},{"date":"2020-08-12","product":"COPERNICUS/S1_GRD","band":"VH","farmer_unique_id":"1253537","site_id":2858},{"date":"2020-08-19","product":"COPERNICUS/S1_GRD","band":"VH","value":-17.5403,"farmer_unique_id":"1253537","site_id":2858},{"date":"2020-08-24","product":"COPERNICUS/S1_GRD","band":"VH","value":-17.4737,"farmer_unique_id":"1253537","site_id":2858},{"date":"2020-08-31","product":"COPERNICUS/S1_GRD","band":"VH","value":-14.9492,"farmer_unique_id":"1253537","site_id":2858},{"date":"2020-09-05","product":"COPERNICUS/S1_GRD","band":"VH","value":-19.492,"farmer_unique_id":"1253537","site_id":2858},{"date":"2020-09-12","product":"COPERNICUS/S1_GRD","band":"VH","value":-19.3757,"farmer_unique_id":"1253537","site_id":2858},{"date":"2020-09-17","product":"COPERNICUS/S1_GRD","band":"VH","value":-16.9325,"farmer_unique_id":"1253537","site_id":2858},{"date":"2020-09-24","product":"COPERNICUS/S1_GRD","band":"VH","value":-8.5754,"farmer_unique_id":"1253537","site_id":2858},{"date":"2020-09-29","product":"COPERNICUS/S1_GRD","band":"VH","value":-16.1255,"farmer_unique_id":"1253537","site_id":2858},{"date":"2020-10-06","product":"COPERNICUS/S1_GRD","band":"VH","value":-14.0034,"farmer_unique_id":"1253537","site_id":2858},{"date":"2020-10-11","product":"COPERNICUS/S1_GRD","band":"VH","value":-18.2277,"farmer_unique_id":"1253537","site_id":2858},{"date":"2020-10-18","product":"COPERNICUS/S1_GRD","band":"VH","value":-15.0413,"farmer_unique_id":"1253537","site_id":2858},{"date":"2020-10-23","product":"COPERNICUS/S1_GRD","band":"VH","value":-14.1552,"farmer_unique_id":"1253537","site_id":2858},{"date":"2020-10-30","product":"COPERNICUS/S1_GRD","band":"VH","value":-16.6361,"farmer_unique_id":"1253537","site_id":2858},{"date":"2020-11-04","product":"COPERNICUS/S1_GRD","band":"VH","value":-17.6025,"farmer_unique_id":"1253537","site_id":2858},{"date":"2020-11-11","product":"COPERNICUS/S1_GRD","band":"VH","value":-15.8738,"farmer_unique_id":"1253537","site_id":2858},{"date":"2020-11-16","product":"COPERNICUS/S1_GRD","band":"VH","value":-19.3113,"farmer_unique_id":"1253537","site_id":2858},{"date":"2020-11-23","product":"COPERNICUS/S1_GRD","band":"VH","value":-15.817,"farmer_unique_id":"1253537","site_id":2858},{"date":"2020-11-28","product":"COPERNICUS/S1_GRD","band":"VH","value":-16.0959,"farmer_unique_id":"1253537","site_id":2858},{"date":"2020-12-05","product":"COPERNICUS/S1_GRD","band":"VH","value":-16.9336,"farmer_unique_id":"1253537","site_id":2858},{"date":"2020-12-10","product":"COPERNICUS/S1_GRD","band":"VH","value":-17.6388,"farmer_unique_id":"1253537","site_id":2858},{"date":"2020-12-17","product":"COPERNICUS/S1_GRD","band":"VH","value":-14.9231,"farmer_unique_id":"1253537","site_id":2858},{"date":"2020-12-22","product":"COPERNICUS/S1_GRD","band":"VH","value":-27.8289,"farmer_unique_id":"1253537","site_id":2858},{"date":"2020-12-29","product":"COPERNICUS/S1_GRD","band":"VH","value":-17.7612,"farmer_unique_id":"1253537","site_id":2858},{"date":"2021-01-03","product":"COPERNICUS/S1_GRD","band":"VH","value":-18.6373,"farmer_unique_id":"1253537","site_id":2858},{"date":"2021-01-10","product":"COPERNICUS/S1_GRD","band":"VH","value":-16.8308,"farmer_unique_id":"1253537","site_id":2858},{"date":"2021-01-15","product":"COPERNICUS/S1_GRD","band":"VH","value":-20.4201,"farmer_unique_id":"1253537","site_id":2858},{"date":"2021-01-22","product":"COPERNICUS/S1_GRD","band":"VH","value":-19.6122,"farmer_unique_id":"1253537","site_id":2858},{"date":"2021-01-27","product":"COPERNICUS/S1_GRD","band":"VH","value":-17.3199,"farmer_unique_id":"1253537","site_id":2858},{"date":"2021-02-03","product":"COPERNICUS/S1_GRD","band":"VH","value":-19.5967,"farmer_unique_id":"1253537","site_id":2858},{"date":"2021-02-08","product":"COPERNICUS/S1_GRD","band":"VH","value":-22.3011,"farmer_unique_id":"1253537","site_id":2858},{"date":"2021-02-15","product":"COPERNICUS/S1_GRD","band":"VH","value":-22.3254,"farmer_unique_id":"1253537","site_id":2858},{"date":"2021-02-20","product":"COPERNICUS/S1_GRD","band":"VH","value":-23.7052,"farmer_unique_id":"1253537","site_id":2858},{"date":"2021-02-27","product":"COPERNICUS/S1_GRD","band":"VH","value":-20.3413,"farmer_unique_id":"1253537","site_id":2858},{"date":"2021-03-04","product":"COPERNICUS/S1_GRD","band":"VH","value":-17.1376,"farmer_unique_id":"1253537","site_id":2858},{"date":"2021-03-11","product":"COPERNICUS/S1_GRD","band":"VH","value":-18.1762,"farmer_unique_id":"1253537","site_id":2858},{"date":"2021-03-16","product":"COPERNICUS/S1_GRD","band":"VH","value":-15.6788,"farmer_unique_id":"1253537","site_id":2858},{"date":"2021-03-23","product":"COPERNICUS/S1_GRD","band":"VH","value":-17.062,"farmer_unique_id":"1253537","site_id":2858},{"date":"2021-03-28","product":"COPERNICUS/S1_GRD","band":"VH","value":-19.9286,"farmer_unique_id":"1253537","site_id":2858},{"date":"2021-04-04","product":"COPERNICUS/S1_GRD","band":"VH","value":-14.0753,"farmer_unique_id":"1253537","site_id":2858},{"date":"2021-04-09","product":"COPERNICUS/S1_GRD","band":"VH","value":-19.2928,"farmer_unique_id":"1253537","site_id":2858},{"date":"2021-04-16","product":"COPERNICUS/S1_GRD","band":"VH","value":-18.4524,"farmer_unique_id":"1253537","site_id":2858},{"date":"2021-04-21","product":"COPERNICUS/S1_GRD","band":"VH","value":-12.2431,"farmer_unique_id":"1253537","site_id":2858},{"date":"2021-04-28","product":"COPERNICUS/S1_GRD","band":"VH","value":-14.1789,"farmer_unique_id":"1253537","site_id":2858},{"date":"2021-05-03","product":"COPERNICUS/S1_GRD","band":"VH","value":-15.4335,"farmer_unique_id":"1253537","site_id":2858},{"date":"2021-05-10","product":"COPERNICUS/S1_GRD","band":"VH","value":-13.2296,"farmer_unique_id":"1253537","site_id":2858},{"date":"2021-05-15","product":"COPERNICUS/S1_GRD","band":"VH","value":-14.5178,"farmer_unique_id":"1253537","site_id":2858},{"date":"2021-05-22","product":"COPERNICUS/S1_GRD","band":"VH","value":-17.6656,"farmer_unique_id":"1253537","site_id":2858},{"date":"2021-05-27","product":"COPERNICUS/S1_GRD","band":"VH","value":-14.1587,"farmer_unique_id":"1253537","site_id":2858},{"date":"2021-06-03","product":"COPERNICUS/S1_GRD","band":"VH","value":-23.9262,"farmer_unique_id":"1253537","site_id":2858},{"date":"2021-06-08","product":"COPERNICUS/S1_GRD","band":"VH","value":-16.6845,"farmer_unique_id":"1253537","site_id":2858},{"date":"2021-06-15","product":"COPERNICUS/S1_GRD","band":"VH","value":-17.4053,"farmer_unique_id":"1253537","site_id":2858},{"date":"2021-06-20","product":"COPERNICUS/S1_GRD","band":"VH","value":-15.4701,"farmer_unique_id":"1253537","site_id":2858},{"date":"2021-06-27","product":"COPERNICUS/S1_GRD","band":"VH","value":-14.2903,"farmer_unique_id":"1253537","site_id":2858},{"date":"2021-07-02","product":"COPERNICUS/S1_GRD","band":"VH","value":-15.5541,"farmer_unique_id":"1253537","site_id":2858},{"date":"2021-07-09","product":"COPERNICUS/S1_GRD","band":"VH","value":-15.8844,"farmer_unique_id":"1253537","site_id":2858},{"date":"2021-07-14","product":"COPERNICUS/S1_GRD","band":"VH","value":-12.0338,"farmer_unique_id":"1253537","site_id":2858},{"date":"2021-07-21","product":"COPERNICUS/S1_GRD","band":"VH","value":-17.1038,"farmer_unique_id":"1253537","site_id":2858},{"date":"2021-07-26","product":"COPERNICUS/S1_GRD","band":"VH","value":-19.4859,"farmer_unique_id":"1253537","site_id":2858},{"date":"2021-08-02","product":"COPERNICUS/S1_GRD","band":"VH","value":-16.9662,"farmer_unique_id":"1253537","site_id":2858},{"date":"2021-08-07","product":"COPERNICUS/S1_GRD","band":"VH","value":-15.6135,"farmer_unique_id":"1253537","site_id":2858},{"date":"2021-08-14","product":"COPERNICUS/S1_GRD","band":"VH","value":-10.4301,"farmer_unique_id":"1253537","site_id":2858},{"date":"2021-08-19","product":"COPERNICUS/S1_GRD","band":"VH","value":-15.0112,"farmer_unique_id":"1253537","site_id":2858},{"date":"2021-08-26","product":"COPERNICUS/S1_GRD","band":"VH","value":-17.2228,"farmer_unique_id":"1253537","site_id":2858},{"date":"2021-08-31","product":"COPERNICUS/S1_GRD","band":"VH","value":-27.7865,"farmer_unique_id":"1253537","site_id":2858},{"date":"2021-09-07","product":"COPERNICUS/S1_GRD","band":"VH","value":-19.4982,"farmer_unique_id":"1253537","site_id":2858},{"date":"2021-09-12","product":"COPERNICUS/S1_GRD","band":"VH","value":-15.2722,"farmer_unique_id":"1253537","site_id":2858},{"date":"2021-09-19","product":"COPERNICUS/S1_GRD","band":"VH","value":-15.4835,"farmer_unique_id":"1253537","site_id":2858},{"date":"2021-09-24","product":"COPERNICUS/S1_GRD","band":"VH","value":-16.675,"farmer_unique_id":"1253537","site_id":2858},{"date":"2021-10-01","product":"COPERNICUS/S1_GRD","band":"VH","value":-17.0349,"farmer_unique_id":"1253537","site_id":2858},{"date":"2021-10-06","product":"COPERNICUS/S1_GRD","band":"VH","value":-15.628,"farmer_unique_id":"1253537","site_id":2858},{"date":"2021-10-13","product":"COPERNICUS/S1_GRD","band":"VH","value":-16.1467,"farmer_unique_id":"1253537","site_id":2858},{"date":"2021-10-18","product":"COPERNICUS/S1_GRD","band":"VH","value":-14.911,"farmer_unique_id":"1253537","site_id":2858},{"date":"2021-10-25","product":"COPERNICUS/S1_GRD","band":"VH","value":-18.8701,"farmer_unique_id":"1253537","site_id":2858},{"date":"2021-10-30","product":"COPERNICUS/S1_GRD","band":"VH","value":-17.1801,"farmer_unique_id":"1253537","site_id":2858},{"date":"2021-11-06","product":"COPERNICUS/S1_GRD","band":"VH","value":-18.8182,"farmer_unique_id":"1253537","site_id":2858},{"date":"2021-11-11","product":"COPERNICUS/S1_GRD","band":"VH","value":-17.6755,"farmer_unique_id":"1253537","site_id":2858},{"date":"2021-11-18","product":"COPERNICUS/S1_GRD","band":"VH","value":-17.5085,"farmer_unique_id":"1253537","site_id":2858},{"date":"2021-11-23","product":"COPERNICUS/S1_GRD","band":"VH","value":-18.4171,"farmer_unique_id":"1253537","site_id":2858},{"date":"2021-11-30","product":"COPERNICUS/S1_GRD","band":"VH","value":-13.1565,"farmer_unique_id":"1253537","site_id":2858},{"date":"2021-12-05","product":"COPERNICUS/S1_GRD","band":"VH","value":-17.4894,"farmer_unique_id":"1253537","site_id":2858},{"date":"2021-12-12","product":"COPERNICUS/S1_GRD","band":"VH","value":-17.0353,"farmer_unique_id":"1253537","site_id":2858},{"date":"2021-12-17","product":"COPERNICUS/S1_GRD","band":"VH","value":-18.835,"farmer_unique_id":"1253537","site_id":2858},{"date":"2021-12-24","product":"COPERNICUS/S1_GRD","band":"VH","value":-15.8667,"farmer_unique_id":"1253537","site_id":2858},{"date":"2021-12-29","product":"COPERNICUS/S1_GRD","band":"VH","value":-17.3132,"farmer_unique_id":"1253537","site_id":2858},{"date":"2020-01-04","product":"COPERNICUS/S1_GRD","band":"VV","value":-10.6318,"farmer_unique_id":"1253537","site_id":2858},{"date":"2020-01-09","product":"COPERNICUS/S1_GRD","band":"VV","value":-12.1793,"farmer_unique_id":"1253537","site_id":2858},{"date":"2020-01-16","product":"COPERNICUS/S1_GRD","band":"VV","value":-9.6936,"farmer_unique_id":"1253537","site_id":2858},{"date":"2020-01-21","product":"COPERNICUS/S1_GRD","band":"VV","value":-9.4886,"farmer_unique_id":"1253537","site_id":2858},{"date":"2020-01-28","product":"COPERNICUS/S1_GRD","band":"VV","value":-5.375,"farmer_unique_id":"1253537","site_id":2858},{"date":"2020-02-02","product":"COPERNICUS/S1_GRD","band":"VV","value":-10.1686,"farmer_unique_id":"1253537","site_id":2858},{"date":"2020-02-09","product":"COPERNICUS/S1_GRD","band":"VV","value":-12.5422,"farmer_unique_id":"1253537","site_id":2858},{"date":"2020-02-14","product":"COPERNICUS/S1_GRD","band":"VV","value":-13.4995,"farmer_unique_id":"1253537","site_id":2858},{"date":"2020-02-21","product":"COPERNICUS/S1_GRD","band":"VV","value":-11.7985,"farmer_unique_id":"1253537","site_id":2858},{"date":"2020-02-26","product":"COPERNICUS/S1_GRD","band":"VV","value":-10.2775,"farmer_unique_id":"1253537","site_id":2858},{"date":"2020-03-04","product":"COPERNICUS/S1_GRD","band":"VV","value":-5.1707,"farmer_unique_id":"1253537","site_id":2858},{"date":"2020-03-09","product":"COPERNICUS/S1_GRD","band":"VV","value":-11.5987,"farmer_unique_id":"1253537","site_id":2858},{"date":"2020-03-16","product":"COPERNICUS/S1_GRD","band":"VV","value":-7.0726,"farmer_unique_id":"1253537","site_id":2858},{"date":"2020-03-21","product":"COPERNICUS/S1_GRD","band":"VV","value":-12.2159,"farmer_unique_id":"1253537","site_id":2858},{"date":"2020-03-28","product":"COPERNICUS/S1_GRD","band":"VV","value":-4.2228,"farmer_unique_id":"1253537","site_id":2858},{"date":"2020-04-02","product":"COPERNICUS/S1_GRD","band":"VV","value":-9.7246,"farmer_unique_id":"1253537","site_id":2858},{"date":"2020-04-09","product":"COPERNICUS/S1_GRD","band":"VV","value":-8.613,"farmer_unique_id":"1253537","site_id":2858},{"date":"2020-04-14","product":"COPERNICUS/S1_GRD","band":"VV","value":-7.2312,"farmer_unique_id":"1253537","site_id":2858},{"date":"2020-04-21","product":"COPERNICUS/S1_GRD","band":"VV","value":-7.12,"farmer_unique_id":"1253537","site_id":2858},{"date":"2020-04-26","product":"COPERNICUS/S1_GRD","band":"VV","value":-7.3176,"farmer_unique_id":"1253537","site_id":2858},{"date":"2020-05-03","product":"COPERNICUS/S1_GRD","band":"VV","value":-5.8828,"farmer_unique_id":"1253537","site_id":2858},{"date":"2020-05-08","product":"COPERNICUS/S1_GRD","band":"VV","value":-11.3743,"farmer_unique_id":"1253537","site_id":2858},{"date":"2020-05-15","product":"COPERNICUS/S1_GRD","band":"VV","value":-6.3792,"farmer_unique_id":"1253537","site_id":2858},{"date":"2020-05-20","product":"COPERNICUS/S1_GRD","band":"VV","value":-10.0193,"farmer_unique_id":"1253537","site_id":2858},{"date":"2020-05-27","product":"COPERNICUS/S1_GRD","band":"VV","value":-7.8373,"farmer_unique_id":"1253537","site_id":2858},{"date":"2020-06-01","product":"COPERNICUS/S1_GRD","band":"VV","value":-9.5111,"farmer_unique_id":"1253537","site_id":2858},{"date":"2020-06-08","product":"COPERNICUS/S1_GRD","band":"VV","value":-6.3856,"farmer_unique_id":"1253537","site_id":2858},{"date":"2020-06-13","product":"COPERNICUS/S1_GRD","band":"VV","value":-7.3065,"farmer_unique_id":"1253537","site_id":2858},{"date":"2020-06-20","product":"COPERNICUS/S1_GRD","band":"VV","value":-8.1978,"farmer_unique_id":"1253537","site_id":2858},{"date":"2020-06-25","product":"COPERNICUS/S1_GRD","band":"VV","value":-10.4671,"farmer_unique_id":"1253537","site_id":2858},{"date":"2020-07-02","product":"COPERNICUS/S1_GRD","band":"VV","value":-8.6486,"farmer_unique_id":"1253537","site_id":2858},{"date":"2020-07-07","product":"COPERNICUS/S1_GRD","band":"VV","value":-10.8074,"farmer_unique_id":"1253537","site_id":2858},{"date":"2020-07-14","product":"COPERNICUS/S1_GRD","band":"VV","value":-6.9696,"farmer_unique_id":"1253537","site_id":2858},{"date":"2020-07-19","product":"COPERNICUS/S1_GRD","band":"VV","value":-13.1841,"farmer_unique_id":"1253537","site_id":2858},{"date":"2020-07-26","product":"COPERNICUS/S1_GRD","band":"VV","value":-8.6923,"farmer_unique_id":"1253537","site_id":2858},{"date":"2020-07-31","product":"COPERNICUS/S1_GRD","band":"VV","value":-4.0374,"farmer_unique_id":"1253537","site_id":2858},{"date":"2020-08-07","product":"COPERNICUS/S1_GRD","band":"VV","value":-8.9235,"farmer_unique_id":"1253537","site_id":2858},{"date":"2020-08-12","product":"COPERNICUS/S1_GRD","band":"VV","value":-12.0441,"farmer_unique_id":"1253537","site_id":2858},{"date":"2020-08-19","product":"COPERNICUS/S1_GRD","band":"VV","value":-6.2677,"farmer_unique_id":"1253537","site_id":2858},{"date":"2020-08-24","product":"COPERNICUS/S1_GRD","band":"VV","value":-6.885,"farmer_unique_id":"1253537","site_id":2858},{"date":"2020-08-31","product":"COPERNICUS/S1_GRD","band":"VV","value":-8.7915,"farmer_unique_id":"1253537","site_id":2858},{"date":"2020-09-05","product":"COPERNICUS/S1_GRD","band":"VV","value":-13.5231,"farmer_unique_id":"1253537","site_id":2858},{"date":"2020-09-12","product":"COPERNICUS/S1_GRD","band":"VV","value":-6.6348,"farmer_unique_id":"1253537","site_id":2858},{"date":"2020-09-17","product":"COPERNICUS/S1_GRD","band":"VV","value":-7.9805,"farmer_unique_id":"1253537","site_id":2858},{"date":"2020-09-24","product":"COPERNICUS/S1_GRD","band":"VV","value":-6.0985,"farmer_unique_id":"1253537","site_id":2858},{"date":"2020-09-29","product":"COPERNICUS/S1_GRD","band":"VV","value":-9.27,"farmer_unique_id":"1253537","site_id":2858},{"date":"2020-10-06","product":"COPERNICUS/S1_GRD","band":"VV","value":-3.9723,"farmer_unique_id":"1253537","site_id":2858},{"date":"2020-10-11","product":"COPERNICUS/S1_GRD","band":"VV","value":-12.222,"farmer_unique_id":"1253537","site_id":2858},{"date":"2020-10-18","product":"COPERNICUS/S1_GRD","band":"VV","value":-10.4811,"farmer_unique_id":"1253537","site_id":2858},{"date":"2020-10-23","product":"COPERNICUS/S1_GRD","band":"VV","value":-11.5145,"farmer_unique_id":"1253537","site_id":2858},{"date":"2020-10-30","product":"COPERNICUS/S1_GRD","band":"VV","value":-6.2629,"farmer_unique_id":"1253537","site_id":2858},{"date":"2020-11-04","product":"COPERNICUS/S1_GRD","band":"VV","value":-6.8188,"farmer_unique_id":"1253537","site_id":2858},{"date":"2020-11-11","product":"COPERNICUS/S1_GRD","band":"VV","value":-8.5459,"farmer_unique_id":"1253537","site_id":2858},{"date":"2020-11-16","product":"COPERNICUS/S1_GRD","band":"VV","value":-11.0271,"farmer_unique_id":"1253537","site_id":2858},{"date":"2020-11-23","product":"COPERNICUS/S1_GRD","band":"VV","value":-6.4123,"farmer_unique_id":"1253537","site_id":2858},{"date":"2020-11-28","product":"COPERNICUS/S1_GRD","band":"VV","value":-8.8952,"farmer_unique_id":"1253537","site_id":2858},{"date":"2020-12-05","product":"COPERNICUS/S1_GRD","band":"VV","value":-9.5149,"farmer_unique_id":"1253537","site_id":2858},{"date":"2020-12-10","product":"COPERNICUS/S1_GRD","band":"VV","value":-13.0906,"farmer_unique_id":"1253537","site_id":2858},{"date":"2020-12-17","product":"COPERNICUS/S1_GRD","band":"VV","value":-9.3229,"farmer_unique_id":"1253537","site_id":2858},{"date":"2020-12-22","product":"COPERNICUS/S1_GRD","band":"VV","value":-12.5932,"farmer_unique_id":"1253537","site_id":2858},{"date":"2020-12-29","product":"COPERNICUS/S1_GRD","band":"VV","value":-8.688,"farmer_unique_id":"1253537","site_id":2858},{"date":"2021-01-03","product":"COPERNICUS/S1_GRD","band":"VV","value":-13.3869,"farmer_unique_id":"1253537","site_id":2858},{"date":"2021-01-10","product":"COPERNICUS/S1_GRD","band":"VV","value":-4.1433,"farmer_unique_id":"1253537","site_id":2858},{"date":"2021-01-15","product":"COPERNICUS/S1_GRD","band":"VV","value":-13.5481,"farmer_unique_id":"1253537","site_id":2858},{"date":"2021-01-22","product":"COPERNICUS/S1_GRD","band":"VV","value":-8.3395,"farmer_unique_id":"1253537","site_id":2858},{"date":"2021-01-27","product":"COPERNICUS/S1_GRD","band":"VV","value":-11.9326,"farmer_unique_id":"1253537","site_id":2858},{"date":"2021-02-03","product":"COPERNICUS/S1_GRD","band":"VV","value":-11.1169,"farmer_unique_id":"1253537","site_id":2858},{"date":"2021-02-08","product":"COPERNICUS/S1_GRD","band":"VV","value":-14.0058,"farmer_unique_id":"1253537","site_id":2858},{"date":"2021-02-15","product":"COPERNICUS/S1_GRD","band":"VV","value":-11.1749,"farmer_unique_id":"1253537","site_id":2858},{"date":"2021-02-20","product":"COPERNICUS/S1_GRD","band":"VV","value":-14.6681,"farmer_unique_id":"1253537","site_id":2858},{"date":"2021-02-27","product":"COPERNICUS/S1_GRD","band":"VV","value":-8.5139,"farmer_unique_id":"1253537","site_id":2858},{"date":"2021-03-04","product":"COPERNICUS/S1_GRD","band":"VV","value":-10.7104,"farmer_unique_id":"1253537","site_id":2858},{"date":"2021-03-11","product":"COPERNICUS/S1_GRD","band":"VV","value":-9.3505,"farmer_unique_id":"1253537","site_id":2858},{"date":"2021-03-16","product":"COPERNICUS/S1_GRD","band":"VV","value":-7.2285,"farmer_unique_id":"1253537","site_id":2858},{"date":"2021-03-23","product":"COPERNICUS/S1_GRD","band":"VV","value":-4.5572,"farmer_unique_id":"1253537","site_id":2858},{"date":"2021-03-28","product":"COPERNICUS/S1_GRD","band":"VV","value":-9.6049,"farmer_unique_id":"1253537","site_id":2858},{"date":"2021-04-04","product":"COPERNICUS/S1_GRD","band":"VV","value":-5.775,"farmer_unique_id":"1253537","site_id":2858},{"date":"2021-04-09","product":"COPERNICUS/S1_GRD","band":"VV","value":-11.7739,"farmer_unique_id":"1253537","site_id":2858},{"date":"2021-04-16","product":"COPERNICUS/S1_GRD","band":"VV","value":-12.7016,"farmer_unique_id":"1253537","site_id":2858},{"date":"2021-04-21","product":"COPERNICUS/S1_GRD","band":"VV","value":-6.1402,"farmer_unique_id":"1253537","site_id":2858},{"date":"2021-04-28","product":"COPERNICUS/S1_GRD","band":"VV","value":-7.9953,"farmer_unique_id":"1253537","site_id":2858},{"date":"2021-05-03","product":"COPERNICUS/S1_GRD","band":"VV","value":-8.4623,"farmer_unique_id":"1253537","site_id":2858},{"date":"2021-05-10","product":"COPERNICUS/S1_GRD","band":"VV","value":-8.3691,"farmer_unique_id":"1253537","site_id":2858},{"date":"2021-05-15","product":"COPERNICUS/S1_GRD","band":"VV","value":-7.8761,"farmer_unique_id":"1253537","site_id":2858},{"date":"2021-05-22","product":"COPERNICUS/S1_GRD","band":"VV","value":-10.7018,"farmer_unique_id":"1253537","site_id":2858},{"date":"2021-05-27","product":"COPERNICUS/S1_GRD","band":"VV","value":-10.6103,"farmer_unique_id":"1253537","site_id":2858},{"date":"2021-06-03","product":"COPERNICUS/S1_GRD","band":"VV","value":-7.6509,"farmer_unique_id":"1253537","site_id":2858},{"date":"2021-06-08","product":"COPERNICUS/S1_GRD","band":"VV","value":-8.8698,"farmer_unique_id":"1253537","site_id":2858},{"date":"2021-06-15","product":"COPERNICUS/S1_GRD","band":"VV","value":-10.217,"farmer_unique_id":"1253537","site_id":2858},{"date":"2021-06-20","product":"COPERNICUS/S1_GRD","band":"VV","value":-9.891,"farmer_unique_id":"1253537","site_id":2858},{"date":"2021-06-27","product":"COPERNICUS/S1_GRD","band":"VV","value":-11.2779,"farmer_unique_id":"1253537","site_id":2858},{"date":"2021-07-02","product":"COPERNICUS/S1_GRD","band":"VV","value":-11.1418,"farmer_unique_id":"1253537","site_id":2858},{"date":"2021-07-09","product":"COPERNICUS/S1_GRD","band":"VV","value":-2.7584,"farmer_unique_id":"1253537","site_id":2858},{"date":"2021-07-14","product":"COPERNICUS/S1_GRD","band":"VV","value":-6.6964,"farmer_unique_id":"1253537","site_id":2858},{"date":"2021-07-21","product":"COPERNICUS/S1_GRD","band":"VV","value":-9.4147,"farmer_unique_id":"1253537","site_id":2858},{"date":"2021-07-26","product":"COPERNICUS/S1_GRD","band":"VV","value":-10.4435,"farmer_unique_id":"1253537","site_id":2858},{"date":"2021-08-02","product":"COPERNICUS/S1_GRD","band":"VV","value":-9.0228,"farmer_unique_id":"1253537","site_id":2858},{"date":"2021-08-07","product":"COPERNICUS/S1_GRD","band":"VV","value":-9.5041,"farmer_unique_id":"1253537","site_id":2858},{"date":"2021-08-14","product":"COPERNICUS/S1_GRD","band":"VV","value":-7.1771,"farmer_unique_id":"1253537","site_id":2858},{"date":"2021-08-19","product":"COPERNICUS/S1_GRD","band":"VV","value":-8.7912,"farmer_unique_id":"1253537","site_id":2858},{"date":"2021-08-26","product":"COPERNICUS/S1_GRD","band":"VV","value":-11.411,"farmer_unique_id":"1253537","site_id":2858},{"date":"2021-08-31","product":"COPERNICUS/S1_GRD","band":"VV","value":-10.6015,"farmer_unique_id":"1253537","site_id":2858},{"date":"2021-09-07","product":"COPERNICUS/S1_GRD","band":"VV","value":-11.6189,"farmer_unique_id":"1253537","site_id":2858},{"date":"2021-09-12","product":"COPERNICUS/S1_GRD","band":"VV","value":-7.4719,"farmer_unique_id":"1253537","site_id":2858},{"date":"2021-09-19","product":"COPERNICUS/S1_GRD","band":"VV","value":-7.164,"farmer_unique_id":"1253537","site_id":2858},{"date":"2021-09-24","product":"COPERNICUS/S1_GRD","band":"VV","value":-10.1609,"farmer_unique_id":"1253537","site_id":2858},{"date":"2021-10-01","product":"COPERNICUS/S1_GRD","band":"VV","value":-9.2491,"farmer_unique_id":"1253537","site_id":2858},{"date":"2021-10-06","product":"COPERNICUS/S1_GRD","band":"VV","value":-10.4056,"farmer_unique_id":"1253537","site_id":2858},{"date":"2021-10-13","product":"COPERNICUS/S1_GRD","band":"VV","value":-10.9133,"farmer_unique_id":"1253537","site_id":2858},{"date":"2021-10-18","product":"COPERNICUS/S1_GRD","band":"VV","value":-7.7452,"farmer_unique_id":"1253537","site_id":2858},{"date":"2021-10-25","product":"COPERNICUS/S1_GRD","band":"VV","farmer_unique_id":"1253537","site_id":2858},{"date":"2021-10-30","product":"COPERNICUS/S1_GRD","band":"VV","value":-12.1077,"farmer_unique_id":"1253537","site_id":2858},{"date":"2021-11-06","product":"COPERNICUS/S1_GRD","band":"VV","value":-7.9642,"farmer_unique_id":"1253537","site_id":2858},{"date":"2021-11-11","product":"COPERNICUS/S1_GRD","band":"VV","value":-11.065,"farmer_unique_id":"1253537","site_id":2858},{"date":"2021-11-18","product":"COPERNICUS/S1_GRD","band":"VV","value":-11.49,"farmer_unique_id":"1253537","site_id":2858},{"date":"2021-11-23","product":"COPERNICUS/S1_GRD","band":"VV","value":-13.9858,"farmer_unique_id":"1253537","site_id":2858},{"date":"2021-11-30","product":"COPERNICUS/S1_GRD","band":"VV","value":-8.9769,"farmer_unique_id":"1253537","site_id":2858},{"date":"2021-12-05","product":"COPERNICUS/S1_GRD","band":"VV","value":-11.5602,"farmer_unique_id":"1253537","site_id":2858},{"date":"2021-12-12","product":"COPERNICUS/S1_GRD","band":"VV","value":-12.1254,"farmer_unique_id":"1253537","site_id":2858},{"date":"2021-12-17","product":"COPERNICUS/S1_GRD","band":"VV","value":-10.8533,"farmer_unique_id":"1253537","site_id":2858},{"date":"2021-12-24","product":"COPERNICUS/S1_GRD","band":"VV","value":-8.9355,"farmer_unique_id":"1253537","site_id":2858},{"date":"2021-12-29","product":"COPERNICUS/S1_GRD","band":"VV","value":-13.2822,"farmer_unique_id":"1253537","site_id":2858}]
