[{"date":"2020-01-11","product":"COPERNICUS/S1_GRD","band":"VH","value":-9.3392,"farmer_unique_id":"1736688","site_id":1901},{"date":"2020-01-23","product":"COPERNICUS/S1_GRD","band":"VH","value":-11.0085,"farmer_unique_id":"1736688","site_id":1901},{"date":"2020-02-04","product":"COPERNICUS/S1_GRD","band":"VH","value":-13.1232,"farmer_unique_id":"1736688","site_id":1901},{"date":"2020-02-16","product":"COPERNICUS/S1_GRD","band":"VH","value":-14.0535,"farmer_unique_id":"1736688","site_id":1901},{"date":"2020-02-28","product":"COPERNICUS/S1_GRD","band":"VH","value":-11.5575,"farmer_unique_id":"1736688","site_id":1901},{"date":"2020-03-11","product":"COPERNICUS/S1_GRD","band":"VH","value":-14.5466,"farmer_unique_id":"1736688","site_id":1901},{"date":"2020-03-23","product":"COPERNICUS/S1_GRD","band":"VH","value":-12.9631,"farmer_unique_id":"1736688","site_id":1901},{"date":"2020-04-04","product":"COPERNICUS/S1_GRD","band":"VH","value":-13.6376,"farmer_unique_id":"1736688","site_id":1901},{"date":"2020-04-16","product":"COPERNICUS/S1_GRD","band":"VH","value":-13.9122,"farmer_unique_id":"1736688","site_id":1901},{"date":"2020-04-28","product":"COPERNICUS/S1_GRD","band":"VH","value":-11.1935,"farmer_unique_id":"1736688","site_id":1901},{"date":"2020-05-10","product":"COPERNICUS/S1_GRD","band":"VH","value":-13.0814,"farmer_unique_id":"1736688","site_id":1901},{"date":"2020-05-22","product":"COPERNICUS/S1_GRD","band":"VH","value":-10.4877,"farmer_unique_id":"1736688","site_id":1901},{"date":"2020-06-15","product":"COPERNICUS/S1_GRD","band":"VH","value":-12.6707,"farmer_unique_id":"1736688","site_id":1901},{"date":"2020-06-27","product":"COPERNICUS/S1_GRD","band":"VH","value":-15.928,"farmer_unique_id":"1736688","site_id":1901},{"date":"2020-07-09","product":"COPERNICUS/S1_GRD","band":"VH","value":-12.6721,"farmer_unique_id":"1736688","site_id":1901},{"date":"2020-07-21","product":"COPERNICUS/S1_GRD","band":"VH","value":-12.0542,"farmer_unique_id":"1736688","site_id":1901},{"date":"2020-08-02","product":"COPERNICUS/S1_GRD","band":"VH","value":-12.2549,"farmer_unique_id":"1736688","site_id":1901},{"date":"2020-08-14","product":"COPERNICUS/S1_GRD","band":"VH","value":-12.0488,"farmer_unique_id":"1736688","site_id":1901},{"date":"2020-08-26","product":"COPERNICUS/S1_GRD","band":"VH","value":-9.3904,"farmer_unique_id":"1736688","site_id":1901},{"date":"2020-09-07","product":"COPERNICUS/S1_GRD","band":"VH","value":-8.0272,"farmer_unique_id":"1736688","site_id":1901},{"date":"2020-09-19","product":"COPERNICUS/S1_GRD","band":"VH","value":-13.2662,"farmer_unique_id":"1736688","site_id":1901},{"date":"2020-10-01","product":"COPERNICUS/S1_GRD","band":"VH","value":-10.8998,"farmer_unique_id":"1736688","site_id":1901},{"date":"2020-10-13","product":"COPERNICUS/S1_GRD","band":"VH","value":-13.9213,"farmer_unique_id":"1736688","site_id":1901},{"date":"2020-10-25","product":"COPERNICUS/S1_GRD","band":"VH","value":-12.858,"farmer_unique_id":"1736688","site_id":1901},{"date":"2020-11-06","product":"COPERNICUS/S1_GRD","band":"VH","value":-12.3289,"farmer_unique_id":"1736688","site_id":1901},{"date":"2020-11-18","product":"COPERNICUS/S1_GRD","band":"VH","value":-13.3511,"farmer_unique_id":"1736688","site_id":1901},{"date":"2020-11-30","product":"COPERNICUS/S1_GRD","band":"VH","value":-10.3068,"farmer_unique_id":"1736688","site_id":1901},{"date":"2020-12-12","product":"COPERNICUS/S1_GRD","band":"VH","value":-12.4788,"farmer_unique_id":"1736688","site_id":1901},{"date":"2020-12-24","product":"COPERNICUS/S1_GRD","band":"VH","value":-12.6352,"farmer_unique_id":"1736688","site_id":1901},{"date":"2021-01-05","product":"COPERNICUS/S1_GRD","band":"VH","value":-17.1469,"farmer_unique_id":"1736688","site_id":1901},{"date":"2021-01-17","product":"COPERNICUS/S1_GRD","band":"VH","value":-11.9704,"farmer_unique_id":"1736688","site_id":1901},{"date":"2021-01-29","product":"COPERNICUS/S1_GRD","band":"VH","value":-14.6249,"farmer_unique_id":"1736688","site_id":1901},{"date":"2021-02-10","product":"COPERNICUS/S1_GRD","band":"VH","value":-15.6762,"farmer_unique_id":"1736688","site_id":1901},{"date":"2021-02-22","product":"COPERNICUS/S1_GRD","band":"VH","value":-14.2857,"farmer_unique_id":"1736688","site_id":1901},{"date":"2021-03-06","product":"COPERNICUS/S1_GRD","band":"VH","value":-12.9174,"farmer_unique_id":"1736688","site_id":1901},{"date":"2021-03-18","product":"COPERNICUS/S1_GRD","band":"VH","value":-17.2089,"farmer_unique_id":"1736688","site_id":1901},{"date":"2021-03-30","product":"COPERNICUS/S1_GRD","band":"VH","value":-10.6601,"farmer_unique_id":"1736688","site_id":1901},{"date":"2021-04-11","product":"COPERNICUS/S1_GRD","band":"VH","value":-11.915,"farmer_unique_id":"1736688","site_id":1901},{"date":"2021-04-23","product":"COPERNICUS/S1_GRD","band":"VH","value":-14.5625,"farmer_unique_id":"1736688","site_id":1901},{"date":"2021-05-05","product":"COPERNICUS/S1_GRD","band":"VH","value":-12.0309,"farmer_unique_id":"1736688","site_id":1901},{"date":"2021-05-17","product":"COPERNICUS/S1_GRD","band":"VH","value":-13.8158,"farmer_unique_id":"1736688","site_id":1901},{"date":"2021-05-29","product":"COPERNICUS/S1_GRD","band":"VH","value":-9.5162,"farmer_unique_id":"1736688","site_id":1901},{"date":"2021-06-10","product":"COPERNICUS/S1_GRD","band":"VH","value":-14.6855,"farmer_unique_id":"1736688","site_id":1901},{"date":"2021-06-22","product":"COPERNICUS/S1_GRD","band":"VH","value":-9.5137,"farmer_unique_id":"1736688","site_id":1901},{"date":"2021-07-04","product":"COPERNICUS/S1_GRD","band":"VH","value":-8.9307,"farmer_unique_id":"1736688","site_id":1901},{"date":"2021-07-16","product":"COPERNICUS/S1_GRD","band":"VH","value":-12.9296,"farmer_unique_id":"1736688","site_id":1901},{"date":"2021-07-28","product":"COPERNICUS/S1_GRD","band":"VH","value":-10.5607,"farmer_unique_id":"1736688","site_id":1901},{"date":"2021-08-09","product":"COPERNICUS/S1_GRD","band":"VH","value":-15.1624,"farmer_unique_id":"1736688","site_id":1901},{"date":"2021-08-21","product":"COPERNICUS/S1_GRD","band":"VH","value":-14.6837,"farmer_unique_id":"1736688","site_id":1901},{"date":"2021-09-02","product":"COPERNICUS/S1_GRD","band":"VH","value":-12.4215,"farmer_unique_id":"1736688","site_id":1901},{"date":"2021-09-14","product":"COPERNICUS/S1_GRD","band":"VH","value":-13.966,"farmer_unique_id":"1736688","site_id":1901},{"date":"2021-09-26","product":"COPERNICUS/S1_GRD","band":"VH","value":-13.4383,"farmer_unique_id":"1736688","site_id":1901},{"date":"2021-10-08","product":"COPERNICUS/S1_GRD","band":"VH","value":-15.9511,"farmer_unique_id":"1736688","site_id":1901},{"date":"2021-10-20","product":"COPERNICUS/S1_GRD","band":"VH","value":-15.358,"farmer_unique_id":"1736688","site_id":1901},{"date":"2021-11-01","product":"COPERNICUS/S1_GRD","band":"VH","value":-13.8731,"farmer_unique_id":"1736688","site_id":1901},{"date":"2021-11-13","product":"COPERNICUS/S1_GRD","band":"VH","value":-14.4015,"farmer_unique_id":"1736688","site_id":1901},{"date":"2021-11-25","product":"COPERNICUS/S1_GRD","band":"VH","value":-15.5695,"farmer_unique_id":"1736688","site_id":1901},{"date":"2021-12-07","product":"COPERNICUS/S1_GRD","band":"VH","value":-15.0159,"farmer_unique_id":"1736688","site_id":1901},{"date":"2021-12-19","product":"COPERNICUS/S1_GRD","band":"VH","value":-11.6538,"farmer_unique_id":"1736688","site_id":1901},{"date":"2020-01-11","product":"COPERNICUS/S1_GRD","band":"VV","value":-6.3306,"farmer_unique_id":"1736688","site_id":1901},{"date":"2020-01-23","product":"COPERNICUS/S1_GRD","band":"VV","value":-7.8621,"farmer_unique_id":"1736688","site_id":1901},{"date":"2020-02-04","product":"COPERNICUS/S1_GRD","band":"VV","value":-3.4712,"farmer_unique_id":"1736688","site_id":1901},{"date":"2020-02-16","product":"COPERNICUS/S1_GRD","band":"VV","value":-3.1859,"farmer_unique_id":"1736688","site_id":1901},{"date":"2020-02-28","product":"COPERNICUS/S1_GRD","band":"VV","value":-7.3231,"farmer_unique_id":"1736688","site_id":1901},{"date":"2020-03-11","product":"COPERNICUS/S1_GRD","band":"VV","value":-9.7735,"farmer_unique_id":"1736688","site_id":1901},{"date":"2020-03-23","product":"COPERNICUS/S1_GRD","band":"VV","value":-5.8454,"farmer_unique_id":"1736688","site_id":1901},{"date":"2020-04-04","product":"COPERNICUS/S1_GRD","band":"VV","value":-10.7955,"farmer_unique_id":"1736688","site_id":1901},{"date":"2020-04-16","product":"COPERNICUS/S1_GRD","band":"VV","value":-9.0315,"farmer_unique_id":"1736688","site_id":1901},{"date":"2020-04-28","product":"COPERNICUS/S1_GRD","band":"VV","value":-5.1205,"farmer_unique_id":"1736688","site_id":1901},{"date":"2020-05-10","product":"COPERNICUS/S1_GRD","band":"VV","value":-7.0732,"farmer_unique_id":"1736688","site_id":1901},{"date":"2020-05-22","product":"COPERNICUS/S1_GRD","band":"VV","value":-6.6066,"farmer_unique_id":"1736688","site_id":1901},{"date":"2020-06-15","product":"COPERNICUS/S1_GRD","band":"VV","value":-5.328,"farmer_unique_id":"1736688","site_id":1901},{"date":"2020-06-27","product":"COPERNICUS/S1_GRD","band":"VV","value":-7.3085,"farmer_unique_id":"1736688","site_id":1901},{"date":"2020-07-09","product":"COPERNICUS/S1_GRD","band":"VV","value":-7.3452,"farmer_unique_id":"1736688","site_id":1901},{"date":"2020-07-21","product":"COPERNICUS/S1_GRD","band":"VV","value":-6.2911,"farmer_unique_id":"1736688","site_id":1901},{"date":"2020-08-02","product":"COPERNICUS/S1_GRD","band":"VV","value":-6.8635,"farmer_unique_id":"1736688","site_id":1901},{"date":"2020-08-14","product":"COPERNICUS/S1_GRD","band":"VV","value":-9.7587,"farmer_unique_id":"1736688","site_id":1901},{"date":"2020-08-26","product":"COPERNICUS/S1_GRD","band":"VV","value":-7.2058,"farmer_unique_id":"1736688","site_id":1901},{"date":"2020-09-07","product":"COPERNICUS/S1_GRD","band":"VV","value":-8.1202,"farmer_unique_id":"1736688","site_id":1901},{"date":"2020-09-19","product":"COPERNICUS/S1_GRD","band":"VV","value":-9.9734,"farmer_unique_id":"1736688","site_id":1901},{"date":"2020-10-01","product":"COPERNICUS/S1_GRD","band":"VV","value":-6.16,"farmer_unique_id":"1736688","site_id":1901},{"date":"2020-10-13","product":"COPERNICUS/S1_GRD","band":"VV","value":-6.3255,"farmer_unique_id":"1736688","site_id":1901},{"date":"2020-10-25","product":"COPERNICUS/S1_GRD","band":"VV","value":-5.5323,"farmer_unique_id":"1736688","site_id":1901},{"date":"2020-11-06","product":"COPERNICUS/S1_GRD","band":"VV","value":-5.1437,"farmer_unique_id":"1736688","site_id":1901},{"date":"2020-11-18","product":"COPERNICUS/S1_GRD","band":"VV","value":-7.3657,"farmer_unique_id":"1736688","site_id":1901},{"date":"2020-11-30","product":"COPERNICUS/S1_GRD","band":"VV","value":-5.5929,"farmer_unique_id":"1736688","site_id":1901},{"date":"2020-12-12","product":"COPERNICUS/S1_GRD","band":"VV","value":-10.0823,"farmer_unique_id":"1736688","site_id":1901},{"date":"2020-12-24","product":"COPERNICUS/S1_GRD","band":"VV","value":-5.3864,"farmer_unique_id":"1736688","site_id":1901},{"date":"2021-01-05","product":"COPERNICUS/S1_GRD","band":"VV","value":-8.5358,"farmer_unique_id":"1736688","site_id":1901},{"date":"2021-01-17","product":"COPERNICUS/S1_GRD","band":"VV","value":-6.3776,"farmer_unique_id":"1736688","site_id":1901},{"date":"2021-01-29","product":"COPERNICUS/S1_GRD","band":"VV","value":-8.5453,"farmer_unique_id":"1736688","site_id":1901},{"date":"2021-02-10","product":"COPERNICUS/S1_GRD","band":"VV","value":-4.4774,"farmer_unique_id":"1736688","site_id":1901},{"date":"2021-02-22","product":"COPERNICUS/S1_GRD","band":"VV","value":-5.9912,"farmer_unique_id":"1736688","site_id":1901},{"date":"2021-03-06","product":"COPERNICUS/S1_GRD","band":"VV","value":-7.4012,"farmer_unique_id":"1736688","site_id":1901},{"date":"2021-03-18","product":"COPERNICUS/S1_GRD","band":"VV","value":-8.3245,"farmer_unique_id":"1736688","site_id":1901},{"date":"2021-03-30","product":"COPERNICUS/S1_GRD","band":"VV","value":-6.8027,"farmer_unique_id":"1736688","site_id":1901},{"date":"2021-04-11","product":"COPERNICUS/S1_GRD","band":"VV","value":-4.7119,"farmer_unique_id":"1736688","site_id":1901},{"date":"2021-04-23","product":"COPERNICUS/S1_GRD","band":"VV","value":-5.8957,"farmer_unique_id":"1736688","site_id":1901},{"date":"2021-05-05","product":"COPERNICUS/S1_GRD","band":"VV","value":-5.5996,"farmer_unique_id":"1736688","site_id":1901},{"date":"2021-05-17","product":"COPERNICUS/S1_GRD","band":"VV","value":-7.8292,"farmer_unique_id":"1736688","site_id":1901},{"date":"2021-05-29","product":"COPERNICUS/S1_GRD","band":"VV","value":-4.9395,"farmer_unique_id":"1736688","site_id":1901},{"date":"2021-06-10","product":"COPERNICUS/S1_GRD","band":"VV","value":-8.3377,"farmer_unique_id":"1736688","site_id":1901},{"date":"2021-06-22","product":"COPERNICUS/S1_GRD","band":"VV","value":-6.9899,"farmer_unique_id":"1736688","site_id":1901},{"date":"2021-07-04","product":"COPERNICUS/S1_GRD","band":"VV","value":-8.3545,"farmer_unique_id":"1736688","site_id":1901},{"date":"2021-07-16","product":"COPERNICUS/S1_GRD","band":"VV","value":-6.9363,"farmer_unique_id":"1736688","site_id":1901},{"date":"2021-07-28","product":"COPERNICUS/S1_GRD","band":"VV","value":-4.7654,"farmer_unique_id":"1736688","site_id":1901},{"date":"2021-08-09","product":"COPERNICUS/S1_GRD","band":"VV","value":-3.3926,"farmer_unique_id":"1736688","site_id":1901},{"date":"2021-08-21","product":"COPERNICUS/S1_GRD","band":"VV","value":-5.3706,"farmer_unique_id":"1736688","site_id":1901},{"date":"2021-09-02","product":"COPERNICUS/S1_GRD","band":"VV","value":-6.9756,"farmer_unique_id":"1736688","site_id":1901},{"date":"2021-09-14","product":"COPERNICUS/S1_GRD","band":"VV","value":-6.7329,"farmer_unique_id":"1736688","site_id":1901},{"date":"2021-09-26","product":"COPERNICUS/S1_GRD","band":"VV","value":-8.2773,"farmer_unique_id":"1736688","site_id":1901},{"date":"2021-10-08","product":"COPERNICUS/S1_GRD","band":"VV","value":-6.5398,"farmer_unique_id":"1736688","site_id":1901},{"date":"2021-10-20","product":"COPERNICUS/S1_GRD","band":"VV","value":-6.2332,"farmer_unique_id":"1736688","site_id":1901},{"date":"2021-11-01","product":"COPERNICUS/S1_GRD","band":"VV","value":-10.1078,"farmer_unique_id":"1736688","site_id":1901},{"date":"2021-11-13","product":"COPERNICUS/S1_GRD","band":"VV","value":-9.4901,"farmer_unique_id":"1736688","site_id":1901},{"date":"2021-11-25","product":"COPERNICUS/S1_GRD","band":"VV","value":-4.3289,"farmer_unique_id":"1736688","site_id":1901},{"date":"2021-12-07","product":"COPERNICUS/S1_GRD","band":"VV","value":-9.6007,"farmer_unique_id":"1736688","site_id":1901},{"date":"2021-12-19","product":"COPERNICUS/S1_GRD","band":"VV","value":-3.9347,"farmer_unique_id":"1736688","site_id":1901}]
