[{"date":"2020-01-04","product":"COPERNICUS/S1_GRD","band":"VH","value":-14.2942,"farmer_unique_id":"374924","site_id":4891},{"date":"2020-01-09","product":"COPERNICUS/S1_GRD","band":"VH","value":-13.161,"farmer_unique_id":"374924","site_id":4891},{"date":"2020-01-16","product":"COPERNICUS/S1_GRD","band":"VH","value":-18.6854,"farmer_unique_id":"374924","site_id":4891},{"date":"2020-01-21","product":"COPERNICUS/S1_GRD","band":"VH","value":-18.5929,"farmer_unique_id":"374924","site_id":4891},{"date":"2020-01-28","product":"COPERNICUS/S1_GRD","band":"VH","value":-14.5571,"farmer_unique_id":"374924","site_id":4891},{"date":"2020-02-02","product":"COPERNICUS/S1_GRD","band":"VH","value":-15.6177,"farmer_unique_id":"374924","site_id":4891},{"date":"2020-02-09","product":"COPERNICUS/S1_GRD","band":"VH","value":-15.6542,"farmer_unique_id":"374924","site_id":4891},{"date":"2020-02-14","product":"COPERNICUS/S1_GRD","band":"VH","value":-19.994,"farmer_unique_id":"374924","site_id":4891},{"date":"2020-02-21","product":"COPERNICUS/S1_GRD","band":"VH","value":-12.9699,"farmer_unique_id":"374924","site_id":4891},{"date":"2020-02-26","product":"COPERNICUS/S1_GRD","band":"VH","value":-18.3883,"farmer_unique_id":"374924","site_id":4891},{"date":"2020-03-04","product":"COPERNICUS/S1_GRD","band":"VH","value":-13.3678,"farmer_unique_id":"374924","site_id":4891},{"date":"2020-03-09","product":"COPERNICUS/S1_GRD","band":"VH","value":-17.4606,"farmer_unique_id":"374924","site_id":4891},{"date":"2020-03-16","product":"COPERNICUS/S1_GRD","band":"VH","value":-15.2048,"farmer_unique_id":"374924","site_id":4891},{"date":"2020-03-21","product":"COPERNICUS/S1_GRD","band":"VH","value":-17.267,"farmer_unique_id":"374924","site_id":4891},{"date":"2020-03-28","product":"COPERNICUS/S1_GRD","band":"VH","value":-13.9462,"farmer_unique_id":"374924","site_id":4891},{"date":"2020-04-02","product":"COPERNICUS/S1_GRD","band":"VH","value":-18.2481,"farmer_unique_id":"374924","site_id":4891},{"date":"2020-04-09","product":"COPERNICUS/S1_GRD","band":"VH","value":-15.3992,"farmer_unique_id":"374924","site_id":4891},{"date":"2020-04-14","product":"COPERNICUS/S1_GRD","band":"VH","value":-14.8523,"farmer_unique_id":"374924","site_id":4891},{"date":"2020-04-21","product":"COPERNICUS/S1_GRD","band":"VH","value":-14.0399,"farmer_unique_id":"374924","site_id":4891},{"date":"2020-04-26","product":"COPERNICUS/S1_GRD","band":"VH","value":-12.2755,"farmer_unique_id":"374924","site_id":4891},{"date":"2020-05-03","product":"COPERNICUS/S1_GRD","band":"VH","value":-13.9962,"farmer_unique_id":"374924","site_id":4891},{"date":"2020-05-08","product":"COPERNICUS/S1_GRD","band":"VH","value":-8.9305,"farmer_unique_id":"374924","site_id":4891},{"date":"2020-05-15","product":"COPERNICUS/S1_GRD","band":"VH","value":-13.909,"farmer_unique_id":"374924","site_id":4891},{"date":"2020-05-20","product":"COPERNICUS/S1_GRD","band":"VH","value":-15.0418,"farmer_unique_id":"374924","site_id":4891},{"date":"2020-05-27","product":"COPERNICUS/S1_GRD","band":"VH","value":-15.633,"farmer_unique_id":"374924","site_id":4891},{"date":"2020-06-01","product":"COPERNICUS/S1_GRD","band":"VH","value":-14.9853,"farmer_unique_id":"374924","site_id":4891},{"date":"2020-06-08","product":"COPERNICUS/S1_GRD","band":"VH","value":-10.8062,"farmer_unique_id":"374924","site_id":4891},{"date":"2020-06-13","product":"COPERNICUS/S1_GRD","band":"VH","value":-11.2247,"farmer_unique_id":"374924","site_id":4891},{"date":"2020-06-20","product":"COPERNICUS/S1_GRD","band":"VH","value":-10.6356,"farmer_unique_id":"374924","site_id":4891},{"date":"2020-06-25","product":"COPERNICUS/S1_GRD","band":"VH","value":-14.8082,"farmer_unique_id":"374924","site_id":4891},{"date":"2020-07-02","product":"COPERNICUS/S1_GRD","band":"VH","value":-14.6958,"farmer_unique_id":"374924","site_id":4891},{"date":"2020-07-07","product":"COPERNICUS/S1_GRD","band":"VH","value":-12.5463,"farmer_unique_id":"374924","site_id":4891},{"date":"2020-07-14","product":"COPERNICUS/S1_GRD","band":"VH","value":-11.7557,"farmer_unique_id":"374924","site_id":4891},{"date":"2020-07-19","product":"COPERNICUS/S1_GRD","band":"VH","value":-15.5668,"farmer_unique_id":"374924","site_id":4891},{"date":"2020-07-26","product":"COPERNICUS/S1_GRD","band":"VH","value":-14.0292,"farmer_unique_id":"374924","site_id":4891},{"date":"2020-07-31","product":"COPERNICUS/S1_GRD","band":"VH","value":-15.4062,"farmer_unique_id":"374924","site_id":4891},{"date":"2020-08-07","product":"COPERNICUS/S1_GRD","band":"VH","value":-18.1189,"farmer_unique_id":"374924","site_id":4891},{"date":"2020-08-12","product":"COPERNICUS/S1_GRD","band":"VH","value":-12.5541,"farmer_unique_id":"374924","site_id":4891},{"date":"2020-08-19","product":"COPERNICUS/S1_GRD","band":"VH","value":-16.4271,"farmer_unique_id":"374924","site_id":4891},{"date":"2020-08-24","product":"COPERNICUS/S1_GRD","band":"VH","value":-17.876,"farmer_unique_id":"374924","site_id":4891},{"date":"2020-08-31","product":"COPERNICUS/S1_GRD","band":"VH","value":-14.0318,"farmer_unique_id":"374924","site_id":4891},{"date":"2020-09-05","product":"COPERNICUS/S1_GRD","band":"VH","value":-14.9492,"farmer_unique_id":"374924","site_id":4891},{"date":"2020-09-12","product":"COPERNICUS/S1_GRD","band":"VH","value":-12.5525,"farmer_unique_id":"374924","site_id":4891},{"date":"2020-09-17","product":"COPERNICUS/S1_GRD","band":"VH","value":-15.1631,"farmer_unique_id":"374924","site_id":4891},{"date":"2020-09-24","product":"COPERNICUS/S1_GRD","band":"VH","value":-13.5812,"farmer_unique_id":"374924","site_id":4891},{"date":"2020-09-29","product":"COPERNICUS/S1_GRD","band":"VH","value":-15.6989,"farmer_unique_id":"374924","site_id":4891},{"date":"2020-10-06","product":"COPERNICUS/S1_GRD","band":"VH","value":-19.3994,"farmer_unique_id":"374924","site_id":4891},{"date":"2020-10-11","product":"COPERNICUS/S1_GRD","band":"VH","value":-15.6324,"farmer_unique_id":"374924","site_id":4891},{"date":"2020-10-18","product":"COPERNICUS/S1_GRD","band":"VH","value":-12.3473,"farmer_unique_id":"374924","site_id":4891},{"date":"2020-10-23","product":"COPERNICUS/S1_GRD","band":"VH","value":-18.2058,"farmer_unique_id":"374924","site_id":4891},{"date":"2020-10-30","product":"COPERNICUS/S1_GRD","band":"VH","value":-15.3533,"farmer_unique_id":"374924","site_id":4891},{"date":"2020-11-04","product":"COPERNICUS/S1_GRD","band":"VH","value":-15.1646,"farmer_unique_id":"374924","site_id":4891},{"date":"2020-11-11","product":"COPERNICUS/S1_GRD","band":"VH","value":-16.6209,"farmer_unique_id":"374924","site_id":4891},{"date":"2020-11-16","product":"COPERNICUS/S1_GRD","band":"VH","value":-14.5479,"farmer_unique_id":"374924","site_id":4891},{"date":"2020-11-23","product":"COPERNICUS/S1_GRD","band":"VH","value":-12.9854,"farmer_unique_id":"374924","site_id":4891},{"date":"2020-11-28","product":"COPERNICUS/S1_GRD","band":"VH","value":-11.854,"farmer_unique_id":"374924","site_id":4891},{"date":"2020-12-05","product":"COPERNICUS/S1_GRD","band":"VH","value":-19.2966,"farmer_unique_id":"374924","site_id":4891},{"date":"2020-12-10","product":"COPERNICUS/S1_GRD","band":"VH","value":-14.7463,"farmer_unique_id":"374924","site_id":4891},{"date":"2020-12-17","product":"COPERNICUS/S1_GRD","band":"VH","value":-15.0479,"farmer_unique_id":"374924","site_id":4891},{"date":"2020-12-22","product":"COPERNICUS/S1_GRD","band":"VH","value":-18.4757,"farmer_unique_id":"374924","site_id":4891},{"date":"2020-12-29","product":"COPERNICUS/S1_GRD","band":"VH","value":-14.8772,"farmer_unique_id":"374924","site_id":4891},{"date":"2021-01-03","product":"COPERNICUS/S1_GRD","band":"VH","value":-15.8678,"farmer_unique_id":"374924","site_id":4891},{"date":"2021-01-10","product":"COPERNICUS/S1_GRD","band":"VH","value":-11.977,"farmer_unique_id":"374924","site_id":4891},{"date":"2021-01-15","product":"COPERNICUS/S1_GRD","band":"VH","value":-14.9286,"farmer_unique_id":"374924","site_id":4891},{"date":"2021-01-22","product":"COPERNICUS/S1_GRD","band":"VH","value":-14.6789,"farmer_unique_id":"374924","site_id":4891},{"date":"2021-01-27","product":"COPERNICUS/S1_GRD","band":"VH","value":-16.8672,"farmer_unique_id":"374924","site_id":4891},{"date":"2021-02-03","product":"COPERNICUS/S1_GRD","band":"VH","value":-13.0134,"farmer_unique_id":"374924","site_id":4891},{"date":"2021-02-08","product":"COPERNICUS/S1_GRD","band":"VH","value":-12.0214,"farmer_unique_id":"374924","site_id":4891},{"date":"2021-02-15","product":"COPERNICUS/S1_GRD","band":"VH","value":-15.1814,"farmer_unique_id":"374924","site_id":4891},{"date":"2021-02-20","product":"COPERNICUS/S1_GRD","band":"VH","value":-16.2528,"farmer_unique_id":"374924","site_id":4891},{"date":"2021-02-27","product":"COPERNICUS/S1_GRD","band":"VH","value":-14.8343,"farmer_unique_id":"374924","site_id":4891},{"date":"2021-03-04","product":"COPERNICUS/S1_GRD","band":"VH","value":-14.773,"farmer_unique_id":"374924","site_id":4891},{"date":"2021-03-11","product":"COPERNICUS/S1_GRD","band":"VH","value":-17.3928,"farmer_unique_id":"374924","site_id":4891},{"date":"2021-03-16","product":"COPERNICUS/S1_GRD","band":"VH","value":-13.7681,"farmer_unique_id":"374924","site_id":4891},{"date":"2021-03-23","product":"COPERNICUS/S1_GRD","band":"VH","value":-12.9515,"farmer_unique_id":"374924","site_id":4891},{"date":"2021-03-28","product":"COPERNICUS/S1_GRD","band":"VH","value":-19.4828,"farmer_unique_id":"374924","site_id":4891},{"date":"2021-04-04","product":"COPERNICUS/S1_GRD","band":"VH","value":-17.8934,"farmer_unique_id":"374924","site_id":4891},{"date":"2021-04-09","product":"COPERNICUS/S1_GRD","band":"VH","value":-17.5919,"farmer_unique_id":"374924","site_id":4891},{"date":"2021-04-16","product":"COPERNICUS/S1_GRD","band":"VH","value":-14.8654,"farmer_unique_id":"374924","site_id":4891},{"date":"2021-04-21","product":"COPERNICUS/S1_GRD","band":"VH","value":-17.5473,"farmer_unique_id":"374924","site_id":4891},{"date":"2021-04-28","product":"COPERNICUS/S1_GRD","band":"VH","value":-18.0122,"farmer_unique_id":"374924","site_id":4891},{"date":"2021-05-03","product":"COPERNICUS/S1_GRD","band":"VH","value":-15.1156,"farmer_unique_id":"374924","site_id":4891},{"date":"2021-05-10","product":"COPERNICUS/S1_GRD","band":"VH","value":-11.6271,"farmer_unique_id":"374924","site_id":4891},{"date":"2021-05-15","product":"COPERNICUS/S1_GRD","band":"VH","value":-12.023,"farmer_unique_id":"374924","site_id":4891},{"date":"2021-05-22","product":"COPERNICUS/S1_GRD","band":"VH","value":-19.0213,"farmer_unique_id":"374924","site_id":4891},{"date":"2021-05-27","product":"COPERNICUS/S1_GRD","band":"VH","value":-16.7531,"farmer_unique_id":"374924","site_id":4891},{"date":"2021-06-03","product":"COPERNICUS/S1_GRD","band":"VH","value":-10.4964,"farmer_unique_id":"374924","site_id":4891},{"date":"2021-06-08","product":"COPERNICUS/S1_GRD","band":"VH","value":-15.1414,"farmer_unique_id":"374924","site_id":4891},{"date":"2021-06-15","product":"COPERNICUS/S1_GRD","band":"VH","value":-14.6469,"farmer_unique_id":"374924","site_id":4891},{"date":"2021-06-20","product":"COPERNICUS/S1_GRD","band":"VH","value":-15.8371,"farmer_unique_id":"374924","site_id":4891},{"date":"2021-06-27","product":"COPERNICUS/S1_GRD","band":"VH","value":-13.2694,"farmer_unique_id":"374924","site_id":4891},{"date":"2021-07-02","product":"COPERNICUS/S1_GRD","band":"VH","value":-16.8101,"farmer_unique_id":"374924","site_id":4891},{"date":"2021-07-09","product":"COPERNICUS/S1_GRD","band":"VH","value":-14.7642,"farmer_unique_id":"374924","site_id":4891},{"date":"2021-07-14","product":"COPERNICUS/S1_GRD","band":"VH","value":-12.2436,"farmer_unique_id":"374924","site_id":4891},{"date":"2021-07-21","product":"COPERNICUS/S1_GRD","band":"VH","value":-17.1821,"farmer_unique_id":"374924","site_id":4891},{"date":"2021-07-26","product":"COPERNICUS/S1_GRD","band":"VH","value":-12.5013,"farmer_unique_id":"374924","site_id":4891},{"date":"2021-08-02","product":"COPERNICUS/S1_GRD","band":"VH","value":-14.4182,"farmer_unique_id":"374924","site_id":4891},{"date":"2021-08-07","product":"COPERNICUS/S1_GRD","band":"VH","value":-15.2428,"farmer_unique_id":"374924","site_id":4891},{"date":"2021-08-14","product":"COPERNICUS/S1_GRD","band":"VH","value":-12.5127,"farmer_unique_id":"374924","site_id":4891},{"date":"2021-08-19","product":"COPERNICUS/S1_GRD","band":"VH","value":-11.6973,"farmer_unique_id":"374924","site_id":4891},{"date":"2021-08-26","product":"COPERNICUS/S1_GRD","band":"VH","value":-17.3273,"farmer_unique_id":"374924","site_id":4891},{"date":"2021-08-31","product":"COPERNICUS/S1_GRD","band":"VH","value":-15.4095,"farmer_unique_id":"374924","site_id":4891},{"date":"2021-09-07","product":"COPERNICUS/S1_GRD","band":"VH","value":-16.0478,"farmer_unique_id":"374924","site_id":4891},{"date":"2021-09-12","product":"COPERNICUS/S1_GRD","band":"VH","value":-16.7948,"farmer_unique_id":"374924","site_id":4891},{"date":"2021-09-19","product":"COPERNICUS/S1_GRD","band":"VH","value":-11.7973,"farmer_unique_id":"374924","site_id":4891},{"date":"2021-09-24","product":"COPERNICUS/S1_GRD","band":"VH","value":-13.4174,"farmer_unique_id":"374924","site_id":4891},{"date":"2021-10-01","product":"COPERNICUS/S1_GRD","band":"VH","value":-10.9188,"farmer_unique_id":"374924","site_id":4891},{"date":"2021-10-06","product":"COPERNICUS/S1_GRD","band":"VH","value":-15.5303,"farmer_unique_id":"374924","site_id":4891},{"date":"2021-10-13","product":"COPERNICUS/S1_GRD","band":"VH","value":-15.1164,"farmer_unique_id":"374924","site_id":4891},{"date":"2021-10-18","product":"COPERNICUS/S1_GRD","band":"VH","value":-16.5617,"farmer_unique_id":"374924","site_id":4891},{"date":"2021-10-25","product":"COPERNICUS/S1_GRD","band":"VH","value":-14.5709,"farmer_unique_id":"374924","site_id":4891},{"date":"2021-10-30","product":"COPERNICUS/S1_GRD","band":"VH","value":-16.8297,"farmer_unique_id":"374924","site_id":4891},{"date":"2021-11-06","product":"COPERNICUS/S1_GRD","band":"VH","value":-17.0818,"farmer_unique_id":"374924","site_id":4891},{"date":"2021-11-11","product":"COPERNICUS/S1_GRD","band":"VH","value":-18.0568,"farmer_unique_id":"374924","site_id":4891},{"date":"2021-11-18","product":"COPERNICUS/S1_GRD","band":"VH","value":-14.436,"farmer_unique_id":"374924","site_id":4891},{"date":"2021-11-23","product":"COPERNICUS/S1_GRD","band":"VH","value":-15.7411,"farmer_unique_id":"374924","site_id":4891},{"date":"2021-11-30","product":"COPERNICUS/S1_GRD","band":"VH","value":-17.3107,"farmer_unique_id":"374924","site_id":4891},{"date":"2021-12-05","product":"COPERNICUS/S1_GRD","band":"VH","value":-13.6982,"farmer_unique_id":"374924","site_id":4891},{"date":"2021-12-12","product":"COPERNICUS/S1_GRD","band":"VH","value":-17.1437,"farmer_unique_id":"374924","site_id":4891},{"date":"2021-12-17","product":"COPERNICUS/S1_GRD","band":"VH","value":-16.2471,"farmer_unique_id":"374924","site_id":4891},{"date":"2021-12-24","product":"COPERNICUS/S1_GRD","band":"VH","value":-16.593,"farmer_unique_id":"374924","site_id":4891},{"date":"2021-12-29","product":"COPERNICUS/S1_GRD","band":"VH","value":-14.536,"farmer_unique_id":"374924","site_id":4891},{"date":"2020-01-04","product":"COPERNICUS/S1_GRD","band":"VV","value":-8.6526,"farmer_unique_id":"374924","site_id":4891},{"date":"2020-01-09","product":"COPERNICUS/S1_GRD","band":"VV","value":-11.52,"farmer_unique_id":"374924","site_id":4891},{"date":"2020-01-16","product":"COPERNICUS/S1_GRD","band":"VV","value":-9.1973,"farmer_unique_id":"374924","site_id":4891},{"date":"2020-01-21","product":"COPERNICUS/S1_GRD","band":"VV","value":-9.6831,"farmer_unique_id":"374924","site_id":4891},{"date":"2020-01-28","product":"COPERNICUS/S1_GRD","band":"VV","value":-5.7776,"farmer_unique_id":"374924","site_id":4891},{"date":"2020-02-02","product":"COPERNICUS/S1_GRD","band":"VV","value":-13.2402,"farmer_unique_id":"374924","site_id":4891},{"date":"2020-02-09","product":"COPERNICUS/S1_GRD","band":"VV","value":-7.9868,"farmer_unique_id":"374924","site_id":4891},{"date":"2020-02-14","product":"COPERNICUS/S1_GRD","band":"VV","value":-12.0416,"farmer_unique_id":"374924","site_id":4891},{"date":"2020-02-21","product":"COPERNICUS/S1_GRD","band":"VV","value":-10.968,"farmer_unique_id":"374924","site_id":4891},{"date":"2020-02-26","product":"COPERNICUS/S1_GRD","band":"VV","value":-12.8193,"farmer_unique_id":"374924","site_id":4891},{"date":"2020-03-04","product":"COPERNICUS/S1_GRD","band":"VV","value":-11.648,"farmer_unique_id":"374924","site_id":4891},{"date":"2020-03-09","product":"COPERNICUS/S1_GRD","band":"VV","value":-8.3639,"farmer_unique_id":"374924","site_id":4891},{"date":"2020-03-16","product":"COPERNICUS/S1_GRD","band":"VV","value":-7.8733,"farmer_unique_id":"374924","site_id":4891},{"date":"2020-03-21","product":"COPERNICUS/S1_GRD","band":"VV","value":-9.4213,"farmer_unique_id":"374924","site_id":4891},{"date":"2020-03-28","product":"COPERNICUS/S1_GRD","band":"VV","value":-6.7806,"farmer_unique_id":"374924","site_id":4891},{"date":"2020-04-02","product":"COPERNICUS/S1_GRD","band":"VV","value":-10.4488,"farmer_unique_id":"374924","site_id":4891},{"date":"2020-04-09","product":"COPERNICUS/S1_GRD","band":"VV","value":-9.3952,"farmer_unique_id":"374924","site_id":4891},{"date":"2020-04-14","product":"COPERNICUS/S1_GRD","band":"VV","value":-11.7179,"farmer_unique_id":"374924","site_id":4891},{"date":"2020-04-21","product":"COPERNICUS/S1_GRD","band":"VV","value":-9.3161,"farmer_unique_id":"374924","site_id":4891},{"date":"2020-04-26","product":"COPERNICUS/S1_GRD","band":"VV","value":-5.8901,"farmer_unique_id":"374924","site_id":4891},{"date":"2020-05-03","product":"COPERNICUS/S1_GRD","band":"VV","value":-5.7212,"farmer_unique_id":"374924","site_id":4891},{"date":"2020-05-08","product":"COPERNICUS/S1_GRD","band":"VV","value":-7.4791,"farmer_unique_id":"374924","site_id":4891},{"date":"2020-05-15","product":"COPERNICUS/S1_GRD","band":"VV","value":-8.7054,"farmer_unique_id":"374924","site_id":4891},{"date":"2020-05-20","product":"COPERNICUS/S1_GRD","band":"VV","value":-11.3586,"farmer_unique_id":"374924","site_id":4891},{"date":"2020-05-27","product":"COPERNICUS/S1_GRD","band":"VV","value":-8.4159,"farmer_unique_id":"374924","site_id":4891},{"date":"2020-06-01","product":"COPERNICUS/S1_GRD","band":"VV","value":-7.1415,"farmer_unique_id":"374924","site_id":4891},{"date":"2020-06-08","product":"COPERNICUS/S1_GRD","band":"VV","value":-8.3775,"farmer_unique_id":"374924","site_id":4891},{"date":"2020-06-13","product":"COPERNICUS/S1_GRD","band":"VV","value":-8.4112,"farmer_unique_id":"374924","site_id":4891},{"date":"2020-06-20","product":"COPERNICUS/S1_GRD","band":"VV","value":-10.08,"farmer_unique_id":"374924","site_id":4891},{"date":"2020-06-25","product":"COPERNICUS/S1_GRD","band":"VV","value":-9.6586,"farmer_unique_id":"374924","site_id":4891},{"date":"2020-07-02","product":"COPERNICUS/S1_GRD","band":"VV","value":-9.3641,"farmer_unique_id":"374924","site_id":4891},{"date":"2020-07-07","product":"COPERNICUS/S1_GRD","band":"VV","value":-9.6619,"farmer_unique_id":"374924","site_id":4891},{"date":"2020-07-14","product":"COPERNICUS/S1_GRD","band":"VV","value":-8.5925,"farmer_unique_id":"374924","site_id":4891},{"date":"2020-07-19","product":"COPERNICUS/S1_GRD","band":"VV","value":-5.1437,"farmer_unique_id":"374924","site_id":4891},{"date":"2020-07-26","product":"COPERNICUS/S1_GRD","band":"VV","value":-7.3805,"farmer_unique_id":"374924","site_id":4891},{"date":"2020-07-31","product":"COPERNICUS/S1_GRD","band":"VV","value":-11.6382,"farmer_unique_id":"374924","site_id":4891},{"date":"2020-08-07","product":"COPERNICUS/S1_GRD","band":"VV","value":-8.4058,"farmer_unique_id":"374924","site_id":4891},{"date":"2020-08-12","product":"COPERNICUS/S1_GRD","band":"VV","value":-10.2285,"farmer_unique_id":"374924","site_id":4891},{"date":"2020-08-19","product":"COPERNICUS/S1_GRD","band":"VV","value":-6.6928,"farmer_unique_id":"374924","site_id":4891},{"date":"2020-08-24","product":"COPERNICUS/S1_GRD","band":"VV","value":-7.7865,"farmer_unique_id":"374924","site_id":4891},{"date":"2020-08-31","product":"COPERNICUS/S1_GRD","band":"VV","value":-6.6881,"farmer_unique_id":"374924","site_id":4891},{"date":"2020-09-05","product":"COPERNICUS/S1_GRD","band":"VV","value":-8.5277,"farmer_unique_id":"374924","site_id":4891},{"date":"2020-09-12","product":"COPERNICUS/S1_GRD","band":"VV","value":-9.1075,"farmer_unique_id":"374924","site_id":4891},{"date":"2020-09-17","product":"COPERNICUS/S1_GRD","band":"VV","value":-9.6844,"farmer_unique_id":"374924","site_id":4891},{"date":"2020-09-24","product":"COPERNICUS/S1_GRD","band":"VV","value":-7.7731,"farmer_unique_id":"374924","site_id":4891},{"date":"2020-09-29","product":"COPERNICUS/S1_GRD","band":"VV","value":-7.1722,"farmer_unique_id":"374924","site_id":4891},{"date":"2020-10-06","product":"COPERNICUS/S1_GRD","band":"VV","value":-7.777,"farmer_unique_id":"374924","site_id":4891},{"date":"2020-10-11","product":"COPERNICUS/S1_GRD","band":"VV","value":-6.7762,"farmer_unique_id":"374924","site_id":4891},{"date":"2020-10-18","product":"COPERNICUS/S1_GRD","band":"VV","value":-8.1446,"farmer_unique_id":"374924","site_id":4891},{"date":"2020-10-23","product":"COPERNICUS/S1_GRD","band":"VV","value":-7.3893,"farmer_unique_id":"374924","site_id":4891},{"date":"2020-10-30","product":"COPERNICUS/S1_GRD","band":"VV","value":-6.4195,"farmer_unique_id":"374924","site_id":4891},{"date":"2020-11-04","product":"COPERNICUS/S1_GRD","band":"VV","value":-11.4036,"farmer_unique_id":"374924","site_id":4891},{"date":"2020-11-11","product":"COPERNICUS/S1_GRD","band":"VV","value":-9.8039,"farmer_unique_id":"374924","site_id":4891},{"date":"2020-11-16","product":"COPERNICUS/S1_GRD","band":"VV","value":-9.5522,"farmer_unique_id":"374924","site_id":4891},{"date":"2020-11-23","product":"COPERNICUS/S1_GRD","band":"VV","value":-10.6933,"farmer_unique_id":"374924","site_id":4891},{"date":"2020-11-28","product":"COPERNICUS/S1_GRD","band":"VV","value":-7.6104,"farmer_unique_id":"374924","site_id":4891},{"date":"2020-12-05","product":"COPERNICUS/S1_GRD","band":"VV","value":-11.7474,"farmer_unique_id":"374924","site_id":4891},{"date":"2020-12-10","product":"COPERNICUS/S1_GRD","band":"VV","value":-6.2706,"farmer_unique_id":"374924","site_id":4891},{"date":"2020-12-17","product":"COPERNICUS/S1_GRD","band":"VV","value":-8.5064,"farmer_unique_id":"374924","site_id":4891},{"date":"2020-12-22","product":"COPERNICUS/S1_GRD","band":"VV","value":-9.0524,"farmer_unique_id":"374924","site_id":4891},{"date":"2020-12-29","product":"COPERNICUS/S1_GRD","band":"VV","value":-10.4111,"farmer_unique_id":"374924","site_id":4891},{"date":"2021-01-03","product":"COPERNICUS/S1_GRD","band":"VV","value":-8.3519,"farmer_unique_id":"374924","site_id":4891},{"date":"2021-01-10","product":"COPERNICUS/S1_GRD","band":"VV","value":-7.4654,"farmer_unique_id":"374924","site_id":4891},{"date":"2021-01-15","product":"COPERNICUS/S1_GRD","band":"VV","value":-6.8546,"farmer_unique_id":"374924","site_id":4891},{"date":"2021-01-22","product":"COPERNICUS/S1_GRD","band":"VV","value":-7.8643,"farmer_unique_id":"374924","site_id":4891},{"date":"2021-01-27","product":"COPERNICUS/S1_GRD","band":"VV","value":-7.0949,"farmer_unique_id":"374924","site_id":4891},{"date":"2021-02-03","product":"COPERNICUS/S1_GRD","band":"VV","value":-8.1545,"farmer_unique_id":"374924","site_id":4891},{"date":"2021-02-08","product":"COPERNICUS/S1_GRD","band":"VV","value":-8.3447,"farmer_unique_id":"374924","site_id":4891},{"date":"2021-02-15","product":"COPERNICUS/S1_GRD","band":"VV","value":-6.4144,"farmer_unique_id":"374924","site_id":4891},{"date":"2021-02-20","product":"COPERNICUS/S1_GRD","band":"VV","value":-11.2647,"farmer_unique_id":"374924","site_id":4891},{"date":"2021-02-27","product":"COPERNICUS/S1_GRD","band":"VV","value":-6.7421,"farmer_unique_id":"374924","site_id":4891},{"date":"2021-03-04","product":"COPERNICUS/S1_GRD","band":"VV","value":-10.1365,"farmer_unique_id":"374924","site_id":4891},{"date":"2021-03-11","product":"COPERNICUS/S1_GRD","band":"VV","value":-10.7807,"farmer_unique_id":"374924","site_id":4891},{"date":"2021-03-16","product":"COPERNICUS/S1_GRD","band":"VV","value":-8.0444,"farmer_unique_id":"374924","site_id":4891},{"date":"2021-03-23","product":"COPERNICUS/S1_GRD","band":"VV","value":-9.1448,"farmer_unique_id":"374924","site_id":4891},{"date":"2021-03-28","product":"COPERNICUS/S1_GRD","band":"VV","value":-11.3957,"farmer_unique_id":"374924","site_id":4891},{"date":"2021-04-04","product":"COPERNICUS/S1_GRD","band":"VV","value":-6.8689,"farmer_unique_id":"374924","site_id":4891},{"date":"2021-04-09","product":"COPERNICUS/S1_GRD","band":"VV","value":-9.9071,"farmer_unique_id":"374924","site_id":4891},{"date":"2021-04-16","product":"COPERNICUS/S1_GRD","band":"VV","value":-9.9832,"farmer_unique_id":"374924","site_id":4891},{"date":"2021-04-21","product":"COPERNICUS/S1_GRD","band":"VV","value":-6.3687,"farmer_unique_id":"374924","site_id":4891},{"date":"2021-04-28","product":"COPERNICUS/S1_GRD","band":"VV","value":-5.6824,"farmer_unique_id":"374924","site_id":4891},{"date":"2021-05-03","product":"COPERNICUS/S1_GRD","band":"VV","value":-9.4322,"farmer_unique_id":"374924","site_id":4891},{"date":"2021-05-10","product":"COPERNICUS/S1_GRD","band":"VV","value":-11.5765,"farmer_unique_id":"374924","site_id":4891},{"date":"2021-05-15","product":"COPERNICUS/S1_GRD","band":"VV","value":-6.8108,"farmer_unique_id":"374924","site_id":4891},{"date":"2021-05-22","product":"COPERNICUS/S1_GRD","band":"VV","value":-5.8022,"farmer_unique_id":"374924","site_id":4891},{"date":"2021-05-27","product":"COPERNICUS/S1_GRD","band":"VV","value":-9.229,"farmer_unique_id":"374924","site_id":4891},{"date":"2021-06-03","product":"COPERNICUS/S1_GRD","band":"VV","value":-11.3956,"farmer_unique_id":"374924","site_id":4891},{"date":"2021-06-08","product":"COPERNICUS/S1_GRD","band":"VV","value":-7.4269,"farmer_unique_id":"374924","site_id":4891},{"date":"2021-06-15","product":"COPERNICUS/S1_GRD","band":"VV","value":-7.4847,"farmer_unique_id":"374924","site_id":4891},{"date":"2021-06-20","product":"COPERNICUS/S1_GRD","band":"VV","value":-7.5101,"farmer_unique_id":"374924","site_id":4891},{"date":"2021-06-27","product":"COPERNICUS/S1_GRD","band":"VV","value":-7.2485,"farmer_unique_id":"374924","site_id":4891},{"date":"2021-07-02","product":"COPERNICUS/S1_GRD","band":"VV","value":-11.659,"farmer_unique_id":"374924","site_id":4891},{"date":"2021-07-09","product":"COPERNICUS/S1_GRD","band":"VV","value":-6.518,"farmer_unique_id":"374924","site_id":4891},{"date":"2021-07-14","product":"COPERNICUS/S1_GRD","band":"VV","value":-8.72,"farmer_unique_id":"374924","site_id":4891},{"date":"2021-07-21","product":"COPERNICUS/S1_GRD","band":"VV","value":-8.6934,"farmer_unique_id":"374924","site_id":4891},{"date":"2021-07-26","product":"COPERNICUS/S1_GRD","band":"VV","value":-10.8635,"farmer_unique_id":"374924","site_id":4891},{"date":"2021-08-02","product":"COPERNICUS/S1_GRD","band":"VV","value":-9.3424,"farmer_unique_id":"374924","site_id":4891},{"date":"2021-08-07","product":"COPERNICUS/S1_GRD","band":"VV","value":-7.6599,"farmer_unique_id":"374924","site_id":4891},{"date":"2021-08-14","product":"COPERNICUS/S1_GRD","band":"VV","value":-3.9711,"farmer_unique_id":"374924","site_id":4891},{"date":"2021-08-19","product":"COPERNICUS/S1_GRD","band":"VV","value":-5.1932,"farmer_unique_id":"374924","site_id":4891},{"date":"2021-08-26","product":"COPERNICUS/S1_GRD","band":"VV","value":-7.7539,"farmer_unique_id":"374924","site_id":4891},{"date":"2021-08-31","product":"COPERNICUS/S1_GRD","band":"VV","value":-11.6399,"farmer_unique_id":"374924","site_id":4891},{"date":"2021-09-07","product":"COPERNICUS/S1_GRD","band":"VV","value":-7.5571,"farmer_unique_id":"374924","site_id":4891},{"date":"2021-09-12","product":"COPERNICUS/S1_GRD","band":"VV","value":-7.6091,"farmer_unique_id":"374924","site_id":4891},{"date":"2021-09-19","product":"COPERNICUS/S1_GRD","band":"VV","value":-7.6,"farmer_unique_id":"374924","site_id":4891},{"date":"2021-09-24","product":"COPERNICUS/S1_GRD","band":"VV","value":-6.6917,"farmer_unique_id":"374924","site_id":4891},{"date":"2021-10-01","product":"COPERNICUS/S1_GRD","band":"VV","value":-8.3141,"farmer_unique_id":"374924","site_id":4891},{"date":"2021-10-06","product":"COPERNICUS/S1_GRD","band":"VV","value":-7.2973,"farmer_unique_id":"374924","site_id":4891},{"date":"2021-10-13","product":"COPERNICUS/S1_GRD","band":"VV","value":-7.6742,"farmer_unique_id":"374924","site_id":4891},{"date":"2021-10-18","product":"COPERNICUS/S1_GRD","band":"VV","value":-12.9364,"farmer_unique_id":"374924","site_id":4891},{"date":"2021-10-25","product":"COPERNICUS/S1_GRD","band":"VV","farmer_unique_id":"374924","site_id":4891},{"date":"2021-10-30","product":"COPERNICUS/S1_GRD","band":"VV","value":-9.7495,"farmer_unique_id":"374924","site_id":4891},{"date":"2021-11-06","product":"COPERNICUS/S1_GRD","band":"VV","value":-4.8158,"farmer_unique_id":"374924","site_id":4891},{"date":"2021-11-11","product":"COPERNICUS/S1_GRD","band":"VV","value":-13.011,"farmer_unique_id":"374924","site_id":4891},{"date":"2021-11-18","product":"COPERNICUS/S1_GRD","band":"VV","value":-8.9239,"farmer_unique_id":"374924","site_id":4891},{"date":"2021-11-23","product":"COPERNICUS/S1_GRD","band":"VV","value":-11.8447,"farmer_unique_id":"374924","site_id":4891},{"date":"2021-11-30","product":"COPERNICUS/S1_GRD","band":"VV","value":-12.3413,"farmer_unique_id":"374924","site_id":4891},{"date":"2021-12-05","product":"COPERNICUS/S1_GRD","band":"VV","value":-11.5427,"farmer_unique_id":"374924","site_id":4891},{"date":"2021-12-12","product":"COPERNICUS/S1_GRD","band":"VV","value":-8.6106,"farmer_unique_id":"374924","site_id":4891},{"date":"2021-12-17","product":"COPERNICUS/S1_GRD","band":"VV","value":-10.5332,"farmer_unique_id":"374924","site_id":4891},{"date":"2021-12-24","product":"COPERNICUS/S1_GRD","band":"VV","value":-8.5807,"farmer_unique_id":"374924","site_id":4891},{"date":"2021-12-29","product":"COPERNICUS/S1_GRD","band":"VV","value":-10.1584,"farmer_unique_id":"374924","site_id":4891}]
