[{"date":"2020-01-04","product":"COPERNICUS/S1_GRD","band":"VH","value":-14.4635,"farmer_unique_id":"2109000","site_id":9087},{"date":"2020-01-16","product":"COPERNICUS/S1_GRD","band":"VH","value":-14.1375,"farmer_unique_id":"2109000","site_id":9087},{"date":"2020-01-28","product":"COPERNICUS/S1_GRD","band":"VH","value":-17.2159,"farmer_unique_id":"2109000","site_id":9087},{"date":"2020-02-09","product":"COPERNICUS/S1_GRD","band":"VH","value":-16.6605,"farmer_unique_id":"2109000","site_id":9087},{"date":"2020-02-21","product":"COPERNICUS/S1_GRD","band":"VH","value":-19.3134,"farmer_unique_id":"2109000","site_id":9087},{"date":"2020-03-04","product":"COPERNICUS/S1_GRD","band":"VH","value":-17.097,"farmer_unique_id":"2109000","site_id":9087},{"date":"2020-03-16","product":"COPERNICUS/S1_GRD","band":"VH","value":-20.1151,"farmer_unique_id":"2109000","site_id":9087},{"date":"2020-03-28","product":"COPERNICUS/S1_GRD","band":"VH","value":-13.4892,"farmer_unique_id":"2109000","site_id":9087},{"date":"2020-04-09","product":"COPERNICUS/S1_GRD","band":"VH","value":-16.9715,"farmer_unique_id":"2109000","site_id":9087},{"date":"2020-04-21","product":"COPERNICUS/S1_GRD","band":"VH","value":-13.9635,"farmer_unique_id":"2109000","site_id":9087},{"date":"2020-05-03","product":"COPERNICUS/S1_GRD","band":"VH","value":-13.0089,"farmer_unique_id":"2109000","site_id":9087},{"date":"2020-05-15","product":"COPERNICUS/S1_GRD","band":"VH","value":-13.4207,"farmer_unique_id":"2109000","site_id":9087},{"date":"2020-05-27","product":"COPERNICUS/S1_GRD","band":"VH","value":-17.505,"farmer_unique_id":"2109000","site_id":9087},{"date":"2020-06-08","product":"COPERNICUS/S1_GRD","band":"VH","value":-15.6861,"farmer_unique_id":"2109000","site_id":9087},{"date":"2020-06-20","product":"COPERNICUS/S1_GRD","band":"VH","value":-16.0258,"farmer_unique_id":"2109000","site_id":9087},{"date":"2020-07-02","product":"COPERNICUS/S1_GRD","band":"VH","value":-11.4868,"farmer_unique_id":"2109000","site_id":9087},{"date":"2020-07-14","product":"COPERNICUS/S1_GRD","band":"VH","value":-17.0252,"farmer_unique_id":"2109000","site_id":9087},{"date":"2020-07-26","product":"COPERNICUS/S1_GRD","band":"VH","value":-17.4094,"farmer_unique_id":"2109000","site_id":9087},{"date":"2020-08-07","product":"COPERNICUS/S1_GRD","band":"VH","value":-20.11,"farmer_unique_id":"2109000","site_id":9087},{"date":"2020-08-19","product":"COPERNICUS/S1_GRD","band":"VH","value":-21.4038,"farmer_unique_id":"2109000","site_id":9087},{"date":"2020-08-31","product":"COPERNICUS/S1_GRD","band":"VH","value":-18.1612,"farmer_unique_id":"2109000","site_id":9087},{"date":"2020-09-12","product":"COPERNICUS/S1_GRD","band":"VH","value":-20.2714,"farmer_unique_id":"2109000","site_id":9087},{"date":"2020-09-24","product":"COPERNICUS/S1_GRD","band":"VH","value":-16.6531,"farmer_unique_id":"2109000","site_id":9087},{"date":"2020-10-06","product":"COPERNICUS/S1_GRD","band":"VH","value":-16.0649,"farmer_unique_id":"2109000","site_id":9087},{"date":"2020-10-18","product":"COPERNICUS/S1_GRD","band":"VH","value":-17.7252,"farmer_unique_id":"2109000","site_id":9087},{"date":"2020-10-30","product":"COPERNICUS/S1_GRD","band":"VH","value":-21.0903,"farmer_unique_id":"2109000","site_id":9087},{"date":"2020-11-11","product":"COPERNICUS/S1_GRD","band":"VH","value":-13.6969,"farmer_unique_id":"2109000","site_id":9087},{"date":"2020-11-23","product":"COPERNICUS/S1_GRD","band":"VH","value":-17.0738,"farmer_unique_id":"2109000","site_id":9087},{"date":"2020-12-05","product":"COPERNICUS/S1_GRD","band":"VH","value":-19.8631,"farmer_unique_id":"2109000","site_id":9087},{"date":"2020-12-17","product":"COPERNICUS/S1_GRD","band":"VH","value":-13.7695,"farmer_unique_id":"2109000","site_id":9087},{"date":"2020-12-29","product":"COPERNICUS/S1_GRD","band":"VH","value":-19.2362,"farmer_unique_id":"2109000","site_id":9087},{"date":"2021-01-10","product":"COPERNICUS/S1_GRD","band":"VH","value":-20.0967,"farmer_unique_id":"2109000","site_id":9087},{"date":"2021-01-22","product":"COPERNICUS/S1_GRD","band":"VH","value":-16.6781,"farmer_unique_id":"2109000","site_id":9087},{"date":"2021-02-03","product":"COPERNICUS/S1_GRD","band":"VH","value":-19.1771,"farmer_unique_id":"2109000","site_id":9087},{"date":"2021-02-15","product":"COPERNICUS/S1_GRD","band":"VH","value":-26.3145,"farmer_unique_id":"2109000","site_id":9087},{"date":"2021-02-27","product":"COPERNICUS/S1_GRD","band":"VH","value":-17.0302,"farmer_unique_id":"2109000","site_id":9087},{"date":"2021-03-11","product":"COPERNICUS/S1_GRD","band":"VH","value":-22.2844,"farmer_unique_id":"2109000","site_id":9087},{"date":"2021-03-23","product":"COPERNICUS/S1_GRD","band":"VH","value":-25.9737,"farmer_unique_id":"2109000","site_id":9087},{"date":"2021-04-04","product":"COPERNICUS/S1_GRD","band":"VH","value":-15.8361,"farmer_unique_id":"2109000","site_id":9087},{"date":"2021-04-16","product":"COPERNICUS/S1_GRD","band":"VH","value":-21.412,"farmer_unique_id":"2109000","site_id":9087},{"date":"2021-04-28","product":"COPERNICUS/S1_GRD","band":"VH","value":-13.9626,"farmer_unique_id":"2109000","site_id":9087},{"date":"2021-05-10","product":"COPERNICUS/S1_GRD","band":"VH","value":-17.9118,"farmer_unique_id":"2109000","site_id":9087},{"date":"2021-05-22","product":"COPERNICUS/S1_GRD","band":"VH","value":-15.3748,"farmer_unique_id":"2109000","site_id":9087},{"date":"2021-06-03","product":"COPERNICUS/S1_GRD","band":"VH","value":-14.324,"farmer_unique_id":"2109000","site_id":9087},{"date":"2021-06-15","product":"COPERNICUS/S1_GRD","band":"VH","value":-16.1458,"farmer_unique_id":"2109000","site_id":9087},{"date":"2021-06-27","product":"COPERNICUS/S1_GRD","band":"VH","value":-14.0206,"farmer_unique_id":"2109000","site_id":9087},{"date":"2021-07-09","product":"COPERNICUS/S1_GRD","band":"VH","value":-15.128,"farmer_unique_id":"2109000","site_id":9087},{"date":"2021-07-21","product":"COPERNICUS/S1_GRD","band":"VH","value":-17.9725,"farmer_unique_id":"2109000","site_id":9087},{"date":"2021-08-02","product":"COPERNICUS/S1_GRD","band":"VH","value":-17.0995,"farmer_unique_id":"2109000","site_id":9087},{"date":"2021-08-14","product":"COPERNICUS/S1_GRD","band":"VH","value":-15.7445,"farmer_unique_id":"2109000","site_id":9087},{"date":"2021-08-26","product":"COPERNICUS/S1_GRD","band":"VH","value":-14.8066,"farmer_unique_id":"2109000","site_id":9087},{"date":"2021-09-07","product":"COPERNICUS/S1_GRD","band":"VH","value":-14.5639,"farmer_unique_id":"2109000","site_id":9087},{"date":"2021-09-19","product":"COPERNICUS/S1_GRD","band":"VH","value":-15.3639,"farmer_unique_id":"2109000","site_id":9087},{"date":"2021-10-01","product":"COPERNICUS/S1_GRD","band":"VH","value":-15.0238,"farmer_unique_id":"2109000","site_id":9087},{"date":"2021-10-13","product":"COPERNICUS/S1_GRD","band":"VH","value":-17.0192,"farmer_unique_id":"2109000","site_id":9087},{"date":"2021-10-25","product":"COPERNICUS/S1_GRD","band":"VH","value":-17.4546,"farmer_unique_id":"2109000","site_id":9087},{"date":"2021-11-06","product":"COPERNICUS/S1_GRD","band":"VH","value":-15.6771,"farmer_unique_id":"2109000","site_id":9087},{"date":"2021-11-18","product":"COPERNICUS/S1_GRD","band":"VH","value":-17.4328,"farmer_unique_id":"2109000","site_id":9087},{"date":"2021-11-30","product":"COPERNICUS/S1_GRD","band":"VH","value":-17.9194,"farmer_unique_id":"2109000","site_id":9087},{"date":"2021-12-12","product":"COPERNICUS/S1_GRD","band":"VH","value":-14.2208,"farmer_unique_id":"2109000","site_id":9087},{"date":"2021-12-24","product":"COPERNICUS/S1_GRD","band":"VH","value":-20.0507,"farmer_unique_id":"2109000","site_id":9087},{"date":"2020-01-04","product":"COPERNICUS/S1_GRD","band":"VV","value":-11.191,"farmer_unique_id":"2109000","site_id":9087},{"date":"2020-01-16","product":"COPERNICUS/S1_GRD","band":"VV","value":-11.6385,"farmer_unique_id":"2109000","site_id":9087},{"date":"2020-01-28","product":"COPERNICUS/S1_GRD","band":"VV","value":-10.9659,"farmer_unique_id":"2109000","site_id":9087},{"date":"2020-02-09","product":"COPERNICUS/S1_GRD","band":"VV","value":-10.2331,"farmer_unique_id":"2109000","site_id":9087},{"date":"2020-02-21","product":"COPERNICUS/S1_GRD","band":"VV","value":-10.6229,"farmer_unique_id":"2109000","site_id":9087},{"date":"2020-03-04","product":"COPERNICUS/S1_GRD","band":"VV","value":-7.272,"farmer_unique_id":"2109000","site_id":9087},{"date":"2020-03-16","product":"COPERNICUS/S1_GRD","band":"VV","value":-9.1863,"farmer_unique_id":"2109000","site_id":9087},{"date":"2020-03-28","product":"COPERNICUS/S1_GRD","band":"VV","value":-15.9533,"farmer_unique_id":"2109000","site_id":9087},{"date":"2020-04-09","product":"COPERNICUS/S1_GRD","band":"VV","value":-12.7745,"farmer_unique_id":"2109000","site_id":9087},{"date":"2020-04-21","product":"COPERNICUS/S1_GRD","band":"VV","value":-7.5054,"farmer_unique_id":"2109000","site_id":9087},{"date":"2020-05-03","product":"COPERNICUS/S1_GRD","band":"VV","value":-7.5753,"farmer_unique_id":"2109000","site_id":9087},{"date":"2020-05-15","product":"COPERNICUS/S1_GRD","band":"VV","value":-10.1068,"farmer_unique_id":"2109000","site_id":9087},{"date":"2020-05-27","product":"COPERNICUS/S1_GRD","band":"VV","value":-12.9181,"farmer_unique_id":"2109000","site_id":9087},{"date":"2020-06-08","product":"COPERNICUS/S1_GRD","band":"VV","value":-7.0632,"farmer_unique_id":"2109000","site_id":9087},{"date":"2020-06-20","product":"COPERNICUS/S1_GRD","band":"VV","value":-9.8195,"farmer_unique_id":"2109000","site_id":9087},{"date":"2020-07-02","product":"COPERNICUS/S1_GRD","band":"VV","value":-8.7898,"farmer_unique_id":"2109000","site_id":9087},{"date":"2020-07-14","product":"COPERNICUS/S1_GRD","band":"VV","value":-8.6025,"farmer_unique_id":"2109000","site_id":9087},{"date":"2020-07-26","product":"COPERNICUS/S1_GRD","band":"VV","value":-10.675,"farmer_unique_id":"2109000","site_id":9087},{"date":"2020-08-07","product":"COPERNICUS/S1_GRD","band":"VV","value":-10.4015,"farmer_unique_id":"2109000","site_id":9087},{"date":"2020-08-19","product":"COPERNICUS/S1_GRD","band":"VV","value":-7.2299,"farmer_unique_id":"2109000","site_id":9087},{"date":"2020-08-31","product":"COPERNICUS/S1_GRD","band":"VV","value":-10.6437,"farmer_unique_id":"2109000","site_id":9087},{"date":"2020-09-12","product":"COPERNICUS/S1_GRD","band":"VV","value":-7.4242,"farmer_unique_id":"2109000","site_id":9087},{"date":"2020-09-24","product":"COPERNICUS/S1_GRD","band":"VV","value":-7.6561,"farmer_unique_id":"2109000","site_id":9087},{"date":"2020-10-06","product":"COPERNICUS/S1_GRD","band":"VV","value":-7.8468,"farmer_unique_id":"2109000","site_id":9087},{"date":"2020-10-18","product":"COPERNICUS/S1_GRD","band":"VV","value":-9.0847,"farmer_unique_id":"2109000","site_id":9087},{"date":"2020-10-30","product":"COPERNICUS/S1_GRD","band":"VV","value":-12.1067,"farmer_unique_id":"2109000","site_id":9087},{"date":"2020-11-11","product":"COPERNICUS/S1_GRD","band":"VV","value":-9.5421,"farmer_unique_id":"2109000","site_id":9087},{"date":"2020-11-23","product":"COPERNICUS/S1_GRD","band":"VV","value":-8.8939,"farmer_unique_id":"2109000","site_id":9087},{"date":"2020-12-05","product":"COPERNICUS/S1_GRD","band":"VV","value":-12.9166,"farmer_unique_id":"2109000","site_id":9087},{"date":"2020-12-17","product":"COPERNICUS/S1_GRD","band":"VV","value":-10.7957,"farmer_unique_id":"2109000","site_id":9087},{"date":"2020-12-29","product":"COPERNICUS/S1_GRD","band":"VV","value":-11.2196,"farmer_unique_id":"2109000","site_id":9087},{"date":"2021-01-10","product":"COPERNICUS/S1_GRD","band":"VV","value":-11.4766,"farmer_unique_id":"2109000","site_id":9087},{"date":"2021-01-22","product":"COPERNICUS/S1_GRD","band":"VV","value":-15.6338,"farmer_unique_id":"2109000","site_id":9087},{"date":"2021-02-03","product":"COPERNICUS/S1_GRD","band":"VV","value":-12.1285,"farmer_unique_id":"2109000","site_id":9087},{"date":"2021-02-15","product":"COPERNICUS/S1_GRD","band":"VV","value":-10.4242,"farmer_unique_id":"2109000","site_id":9087},{"date":"2021-02-27","product":"COPERNICUS/S1_GRD","band":"VV","value":-10.0978,"farmer_unique_id":"2109000","site_id":9087},{"date":"2021-03-11","product":"COPERNICUS/S1_GRD","band":"VV","value":-10.8243,"farmer_unique_id":"2109000","site_id":9087},{"date":"2021-03-23","product":"COPERNICUS/S1_GRD","band":"VV","value":-13.2255,"farmer_unique_id":"2109000","site_id":9087},{"date":"2021-04-04","product":"COPERNICUS/S1_GRD","band":"VV","value":-5.4055,"farmer_unique_id":"2109000","site_id":9087},{"date":"2021-04-16","product":"COPERNICUS/S1_GRD","band":"VV","value":-12.2875,"farmer_unique_id":"2109000","site_id":9087},{"date":"2021-04-28","product":"COPERNICUS/S1_GRD","band":"VV","value":-10.9996,"farmer_unique_id":"2109000","site_id":9087},{"date":"2021-05-10","product":"COPERNICUS/S1_GRD","band":"VV","value":-9.5427,"farmer_unique_id":"2109000","site_id":9087},{"date":"2021-05-22","product":"COPERNICUS/S1_GRD","band":"VV","value":-7.2332,"farmer_unique_id":"2109000","site_id":9087},{"date":"2021-06-03","product":"COPERNICUS/S1_GRD","band":"VV","value":-6.5568,"farmer_unique_id":"2109000","site_id":9087},{"date":"2021-06-15","product":"COPERNICUS/S1_GRD","band":"VV","value":-12.0681,"farmer_unique_id":"2109000","site_id":9087},{"date":"2021-06-27","product":"COPERNICUS/S1_GRD","band":"VV","value":-9.8204,"farmer_unique_id":"2109000","site_id":9087},{"date":"2021-07-09","product":"COPERNICUS/S1_GRD","band":"VV","value":-8.6826,"farmer_unique_id":"2109000","site_id":9087},{"date":"2021-07-21","product":"COPERNICUS/S1_GRD","band":"VV","value":-11.1597,"farmer_unique_id":"2109000","site_id":9087},{"date":"2021-08-02","product":"COPERNICUS/S1_GRD","band":"VV","value":-8.0227,"farmer_unique_id":"2109000","site_id":9087},{"date":"2021-08-14","product":"COPERNICUS/S1_GRD","band":"VV","value":-7.4082,"farmer_unique_id":"2109000","site_id":9087},{"date":"2021-08-26","product":"COPERNICUS/S1_GRD","band":"VV","value":-11.6115,"farmer_unique_id":"2109000","site_id":9087},{"date":"2021-09-07","product":"COPERNICUS/S1_GRD","band":"VV","value":-12.2766,"farmer_unique_id":"2109000","site_id":9087},{"date":"2021-09-19","product":"COPERNICUS/S1_GRD","band":"VV","value":-8.9335,"farmer_unique_id":"2109000","site_id":9087},{"date":"2021-10-01","product":"COPERNICUS/S1_GRD","band":"VV","value":-7.5691,"farmer_unique_id":"2109000","site_id":9087},{"date":"2021-10-13","product":"COPERNICUS/S1_GRD","band":"VV","value":-5.5152,"farmer_unique_id":"2109000","site_id":9087},{"date":"2021-10-25","product":"COPERNICUS/S1_GRD","band":"VV","farmer_unique_id":"2109000","site_id":9087},{"date":"2021-11-06","product":"COPERNICUS/S1_GRD","band":"VV","value":-9.2471,"farmer_unique_id":"2109000","site_id":9087},{"date":"2021-11-18","product":"COPERNICUS/S1_GRD","band":"VV","value":-11.2107,"farmer_unique_id":"2109000","site_id":9087},{"date":"2021-11-30","product":"COPERNICUS/S1_GRD","band":"VV","value":-11.5501,"farmer_unique_id":"2109000","site_id":9087},{"date":"2021-12-12","product":"COPERNICUS/S1_GRD","band":"VV","value":-12.0299,"farmer_unique_id":"2109000","site_id":9087},{"date":"2021-12-24","product":"COPERNICUS/S1_GRD","band":"VV","value":-11.2027,"farmer_unique_id":"2109000","site_id":9087}]
