[{"date":"2020-01-11","product":"COPERNICUS/S1_GRD","band":"VH","value":-14.3074,"farmer_unique_id":"TN2323","site_id":2739},{"date":"2020-01-23","product":"COPERNICUS/S1_GRD","band":"VH","value":-14.6355,"farmer_unique_id":"TN2323","site_id":2739},{"date":"2020-02-04","product":"COPERNICUS/S1_GRD","band":"VH","value":-14.0778,"farmer_unique_id":"TN2323","site_id":2739},{"date":"2020-02-16","product":"COPERNICUS/S1_GRD","band":"VH","value":-13.6552,"farmer_unique_id":"TN2323","site_id":2739},{"date":"2020-02-28","product":"COPERNICUS/S1_GRD","band":"VH","value":-17.2936,"farmer_unique_id":"TN2323","site_id":2739},{"date":"2020-03-11","product":"COPERNICUS/S1_GRD","band":"VH","value":-14.8085,"farmer_unique_id":"TN2323","site_id":2739},{"date":"2020-03-23","product":"COPERNICUS/S1_GRD","band":"VH","value":-14.2041,"farmer_unique_id":"TN2323","site_id":2739},{"date":"2020-04-04","product":"COPERNICUS/S1_GRD","band":"VH","value":-20.221,"farmer_unique_id":"TN2323","site_id":2739},{"date":"2020-04-16","product":"COPERNICUS/S1_GRD","band":"VH","value":-17.0679,"farmer_unique_id":"TN2323","site_id":2739},{"date":"2020-04-28","product":"COPERNICUS/S1_GRD","band":"VH","value":-16.5591,"farmer_unique_id":"TN2323","site_id":2739},{"date":"2020-05-10","product":"COPERNICUS/S1_GRD","band":"VH","value":-15.2615,"farmer_unique_id":"TN2323","site_id":2739},{"date":"2020-05-22","product":"COPERNICUS/S1_GRD","band":"VH","value":-13.8647,"farmer_unique_id":"TN2323","site_id":2739},{"date":"2020-06-03","product":"COPERNICUS/S1_GRD","band":"VH","value":-14.0287,"farmer_unique_id":"TN2323","site_id":2739},{"date":"2020-06-15","product":"COPERNICUS/S1_GRD","band":"VH","value":-12.5455,"farmer_unique_id":"TN2323","site_id":2739},{"date":"2020-06-27","product":"COPERNICUS/S1_GRD","band":"VH","value":-15.0582,"farmer_unique_id":"TN2323","site_id":2739},{"date":"2020-07-09","product":"COPERNICUS/S1_GRD","band":"VH","value":-14.6959,"farmer_unique_id":"TN2323","site_id":2739},{"date":"2020-07-21","product":"COPERNICUS/S1_GRD","band":"VH","value":-16.5873,"farmer_unique_id":"TN2323","site_id":2739},{"date":"2020-08-02","product":"COPERNICUS/S1_GRD","band":"VH","value":-13.8664,"farmer_unique_id":"TN2323","site_id":2739},{"date":"2020-08-14","product":"COPERNICUS/S1_GRD","band":"VH","value":-13.176,"farmer_unique_id":"TN2323","site_id":2739},{"date":"2020-08-26","product":"COPERNICUS/S1_GRD","band":"VH","value":-19.5352,"farmer_unique_id":"TN2323","site_id":2739},{"date":"2020-09-07","product":"COPERNICUS/S1_GRD","band":"VH","value":-14.603,"farmer_unique_id":"TN2323","site_id":2739},{"date":"2020-09-19","product":"COPERNICUS/S1_GRD","band":"VH","value":-25.2614,"farmer_unique_id":"TN2323","site_id":2739},{"date":"2020-10-01","product":"COPERNICUS/S1_GRD","band":"VH","value":-19.8589,"farmer_unique_id":"TN2323","site_id":2739},{"date":"2020-10-13","product":"COPERNICUS/S1_GRD","band":"VH","value":-18.4286,"farmer_unique_id":"TN2323","site_id":2739},{"date":"2020-10-25","product":"COPERNICUS/S1_GRD","band":"VH","value":-17.4784,"farmer_unique_id":"TN2323","site_id":2739},{"date":"2020-11-06","product":"COPERNICUS/S1_GRD","band":"VH","value":-19.4439,"farmer_unique_id":"TN2323","site_id":2739},{"date":"2020-11-18","product":"COPERNICUS/S1_GRD","band":"VH","value":-17.2175,"farmer_unique_id":"TN2323","site_id":2739},{"date":"2020-11-30","product":"COPERNICUS/S1_GRD","band":"VH","value":-16.3697,"farmer_unique_id":"TN2323","site_id":2739},{"date":"2020-12-12","product":"COPERNICUS/S1_GRD","band":"VH","value":-13.8058,"farmer_unique_id":"TN2323","site_id":2739},{"date":"2020-12-24","product":"COPERNICUS/S1_GRD","band":"VH","value":-11.6862,"farmer_unique_id":"TN2323","site_id":2739},{"date":"2021-01-05","product":"COPERNICUS/S1_GRD","band":"VH","value":-13.9262,"farmer_unique_id":"TN2323","site_id":2739},{"date":"2021-01-17","product":"COPERNICUS/S1_GRD","band":"VH","value":-17.6307,"farmer_unique_id":"TN2323","site_id":2739},{"date":"2021-01-29","product":"COPERNICUS/S1_GRD","band":"VH","value":-21.9424,"farmer_unique_id":"TN2323","site_id":2739},{"date":"2021-02-10","product":"COPERNICUS/S1_GRD","band":"VH","value":-16.2595,"farmer_unique_id":"TN2323","site_id":2739},{"date":"2021-02-22","product":"COPERNICUS/S1_GRD","band":"VH","value":-17.0623,"farmer_unique_id":"TN2323","site_id":2739},{"date":"2021-03-06","product":"COPERNICUS/S1_GRD","band":"VH","value":-14.9055,"farmer_unique_id":"TN2323","site_id":2739},{"date":"2021-03-18","product":"COPERNICUS/S1_GRD","band":"VH","value":-19.1903,"farmer_unique_id":"TN2323","site_id":2739},{"date":"2021-03-30","product":"COPERNICUS/S1_GRD","band":"VH","value":-21.4683,"farmer_unique_id":"TN2323","site_id":2739},{"date":"2021-04-11","product":"COPERNICUS/S1_GRD","band":"VH","value":-20.978,"farmer_unique_id":"TN2323","site_id":2739},{"date":"2021-04-23","product":"COPERNICUS/S1_GRD","band":"VH","value":-17.9846,"farmer_unique_id":"TN2323","site_id":2739},{"date":"2021-05-05","product":"COPERNICUS/S1_GRD","band":"VH","value":-14.36,"farmer_unique_id":"TN2323","site_id":2739},{"date":"2021-05-17","product":"COPERNICUS/S1_GRD","band":"VH","value":-13.4939,"farmer_unique_id":"TN2323","site_id":2739},{"date":"2021-05-29","product":"COPERNICUS/S1_GRD","band":"VH","value":-12.6582,"farmer_unique_id":"TN2323","site_id":2739},{"date":"2021-06-10","product":"COPERNICUS/S1_GRD","band":"VH","value":-11.6329,"farmer_unique_id":"TN2323","site_id":2739},{"date":"2021-06-22","product":"COPERNICUS/S1_GRD","band":"VH","value":-14.1156,"farmer_unique_id":"TN2323","site_id":2739},{"date":"2021-07-04","product":"COPERNICUS/S1_GRD","band":"VH","value":-14.8209,"farmer_unique_id":"TN2323","site_id":2739},{"date":"2021-07-16","product":"COPERNICUS/S1_GRD","band":"VH","value":-15.0925,"farmer_unique_id":"TN2323","site_id":2739},{"date":"2021-07-28","product":"COPERNICUS/S1_GRD","band":"VH","value":-12.9199,"farmer_unique_id":"TN2323","site_id":2739},{"date":"2021-08-09","product":"COPERNICUS/S1_GRD","band":"VH","value":-14.5576,"farmer_unique_id":"TN2323","site_id":2739},{"date":"2021-08-21","product":"COPERNICUS/S1_GRD","band":"VH","value":-20.0553,"farmer_unique_id":"TN2323","site_id":2739},{"date":"2021-09-02","product":"COPERNICUS/S1_GRD","band":"VH","value":-20.3452,"farmer_unique_id":"TN2323","site_id":2739},{"date":"2021-09-14","product":"COPERNICUS/S1_GRD","band":"VH","value":-23.3337,"farmer_unique_id":"TN2323","site_id":2739},{"date":"2021-09-26","product":"COPERNICUS/S1_GRD","band":"VH","value":-14.1522,"farmer_unique_id":"TN2323","site_id":2739},{"date":"2021-10-08","product":"COPERNICUS/S1_GRD","band":"VH","value":-17.9997,"farmer_unique_id":"TN2323","site_id":2739},{"date":"2021-10-20","product":"COPERNICUS/S1_GRD","band":"VH","value":-21.4526,"farmer_unique_id":"TN2323","site_id":2739},{"date":"2021-11-01","product":"COPERNICUS/S1_GRD","band":"VH","value":-18.7229,"farmer_unique_id":"TN2323","site_id":2739},{"date":"2021-11-13","product":"COPERNICUS/S1_GRD","band":"VH","value":-20.7828,"farmer_unique_id":"TN2323","site_id":2739},{"date":"2021-11-25","product":"COPERNICUS/S1_GRD","band":"VH","value":-14.4711,"farmer_unique_id":"TN2323","site_id":2739},{"date":"2021-12-07","product":"COPERNICUS/S1_GRD","band":"VH","value":-17.4179,"farmer_unique_id":"TN2323","site_id":2739},{"date":"2021-12-19","product":"COPERNICUS/S1_GRD","band":"VH","value":-18.413,"farmer_unique_id":"TN2323","site_id":2739},{"date":"2020-01-11","product":"COPERNICUS/S1_GRD","band":"VV","value":-7.5462,"farmer_unique_id":"TN2323","site_id":2739},{"date":"2020-01-23","product":"COPERNICUS/S1_GRD","band":"VV","value":-10.6779,"farmer_unique_id":"TN2323","site_id":2739},{"date":"2020-02-04","product":"COPERNICUS/S1_GRD","band":"VV","value":-9.228,"farmer_unique_id":"TN2323","site_id":2739},{"date":"2020-02-16","product":"COPERNICUS/S1_GRD","band":"VV","value":-9.3884,"farmer_unique_id":"TN2323","site_id":2739},{"date":"2020-02-28","product":"COPERNICUS/S1_GRD","band":"VV","value":-10.9613,"farmer_unique_id":"TN2323","site_id":2739},{"date":"2020-03-11","product":"COPERNICUS/S1_GRD","band":"VV","value":-8.0825,"farmer_unique_id":"TN2323","site_id":2739},{"date":"2020-03-23","product":"COPERNICUS/S1_GRD","band":"VV","value":-11.1189,"farmer_unique_id":"TN2323","site_id":2739},{"date":"2020-04-04","product":"COPERNICUS/S1_GRD","band":"VV","value":-9.5585,"farmer_unique_id":"TN2323","site_id":2739},{"date":"2020-04-16","product":"COPERNICUS/S1_GRD","band":"VV","value":-10.2492,"farmer_unique_id":"TN2323","site_id":2739},{"date":"2020-04-28","product":"COPERNICUS/S1_GRD","band":"VV","value":-11.3085,"farmer_unique_id":"TN2323","site_id":2739},{"date":"2020-05-10","product":"COPERNICUS/S1_GRD","band":"VV","value":-8.7837,"farmer_unique_id":"TN2323","site_id":2739},{"date":"2020-05-22","product":"COPERNICUS/S1_GRD","band":"VV","value":-10.5014,"farmer_unique_id":"TN2323","site_id":2739},{"date":"2020-06-03","product":"COPERNICUS/S1_GRD","band":"VV","value":-8.6005,"farmer_unique_id":"TN2323","site_id":2739},{"date":"2020-06-15","product":"COPERNICUS/S1_GRD","band":"VV","value":-9.1259,"farmer_unique_id":"TN2323","site_id":2739},{"date":"2020-06-27","product":"COPERNICUS/S1_GRD","band":"VV","value":-10.5313,"farmer_unique_id":"TN2323","site_id":2739},{"date":"2020-07-09","product":"COPERNICUS/S1_GRD","band":"VV","value":-12.4696,"farmer_unique_id":"TN2323","site_id":2739},{"date":"2020-07-21","product":"COPERNICUS/S1_GRD","band":"VV","value":-13.4418,"farmer_unique_id":"TN2323","site_id":2739},{"date":"2020-08-02","product":"COPERNICUS/S1_GRD","band":"VV","value":-12.331,"farmer_unique_id":"TN2323","site_id":2739},{"date":"2020-08-14","product":"COPERNICUS/S1_GRD","band":"VV","value":-9.3511,"farmer_unique_id":"TN2323","site_id":2739},{"date":"2020-08-26","product":"COPERNICUS/S1_GRD","band":"VV","value":-12.54,"farmer_unique_id":"TN2323","site_id":2739},{"date":"2020-09-07","product":"COPERNICUS/S1_GRD","band":"VV","value":-9.753,"farmer_unique_id":"TN2323","site_id":2739},{"date":"2020-09-19","product":"COPERNICUS/S1_GRD","band":"VV","value":-16.8811,"farmer_unique_id":"TN2323","site_id":2739},{"date":"2020-10-01","product":"COPERNICUS/S1_GRD","band":"VV","value":-14.3262,"farmer_unique_id":"TN2323","site_id":2739},{"date":"2020-10-13","product":"COPERNICUS/S1_GRD","band":"VV","value":-16.206,"farmer_unique_id":"TN2323","site_id":2739},{"date":"2020-10-25","product":"COPERNICUS/S1_GRD","band":"VV","value":-11.9483,"farmer_unique_id":"TN2323","site_id":2739},{"date":"2020-11-06","product":"COPERNICUS/S1_GRD","band":"VV","value":-8.7241,"farmer_unique_id":"TN2323","site_id":2739},{"date":"2020-11-18","product":"COPERNICUS/S1_GRD","band":"VV","value":-13.0023,"farmer_unique_id":"TN2323","site_id":2739},{"date":"2020-11-30","product":"COPERNICUS/S1_GRD","band":"VV","value":-8.9635,"farmer_unique_id":"TN2323","site_id":2739},{"date":"2020-12-12","product":"COPERNICUS/S1_GRD","band":"VV","value":-10.5173,"farmer_unique_id":"TN2323","site_id":2739},{"date":"2020-12-24","product":"COPERNICUS/S1_GRD","band":"VV","value":-9.7998,"farmer_unique_id":"TN2323","site_id":2739},{"date":"2021-01-05","product":"COPERNICUS/S1_GRD","band":"VV","value":-12.2619,"farmer_unique_id":"TN2323","site_id":2739},{"date":"2021-01-17","product":"COPERNICUS/S1_GRD","band":"VV","value":-8.6498,"farmer_unique_id":"TN2323","site_id":2739},{"date":"2021-01-29","product":"COPERNICUS/S1_GRD","band":"VV","value":-14.5719,"farmer_unique_id":"TN2323","site_id":2739},{"date":"2021-02-10","product":"COPERNICUS/S1_GRD","band":"VV","value":-9.5771,"farmer_unique_id":"TN2323","site_id":2739},{"date":"2021-02-22","product":"COPERNICUS/S1_GRD","band":"VV","value":-12.933,"farmer_unique_id":"TN2323","site_id":2739},{"date":"2021-03-06","product":"COPERNICUS/S1_GRD","band":"VV","value":-11.7564,"farmer_unique_id":"TN2323","site_id":2739},{"date":"2021-03-18","product":"COPERNICUS/S1_GRD","band":"VV","value":-13.9653,"farmer_unique_id":"TN2323","site_id":2739},{"date":"2021-03-30","product":"COPERNICUS/S1_GRD","band":"VV","value":-11.4323,"farmer_unique_id":"TN2323","site_id":2739},{"date":"2021-04-11","product":"COPERNICUS/S1_GRD","band":"VV","value":-12.4669,"farmer_unique_id":"TN2323","site_id":2739},{"date":"2021-04-23","product":"COPERNICUS/S1_GRD","band":"VV","value":-14.302,"farmer_unique_id":"TN2323","site_id":2739},{"date":"2021-05-05","product":"COPERNICUS/S1_GRD","band":"VV","value":-4.5772,"farmer_unique_id":"TN2323","site_id":2739},{"date":"2021-05-17","product":"COPERNICUS/S1_GRD","band":"VV","value":-10.1393,"farmer_unique_id":"TN2323","site_id":2739},{"date":"2021-05-29","product":"COPERNICUS/S1_GRD","band":"VV","value":-5.4639,"farmer_unique_id":"TN2323","site_id":2739},{"date":"2021-06-10","product":"COPERNICUS/S1_GRD","band":"VV","value":-8.4689,"farmer_unique_id":"TN2323","site_id":2739},{"date":"2021-06-22","product":"COPERNICUS/S1_GRD","band":"VV","value":-9.8809,"farmer_unique_id":"TN2323","site_id":2739},{"date":"2021-07-04","product":"COPERNICUS/S1_GRD","band":"VV","value":-10.8334,"farmer_unique_id":"TN2323","site_id":2739},{"date":"2021-07-16","product":"COPERNICUS/S1_GRD","band":"VV","value":-14.966,"farmer_unique_id":"TN2323","site_id":2739},{"date":"2021-07-28","product":"COPERNICUS/S1_GRD","band":"VV","value":-11.5257,"farmer_unique_id":"TN2323","site_id":2739},{"date":"2021-08-09","product":"COPERNICUS/S1_GRD","band":"VV","value":-12.3473,"farmer_unique_id":"TN2323","site_id":2739},{"date":"2021-08-21","product":"COPERNICUS/S1_GRD","band":"VV","value":-11.8502,"farmer_unique_id":"TN2323","site_id":2739},{"date":"2021-09-02","product":"COPERNICUS/S1_GRD","band":"VV","value":-16.2326,"farmer_unique_id":"TN2323","site_id":2739},{"date":"2021-09-14","product":"COPERNICUS/S1_GRD","band":"VV","value":-11.2684,"farmer_unique_id":"TN2323","site_id":2739},{"date":"2021-09-26","product":"COPERNICUS/S1_GRD","band":"VV","value":-11.7627,"farmer_unique_id":"TN2323","site_id":2739},{"date":"2021-10-08","product":"COPERNICUS/S1_GRD","band":"VV","value":-10.7842,"farmer_unique_id":"TN2323","site_id":2739},{"date":"2021-10-20","product":"COPERNICUS/S1_GRD","band":"VV","value":-8.4413,"farmer_unique_id":"TN2323","site_id":2739},{"date":"2021-11-01","product":"COPERNICUS/S1_GRD","band":"VV","value":-11.4863,"farmer_unique_id":"TN2323","site_id":2739},{"date":"2021-11-13","product":"COPERNICUS/S1_GRD","band":"VV","value":-11.811,"farmer_unique_id":"TN2323","site_id":2739},{"date":"2021-11-25","product":"COPERNICUS/S1_GRD","band":"VV","value":-6.9493,"farmer_unique_id":"TN2323","site_id":2739},{"date":"2021-12-07","product":"COPERNICUS/S1_GRD","band":"VV","value":-12.1878,"farmer_unique_id":"TN2323","site_id":2739},{"date":"2021-12-19","product":"COPERNICUS/S1_GRD","band":"VV","value":-10.5927,"farmer_unique_id":"TN2323","site_id":2739}]
