[{"date":"2020-01-11","product":"COPERNICUS/S1_GRD","band":"VH","value":-15.9787,"farmer_unique_id":"TN2414","site_id":4531},{"date":"2020-01-23","product":"COPERNICUS/S1_GRD","band":"VH","value":-12.2538,"farmer_unique_id":"TN2414","site_id":4531},{"date":"2020-02-04","product":"COPERNICUS/S1_GRD","band":"VH","value":-12.715,"farmer_unique_id":"TN2414","site_id":4531},{"date":"2020-02-16","product":"COPERNICUS/S1_GRD","band":"VH","value":-13.6628,"farmer_unique_id":"TN2414","site_id":4531},{"date":"2020-02-28","product":"COPERNICUS/S1_GRD","band":"VH","value":-13.9426,"farmer_unique_id":"TN2414","site_id":4531},{"date":"2020-03-11","product":"COPERNICUS/S1_GRD","band":"VH","value":-12.501,"farmer_unique_id":"TN2414","site_id":4531},{"date":"2020-03-23","product":"COPERNICUS/S1_GRD","band":"VH","value":-14.9556,"farmer_unique_id":"TN2414","site_id":4531},{"date":"2020-04-04","product":"COPERNICUS/S1_GRD","band":"VH","value":-17.6769,"farmer_unique_id":"TN2414","site_id":4531},{"date":"2020-04-16","product":"COPERNICUS/S1_GRD","band":"VH","value":-17.2097,"farmer_unique_id":"TN2414","site_id":4531},{"date":"2020-04-28","product":"COPERNICUS/S1_GRD","band":"VH","value":-14.828,"farmer_unique_id":"TN2414","site_id":4531},{"date":"2020-05-10","product":"COPERNICUS/S1_GRD","band":"VH","value":-15.9888,"farmer_unique_id":"TN2414","site_id":4531},{"date":"2020-05-22","product":"COPERNICUS/S1_GRD","band":"VH","value":-17.0653,"farmer_unique_id":"TN2414","site_id":4531},{"date":"2020-06-03","product":"COPERNICUS/S1_GRD","band":"VH","value":-19.5855,"farmer_unique_id":"TN2414","site_id":4531},{"date":"2020-06-15","product":"COPERNICUS/S1_GRD","band":"VH","value":-15.8785,"farmer_unique_id":"TN2414","site_id":4531},{"date":"2020-06-27","product":"COPERNICUS/S1_GRD","band":"VH","value":-15.8573,"farmer_unique_id":"TN2414","site_id":4531},{"date":"2020-07-09","product":"COPERNICUS/S1_GRD","band":"VH","value":-19.4661,"farmer_unique_id":"TN2414","site_id":4531},{"date":"2020-07-21","product":"COPERNICUS/S1_GRD","band":"VH","value":-14.7996,"farmer_unique_id":"TN2414","site_id":4531},{"date":"2020-08-02","product":"COPERNICUS/S1_GRD","band":"VH","value":-18.7037,"farmer_unique_id":"TN2414","site_id":4531},{"date":"2020-08-14","product":"COPERNICUS/S1_GRD","band":"VH","value":-17.6935,"farmer_unique_id":"TN2414","site_id":4531},{"date":"2020-08-26","product":"COPERNICUS/S1_GRD","band":"VH","value":-17.0558,"farmer_unique_id":"TN2414","site_id":4531},{"date":"2020-09-07","product":"COPERNICUS/S1_GRD","band":"VH","value":-19.4178,"farmer_unique_id":"TN2414","site_id":4531},{"date":"2020-09-19","product":"COPERNICUS/S1_GRD","band":"VH","value":-18.2932,"farmer_unique_id":"TN2414","site_id":4531},{"date":"2020-10-01","product":"COPERNICUS/S1_GRD","band":"VH","value":-20.3843,"farmer_unique_id":"TN2414","site_id":4531},{"date":"2020-10-13","product":"COPERNICUS/S1_GRD","band":"VH","value":-21.8402,"farmer_unique_id":"TN2414","site_id":4531},{"date":"2020-10-25","product":"COPERNICUS/S1_GRD","band":"VH","value":-19.779,"farmer_unique_id":"TN2414","site_id":4531},{"date":"2020-11-06","product":"COPERNICUS/S1_GRD","band":"VH","value":-14.7261,"farmer_unique_id":"TN2414","site_id":4531},{"date":"2020-11-18","product":"COPERNICUS/S1_GRD","band":"VH","value":-18.01,"farmer_unique_id":"TN2414","site_id":4531},{"date":"2020-11-30","product":"COPERNICUS/S1_GRD","band":"VH","value":-14.5338,"farmer_unique_id":"TN2414","site_id":4531},{"date":"2020-12-12","product":"COPERNICUS/S1_GRD","band":"VH","value":-14.0592,"farmer_unique_id":"TN2414","site_id":4531},{"date":"2020-12-24","product":"COPERNICUS/S1_GRD","band":"VH","value":-20.3719,"farmer_unique_id":"TN2414","site_id":4531},{"date":"2021-01-05","product":"COPERNICUS/S1_GRD","band":"VH","value":-16.2925,"farmer_unique_id":"TN2414","site_id":4531},{"date":"2021-01-17","product":"COPERNICUS/S1_GRD","band":"VH","value":-17.0555,"farmer_unique_id":"TN2414","site_id":4531},{"date":"2021-01-29","product":"COPERNICUS/S1_GRD","band":"VH","value":-15.0075,"farmer_unique_id":"TN2414","site_id":4531},{"date":"2021-02-10","product":"COPERNICUS/S1_GRD","band":"VH","value":-17.952,"farmer_unique_id":"TN2414","site_id":4531},{"date":"2021-02-22","product":"COPERNICUS/S1_GRD","band":"VH","value":-19.5279,"farmer_unique_id":"TN2414","site_id":4531},{"date":"2021-03-06","product":"COPERNICUS/S1_GRD","band":"VH","value":-21.0524,"farmer_unique_id":"TN2414","site_id":4531},{"date":"2021-03-18","product":"COPERNICUS/S1_GRD","band":"VH","value":-21.3551,"farmer_unique_id":"TN2414","site_id":4531},{"date":"2021-03-30","product":"COPERNICUS/S1_GRD","band":"VH","value":-22.2193,"farmer_unique_id":"TN2414","site_id":4531},{"date":"2021-04-11","product":"COPERNICUS/S1_GRD","band":"VH","value":-19.514,"farmer_unique_id":"TN2414","site_id":4531},{"date":"2021-04-23","product":"COPERNICUS/S1_GRD","band":"VH","value":-21.6563,"farmer_unique_id":"TN2414","site_id":4531},{"date":"2021-05-05","product":"COPERNICUS/S1_GRD","band":"VH","value":-15.2555,"farmer_unique_id":"TN2414","site_id":4531},{"date":"2021-05-17","product":"COPERNICUS/S1_GRD","band":"VH","value":-15.713,"farmer_unique_id":"TN2414","site_id":4531},{"date":"2021-05-29","product":"COPERNICUS/S1_GRD","band":"VH","value":-16.7467,"farmer_unique_id":"TN2414","site_id":4531},{"date":"2021-06-10","product":"COPERNICUS/S1_GRD","band":"VH","value":-11.7718,"farmer_unique_id":"TN2414","site_id":4531},{"date":"2021-06-22","product":"COPERNICUS/S1_GRD","band":"VH","value":-15.7413,"farmer_unique_id":"TN2414","site_id":4531},{"date":"2021-07-04","product":"COPERNICUS/S1_GRD","band":"VH","value":-15.5041,"farmer_unique_id":"TN2414","site_id":4531},{"date":"2021-07-16","product":"COPERNICUS/S1_GRD","band":"VH","value":-15.2853,"farmer_unique_id":"TN2414","site_id":4531},{"date":"2021-07-28","product":"COPERNICUS/S1_GRD","band":"VH","value":-14.7987,"farmer_unique_id":"TN2414","site_id":4531},{"date":"2021-08-09","product":"COPERNICUS/S1_GRD","band":"VH","value":-21.2648,"farmer_unique_id":"TN2414","site_id":4531},{"date":"2021-08-21","product":"COPERNICUS/S1_GRD","band":"VH","value":-20.3503,"farmer_unique_id":"TN2414","site_id":4531},{"date":"2021-09-02","product":"COPERNICUS/S1_GRD","band":"VH","value":-20.3817,"farmer_unique_id":"TN2414","site_id":4531},{"date":"2021-09-14","product":"COPERNICUS/S1_GRD","band":"VH","value":-16.9991,"farmer_unique_id":"TN2414","site_id":4531},{"date":"2021-09-26","product":"COPERNICUS/S1_GRD","band":"VH","value":-17.2478,"farmer_unique_id":"TN2414","site_id":4531},{"date":"2021-10-08","product":"COPERNICUS/S1_GRD","band":"VH","value":-18.1461,"farmer_unique_id":"TN2414","site_id":4531},{"date":"2021-10-20","product":"COPERNICUS/S1_GRD","band":"VH","value":-20.9822,"farmer_unique_id":"TN2414","site_id":4531},{"date":"2021-11-01","product":"COPERNICUS/S1_GRD","band":"VH","value":-18.8187,"farmer_unique_id":"TN2414","site_id":4531},{"date":"2021-11-13","product":"COPERNICUS/S1_GRD","band":"VH","value":-14.7808,"farmer_unique_id":"TN2414","site_id":4531},{"date":"2021-11-25","product":"COPERNICUS/S1_GRD","band":"VH","value":-18.4322,"farmer_unique_id":"TN2414","site_id":4531},{"date":"2021-12-07","product":"COPERNICUS/S1_GRD","band":"VH","value":-18.526,"farmer_unique_id":"TN2414","site_id":4531},{"date":"2021-12-19","product":"COPERNICUS/S1_GRD","band":"VH","value":-16.1087,"farmer_unique_id":"TN2414","site_id":4531},{"date":"2020-01-11","product":"COPERNICUS/S1_GRD","band":"VV","value":-12.0819,"farmer_unique_id":"TN2414","site_id":4531},{"date":"2020-01-23","product":"COPERNICUS/S1_GRD","band":"VV","value":-11.2164,"farmer_unique_id":"TN2414","site_id":4531},{"date":"2020-02-04","product":"COPERNICUS/S1_GRD","band":"VV","value":-11.3306,"farmer_unique_id":"TN2414","site_id":4531},{"date":"2020-02-16","product":"COPERNICUS/S1_GRD","band":"VV","value":-11.9345,"farmer_unique_id":"TN2414","site_id":4531},{"date":"2020-02-28","product":"COPERNICUS/S1_GRD","band":"VV","value":-14.7247,"farmer_unique_id":"TN2414","site_id":4531},{"date":"2020-03-11","product":"COPERNICUS/S1_GRD","band":"VV","value":-6.7757,"farmer_unique_id":"TN2414","site_id":4531},{"date":"2020-03-23","product":"COPERNICUS/S1_GRD","band":"VV","value":-9.9361,"farmer_unique_id":"TN2414","site_id":4531},{"date":"2020-04-04","product":"COPERNICUS/S1_GRD","band":"VV","value":-12.2779,"farmer_unique_id":"TN2414","site_id":4531},{"date":"2020-04-16","product":"COPERNICUS/S1_GRD","band":"VV","value":-8.6623,"farmer_unique_id":"TN2414","site_id":4531},{"date":"2020-04-28","product":"COPERNICUS/S1_GRD","band":"VV","value":-9.8111,"farmer_unique_id":"TN2414","site_id":4531},{"date":"2020-05-10","product":"COPERNICUS/S1_GRD","band":"VV","value":-10.4257,"farmer_unique_id":"TN2414","site_id":4531},{"date":"2020-05-22","product":"COPERNICUS/S1_GRD","band":"VV","value":-8.8756,"farmer_unique_id":"TN2414","site_id":4531},{"date":"2020-06-03","product":"COPERNICUS/S1_GRD","band":"VV","value":-10.2338,"farmer_unique_id":"TN2414","site_id":4531},{"date":"2020-06-15","product":"COPERNICUS/S1_GRD","band":"VV","value":-9.3948,"farmer_unique_id":"TN2414","site_id":4531},{"date":"2020-06-27","product":"COPERNICUS/S1_GRD","band":"VV","value":-9.6795,"farmer_unique_id":"TN2414","site_id":4531},{"date":"2020-07-09","product":"COPERNICUS/S1_GRD","band":"VV","value":-10.4644,"farmer_unique_id":"TN2414","site_id":4531},{"date":"2020-07-21","product":"COPERNICUS/S1_GRD","band":"VV","value":-11.3304,"farmer_unique_id":"TN2414","site_id":4531},{"date":"2020-08-02","product":"COPERNICUS/S1_GRD","band":"VV","value":-7.9533,"farmer_unique_id":"TN2414","site_id":4531},{"date":"2020-08-14","product":"COPERNICUS/S1_GRD","band":"VV","value":-13.893,"farmer_unique_id":"TN2414","site_id":4531},{"date":"2020-08-26","product":"COPERNICUS/S1_GRD","band":"VV","value":-11.1421,"farmer_unique_id":"TN2414","site_id":4531},{"date":"2020-09-07","product":"COPERNICUS/S1_GRD","band":"VV","value":-14.3686,"farmer_unique_id":"TN2414","site_id":4531},{"date":"2020-09-19","product":"COPERNICUS/S1_GRD","band":"VV","value":-13.137,"farmer_unique_id":"TN2414","site_id":4531},{"date":"2020-10-01","product":"COPERNICUS/S1_GRD","band":"VV","value":-10.7535,"farmer_unique_id":"TN2414","site_id":4531},{"date":"2020-10-13","product":"COPERNICUS/S1_GRD","band":"VV","value":-9.0768,"farmer_unique_id":"TN2414","site_id":4531},{"date":"2020-10-25","product":"COPERNICUS/S1_GRD","band":"VV","value":-10.5732,"farmer_unique_id":"TN2414","site_id":4531},{"date":"2020-11-06","product":"COPERNICUS/S1_GRD","band":"VV","value":-7.4979,"farmer_unique_id":"TN2414","site_id":4531},{"date":"2020-11-18","product":"COPERNICUS/S1_GRD","band":"VV","value":-10.0464,"farmer_unique_id":"TN2414","site_id":4531},{"date":"2020-11-30","product":"COPERNICUS/S1_GRD","band":"VV","value":-9.0804,"farmer_unique_id":"TN2414","site_id":4531},{"date":"2020-12-12","product":"COPERNICUS/S1_GRD","band":"VV","value":-11.4389,"farmer_unique_id":"TN2414","site_id":4531},{"date":"2020-12-24","product":"COPERNICUS/S1_GRD","band":"VV","value":-11.6066,"farmer_unique_id":"TN2414","site_id":4531},{"date":"2021-01-05","product":"COPERNICUS/S1_GRD","band":"VV","value":-7.8837,"farmer_unique_id":"TN2414","site_id":4531},{"date":"2021-01-17","product":"COPERNICUS/S1_GRD","band":"VV","value":-9.1166,"farmer_unique_id":"TN2414","site_id":4531},{"date":"2021-01-29","product":"COPERNICUS/S1_GRD","band":"VV","value":-12.1902,"farmer_unique_id":"TN2414","site_id":4531},{"date":"2021-02-10","product":"COPERNICUS/S1_GRD","band":"VV","value":-11.9205,"farmer_unique_id":"TN2414","site_id":4531},{"date":"2021-02-22","product":"COPERNICUS/S1_GRD","band":"VV","value":-8.42,"farmer_unique_id":"TN2414","site_id":4531},{"date":"2021-03-06","product":"COPERNICUS/S1_GRD","band":"VV","value":-13.5435,"farmer_unique_id":"TN2414","site_id":4531},{"date":"2021-03-18","product":"COPERNICUS/S1_GRD","band":"VV","value":-14.0099,"farmer_unique_id":"TN2414","site_id":4531},{"date":"2021-03-30","product":"COPERNICUS/S1_GRD","band":"VV","value":-12.5118,"farmer_unique_id":"TN2414","site_id":4531},{"date":"2021-04-11","product":"COPERNICUS/S1_GRD","band":"VV","value":-11.7201,"farmer_unique_id":"TN2414","site_id":4531},{"date":"2021-04-23","product":"COPERNICUS/S1_GRD","band":"VV","value":-7.5843,"farmer_unique_id":"TN2414","site_id":4531},{"date":"2021-05-05","product":"COPERNICUS/S1_GRD","band":"VV","value":-9.128,"farmer_unique_id":"TN2414","site_id":4531},{"date":"2021-05-17","product":"COPERNICUS/S1_GRD","band":"VV","value":-9.5317,"farmer_unique_id":"TN2414","site_id":4531},{"date":"2021-05-29","product":"COPERNICUS/S1_GRD","band":"VV","value":-8.1114,"farmer_unique_id":"TN2414","site_id":4531},{"date":"2021-06-10","product":"COPERNICUS/S1_GRD","band":"VV","value":-8.3173,"farmer_unique_id":"TN2414","site_id":4531},{"date":"2021-06-22","product":"COPERNICUS/S1_GRD","band":"VV","value":-10.1313,"farmer_unique_id":"TN2414","site_id":4531},{"date":"2021-07-04","product":"COPERNICUS/S1_GRD","band":"VV","value":-9.2074,"farmer_unique_id":"TN2414","site_id":4531},{"date":"2021-07-16","product":"COPERNICUS/S1_GRD","band":"VV","value":-9.5539,"farmer_unique_id":"TN2414","site_id":4531},{"date":"2021-07-28","product":"COPERNICUS/S1_GRD","band":"VV","value":-12.1321,"farmer_unique_id":"TN2414","site_id":4531},{"date":"2021-08-09","product":"COPERNICUS/S1_GRD","band":"VV","value":-10.1748,"farmer_unique_id":"TN2414","site_id":4531},{"date":"2021-08-21","product":"COPERNICUS/S1_GRD","band":"VV","value":-9.2994,"farmer_unique_id":"TN2414","site_id":4531},{"date":"2021-09-02","product":"COPERNICUS/S1_GRD","band":"VV","value":-11.3384,"farmer_unique_id":"TN2414","site_id":4531},{"date":"2021-09-14","product":"COPERNICUS/S1_GRD","band":"VV","value":-13.8274,"farmer_unique_id":"TN2414","site_id":4531},{"date":"2021-09-26","product":"COPERNICUS/S1_GRD","band":"VV","value":-12.878,"farmer_unique_id":"TN2414","site_id":4531},{"date":"2021-10-08","product":"COPERNICUS/S1_GRD","band":"VV","value":-12.5292,"farmer_unique_id":"TN2414","site_id":4531},{"date":"2021-10-20","product":"COPERNICUS/S1_GRD","band":"VV","value":-12.4128,"farmer_unique_id":"TN2414","site_id":4531},{"date":"2021-11-01","product":"COPERNICUS/S1_GRD","band":"VV","value":-10.473,"farmer_unique_id":"TN2414","site_id":4531},{"date":"2021-11-13","product":"COPERNICUS/S1_GRD","band":"VV","value":-11.6845,"farmer_unique_id":"TN2414","site_id":4531},{"date":"2021-11-25","product":"COPERNICUS/S1_GRD","band":"VV","value":-14.0207,"farmer_unique_id":"TN2414","site_id":4531},{"date":"2021-12-07","product":"COPERNICUS/S1_GRD","band":"VV","value":-11.9213,"farmer_unique_id":"TN2414","site_id":4531},{"date":"2021-12-19","product":"COPERNICUS/S1_GRD","band":"VV","value":-9.0596,"farmer_unique_id":"TN2414","site_id":4531}]
