[{"date":"2020-01-09","product":"COPERNICUS/S1_GRD","band":"VH","value":-13.6923,"farmer_unique_id":"199665","site_id":8929},{"date":"2020-01-21","product":"COPERNICUS/S1_GRD","band":"VH","value":-16.4596,"farmer_unique_id":"199665","site_id":8929},{"date":"2020-02-02","product":"COPERNICUS/S1_GRD","band":"VH","value":-13.3622,"farmer_unique_id":"199665","site_id":8929},{"date":"2020-02-14","product":"COPERNICUS/S1_GRD","band":"VH","value":-15.1732,"farmer_unique_id":"199665","site_id":8929},{"date":"2020-02-26","product":"COPERNICUS/S1_GRD","band":"VH","value":-17.7091,"farmer_unique_id":"199665","site_id":8929},{"date":"2020-03-09","product":"COPERNICUS/S1_GRD","band":"VH","value":-15.5384,"farmer_unique_id":"199665","site_id":8929},{"date":"2020-03-21","product":"COPERNICUS/S1_GRD","band":"VH","value":-17.5901,"farmer_unique_id":"199665","site_id":8929},{"date":"2020-04-02","product":"COPERNICUS/S1_GRD","band":"VH","value":-16.501,"farmer_unique_id":"199665","site_id":8929},{"date":"2020-04-14","product":"COPERNICUS/S1_GRD","band":"VH","value":-17.4599,"farmer_unique_id":"199665","site_id":8929},{"date":"2020-04-26","product":"COPERNICUS/S1_GRD","band":"VH","value":-17.4656,"farmer_unique_id":"199665","site_id":8929},{"date":"2020-05-08","product":"COPERNICUS/S1_GRD","band":"VH","value":-16.8958,"farmer_unique_id":"199665","site_id":8929},{"date":"2020-05-20","product":"COPERNICUS/S1_GRD","band":"VH","value":-16.7081,"farmer_unique_id":"199665","site_id":8929},{"date":"2020-06-01","product":"COPERNICUS/S1_GRD","band":"VH","value":-18.4553,"farmer_unique_id":"199665","site_id":8929},{"date":"2020-06-13","product":"COPERNICUS/S1_GRD","band":"VH","value":-15.5751,"farmer_unique_id":"199665","site_id":8929},{"date":"2020-06-25","product":"COPERNICUS/S1_GRD","band":"VH","value":-14.0066,"farmer_unique_id":"199665","site_id":8929},{"date":"2020-07-07","product":"COPERNICUS/S1_GRD","band":"VH","value":-16.2963,"farmer_unique_id":"199665","site_id":8929},{"date":"2020-07-19","product":"COPERNICUS/S1_GRD","band":"VH","value":-15.6979,"farmer_unique_id":"199665","site_id":8929},{"date":"2020-07-31","product":"COPERNICUS/S1_GRD","band":"VH","value":-15.5438,"farmer_unique_id":"199665","site_id":8929},{"date":"2020-08-12","product":"COPERNICUS/S1_GRD","band":"VH","farmer_unique_id":"199665","site_id":8929},{"date":"2020-08-24","product":"COPERNICUS/S1_GRD","band":"VH","value":-16.9829,"farmer_unique_id":"199665","site_id":8929},{"date":"2020-09-05","product":"COPERNICUS/S1_GRD","band":"VH","value":-18.3083,"farmer_unique_id":"199665","site_id":8929},{"date":"2020-09-17","product":"COPERNICUS/S1_GRD","band":"VH","value":-12.2453,"farmer_unique_id":"199665","site_id":8929},{"date":"2020-09-29","product":"COPERNICUS/S1_GRD","band":"VH","value":-15.5792,"farmer_unique_id":"199665","site_id":8929},{"date":"2020-10-11","product":"COPERNICUS/S1_GRD","band":"VH","value":-15.0853,"farmer_unique_id":"199665","site_id":8929},{"date":"2020-10-23","product":"COPERNICUS/S1_GRD","band":"VH","value":-14.2578,"farmer_unique_id":"199665","site_id":8929},{"date":"2020-11-04","product":"COPERNICUS/S1_GRD","band":"VH","value":-15.4592,"farmer_unique_id":"199665","site_id":8929},{"date":"2020-11-16","product":"COPERNICUS/S1_GRD","band":"VH","value":-15.274,"farmer_unique_id":"199665","site_id":8929},{"date":"2020-11-28","product":"COPERNICUS/S1_GRD","band":"VH","value":-11.7685,"farmer_unique_id":"199665","site_id":8929},{"date":"2020-12-10","product":"COPERNICUS/S1_GRD","band":"VH","value":-14.0682,"farmer_unique_id":"199665","site_id":8929},{"date":"2020-12-22","product":"COPERNICUS/S1_GRD","band":"VH","value":-15.6056,"farmer_unique_id":"199665","site_id":8929},{"date":"2021-01-03","product":"COPERNICUS/S1_GRD","band":"VH","value":-14.3266,"farmer_unique_id":"199665","site_id":8929},{"date":"2021-01-15","product":"COPERNICUS/S1_GRD","band":"VH","value":-15.9153,"farmer_unique_id":"199665","site_id":8929},{"date":"2021-01-27","product":"COPERNICUS/S1_GRD","band":"VH","value":-16.5883,"farmer_unique_id":"199665","site_id":8929},{"date":"2021-02-08","product":"COPERNICUS/S1_GRD","band":"VH","value":-15.2643,"farmer_unique_id":"199665","site_id":8929},{"date":"2021-02-20","product":"COPERNICUS/S1_GRD","band":"VH","value":-13.5877,"farmer_unique_id":"199665","site_id":8929},{"date":"2021-03-04","product":"COPERNICUS/S1_GRD","band":"VH","value":-18.771,"farmer_unique_id":"199665","site_id":8929},{"date":"2021-03-16","product":"COPERNICUS/S1_GRD","band":"VH","value":-13.5746,"farmer_unique_id":"199665","site_id":8929},{"date":"2021-03-28","product":"COPERNICUS/S1_GRD","band":"VH","value":-14.4324,"farmer_unique_id":"199665","site_id":8929},{"date":"2021-04-09","product":"COPERNICUS/S1_GRD","band":"VH","value":-15.5264,"farmer_unique_id":"199665","site_id":8929},{"date":"2021-04-21","product":"COPERNICUS/S1_GRD","band":"VH","value":-13.879,"farmer_unique_id":"199665","site_id":8929},{"date":"2021-05-03","product":"COPERNICUS/S1_GRD","band":"VH","value":-17.3584,"farmer_unique_id":"199665","site_id":8929},{"date":"2021-05-15","product":"COPERNICUS/S1_GRD","band":"VH","value":-13.1654,"farmer_unique_id":"199665","site_id":8929},{"date":"2021-05-27","product":"COPERNICUS/S1_GRD","band":"VH","value":-15.0838,"farmer_unique_id":"199665","site_id":8929},{"date":"2021-06-08","product":"COPERNICUS/S1_GRD","band":"VH","value":-14.0098,"farmer_unique_id":"199665","site_id":8929},{"date":"2021-06-20","product":"COPERNICUS/S1_GRD","band":"VH","value":-15.5661,"farmer_unique_id":"199665","site_id":8929},{"date":"2021-07-02","product":"COPERNICUS/S1_GRD","band":"VH","value":-13.2334,"farmer_unique_id":"199665","site_id":8929},{"date":"2021-07-14","product":"COPERNICUS/S1_GRD","band":"VH","value":-12.94,"farmer_unique_id":"199665","site_id":8929},{"date":"2021-07-26","product":"COPERNICUS/S1_GRD","band":"VH","value":-18.5857,"farmer_unique_id":"199665","site_id":8929},{"date":"2021-08-07","product":"COPERNICUS/S1_GRD","band":"VH","value":-15.9257,"farmer_unique_id":"199665","site_id":8929},{"date":"2021-08-19","product":"COPERNICUS/S1_GRD","band":"VH","value":-15.3124,"farmer_unique_id":"199665","site_id":8929},{"date":"2021-08-31","product":"COPERNICUS/S1_GRD","band":"VH","value":-14.9708,"farmer_unique_id":"199665","site_id":8929},{"date":"2021-09-12","product":"COPERNICUS/S1_GRD","band":"VH","value":-13.6866,"farmer_unique_id":"199665","site_id":8929},{"date":"2021-09-24","product":"COPERNICUS/S1_GRD","band":"VH","value":-13.7261,"farmer_unique_id":"199665","site_id":8929},{"date":"2021-10-06","product":"COPERNICUS/S1_GRD","band":"VH","value":-12.5757,"farmer_unique_id":"199665","site_id":8929},{"date":"2021-10-18","product":"COPERNICUS/S1_GRD","band":"VH","value":-16.1298,"farmer_unique_id":"199665","site_id":8929},{"date":"2021-10-30","product":"COPERNICUS/S1_GRD","band":"VH","value":-14.8982,"farmer_unique_id":"199665","site_id":8929},{"date":"2021-11-11","product":"COPERNICUS/S1_GRD","band":"VH","value":-15.2457,"farmer_unique_id":"199665","site_id":8929},{"date":"2021-11-23","product":"COPERNICUS/S1_GRD","band":"VH","value":-14.9165,"farmer_unique_id":"199665","site_id":8929},{"date":"2021-12-05","product":"COPERNICUS/S1_GRD","band":"VH","value":-18.2785,"farmer_unique_id":"199665","site_id":8929},{"date":"2021-12-17","product":"COPERNICUS/S1_GRD","band":"VH","value":-12.7923,"farmer_unique_id":"199665","site_id":8929},{"date":"2021-12-29","product":"COPERNICUS/S1_GRD","band":"VH","value":-14.8365,"farmer_unique_id":"199665","site_id":8929},{"date":"2020-01-09","product":"COPERNICUS/S1_GRD","band":"VV","value":-5.9701,"farmer_unique_id":"199665","site_id":8929},{"date":"2020-01-21","product":"COPERNICUS/S1_GRD","band":"VV","value":-4.7745,"farmer_unique_id":"199665","site_id":8929},{"date":"2020-02-02","product":"COPERNICUS/S1_GRD","band":"VV","value":-7.8171,"farmer_unique_id":"199665","site_id":8929},{"date":"2020-02-14","product":"COPERNICUS/S1_GRD","band":"VV","value":-6.4062,"farmer_unique_id":"199665","site_id":8929},{"date":"2020-02-26","product":"COPERNICUS/S1_GRD","band":"VV","value":-5.4612,"farmer_unique_id":"199665","site_id":8929},{"date":"2020-03-09","product":"COPERNICUS/S1_GRD","band":"VV","value":-4.9518,"farmer_unique_id":"199665","site_id":8929},{"date":"2020-03-21","product":"COPERNICUS/S1_GRD","band":"VV","value":-2.083,"farmer_unique_id":"199665","site_id":8929},{"date":"2020-04-02","product":"COPERNICUS/S1_GRD","band":"VV","value":-6.7359,"farmer_unique_id":"199665","site_id":8929},{"date":"2020-04-14","product":"COPERNICUS/S1_GRD","band":"VV","value":-5.9909,"farmer_unique_id":"199665","site_id":8929},{"date":"2020-04-26","product":"COPERNICUS/S1_GRD","band":"VV","value":-6.1542,"farmer_unique_id":"199665","site_id":8929},{"date":"2020-05-08","product":"COPERNICUS/S1_GRD","band":"VV","value":-3.1226,"farmer_unique_id":"199665","site_id":8929},{"date":"2020-05-20","product":"COPERNICUS/S1_GRD","band":"VV","value":-10.1388,"farmer_unique_id":"199665","site_id":8929},{"date":"2020-06-01","product":"COPERNICUS/S1_GRD","band":"VV","value":-5.4644,"farmer_unique_id":"199665","site_id":8929},{"date":"2020-06-13","product":"COPERNICUS/S1_GRD","band":"VV","value":-4.3305,"farmer_unique_id":"199665","site_id":8929},{"date":"2020-06-25","product":"COPERNICUS/S1_GRD","band":"VV","value":-6.0138,"farmer_unique_id":"199665","site_id":8929},{"date":"2020-07-07","product":"COPERNICUS/S1_GRD","band":"VV","value":-7.4412,"farmer_unique_id":"199665","site_id":8929},{"date":"2020-07-19","product":"COPERNICUS/S1_GRD","band":"VV","value":-7.808,"farmer_unique_id":"199665","site_id":8929},{"date":"2020-07-31","product":"COPERNICUS/S1_GRD","band":"VV","value":-10.2235,"farmer_unique_id":"199665","site_id":8929},{"date":"2020-08-12","product":"COPERNICUS/S1_GRD","band":"VV","value":-9.2278,"farmer_unique_id":"199665","site_id":8929},{"date":"2020-08-24","product":"COPERNICUS/S1_GRD","band":"VV","value":-8.5571,"farmer_unique_id":"199665","site_id":8929},{"date":"2020-09-05","product":"COPERNICUS/S1_GRD","band":"VV","value":-8.427,"farmer_unique_id":"199665","site_id":8929},{"date":"2020-09-17","product":"COPERNICUS/S1_GRD","band":"VV","value":-5.605,"farmer_unique_id":"199665","site_id":8929},{"date":"2020-09-29","product":"COPERNICUS/S1_GRD","band":"VV","value":-2.4874,"farmer_unique_id":"199665","site_id":8929},{"date":"2020-10-11","product":"COPERNICUS/S1_GRD","band":"VV","value":-4.4224,"farmer_unique_id":"199665","site_id":8929},{"date":"2020-10-23","product":"COPERNICUS/S1_GRD","band":"VV","value":-8.9305,"farmer_unique_id":"199665","site_id":8929},{"date":"2020-11-04","product":"COPERNICUS/S1_GRD","band":"VV","value":-6.6951,"farmer_unique_id":"199665","site_id":8929},{"date":"2020-11-16","product":"COPERNICUS/S1_GRD","band":"VV","value":-7.9149,"farmer_unique_id":"199665","site_id":8929},{"date":"2020-11-28","product":"COPERNICUS/S1_GRD","band":"VV","value":-7.7898,"farmer_unique_id":"199665","site_id":8929},{"date":"2020-12-10","product":"COPERNICUS/S1_GRD","band":"VV","value":-7.3729,"farmer_unique_id":"199665","site_id":8929},{"date":"2020-12-22","product":"COPERNICUS/S1_GRD","band":"VV","value":-4.1859,"farmer_unique_id":"199665","site_id":8929},{"date":"2021-01-03","product":"COPERNICUS/S1_GRD","band":"VV","value":-5.4208,"farmer_unique_id":"199665","site_id":8929},{"date":"2021-01-15","product":"COPERNICUS/S1_GRD","band":"VV","value":-4.1978,"farmer_unique_id":"199665","site_id":8929},{"date":"2021-01-27","product":"COPERNICUS/S1_GRD","band":"VV","value":-4.9831,"farmer_unique_id":"199665","site_id":8929},{"date":"2021-02-08","product":"COPERNICUS/S1_GRD","band":"VV","value":-2.882,"farmer_unique_id":"199665","site_id":8929},{"date":"2021-02-20","product":"COPERNICUS/S1_GRD","band":"VV","value":-5.7093,"farmer_unique_id":"199665","site_id":8929},{"date":"2021-03-04","product":"COPERNICUS/S1_GRD","band":"VV","value":-9.8026,"farmer_unique_id":"199665","site_id":8929},{"date":"2021-03-16","product":"COPERNICUS/S1_GRD","band":"VV","value":-8.231,"farmer_unique_id":"199665","site_id":8929},{"date":"2021-03-28","product":"COPERNICUS/S1_GRD","band":"VV","value":-8.8298,"farmer_unique_id":"199665","site_id":8929},{"date":"2021-04-09","product":"COPERNICUS/S1_GRD","band":"VV","value":-4.0446,"farmer_unique_id":"199665","site_id":8929},{"date":"2021-04-21","product":"COPERNICUS/S1_GRD","band":"VV","value":-5.1964,"farmer_unique_id":"199665","site_id":8929},{"date":"2021-05-03","product":"COPERNICUS/S1_GRD","band":"VV","value":-5.7947,"farmer_unique_id":"199665","site_id":8929},{"date":"2021-05-15","product":"COPERNICUS/S1_GRD","band":"VV","value":-5.7208,"farmer_unique_id":"199665","site_id":8929},{"date":"2021-05-27","product":"COPERNICUS/S1_GRD","band":"VV","value":-6.1849,"farmer_unique_id":"199665","site_id":8929},{"date":"2021-06-08","product":"COPERNICUS/S1_GRD","band":"VV","value":-2.9243,"farmer_unique_id":"199665","site_id":8929},{"date":"2021-06-20","product":"COPERNICUS/S1_GRD","band":"VV","value":-7.103,"farmer_unique_id":"199665","site_id":8929},{"date":"2021-07-02","product":"COPERNICUS/S1_GRD","band":"VV","value":-7.5852,"farmer_unique_id":"199665","site_id":8929},{"date":"2021-07-14","product":"COPERNICUS/S1_GRD","band":"VV","value":-7.7464,"farmer_unique_id":"199665","site_id":8929},{"date":"2021-07-26","product":"COPERNICUS/S1_GRD","band":"VV","value":-5.1507,"farmer_unique_id":"199665","site_id":8929},{"date":"2021-08-07","product":"COPERNICUS/S1_GRD","band":"VV","value":-5.5453,"farmer_unique_id":"199665","site_id":8929},{"date":"2021-08-19","product":"COPERNICUS/S1_GRD","band":"VV","value":-8.9452,"farmer_unique_id":"199665","site_id":8929},{"date":"2021-08-31","product":"COPERNICUS/S1_GRD","band":"VV","value":-7.4694,"farmer_unique_id":"199665","site_id":8929},{"date":"2021-09-12","product":"COPERNICUS/S1_GRD","band":"VV","value":-6.2434,"farmer_unique_id":"199665","site_id":8929},{"date":"2021-09-24","product":"COPERNICUS/S1_GRD","band":"VV","value":-4.0834,"farmer_unique_id":"199665","site_id":8929},{"date":"2021-10-06","product":"COPERNICUS/S1_GRD","band":"VV","value":-5.3154,"farmer_unique_id":"199665","site_id":8929},{"date":"2021-10-18","product":"COPERNICUS/S1_GRD","band":"VV","value":-4.2491,"farmer_unique_id":"199665","site_id":8929},{"date":"2021-10-30","product":"COPERNICUS/S1_GRD","band":"VV","value":-4.9087,"farmer_unique_id":"199665","site_id":8929},{"date":"2021-11-11","product":"COPERNICUS/S1_GRD","band":"VV","value":-4.892,"farmer_unique_id":"199665","site_id":8929},{"date":"2021-11-23","product":"COPERNICUS/S1_GRD","band":"VV","value":-4.8202,"farmer_unique_id":"199665","site_id":8929},{"date":"2021-12-05","product":"COPERNICUS/S1_GRD","band":"VV","value":-6.0713,"farmer_unique_id":"199665","site_id":8929},{"date":"2021-12-17","product":"COPERNICUS/S1_GRD","band":"VV","value":-4.2408,"farmer_unique_id":"199665","site_id":8929},{"date":"2021-12-29","product":"COPERNICUS/S1_GRD","band":"VV","value":-6.3221,"farmer_unique_id":"199665","site_id":8929}]
