[{"date":"2020-01-11","product":"COPERNICUS/S1_GRD","band":"VH","value":-20.8154,"farmer_unique_id":"3218278180","site_id":5644},{"date":"2020-01-23","product":"COPERNICUS/S1_GRD","band":"VH","value":-17.203,"farmer_unique_id":"3218278180","site_id":5644},{"date":"2020-02-04","product":"COPERNICUS/S1_GRD","band":"VH","value":-16.2666,"farmer_unique_id":"3218278180","site_id":5644},{"date":"2020-02-16","product":"COPERNICUS/S1_GRD","band":"VH","value":-14.4191,"farmer_unique_id":"3218278180","site_id":5644},{"date":"2020-02-28","product":"COPERNICUS/S1_GRD","band":"VH","value":-17.7378,"farmer_unique_id":"3218278180","site_id":5644},{"date":"2020-03-11","product":"COPERNICUS/S1_GRD","band":"VH","value":-17.1453,"farmer_unique_id":"3218278180","site_id":5644},{"date":"2020-03-23","product":"COPERNICUS/S1_GRD","band":"VH","value":-18.574,"farmer_unique_id":"3218278180","site_id":5644},{"date":"2020-04-04","product":"COPERNICUS/S1_GRD","band":"VH","value":-17.2416,"farmer_unique_id":"3218278180","site_id":5644},{"date":"2020-04-16","product":"COPERNICUS/S1_GRD","band":"VH","value":-17.7554,"farmer_unique_id":"3218278180","site_id":5644},{"date":"2020-04-28","product":"COPERNICUS/S1_GRD","band":"VH","value":-16.6499,"farmer_unique_id":"3218278180","site_id":5644},{"date":"2020-05-10","product":"COPERNICUS/S1_GRD","band":"VH","value":-15.6596,"farmer_unique_id":"3218278180","site_id":5644},{"date":"2020-05-22","product":"COPERNICUS/S1_GRD","band":"VH","value":-22.0137,"farmer_unique_id":"3218278180","site_id":5644},{"date":"2020-06-03","product":"COPERNICUS/S1_GRD","band":"VH","value":-18.5413,"farmer_unique_id":"3218278180","site_id":5644},{"date":"2020-06-15","product":"COPERNICUS/S1_GRD","band":"VH","value":-19.5447,"farmer_unique_id":"3218278180","site_id":5644},{"date":"2020-06-27","product":"COPERNICUS/S1_GRD","band":"VH","value":-17.3412,"farmer_unique_id":"3218278180","site_id":5644},{"date":"2020-07-09","product":"COPERNICUS/S1_GRD","band":"VH","value":-16.6597,"farmer_unique_id":"3218278180","site_id":5644},{"date":"2020-07-21","product":"COPERNICUS/S1_GRD","band":"VH","value":-17.305,"farmer_unique_id":"3218278180","site_id":5644},{"date":"2020-08-02","product":"COPERNICUS/S1_GRD","band":"VH","value":-23.1203,"farmer_unique_id":"3218278180","site_id":5644},{"date":"2020-08-14","product":"COPERNICUS/S1_GRD","band":"VH","value":-18.6653,"farmer_unique_id":"3218278180","site_id":5644},{"date":"2020-08-26","product":"COPERNICUS/S1_GRD","band":"VH","value":-19.096,"farmer_unique_id":"3218278180","site_id":5644},{"date":"2020-09-07","product":"COPERNICUS/S1_GRD","band":"VH","value":-18.3385,"farmer_unique_id":"3218278180","site_id":5644},{"date":"2020-09-19","product":"COPERNICUS/S1_GRD","band":"VH","value":-23.3235,"farmer_unique_id":"3218278180","site_id":5644},{"date":"2020-10-01","product":"COPERNICUS/S1_GRD","band":"VH","value":-20.7748,"farmer_unique_id":"3218278180","site_id":5644},{"date":"2020-10-13","product":"COPERNICUS/S1_GRD","band":"VH","value":-19.7005,"farmer_unique_id":"3218278180","site_id":5644},{"date":"2020-10-25","product":"COPERNICUS/S1_GRD","band":"VH","value":-21.6508,"farmer_unique_id":"3218278180","site_id":5644},{"date":"2020-11-06","product":"COPERNICUS/S1_GRD","band":"VH","value":-15.8897,"farmer_unique_id":"3218278180","site_id":5644},{"date":"2020-11-18","product":"COPERNICUS/S1_GRD","band":"VH","value":-22.9158,"farmer_unique_id":"3218278180","site_id":5644},{"date":"2020-11-30","product":"COPERNICUS/S1_GRD","band":"VH","value":-15.9607,"farmer_unique_id":"3218278180","site_id":5644},{"date":"2020-12-12","product":"COPERNICUS/S1_GRD","band":"VH","value":-16.6509,"farmer_unique_id":"3218278180","site_id":5644},{"date":"2020-12-24","product":"COPERNICUS/S1_GRD","band":"VH","value":-17.763,"farmer_unique_id":"3218278180","site_id":5644},{"date":"2021-01-05","product":"COPERNICUS/S1_GRD","band":"VH","value":-18.9096,"farmer_unique_id":"3218278180","site_id":5644},{"date":"2021-01-17","product":"COPERNICUS/S1_GRD","band":"VH","value":-16.8461,"farmer_unique_id":"3218278180","site_id":5644},{"date":"2021-01-29","product":"COPERNICUS/S1_GRD","band":"VH","value":-19.0792,"farmer_unique_id":"3218278180","site_id":5644},{"date":"2021-02-10","product":"COPERNICUS/S1_GRD","band":"VH","value":-18.7852,"farmer_unique_id":"3218278180","site_id":5644},{"date":"2021-02-22","product":"COPERNICUS/S1_GRD","band":"VH","value":-16.3108,"farmer_unique_id":"3218278180","site_id":5644},{"date":"2021-03-06","product":"COPERNICUS/S1_GRD","band":"VH","value":-19.7713,"farmer_unique_id":"3218278180","site_id":5644},{"date":"2021-03-18","product":"COPERNICUS/S1_GRD","band":"VH","value":-18.4524,"farmer_unique_id":"3218278180","site_id":5644},{"date":"2021-03-30","product":"COPERNICUS/S1_GRD","band":"VH","value":-15.7729,"farmer_unique_id":"3218278180","site_id":5644},{"date":"2021-04-11","product":"COPERNICUS/S1_GRD","band":"VH","value":-21.4077,"farmer_unique_id":"3218278180","site_id":5644},{"date":"2021-04-23","product":"COPERNICUS/S1_GRD","band":"VH","value":-19.1453,"farmer_unique_id":"3218278180","site_id":5644},{"date":"2021-05-05","product":"COPERNICUS/S1_GRD","band":"VH","value":-17.6908,"farmer_unique_id":"3218278180","site_id":5644},{"date":"2021-05-17","product":"COPERNICUS/S1_GRD","band":"VH","value":-16.1368,"farmer_unique_id":"3218278180","site_id":5644},{"date":"2021-05-29","product":"COPERNICUS/S1_GRD","band":"VH","value":-19.9379,"farmer_unique_id":"3218278180","site_id":5644},{"date":"2021-06-10","product":"COPERNICUS/S1_GRD","band":"VH","value":-15.8428,"farmer_unique_id":"3218278180","site_id":5644},{"date":"2021-06-22","product":"COPERNICUS/S1_GRD","band":"VH","value":-17.3113,"farmer_unique_id":"3218278180","site_id":5644},{"date":"2021-07-04","product":"COPERNICUS/S1_GRD","band":"VH","value":-19.2688,"farmer_unique_id":"3218278180","site_id":5644},{"date":"2021-07-16","product":"COPERNICUS/S1_GRD","band":"VH","value":-16.2403,"farmer_unique_id":"3218278180","site_id":5644},{"date":"2021-07-28","product":"COPERNICUS/S1_GRD","band":"VH","value":-13.393,"farmer_unique_id":"3218278180","site_id":5644},{"date":"2021-08-09","product":"COPERNICUS/S1_GRD","band":"VH","value":-20.0272,"farmer_unique_id":"3218278180","site_id":5644},{"date":"2021-08-21","product":"COPERNICUS/S1_GRD","band":"VH","value":-19.5941,"farmer_unique_id":"3218278180","site_id":5644},{"date":"2021-09-02","product":"COPERNICUS/S1_GRD","band":"VH","value":-21.2384,"farmer_unique_id":"3218278180","site_id":5644},{"date":"2021-09-14","product":"COPERNICUS/S1_GRD","band":"VH","value":-21.5864,"farmer_unique_id":"3218278180","site_id":5644},{"date":"2021-09-26","product":"COPERNICUS/S1_GRD","band":"VH","value":-20.0362,"farmer_unique_id":"3218278180","site_id":5644},{"date":"2021-10-08","product":"COPERNICUS/S1_GRD","band":"VH","value":-25.1869,"farmer_unique_id":"3218278180","site_id":5644},{"date":"2021-10-20","product":"COPERNICUS/S1_GRD","band":"VH","value":-21.2604,"farmer_unique_id":"3218278180","site_id":5644},{"date":"2021-11-01","product":"COPERNICUS/S1_GRD","band":"VH","value":-23.8048,"farmer_unique_id":"3218278180","site_id":5644},{"date":"2021-11-13","product":"COPERNICUS/S1_GRD","band":"VH","value":-21.3461,"farmer_unique_id":"3218278180","site_id":5644},{"date":"2021-11-25","product":"COPERNICUS/S1_GRD","band":"VH","value":-14.0943,"farmer_unique_id":"3218278180","site_id":5644},{"date":"2021-12-07","product":"COPERNICUS/S1_GRD","band":"VH","value":-17.9832,"farmer_unique_id":"3218278180","site_id":5644},{"date":"2021-12-19","product":"COPERNICUS/S1_GRD","band":"VH","value":-14.2707,"farmer_unique_id":"3218278180","site_id":5644},{"date":"2020-01-11","product":"COPERNICUS/S1_GRD","band":"VV","value":-15.1257,"farmer_unique_id":"3218278180","site_id":5644},{"date":"2020-01-23","product":"COPERNICUS/S1_GRD","band":"VV","value":-9.9737,"farmer_unique_id":"3218278180","site_id":5644},{"date":"2020-02-04","product":"COPERNICUS/S1_GRD","band":"VV","value":-14.0347,"farmer_unique_id":"3218278180","site_id":5644},{"date":"2020-02-16","product":"COPERNICUS/S1_GRD","band":"VV","value":-11.9872,"farmer_unique_id":"3218278180","site_id":5644},{"date":"2020-02-28","product":"COPERNICUS/S1_GRD","band":"VV","value":-11.5884,"farmer_unique_id":"3218278180","site_id":5644},{"date":"2020-03-11","product":"COPERNICUS/S1_GRD","band":"VV","value":-9.6974,"farmer_unique_id":"3218278180","site_id":5644},{"date":"2020-03-23","product":"COPERNICUS/S1_GRD","band":"VV","value":-11.5457,"farmer_unique_id":"3218278180","site_id":5644},{"date":"2020-04-04","product":"COPERNICUS/S1_GRD","band":"VV","value":-10.8353,"farmer_unique_id":"3218278180","site_id":5644},{"date":"2020-04-16","product":"COPERNICUS/S1_GRD","band":"VV","value":-10.3282,"farmer_unique_id":"3218278180","site_id":5644},{"date":"2020-04-28","product":"COPERNICUS/S1_GRD","band":"VV","value":-11.5535,"farmer_unique_id":"3218278180","site_id":5644},{"date":"2020-05-10","product":"COPERNICUS/S1_GRD","band":"VV","value":-9.1501,"farmer_unique_id":"3218278180","site_id":5644},{"date":"2020-05-22","product":"COPERNICUS/S1_GRD","band":"VV","value":-10.408,"farmer_unique_id":"3218278180","site_id":5644},{"date":"2020-06-03","product":"COPERNICUS/S1_GRD","band":"VV","value":-11.1202,"farmer_unique_id":"3218278180","site_id":5644},{"date":"2020-06-15","product":"COPERNICUS/S1_GRD","band":"VV","value":-10.6467,"farmer_unique_id":"3218278180","site_id":5644},{"date":"2020-06-27","product":"COPERNICUS/S1_GRD","band":"VV","value":-10.0566,"farmer_unique_id":"3218278180","site_id":5644},{"date":"2020-07-09","product":"COPERNICUS/S1_GRD","band":"VV","value":-12.8325,"farmer_unique_id":"3218278180","site_id":5644},{"date":"2020-07-21","product":"COPERNICUS/S1_GRD","band":"VV","value":-12.7276,"farmer_unique_id":"3218278180","site_id":5644},{"date":"2020-08-02","product":"COPERNICUS/S1_GRD","band":"VV","value":-13.4512,"farmer_unique_id":"3218278180","site_id":5644},{"date":"2020-08-14","product":"COPERNICUS/S1_GRD","band":"VV","value":-10.3354,"farmer_unique_id":"3218278180","site_id":5644},{"date":"2020-08-26","product":"COPERNICUS/S1_GRD","band":"VV","value":-14.1751,"farmer_unique_id":"3218278180","site_id":5644},{"date":"2020-09-07","product":"COPERNICUS/S1_GRD","band":"VV","value":-12.7391,"farmer_unique_id":"3218278180","site_id":5644},{"date":"2020-09-19","product":"COPERNICUS/S1_GRD","band":"VV","value":-9.3111,"farmer_unique_id":"3218278180","site_id":5644},{"date":"2020-10-01","product":"COPERNICUS/S1_GRD","band":"VV","value":-10.1155,"farmer_unique_id":"3218278180","site_id":5644},{"date":"2020-10-13","product":"COPERNICUS/S1_GRD","band":"VV","value":-9.3789,"farmer_unique_id":"3218278180","site_id":5644},{"date":"2020-10-25","product":"COPERNICUS/S1_GRD","band":"VV","value":-15.3563,"farmer_unique_id":"3218278180","site_id":5644},{"date":"2020-11-06","product":"COPERNICUS/S1_GRD","band":"VV","value":-7.1659,"farmer_unique_id":"3218278180","site_id":5644},{"date":"2020-11-18","product":"COPERNICUS/S1_GRD","band":"VV","value":-10.4507,"farmer_unique_id":"3218278180","site_id":5644},{"date":"2020-11-30","product":"COPERNICUS/S1_GRD","band":"VV","value":-8.1225,"farmer_unique_id":"3218278180","site_id":5644},{"date":"2020-12-12","product":"COPERNICUS/S1_GRD","band":"VV","value":-11.4043,"farmer_unique_id":"3218278180","site_id":5644},{"date":"2020-12-24","product":"COPERNICUS/S1_GRD","band":"VV","value":-11.7814,"farmer_unique_id":"3218278180","site_id":5644},{"date":"2021-01-05","product":"COPERNICUS/S1_GRD","band":"VV","value":-12.5965,"farmer_unique_id":"3218278180","site_id":5644},{"date":"2021-01-17","product":"COPERNICUS/S1_GRD","band":"VV","value":-7.5255,"farmer_unique_id":"3218278180","site_id":5644},{"date":"2021-01-29","product":"COPERNICUS/S1_GRD","band":"VV","value":-12.5582,"farmer_unique_id":"3218278180","site_id":5644},{"date":"2021-02-10","product":"COPERNICUS/S1_GRD","band":"VV","value":-13.9368,"farmer_unique_id":"3218278180","site_id":5644},{"date":"2021-02-22","product":"COPERNICUS/S1_GRD","band":"VV","value":-9.0584,"farmer_unique_id":"3218278180","site_id":5644},{"date":"2021-03-06","product":"COPERNICUS/S1_GRD","band":"VV","value":-13.912,"farmer_unique_id":"3218278180","site_id":5644},{"date":"2021-03-18","product":"COPERNICUS/S1_GRD","band":"VV","value":-12.9532,"farmer_unique_id":"3218278180","site_id":5644},{"date":"2021-03-30","product":"COPERNICUS/S1_GRD","band":"VV","value":-10.1061,"farmer_unique_id":"3218278180","site_id":5644},{"date":"2021-04-11","product":"COPERNICUS/S1_GRD","band":"VV","value":-10.2093,"farmer_unique_id":"3218278180","site_id":5644},{"date":"2021-04-23","product":"COPERNICUS/S1_GRD","band":"VV","value":-9.3623,"farmer_unique_id":"3218278180","site_id":5644},{"date":"2021-05-05","product":"COPERNICUS/S1_GRD","band":"VV","value":-7.9751,"farmer_unique_id":"3218278180","site_id":5644},{"date":"2021-05-17","product":"COPERNICUS/S1_GRD","band":"VV","value":-14.2142,"farmer_unique_id":"3218278180","site_id":5644},{"date":"2021-05-29","product":"COPERNICUS/S1_GRD","band":"VV","value":-8.8737,"farmer_unique_id":"3218278180","site_id":5644},{"date":"2021-06-10","product":"COPERNICUS/S1_GRD","band":"VV","value":-10.5326,"farmer_unique_id":"3218278180","site_id":5644},{"date":"2021-06-22","product":"COPERNICUS/S1_GRD","band":"VV","value":-14.2677,"farmer_unique_id":"3218278180","site_id":5644},{"date":"2021-07-04","product":"COPERNICUS/S1_GRD","band":"VV","value":-11.6657,"farmer_unique_id":"3218278180","site_id":5644},{"date":"2021-07-16","product":"COPERNICUS/S1_GRD","band":"VV","value":-7.5893,"farmer_unique_id":"3218278180","site_id":5644},{"date":"2021-07-28","product":"COPERNICUS/S1_GRD","band":"VV","value":-12.2341,"farmer_unique_id":"3218278180","site_id":5644},{"date":"2021-08-09","product":"COPERNICUS/S1_GRD","band":"VV","value":-13.661,"farmer_unique_id":"3218278180","site_id":5644},{"date":"2021-08-21","product":"COPERNICUS/S1_GRD","band":"VV","value":-13.4438,"farmer_unique_id":"3218278180","site_id":5644},{"date":"2021-09-02","product":"COPERNICUS/S1_GRD","band":"VV","value":-16.726,"farmer_unique_id":"3218278180","site_id":5644},{"date":"2021-09-14","product":"COPERNICUS/S1_GRD","band":"VV","value":-13.7283,"farmer_unique_id":"3218278180","site_id":5644},{"date":"2021-09-26","product":"COPERNICUS/S1_GRD","band":"VV","value":-14.1662,"farmer_unique_id":"3218278180","site_id":5644},{"date":"2021-10-08","product":"COPERNICUS/S1_GRD","band":"VV","value":-12.3353,"farmer_unique_id":"3218278180","site_id":5644},{"date":"2021-10-20","product":"COPERNICUS/S1_GRD","band":"VV","value":-10.4867,"farmer_unique_id":"3218278180","site_id":5644},{"date":"2021-11-01","product":"COPERNICUS/S1_GRD","band":"VV","value":-12.5955,"farmer_unique_id":"3218278180","site_id":5644},{"date":"2021-11-13","product":"COPERNICUS/S1_GRD","band":"VV","value":-12.7083,"farmer_unique_id":"3218278180","site_id":5644},{"date":"2021-11-25","product":"COPERNICUS/S1_GRD","band":"VV","value":-6.0811,"farmer_unique_id":"3218278180","site_id":5644},{"date":"2021-12-07","product":"COPERNICUS/S1_GRD","band":"VV","value":-10.6464,"farmer_unique_id":"3218278180","site_id":5644},{"date":"2021-12-19","product":"COPERNICUS/S1_GRD","band":"VV","value":-10.7081,"farmer_unique_id":"3218278180","site_id":5644}]
