[{"date":"2020-01-11","product":"COPERNICUS/S1_GRD","band":"VH","value":-18.6069,"farmer_unique_id":"4133266","site_id":8267},{"date":"2020-01-23","product":"COPERNICUS/S1_GRD","band":"VH","value":-18.1528,"farmer_unique_id":"4133266","site_id":8267},{"date":"2020-02-04","product":"COPERNICUS/S1_GRD","band":"VH","value":-13.528,"farmer_unique_id":"4133266","site_id":8267},{"date":"2020-02-16","product":"COPERNICUS/S1_GRD","band":"VH","value":-16.5514,"farmer_unique_id":"4133266","site_id":8267},{"date":"2020-02-28","product":"COPERNICUS/S1_GRD","band":"VH","value":-21.8784,"farmer_unique_id":"4133266","site_id":8267},{"date":"2020-03-11","product":"COPERNICUS/S1_GRD","band":"VH","value":-15.3673,"farmer_unique_id":"4133266","site_id":8267},{"date":"2020-03-23","product":"COPERNICUS/S1_GRD","band":"VH","value":-15.9445,"farmer_unique_id":"4133266","site_id":8267},{"date":"2020-04-04","product":"COPERNICUS/S1_GRD","band":"VH","value":-12.7493,"farmer_unique_id":"4133266","site_id":8267},{"date":"2020-04-16","product":"COPERNICUS/S1_GRD","band":"VH","value":-16.7415,"farmer_unique_id":"4133266","site_id":8267},{"date":"2020-04-28","product":"COPERNICUS/S1_GRD","band":"VH","value":-14.5712,"farmer_unique_id":"4133266","site_id":8267},{"date":"2020-05-10","product":"COPERNICUS/S1_GRD","band":"VH","value":-17.4275,"farmer_unique_id":"4133266","site_id":8267},{"date":"2020-05-22","product":"COPERNICUS/S1_GRD","band":"VH","value":-15.4853,"farmer_unique_id":"4133266","site_id":8267},{"date":"2020-06-03","product":"COPERNICUS/S1_GRD","band":"VH","value":-14.3281,"farmer_unique_id":"4133266","site_id":8267},{"date":"2020-06-15","product":"COPERNICUS/S1_GRD","band":"VH","value":-14.8473,"farmer_unique_id":"4133266","site_id":8267},{"date":"2020-06-27","product":"COPERNICUS/S1_GRD","band":"VH","value":-15.6811,"farmer_unique_id":"4133266","site_id":8267},{"date":"2020-07-09","product":"COPERNICUS/S1_GRD","band":"VH","value":-16.3822,"farmer_unique_id":"4133266","site_id":8267},{"date":"2020-07-21","product":"COPERNICUS/S1_GRD","band":"VH","value":-17.5191,"farmer_unique_id":"4133266","site_id":8267},{"date":"2020-08-02","product":"COPERNICUS/S1_GRD","band":"VH","value":-20.1342,"farmer_unique_id":"4133266","site_id":8267},{"date":"2020-08-14","product":"COPERNICUS/S1_GRD","band":"VH","value":-19.4303,"farmer_unique_id":"4133266","site_id":8267},{"date":"2020-08-26","product":"COPERNICUS/S1_GRD","band":"VH","value":-17.6027,"farmer_unique_id":"4133266","site_id":8267},{"date":"2020-09-07","product":"COPERNICUS/S1_GRD","band":"VH","value":-16.1549,"farmer_unique_id":"4133266","site_id":8267},{"date":"2020-09-19","product":"COPERNICUS/S1_GRD","band":"VH","value":-21.5485,"farmer_unique_id":"4133266","site_id":8267},{"date":"2020-10-01","product":"COPERNICUS/S1_GRD","band":"VH","value":-17.476,"farmer_unique_id":"4133266","site_id":8267},{"date":"2020-10-13","product":"COPERNICUS/S1_GRD","band":"VH","value":-20.7115,"farmer_unique_id":"4133266","site_id":8267},{"date":"2020-10-25","product":"COPERNICUS/S1_GRD","band":"VH","value":-26.3692,"farmer_unique_id":"4133266","site_id":8267},{"date":"2020-11-06","product":"COPERNICUS/S1_GRD","band":"VH","value":-15.422,"farmer_unique_id":"4133266","site_id":8267},{"date":"2020-11-18","product":"COPERNICUS/S1_GRD","band":"VH","value":-16.3776,"farmer_unique_id":"4133266","site_id":8267},{"date":"2020-11-30","product":"COPERNICUS/S1_GRD","band":"VH","value":-16.8526,"farmer_unique_id":"4133266","site_id":8267},{"date":"2020-12-12","product":"COPERNICUS/S1_GRD","band":"VH","value":-15.7222,"farmer_unique_id":"4133266","site_id":8267},{"date":"2020-12-24","product":"COPERNICUS/S1_GRD","band":"VH","value":-16.1489,"farmer_unique_id":"4133266","site_id":8267},{"date":"2021-01-05","product":"COPERNICUS/S1_GRD","band":"VH","value":-14.3167,"farmer_unique_id":"4133266","site_id":8267},{"date":"2021-01-17","product":"COPERNICUS/S1_GRD","band":"VH","value":-13.4247,"farmer_unique_id":"4133266","site_id":8267},{"date":"2021-01-29","product":"COPERNICUS/S1_GRD","band":"VH","value":-15.4857,"farmer_unique_id":"4133266","site_id":8267},{"date":"2021-02-10","product":"COPERNICUS/S1_GRD","band":"VH","value":-15.7078,"farmer_unique_id":"4133266","site_id":8267},{"date":"2021-02-22","product":"COPERNICUS/S1_GRD","band":"VH","value":-15.9418,"farmer_unique_id":"4133266","site_id":8267},{"date":"2021-03-06","product":"COPERNICUS/S1_GRD","band":"VH","value":-22.0574,"farmer_unique_id":"4133266","site_id":8267},{"date":"2021-03-18","product":"COPERNICUS/S1_GRD","band":"VH","value":-13.4861,"farmer_unique_id":"4133266","site_id":8267},{"date":"2021-03-30","product":"COPERNICUS/S1_GRD","band":"VH","value":-12.3162,"farmer_unique_id":"4133266","site_id":8267},{"date":"2021-04-11","product":"COPERNICUS/S1_GRD","band":"VH","value":-13.7243,"farmer_unique_id":"4133266","site_id":8267},{"date":"2021-04-23","product":"COPERNICUS/S1_GRD","band":"VH","value":-14.9924,"farmer_unique_id":"4133266","site_id":8267},{"date":"2021-05-05","product":"COPERNICUS/S1_GRD","band":"VH","value":-13.8324,"farmer_unique_id":"4133266","site_id":8267},{"date":"2021-05-17","product":"COPERNICUS/S1_GRD","band":"VH","value":-12.526,"farmer_unique_id":"4133266","site_id":8267},{"date":"2021-05-29","product":"COPERNICUS/S1_GRD","band":"VH","value":-14.322,"farmer_unique_id":"4133266","site_id":8267},{"date":"2021-06-10","product":"COPERNICUS/S1_GRD","band":"VH","value":-12.9139,"farmer_unique_id":"4133266","site_id":8267},{"date":"2021-06-22","product":"COPERNICUS/S1_GRD","band":"VH","value":-18.0628,"farmer_unique_id":"4133266","site_id":8267},{"date":"2021-07-04","product":"COPERNICUS/S1_GRD","band":"VH","value":-15.0151,"farmer_unique_id":"4133266","site_id":8267},{"date":"2021-07-16","product":"COPERNICUS/S1_GRD","band":"VH","value":-20.8788,"farmer_unique_id":"4133266","site_id":8267},{"date":"2021-07-28","product":"COPERNICUS/S1_GRD","band":"VH","value":-16.7509,"farmer_unique_id":"4133266","site_id":8267},{"date":"2021-08-09","product":"COPERNICUS/S1_GRD","band":"VH","value":-16.6341,"farmer_unique_id":"4133266","site_id":8267},{"date":"2021-08-21","product":"COPERNICUS/S1_GRD","band":"VH","value":-15.9307,"farmer_unique_id":"4133266","site_id":8267},{"date":"2021-09-02","product":"COPERNICUS/S1_GRD","band":"VH","value":-20.8098,"farmer_unique_id":"4133266","site_id":8267},{"date":"2021-09-14","product":"COPERNICUS/S1_GRD","band":"VH","value":-16.6497,"farmer_unique_id":"4133266","site_id":8267},{"date":"2021-09-26","product":"COPERNICUS/S1_GRD","band":"VH","value":-15.7714,"farmer_unique_id":"4133266","site_id":8267},{"date":"2021-10-08","product":"COPERNICUS/S1_GRD","band":"VH","value":-23.467,"farmer_unique_id":"4133266","site_id":8267},{"date":"2021-10-20","product":"COPERNICUS/S1_GRD","band":"VH","value":-12.6025,"farmer_unique_id":"4133266","site_id":8267},{"date":"2021-11-01","product":"COPERNICUS/S1_GRD","band":"VH","value":-23.988,"farmer_unique_id":"4133266","site_id":8267},{"date":"2021-11-13","product":"COPERNICUS/S1_GRD","band":"VH","value":-19.393,"farmer_unique_id":"4133266","site_id":8267},{"date":"2021-11-25","product":"COPERNICUS/S1_GRD","band":"VH","value":-13.6743,"farmer_unique_id":"4133266","site_id":8267},{"date":"2021-12-07","product":"COPERNICUS/S1_GRD","band":"VH","value":-15.2736,"farmer_unique_id":"4133266","site_id":8267},{"date":"2021-12-19","product":"COPERNICUS/S1_GRD","band":"VH","value":-12.6663,"farmer_unique_id":"4133266","site_id":8267},{"date":"2020-01-11","product":"COPERNICUS/S1_GRD","band":"VV","value":-9.7796,"farmer_unique_id":"4133266","site_id":8267},{"date":"2020-01-23","product":"COPERNICUS/S1_GRD","band":"VV","value":-8.6592,"farmer_unique_id":"4133266","site_id":8267},{"date":"2020-02-04","product":"COPERNICUS/S1_GRD","band":"VV","value":-9.2433,"farmer_unique_id":"4133266","site_id":8267},{"date":"2020-02-16","product":"COPERNICUS/S1_GRD","band":"VV","value":-8.0622,"farmer_unique_id":"4133266","site_id":8267},{"date":"2020-02-28","product":"COPERNICUS/S1_GRD","band":"VV","value":-10.4022,"farmer_unique_id":"4133266","site_id":8267},{"date":"2020-03-11","product":"COPERNICUS/S1_GRD","band":"VV","value":-7.9883,"farmer_unique_id":"4133266","site_id":8267},{"date":"2020-03-23","product":"COPERNICUS/S1_GRD","band":"VV","value":-10.5811,"farmer_unique_id":"4133266","site_id":8267},{"date":"2020-04-04","product":"COPERNICUS/S1_GRD","band":"VV","value":-9.9143,"farmer_unique_id":"4133266","site_id":8267},{"date":"2020-04-16","product":"COPERNICUS/S1_GRD","band":"VV","value":-8.2063,"farmer_unique_id":"4133266","site_id":8267},{"date":"2020-04-28","product":"COPERNICUS/S1_GRD","band":"VV","value":-7.13,"farmer_unique_id":"4133266","site_id":8267},{"date":"2020-05-10","product":"COPERNICUS/S1_GRD","band":"VV","value":-10.43,"farmer_unique_id":"4133266","site_id":8267},{"date":"2020-05-22","product":"COPERNICUS/S1_GRD","band":"VV","value":-9.0372,"farmer_unique_id":"4133266","site_id":8267},{"date":"2020-06-03","product":"COPERNICUS/S1_GRD","band":"VV","value":-10.5133,"farmer_unique_id":"4133266","site_id":8267},{"date":"2020-06-15","product":"COPERNICUS/S1_GRD","band":"VV","value":-5.258,"farmer_unique_id":"4133266","site_id":8267},{"date":"2020-06-27","product":"COPERNICUS/S1_GRD","band":"VV","value":-8.6541,"farmer_unique_id":"4133266","site_id":8267},{"date":"2020-07-09","product":"COPERNICUS/S1_GRD","band":"VV","value":-10.0767,"farmer_unique_id":"4133266","site_id":8267},{"date":"2020-07-21","product":"COPERNICUS/S1_GRD","band":"VV","value":-7.8914,"farmer_unique_id":"4133266","site_id":8267},{"date":"2020-08-02","product":"COPERNICUS/S1_GRD","band":"VV","value":-6.6787,"farmer_unique_id":"4133266","site_id":8267},{"date":"2020-08-14","product":"COPERNICUS/S1_GRD","band":"VV","value":-8.9875,"farmer_unique_id":"4133266","site_id":8267},{"date":"2020-08-26","product":"COPERNICUS/S1_GRD","band":"VV","value":-9.0966,"farmer_unique_id":"4133266","site_id":8267},{"date":"2020-09-07","product":"COPERNICUS/S1_GRD","band":"VV","value":-11.1325,"farmer_unique_id":"4133266","site_id":8267},{"date":"2020-09-19","product":"COPERNICUS/S1_GRD","band":"VV","value":-12.2675,"farmer_unique_id":"4133266","site_id":8267},{"date":"2020-10-01","product":"COPERNICUS/S1_GRD","band":"VV","value":-11.2011,"farmer_unique_id":"4133266","site_id":8267},{"date":"2020-10-13","product":"COPERNICUS/S1_GRD","band":"VV","value":-12.2811,"farmer_unique_id":"4133266","site_id":8267},{"date":"2020-10-25","product":"COPERNICUS/S1_GRD","band":"VV","value":-11.8831,"farmer_unique_id":"4133266","site_id":8267},{"date":"2020-11-06","product":"COPERNICUS/S1_GRD","band":"VV","value":-7.2661,"farmer_unique_id":"4133266","site_id":8267},{"date":"2020-11-18","product":"COPERNICUS/S1_GRD","band":"VV","value":-9.7888,"farmer_unique_id":"4133266","site_id":8267},{"date":"2020-11-30","product":"COPERNICUS/S1_GRD","band":"VV","value":-6.9776,"farmer_unique_id":"4133266","site_id":8267},{"date":"2020-12-12","product":"COPERNICUS/S1_GRD","band":"VV","value":-9.8265,"farmer_unique_id":"4133266","site_id":8267},{"date":"2020-12-24","product":"COPERNICUS/S1_GRD","band":"VV","value":-7.9805,"farmer_unique_id":"4133266","site_id":8267},{"date":"2021-01-05","product":"COPERNICUS/S1_GRD","band":"VV","value":-10.5886,"farmer_unique_id":"4133266","site_id":8267},{"date":"2021-01-17","product":"COPERNICUS/S1_GRD","band":"VV","value":-11.3051,"farmer_unique_id":"4133266","site_id":8267},{"date":"2021-01-29","product":"COPERNICUS/S1_GRD","band":"VV","value":-9.0763,"farmer_unique_id":"4133266","site_id":8267},{"date":"2021-02-10","product":"COPERNICUS/S1_GRD","band":"VV","value":-10.1258,"farmer_unique_id":"4133266","site_id":8267},{"date":"2021-02-22","product":"COPERNICUS/S1_GRD","band":"VV","value":-4.4424,"farmer_unique_id":"4133266","site_id":8267},{"date":"2021-03-06","product":"COPERNICUS/S1_GRD","band":"VV","value":-10.6657,"farmer_unique_id":"4133266","site_id":8267},{"date":"2021-03-18","product":"COPERNICUS/S1_GRD","band":"VV","value":-7.68,"farmer_unique_id":"4133266","site_id":8267},{"date":"2021-03-30","product":"COPERNICUS/S1_GRD","band":"VV","value":-5.9095,"farmer_unique_id":"4133266","site_id":8267},{"date":"2021-04-11","product":"COPERNICUS/S1_GRD","band":"VV","value":-3.6746,"farmer_unique_id":"4133266","site_id":8267},{"date":"2021-04-23","product":"COPERNICUS/S1_GRD","band":"VV","value":-8.6142,"farmer_unique_id":"4133266","site_id":8267},{"date":"2021-05-05","product":"COPERNICUS/S1_GRD","band":"VV","value":-6.4883,"farmer_unique_id":"4133266","site_id":8267},{"date":"2021-05-17","product":"COPERNICUS/S1_GRD","band":"VV","value":-11.5504,"farmer_unique_id":"4133266","site_id":8267},{"date":"2021-05-29","product":"COPERNICUS/S1_GRD","band":"VV","value":-8.2662,"farmer_unique_id":"4133266","site_id":8267},{"date":"2021-06-10","product":"COPERNICUS/S1_GRD","band":"VV","value":-12.6978,"farmer_unique_id":"4133266","site_id":8267},{"date":"2021-06-22","product":"COPERNICUS/S1_GRD","band":"VV","value":-6.8673,"farmer_unique_id":"4133266","site_id":8267},{"date":"2021-07-04","product":"COPERNICUS/S1_GRD","band":"VV","value":-8.4404,"farmer_unique_id":"4133266","site_id":8267},{"date":"2021-07-16","product":"COPERNICUS/S1_GRD","band":"VV","value":-11.9491,"farmer_unique_id":"4133266","site_id":8267},{"date":"2021-07-28","product":"COPERNICUS/S1_GRD","band":"VV","value":-10.7697,"farmer_unique_id":"4133266","site_id":8267},{"date":"2021-08-09","product":"COPERNICUS/S1_GRD","band":"VV","value":-10.5204,"farmer_unique_id":"4133266","site_id":8267},{"date":"2021-08-21","product":"COPERNICUS/S1_GRD","band":"VV","value":-14.1602,"farmer_unique_id":"4133266","site_id":8267},{"date":"2021-09-02","product":"COPERNICUS/S1_GRD","band":"VV","value":-8.1333,"farmer_unique_id":"4133266","site_id":8267},{"date":"2021-09-14","product":"COPERNICUS/S1_GRD","band":"VV","value":-12.2358,"farmer_unique_id":"4133266","site_id":8267},{"date":"2021-09-26","product":"COPERNICUS/S1_GRD","band":"VV","value":-11.936,"farmer_unique_id":"4133266","site_id":8267},{"date":"2021-10-08","product":"COPERNICUS/S1_GRD","band":"VV","value":-11.0561,"farmer_unique_id":"4133266","site_id":8267},{"date":"2021-10-20","product":"COPERNICUS/S1_GRD","band":"VV","value":-6.7891,"farmer_unique_id":"4133266","site_id":8267},{"date":"2021-11-01","product":"COPERNICUS/S1_GRD","band":"VV","value":-10.9861,"farmer_unique_id":"4133266","site_id":8267},{"date":"2021-11-13","product":"COPERNICUS/S1_GRD","band":"VV","value":-9.7138,"farmer_unique_id":"4133266","site_id":8267},{"date":"2021-11-25","product":"COPERNICUS/S1_GRD","band":"VV","value":-8.3889,"farmer_unique_id":"4133266","site_id":8267},{"date":"2021-12-07","product":"COPERNICUS/S1_GRD","band":"VV","value":-9.2789,"farmer_unique_id":"4133266","site_id":8267},{"date":"2021-12-19","product":"COPERNICUS/S1_GRD","band":"VV","value":-10.1938,"farmer_unique_id":"4133266","site_id":8267}]
