[{"date":"2020-01-11","product":"COPERNICUS/S1_GRD","band":"VH","value":-14.0707,"farmer_unique_id":"394110212","site_id":10696},{"date":"2020-01-23","product":"COPERNICUS/S1_GRD","band":"VH","value":-12.9821,"farmer_unique_id":"394110212","site_id":10696},{"date":"2020-02-04","product":"COPERNICUS/S1_GRD","band":"VH","value":-14.9465,"farmer_unique_id":"394110212","site_id":10696},{"date":"2020-02-16","product":"COPERNICUS/S1_GRD","band":"VH","value":-12.56,"farmer_unique_id":"394110212","site_id":10696},{"date":"2020-02-28","product":"COPERNICUS/S1_GRD","band":"VH","value":-12.1422,"farmer_unique_id":"394110212","site_id":10696},{"date":"2020-03-11","product":"COPERNICUS/S1_GRD","band":"VH","value":-11.7332,"farmer_unique_id":"394110212","site_id":10696},{"date":"2020-03-23","product":"COPERNICUS/S1_GRD","band":"VH","value":-13.0215,"farmer_unique_id":"394110212","site_id":10696},{"date":"2020-04-04","product":"COPERNICUS/S1_GRD","band":"VH","value":-13.9173,"farmer_unique_id":"394110212","site_id":10696},{"date":"2020-04-16","product":"COPERNICUS/S1_GRD","band":"VH","value":-16.491,"farmer_unique_id":"394110212","site_id":10696},{"date":"2020-04-28","product":"COPERNICUS/S1_GRD","band":"VH","value":-10.1982,"farmer_unique_id":"394110212","site_id":10696},{"date":"2020-05-10","product":"COPERNICUS/S1_GRD","band":"VH","value":-11.8688,"farmer_unique_id":"394110212","site_id":10696},{"date":"2020-05-22","product":"COPERNICUS/S1_GRD","band":"VH","value":-16.6553,"farmer_unique_id":"394110212","site_id":10696},{"date":"2020-06-15","product":"COPERNICUS/S1_GRD","band":"VH","value":-12.7172,"farmer_unique_id":"394110212","site_id":10696},{"date":"2020-06-27","product":"COPERNICUS/S1_GRD","band":"VH","value":-14.2459,"farmer_unique_id":"394110212","site_id":10696},{"date":"2020-07-09","product":"COPERNICUS/S1_GRD","band":"VH","value":-12.8436,"farmer_unique_id":"394110212","site_id":10696},{"date":"2020-07-21","product":"COPERNICUS/S1_GRD","band":"VH","value":-16.6026,"farmer_unique_id":"394110212","site_id":10696},{"date":"2020-08-02","product":"COPERNICUS/S1_GRD","band":"VH","value":-16.4452,"farmer_unique_id":"394110212","site_id":10696},{"date":"2020-08-14","product":"COPERNICUS/S1_GRD","band":"VH","value":-15.646,"farmer_unique_id":"394110212","site_id":10696},{"date":"2020-08-26","product":"COPERNICUS/S1_GRD","band":"VH","value":-17.6152,"farmer_unique_id":"394110212","site_id":10696},{"date":"2020-09-07","product":"COPERNICUS/S1_GRD","band":"VH","value":-16.746,"farmer_unique_id":"394110212","site_id":10696},{"date":"2020-09-19","product":"COPERNICUS/S1_GRD","band":"VH","value":-13.6138,"farmer_unique_id":"394110212","site_id":10696},{"date":"2020-10-01","product":"COPERNICUS/S1_GRD","band":"VH","value":-12.0094,"farmer_unique_id":"394110212","site_id":10696},{"date":"2020-10-13","product":"COPERNICUS/S1_GRD","band":"VH","value":-14.1613,"farmer_unique_id":"394110212","site_id":10696},{"date":"2020-10-25","product":"COPERNICUS/S1_GRD","band":"VH","value":-17.8417,"farmer_unique_id":"394110212","site_id":10696},{"date":"2020-11-06","product":"COPERNICUS/S1_GRD","band":"VH","value":-15.2131,"farmer_unique_id":"394110212","site_id":10696},{"date":"2020-11-18","product":"COPERNICUS/S1_GRD","band":"VH","value":-16.5295,"farmer_unique_id":"394110212","site_id":10696},{"date":"2020-11-30","product":"COPERNICUS/S1_GRD","band":"VH","value":-12.3896,"farmer_unique_id":"394110212","site_id":10696},{"date":"2020-12-12","product":"COPERNICUS/S1_GRD","band":"VH","value":-15.5801,"farmer_unique_id":"394110212","site_id":10696},{"date":"2020-12-24","product":"COPERNICUS/S1_GRD","band":"VH","value":-15.3937,"farmer_unique_id":"394110212","site_id":10696},{"date":"2021-01-05","product":"COPERNICUS/S1_GRD","band":"VH","value":-12.7444,"farmer_unique_id":"394110212","site_id":10696},{"date":"2021-01-17","product":"COPERNICUS/S1_GRD","band":"VH","value":-16.0075,"farmer_unique_id":"394110212","site_id":10696},{"date":"2021-01-29","product":"COPERNICUS/S1_GRD","band":"VH","value":-13.9734,"farmer_unique_id":"394110212","site_id":10696},{"date":"2021-02-10","product":"COPERNICUS/S1_GRD","band":"VH","value":-14.0835,"farmer_unique_id":"394110212","site_id":10696},{"date":"2021-02-22","product":"COPERNICUS/S1_GRD","band":"VH","value":-15.1479,"farmer_unique_id":"394110212","site_id":10696},{"date":"2021-03-06","product":"COPERNICUS/S1_GRD","band":"VH","value":-16.2481,"farmer_unique_id":"394110212","site_id":10696},{"date":"2021-03-18","product":"COPERNICUS/S1_GRD","band":"VH","value":-13.7759,"farmer_unique_id":"394110212","site_id":10696},{"date":"2021-03-30","product":"COPERNICUS/S1_GRD","band":"VH","value":-13.1822,"farmer_unique_id":"394110212","site_id":10696},{"date":"2021-04-11","product":"COPERNICUS/S1_GRD","band":"VH","value":-15.5646,"farmer_unique_id":"394110212","site_id":10696},{"date":"2021-04-23","product":"COPERNICUS/S1_GRD","band":"VH","value":-17.4869,"farmer_unique_id":"394110212","site_id":10696},{"date":"2021-05-05","product":"COPERNICUS/S1_GRD","band":"VH","value":-17.634,"farmer_unique_id":"394110212","site_id":10696},{"date":"2021-05-17","product":"COPERNICUS/S1_GRD","band":"VH","value":-18.5565,"farmer_unique_id":"394110212","site_id":10696},{"date":"2021-05-29","product":"COPERNICUS/S1_GRD","band":"VH","value":-16.764,"farmer_unique_id":"394110212","site_id":10696},{"date":"2021-06-10","product":"COPERNICUS/S1_GRD","band":"VH","value":-15.0121,"farmer_unique_id":"394110212","site_id":10696},{"date":"2021-06-22","product":"COPERNICUS/S1_GRD","band":"VH","value":-15.152,"farmer_unique_id":"394110212","site_id":10696},{"date":"2021-07-04","product":"COPERNICUS/S1_GRD","band":"VH","value":-17.4209,"farmer_unique_id":"394110212","site_id":10696},{"date":"2021-07-16","product":"COPERNICUS/S1_GRD","band":"VH","value":-15.2762,"farmer_unique_id":"394110212","site_id":10696},{"date":"2021-07-28","product":"COPERNICUS/S1_GRD","band":"VH","value":-18.0592,"farmer_unique_id":"394110212","site_id":10696},{"date":"2021-08-09","product":"COPERNICUS/S1_GRD","band":"VH","value":-17.7696,"farmer_unique_id":"394110212","site_id":10696},{"date":"2021-08-21","product":"COPERNICUS/S1_GRD","band":"VH","value":-14.8359,"farmer_unique_id":"394110212","site_id":10696},{"date":"2021-09-02","product":"COPERNICUS/S1_GRD","band":"VH","value":-19.2348,"farmer_unique_id":"394110212","site_id":10696},{"date":"2021-09-14","product":"COPERNICUS/S1_GRD","band":"VH","value":-14.0345,"farmer_unique_id":"394110212","site_id":10696},{"date":"2021-09-26","product":"COPERNICUS/S1_GRD","band":"VH","value":-14.0241,"farmer_unique_id":"394110212","site_id":10696},{"date":"2021-10-08","product":"COPERNICUS/S1_GRD","band":"VH","value":-14.6546,"farmer_unique_id":"394110212","site_id":10696},{"date":"2021-10-20","product":"COPERNICUS/S1_GRD","band":"VH","value":-14.8044,"farmer_unique_id":"394110212","site_id":10696},{"date":"2021-11-01","product":"COPERNICUS/S1_GRD","band":"VH","value":-16.0915,"farmer_unique_id":"394110212","site_id":10696},{"date":"2021-11-13","product":"COPERNICUS/S1_GRD","band":"VH","value":-14.0818,"farmer_unique_id":"394110212","site_id":10696},{"date":"2021-11-25","product":"COPERNICUS/S1_GRD","band":"VH","value":-19.6626,"farmer_unique_id":"394110212","site_id":10696},{"date":"2021-12-07","product":"COPERNICUS/S1_GRD","band":"VH","value":-12.4942,"farmer_unique_id":"394110212","site_id":10696},{"date":"2021-12-19","product":"COPERNICUS/S1_GRD","band":"VH","value":-17.6829,"farmer_unique_id":"394110212","site_id":10696},{"date":"2020-01-11","product":"COPERNICUS/S1_GRD","band":"VV","value":-7.436,"farmer_unique_id":"394110212","site_id":10696},{"date":"2020-01-23","product":"COPERNICUS/S1_GRD","band":"VV","value":-7.9358,"farmer_unique_id":"394110212","site_id":10696},{"date":"2020-02-04","product":"COPERNICUS/S1_GRD","band":"VV","value":-6.4125,"farmer_unique_id":"394110212","site_id":10696},{"date":"2020-02-16","product":"COPERNICUS/S1_GRD","band":"VV","value":-7.6811,"farmer_unique_id":"394110212","site_id":10696},{"date":"2020-02-28","product":"COPERNICUS/S1_GRD","band":"VV","value":-8.5202,"farmer_unique_id":"394110212","site_id":10696},{"date":"2020-03-11","product":"COPERNICUS/S1_GRD","band":"VV","value":-6.6477,"farmer_unique_id":"394110212","site_id":10696},{"date":"2020-03-23","product":"COPERNICUS/S1_GRD","band":"VV","value":-8.857,"farmer_unique_id":"394110212","site_id":10696},{"date":"2020-04-04","product":"COPERNICUS/S1_GRD","band":"VV","value":-6.8114,"farmer_unique_id":"394110212","site_id":10696},{"date":"2020-04-16","product":"COPERNICUS/S1_GRD","band":"VV","value":-4.6448,"farmer_unique_id":"394110212","site_id":10696},{"date":"2020-04-28","product":"COPERNICUS/S1_GRD","band":"VV","value":-7.8145,"farmer_unique_id":"394110212","site_id":10696},{"date":"2020-05-10","product":"COPERNICUS/S1_GRD","band":"VV","value":-14.0108,"farmer_unique_id":"394110212","site_id":10696},{"date":"2020-05-22","product":"COPERNICUS/S1_GRD","band":"VV","value":-8.1419,"farmer_unique_id":"394110212","site_id":10696},{"date":"2020-06-15","product":"COPERNICUS/S1_GRD","band":"VV","value":-11.635,"farmer_unique_id":"394110212","site_id":10696},{"date":"2020-06-27","product":"COPERNICUS/S1_GRD","band":"VV","value":-5.9919,"farmer_unique_id":"394110212","site_id":10696},{"date":"2020-07-09","product":"COPERNICUS/S1_GRD","band":"VV","value":-12.5073,"farmer_unique_id":"394110212","site_id":10696},{"date":"2020-07-21","product":"COPERNICUS/S1_GRD","band":"VV","value":-8.5398,"farmer_unique_id":"394110212","site_id":10696},{"date":"2020-08-02","product":"COPERNICUS/S1_GRD","band":"VV","value":-7.6147,"farmer_unique_id":"394110212","site_id":10696},{"date":"2020-08-14","product":"COPERNICUS/S1_GRD","band":"VV","value":-8.8826,"farmer_unique_id":"394110212","site_id":10696},{"date":"2020-08-26","product":"COPERNICUS/S1_GRD","band":"VV","value":-10.5557,"farmer_unique_id":"394110212","site_id":10696},{"date":"2020-09-07","product":"COPERNICUS/S1_GRD","band":"VV","value":-11.8029,"farmer_unique_id":"394110212","site_id":10696},{"date":"2020-09-19","product":"COPERNICUS/S1_GRD","band":"VV","value":-8.4655,"farmer_unique_id":"394110212","site_id":10696},{"date":"2020-10-01","product":"COPERNICUS/S1_GRD","band":"VV","value":-7.7604,"farmer_unique_id":"394110212","site_id":10696},{"date":"2020-10-13","product":"COPERNICUS/S1_GRD","band":"VV","value":-9.3919,"farmer_unique_id":"394110212","site_id":10696},{"date":"2020-10-25","product":"COPERNICUS/S1_GRD","band":"VV","value":-6.2165,"farmer_unique_id":"394110212","site_id":10696},{"date":"2020-11-06","product":"COPERNICUS/S1_GRD","band":"VV","value":-10.9694,"farmer_unique_id":"394110212","site_id":10696},{"date":"2020-11-18","product":"COPERNICUS/S1_GRD","band":"VV","value":-8.4501,"farmer_unique_id":"394110212","site_id":10696},{"date":"2020-11-30","product":"COPERNICUS/S1_GRD","band":"VV","value":-7.7517,"farmer_unique_id":"394110212","site_id":10696},{"date":"2020-12-12","product":"COPERNICUS/S1_GRD","band":"VV","value":-12.4551,"farmer_unique_id":"394110212","site_id":10696},{"date":"2020-12-24","product":"COPERNICUS/S1_GRD","band":"VV","value":-9.0467,"farmer_unique_id":"394110212","site_id":10696},{"date":"2021-01-05","product":"COPERNICUS/S1_GRD","band":"VV","value":-7.0272,"farmer_unique_id":"394110212","site_id":10696},{"date":"2021-01-17","product":"COPERNICUS/S1_GRD","band":"VV","value":-8.6791,"farmer_unique_id":"394110212","site_id":10696},{"date":"2021-01-29","product":"COPERNICUS/S1_GRD","band":"VV","value":-16.1004,"farmer_unique_id":"394110212","site_id":10696},{"date":"2021-02-10","product":"COPERNICUS/S1_GRD","band":"VV","value":-9.2913,"farmer_unique_id":"394110212","site_id":10696},{"date":"2021-02-22","product":"COPERNICUS/S1_GRD","band":"VV","value":-9.8853,"farmer_unique_id":"394110212","site_id":10696},{"date":"2021-03-06","product":"COPERNICUS/S1_GRD","band":"VV","value":-11.5559,"farmer_unique_id":"394110212","site_id":10696},{"date":"2021-03-18","product":"COPERNICUS/S1_GRD","band":"VV","value":-9.9151,"farmer_unique_id":"394110212","site_id":10696},{"date":"2021-03-30","product":"COPERNICUS/S1_GRD","band":"VV","value":-11.1591,"farmer_unique_id":"394110212","site_id":10696},{"date":"2021-04-11","product":"COPERNICUS/S1_GRD","band":"VV","value":-12.7043,"farmer_unique_id":"394110212","site_id":10696},{"date":"2021-04-23","product":"COPERNICUS/S1_GRD","band":"VV","value":-7.8066,"farmer_unique_id":"394110212","site_id":10696},{"date":"2021-05-05","product":"COPERNICUS/S1_GRD","band":"VV","value":-11.8751,"farmer_unique_id":"394110212","site_id":10696},{"date":"2021-05-17","product":"COPERNICUS/S1_GRD","band":"VV","value":-9.0687,"farmer_unique_id":"394110212","site_id":10696},{"date":"2021-05-29","product":"COPERNICUS/S1_GRD","band":"VV","value":-11.0195,"farmer_unique_id":"394110212","site_id":10696},{"date":"2021-06-10","product":"COPERNICUS/S1_GRD","band":"VV","value":-11.8365,"farmer_unique_id":"394110212","site_id":10696},{"date":"2021-06-22","product":"COPERNICUS/S1_GRD","band":"VV","value":-13.3231,"farmer_unique_id":"394110212","site_id":10696},{"date":"2021-07-04","product":"COPERNICUS/S1_GRD","band":"VV","value":-10.0468,"farmer_unique_id":"394110212","site_id":10696},{"date":"2021-07-16","product":"COPERNICUS/S1_GRD","band":"VV","value":-12.9295,"farmer_unique_id":"394110212","site_id":10696},{"date":"2021-07-28","product":"COPERNICUS/S1_GRD","band":"VV","value":-11.4658,"farmer_unique_id":"394110212","site_id":10696},{"date":"2021-08-09","product":"COPERNICUS/S1_GRD","band":"VV","value":-9.6109,"farmer_unique_id":"394110212","site_id":10696},{"date":"2021-08-21","product":"COPERNICUS/S1_GRD","band":"VV","value":-11.6477,"farmer_unique_id":"394110212","site_id":10696},{"date":"2021-09-02","product":"COPERNICUS/S1_GRD","band":"VV","value":-11.54,"farmer_unique_id":"394110212","site_id":10696},{"date":"2021-09-14","product":"COPERNICUS/S1_GRD","band":"VV","value":-10.0295,"farmer_unique_id":"394110212","site_id":10696},{"date":"2021-09-26","product":"COPERNICUS/S1_GRD","band":"VV","value":-9.5195,"farmer_unique_id":"394110212","site_id":10696},{"date":"2021-10-08","product":"COPERNICUS/S1_GRD","band":"VV","value":-12.7751,"farmer_unique_id":"394110212","site_id":10696},{"date":"2021-10-20","product":"COPERNICUS/S1_GRD","band":"VV","value":-11.1075,"farmer_unique_id":"394110212","site_id":10696},{"date":"2021-11-01","product":"COPERNICUS/S1_GRD","band":"VV","value":-13.1829,"farmer_unique_id":"394110212","site_id":10696},{"date":"2021-11-13","product":"COPERNICUS/S1_GRD","band":"VV","value":-11.86,"farmer_unique_id":"394110212","site_id":10696},{"date":"2021-11-25","product":"COPERNICUS/S1_GRD","band":"VV","value":-7.0177,"farmer_unique_id":"394110212","site_id":10696},{"date":"2021-12-07","product":"COPERNICUS/S1_GRD","band":"VV","value":-8.6127,"farmer_unique_id":"394110212","site_id":10696},{"date":"2021-12-19","product":"COPERNICUS/S1_GRD","band":"VV","value":-8.3765,"farmer_unique_id":"394110212","site_id":10696}]
