[{"date":"2020-01-11","product":"COPERNICUS/S1_GRD","band":"VH","value":-13.4744,"farmer_unique_id":"4018735","site_id":8379},{"date":"2020-01-23","product":"COPERNICUS/S1_GRD","band":"VH","value":-13.6302,"farmer_unique_id":"4018735","site_id":8379},{"date":"2020-02-04","product":"COPERNICUS/S1_GRD","band":"VH","value":-10.5441,"farmer_unique_id":"4018735","site_id":8379},{"date":"2020-02-16","product":"COPERNICUS/S1_GRD","band":"VH","value":-17.4194,"farmer_unique_id":"4018735","site_id":8379},{"date":"2020-02-28","product":"COPERNICUS/S1_GRD","band":"VH","value":-15.1128,"farmer_unique_id":"4018735","site_id":8379},{"date":"2020-03-11","product":"COPERNICUS/S1_GRD","band":"VH","value":-12.1385,"farmer_unique_id":"4018735","site_id":8379},{"date":"2020-03-23","product":"COPERNICUS/S1_GRD","band":"VH","value":-15.9428,"farmer_unique_id":"4018735","site_id":8379},{"date":"2020-04-04","product":"COPERNICUS/S1_GRD","band":"VH","value":-12.9865,"farmer_unique_id":"4018735","site_id":8379},{"date":"2020-04-16","product":"COPERNICUS/S1_GRD","band":"VH","value":-14.9289,"farmer_unique_id":"4018735","site_id":8379},{"date":"2020-04-28","product":"COPERNICUS/S1_GRD","band":"VH","value":-17.3574,"farmer_unique_id":"4018735","site_id":8379},{"date":"2020-05-10","product":"COPERNICUS/S1_GRD","band":"VH","value":-17.0037,"farmer_unique_id":"4018735","site_id":8379},{"date":"2020-05-22","product":"COPERNICUS/S1_GRD","band":"VH","value":-17.8015,"farmer_unique_id":"4018735","site_id":8379},{"date":"2020-06-03","product":"COPERNICUS/S1_GRD","band":"VH","value":-16.6585,"farmer_unique_id":"4018735","site_id":8379},{"date":"2020-06-15","product":"COPERNICUS/S1_GRD","band":"VH","value":-18.054,"farmer_unique_id":"4018735","site_id":8379},{"date":"2020-06-27","product":"COPERNICUS/S1_GRD","band":"VH","value":-21.9828,"farmer_unique_id":"4018735","site_id":8379},{"date":"2020-07-09","product":"COPERNICUS/S1_GRD","band":"VH","value":-17.4957,"farmer_unique_id":"4018735","site_id":8379},{"date":"2020-07-21","product":"COPERNICUS/S1_GRD","band":"VH","value":-16.6846,"farmer_unique_id":"4018735","site_id":8379},{"date":"2020-08-02","product":"COPERNICUS/S1_GRD","band":"VH","value":-16.0818,"farmer_unique_id":"4018735","site_id":8379},{"date":"2020-08-14","product":"COPERNICUS/S1_GRD","band":"VH","value":-17.5497,"farmer_unique_id":"4018735","site_id":8379},{"date":"2020-08-26","product":"COPERNICUS/S1_GRD","band":"VH","value":-20.5152,"farmer_unique_id":"4018735","site_id":8379},{"date":"2020-09-07","product":"COPERNICUS/S1_GRD","band":"VH","value":-25.6402,"farmer_unique_id":"4018735","site_id":8379},{"date":"2020-09-19","product":"COPERNICUS/S1_GRD","band":"VH","value":-21.2279,"farmer_unique_id":"4018735","site_id":8379},{"date":"2020-10-01","product":"COPERNICUS/S1_GRD","band":"VH","value":-25.3848,"farmer_unique_id":"4018735","site_id":8379},{"date":"2020-10-13","product":"COPERNICUS/S1_GRD","band":"VH","value":-21.0958,"farmer_unique_id":"4018735","site_id":8379},{"date":"2020-10-25","product":"COPERNICUS/S1_GRD","band":"VH","value":-20.2707,"farmer_unique_id":"4018735","site_id":8379},{"date":"2020-11-06","product":"COPERNICUS/S1_GRD","band":"VH","value":-22.1446,"farmer_unique_id":"4018735","site_id":8379},{"date":"2020-11-18","product":"COPERNICUS/S1_GRD","band":"VH","value":-25.0208,"farmer_unique_id":"4018735","site_id":8379},{"date":"2020-11-30","product":"COPERNICUS/S1_GRD","band":"VH","value":-18.9451,"farmer_unique_id":"4018735","site_id":8379},{"date":"2020-12-12","product":"COPERNICUS/S1_GRD","band":"VH","value":-22.8174,"farmer_unique_id":"4018735","site_id":8379},{"date":"2020-12-24","product":"COPERNICUS/S1_GRD","band":"VH","value":-18.4158,"farmer_unique_id":"4018735","site_id":8379},{"date":"2021-01-05","product":"COPERNICUS/S1_GRD","band":"VH","value":-15.1715,"farmer_unique_id":"4018735","site_id":8379},{"date":"2021-01-17","product":"COPERNICUS/S1_GRD","band":"VH","value":-15.6061,"farmer_unique_id":"4018735","site_id":8379},{"date":"2021-01-29","product":"COPERNICUS/S1_GRD","band":"VH","value":-15.0585,"farmer_unique_id":"4018735","site_id":8379},{"date":"2021-02-10","product":"COPERNICUS/S1_GRD","band":"VH","value":-13.0931,"farmer_unique_id":"4018735","site_id":8379},{"date":"2021-02-22","product":"COPERNICUS/S1_GRD","band":"VH","value":-14.6157,"farmer_unique_id":"4018735","site_id":8379},{"date":"2021-03-06","product":"COPERNICUS/S1_GRD","band":"VH","value":-16.3882,"farmer_unique_id":"4018735","site_id":8379},{"date":"2021-03-18","product":"COPERNICUS/S1_GRD","band":"VH","value":-12.0813,"farmer_unique_id":"4018735","site_id":8379},{"date":"2021-03-30","product":"COPERNICUS/S1_GRD","band":"VH","value":-17.0481,"farmer_unique_id":"4018735","site_id":8379},{"date":"2021-04-11","product":"COPERNICUS/S1_GRD","band":"VH","value":-20.0833,"farmer_unique_id":"4018735","site_id":8379},{"date":"2021-04-23","product":"COPERNICUS/S1_GRD","band":"VH","value":-14.8399,"farmer_unique_id":"4018735","site_id":8379},{"date":"2021-05-05","product":"COPERNICUS/S1_GRD","band":"VH","value":-16.8363,"farmer_unique_id":"4018735","site_id":8379},{"date":"2021-05-17","product":"COPERNICUS/S1_GRD","band":"VH","value":-14.3688,"farmer_unique_id":"4018735","site_id":8379},{"date":"2021-05-29","product":"COPERNICUS/S1_GRD","band":"VH","value":-11.731,"farmer_unique_id":"4018735","site_id":8379},{"date":"2021-06-10","product":"COPERNICUS/S1_GRD","band":"VH","value":-13.4059,"farmer_unique_id":"4018735","site_id":8379},{"date":"2021-06-22","product":"COPERNICUS/S1_GRD","band":"VH","value":-13.3164,"farmer_unique_id":"4018735","site_id":8379},{"date":"2021-07-04","product":"COPERNICUS/S1_GRD","band":"VH","value":-15.3994,"farmer_unique_id":"4018735","site_id":8379},{"date":"2021-07-16","product":"COPERNICUS/S1_GRD","band":"VH","value":-21.1517,"farmer_unique_id":"4018735","site_id":8379},{"date":"2021-07-28","product":"COPERNICUS/S1_GRD","band":"VH","value":-20.8853,"farmer_unique_id":"4018735","site_id":8379},{"date":"2021-08-09","product":"COPERNICUS/S1_GRD","band":"VH","value":-23.5683,"farmer_unique_id":"4018735","site_id":8379},{"date":"2021-08-21","product":"COPERNICUS/S1_GRD","band":"VH","value":-24.7875,"farmer_unique_id":"4018735","site_id":8379},{"date":"2021-09-02","product":"COPERNICUS/S1_GRD","band":"VH","value":-19.3554,"farmer_unique_id":"4018735","site_id":8379},{"date":"2021-09-14","product":"COPERNICUS/S1_GRD","band":"VH","value":-31.4266,"farmer_unique_id":"4018735","site_id":8379},{"date":"2021-09-26","product":"COPERNICUS/S1_GRD","band":"VH","value":-21.0684,"farmer_unique_id":"4018735","site_id":8379},{"date":"2021-10-08","product":"COPERNICUS/S1_GRD","band":"VH","value":-25.8234,"farmer_unique_id":"4018735","site_id":8379},{"date":"2021-10-20","product":"COPERNICUS/S1_GRD","band":"VH","value":-23.4872,"farmer_unique_id":"4018735","site_id":8379},{"date":"2021-11-01","product":"COPERNICUS/S1_GRD","band":"VH","value":-22.7436,"farmer_unique_id":"4018735","site_id":8379},{"date":"2021-11-13","product":"COPERNICUS/S1_GRD","band":"VH","value":-27.4972,"farmer_unique_id":"4018735","site_id":8379},{"date":"2021-11-25","product":"COPERNICUS/S1_GRD","band":"VH","value":-22.2546,"farmer_unique_id":"4018735","site_id":8379},{"date":"2021-12-07","product":"COPERNICUS/S1_GRD","band":"VH","value":-24.4609,"farmer_unique_id":"4018735","site_id":8379},{"date":"2021-12-19","product":"COPERNICUS/S1_GRD","band":"VH","value":-22.6198,"farmer_unique_id":"4018735","site_id":8379},{"date":"2020-01-11","product":"COPERNICUS/S1_GRD","band":"VV","value":-11.3113,"farmer_unique_id":"4018735","site_id":8379},{"date":"2020-01-23","product":"COPERNICUS/S1_GRD","band":"VV","value":-12.4358,"farmer_unique_id":"4018735","site_id":8379},{"date":"2020-02-04","product":"COPERNICUS/S1_GRD","band":"VV","value":-5.9311,"farmer_unique_id":"4018735","site_id":8379},{"date":"2020-02-16","product":"COPERNICUS/S1_GRD","band":"VV","value":-9.3768,"farmer_unique_id":"4018735","site_id":8379},{"date":"2020-02-28","product":"COPERNICUS/S1_GRD","band":"VV","value":-9.9091,"farmer_unique_id":"4018735","site_id":8379},{"date":"2020-03-11","product":"COPERNICUS/S1_GRD","band":"VV","value":-7.5602,"farmer_unique_id":"4018735","site_id":8379},{"date":"2020-03-23","product":"COPERNICUS/S1_GRD","band":"VV","value":-8.2298,"farmer_unique_id":"4018735","site_id":8379},{"date":"2020-04-04","product":"COPERNICUS/S1_GRD","band":"VV","value":-11.5959,"farmer_unique_id":"4018735","site_id":8379},{"date":"2020-04-16","product":"COPERNICUS/S1_GRD","band":"VV","value":-13.1766,"farmer_unique_id":"4018735","site_id":8379},{"date":"2020-04-28","product":"COPERNICUS/S1_GRD","band":"VV","value":-5.9865,"farmer_unique_id":"4018735","site_id":8379},{"date":"2020-05-10","product":"COPERNICUS/S1_GRD","band":"VV","value":-10.5391,"farmer_unique_id":"4018735","site_id":8379},{"date":"2020-05-22","product":"COPERNICUS/S1_GRD","band":"VV","value":-8.8274,"farmer_unique_id":"4018735","site_id":8379},{"date":"2020-06-03","product":"COPERNICUS/S1_GRD","band":"VV","value":-11.4679,"farmer_unique_id":"4018735","site_id":8379},{"date":"2020-06-15","product":"COPERNICUS/S1_GRD","band":"VV","value":-14.0112,"farmer_unique_id":"4018735","site_id":8379},{"date":"2020-06-27","product":"COPERNICUS/S1_GRD","band":"VV","value":-15.2701,"farmer_unique_id":"4018735","site_id":8379},{"date":"2020-07-09","product":"COPERNICUS/S1_GRD","band":"VV","value":-13.4475,"farmer_unique_id":"4018735","site_id":8379},{"date":"2020-07-21","product":"COPERNICUS/S1_GRD","band":"VV","value":-13.5082,"farmer_unique_id":"4018735","site_id":8379},{"date":"2020-08-02","product":"COPERNICUS/S1_GRD","band":"VV","value":-12.9634,"farmer_unique_id":"4018735","site_id":8379},{"date":"2020-08-14","product":"COPERNICUS/S1_GRD","band":"VV","value":-13.5868,"farmer_unique_id":"4018735","site_id":8379},{"date":"2020-08-26","product":"COPERNICUS/S1_GRD","band":"VV","value":-14.9269,"farmer_unique_id":"4018735","site_id":8379},{"date":"2020-09-07","product":"COPERNICUS/S1_GRD","band":"VV","value":-15.4181,"farmer_unique_id":"4018735","site_id":8379},{"date":"2020-09-19","product":"COPERNICUS/S1_GRD","band":"VV","value":-13.9476,"farmer_unique_id":"4018735","site_id":8379},{"date":"2020-10-01","product":"COPERNICUS/S1_GRD","band":"VV","value":-19.0094,"farmer_unique_id":"4018735","site_id":8379},{"date":"2020-10-13","product":"COPERNICUS/S1_GRD","band":"VV","value":-14.8856,"farmer_unique_id":"4018735","site_id":8379},{"date":"2020-10-25","product":"COPERNICUS/S1_GRD","band":"VV","value":-16.9853,"farmer_unique_id":"4018735","site_id":8379},{"date":"2020-11-06","product":"COPERNICUS/S1_GRD","band":"VV","value":-14.8276,"farmer_unique_id":"4018735","site_id":8379},{"date":"2020-11-18","product":"COPERNICUS/S1_GRD","band":"VV","value":-15.3073,"farmer_unique_id":"4018735","site_id":8379},{"date":"2020-11-30","product":"COPERNICUS/S1_GRD","band":"VV","value":-13.1272,"farmer_unique_id":"4018735","site_id":8379},{"date":"2020-12-12","product":"COPERNICUS/S1_GRD","band":"VV","value":-12.6981,"farmer_unique_id":"4018735","site_id":8379},{"date":"2020-12-24","product":"COPERNICUS/S1_GRD","band":"VV","value":-11.287,"farmer_unique_id":"4018735","site_id":8379},{"date":"2021-01-05","product":"COPERNICUS/S1_GRD","band":"VV","value":-12.2342,"farmer_unique_id":"4018735","site_id":8379},{"date":"2021-01-17","product":"COPERNICUS/S1_GRD","band":"VV","value":-11.3789,"farmer_unique_id":"4018735","site_id":8379},{"date":"2021-01-29","product":"COPERNICUS/S1_GRD","band":"VV","value":-8.3281,"farmer_unique_id":"4018735","site_id":8379},{"date":"2021-02-10","product":"COPERNICUS/S1_GRD","band":"VV","value":-12.4302,"farmer_unique_id":"4018735","site_id":8379},{"date":"2021-02-22","product":"COPERNICUS/S1_GRD","band":"VV","value":-8.4044,"farmer_unique_id":"4018735","site_id":8379},{"date":"2021-03-06","product":"COPERNICUS/S1_GRD","band":"VV","value":-14.1516,"farmer_unique_id":"4018735","site_id":8379},{"date":"2021-03-18","product":"COPERNICUS/S1_GRD","band":"VV","value":-10.1463,"farmer_unique_id":"4018735","site_id":8379},{"date":"2021-03-30","product":"COPERNICUS/S1_GRD","band":"VV","value":-12.3139,"farmer_unique_id":"4018735","site_id":8379},{"date":"2021-04-11","product":"COPERNICUS/S1_GRD","band":"VV","value":-11.6132,"farmer_unique_id":"4018735","site_id":8379},{"date":"2021-04-23","product":"COPERNICUS/S1_GRD","band":"VV","value":-12.6838,"farmer_unique_id":"4018735","site_id":8379},{"date":"2021-05-05","product":"COPERNICUS/S1_GRD","band":"VV","value":-11.3239,"farmer_unique_id":"4018735","site_id":8379},{"date":"2021-05-17","product":"COPERNICUS/S1_GRD","band":"VV","value":-8.173,"farmer_unique_id":"4018735","site_id":8379},{"date":"2021-05-29","product":"COPERNICUS/S1_GRD","band":"VV","value":-11.4866,"farmer_unique_id":"4018735","site_id":8379},{"date":"2021-06-10","product":"COPERNICUS/S1_GRD","band":"VV","value":-10.7753,"farmer_unique_id":"4018735","site_id":8379},{"date":"2021-06-22","product":"COPERNICUS/S1_GRD","band":"VV","value":-13.1798,"farmer_unique_id":"4018735","site_id":8379},{"date":"2021-07-04","product":"COPERNICUS/S1_GRD","band":"VV","value":-14.9297,"farmer_unique_id":"4018735","site_id":8379},{"date":"2021-07-16","product":"COPERNICUS/S1_GRD","band":"VV","value":-15.5546,"farmer_unique_id":"4018735","site_id":8379},{"date":"2021-07-28","product":"COPERNICUS/S1_GRD","band":"VV","value":-17.2048,"farmer_unique_id":"4018735","site_id":8379},{"date":"2021-08-09","product":"COPERNICUS/S1_GRD","band":"VV","value":-15.4206,"farmer_unique_id":"4018735","site_id":8379},{"date":"2021-08-21","product":"COPERNICUS/S1_GRD","band":"VV","value":-11.895,"farmer_unique_id":"4018735","site_id":8379},{"date":"2021-09-02","product":"COPERNICUS/S1_GRD","band":"VV","value":-14.0243,"farmer_unique_id":"4018735","site_id":8379},{"date":"2021-09-14","product":"COPERNICUS/S1_GRD","band":"VV","value":-16.6807,"farmer_unique_id":"4018735","site_id":8379},{"date":"2021-09-26","product":"COPERNICUS/S1_GRD","band":"VV","value":-17.9541,"farmer_unique_id":"4018735","site_id":8379},{"date":"2021-10-08","product":"COPERNICUS/S1_GRD","band":"VV","value":-17.8999,"farmer_unique_id":"4018735","site_id":8379},{"date":"2021-10-20","product":"COPERNICUS/S1_GRD","band":"VV","value":-17.3488,"farmer_unique_id":"4018735","site_id":8379},{"date":"2021-11-01","product":"COPERNICUS/S1_GRD","band":"VV","value":-17.3482,"farmer_unique_id":"4018735","site_id":8379},{"date":"2021-11-13","product":"COPERNICUS/S1_GRD","band":"VV","value":-12.746,"farmer_unique_id":"4018735","site_id":8379},{"date":"2021-11-25","product":"COPERNICUS/S1_GRD","band":"VV","value":-16.7097,"farmer_unique_id":"4018735","site_id":8379},{"date":"2021-12-07","product":"COPERNICUS/S1_GRD","band":"VV","value":-12.253,"farmer_unique_id":"4018735","site_id":8379},{"date":"2021-12-19","product":"COPERNICUS/S1_GRD","band":"VV","value":-10.546,"farmer_unique_id":"4018735","site_id":8379}]
