[{"date":"2020-01-11","product":"COPERNICUS/S1_GRD","band":"VH","value":-17.9492,"farmer_unique_id":"ME3261","site_id":2421},{"date":"2020-01-23","product":"COPERNICUS/S1_GRD","band":"VH","value":-18.189,"farmer_unique_id":"ME3261","site_id":2421},{"date":"2020-02-04","product":"COPERNICUS/S1_GRD","band":"VH","value":-14.686,"farmer_unique_id":"ME3261","site_id":2421},{"date":"2020-02-16","product":"COPERNICUS/S1_GRD","band":"VH","value":-12.4789,"farmer_unique_id":"ME3261","site_id":2421},{"date":"2020-02-28","product":"COPERNICUS/S1_GRD","band":"VH","value":-13.9952,"farmer_unique_id":"ME3261","site_id":2421},{"date":"2020-03-11","product":"COPERNICUS/S1_GRD","band":"VH","value":-16.0181,"farmer_unique_id":"ME3261","site_id":2421},{"date":"2020-03-23","product":"COPERNICUS/S1_GRD","band":"VH","value":-16.3275,"farmer_unique_id":"ME3261","site_id":2421},{"date":"2020-04-04","product":"COPERNICUS/S1_GRD","band":"VH","value":-15.3522,"farmer_unique_id":"ME3261","site_id":2421},{"date":"2020-04-16","product":"COPERNICUS/S1_GRD","band":"VH","value":-16.9801,"farmer_unique_id":"ME3261","site_id":2421},{"date":"2020-04-28","product":"COPERNICUS/S1_GRD","band":"VH","value":-15.0891,"farmer_unique_id":"ME3261","site_id":2421},{"date":"2020-05-10","product":"COPERNICUS/S1_GRD","band":"VH","value":-15.4425,"farmer_unique_id":"ME3261","site_id":2421},{"date":"2020-05-22","product":"COPERNICUS/S1_GRD","band":"VH","value":-12.7187,"farmer_unique_id":"ME3261","site_id":2421},{"date":"2020-06-03","product":"COPERNICUS/S1_GRD","band":"VH","value":-17.5183,"farmer_unique_id":"ME3261","site_id":2421},{"date":"2020-06-15","product":"COPERNICUS/S1_GRD","band":"VH","value":-13.8494,"farmer_unique_id":"ME3261","site_id":2421},{"date":"2020-06-27","product":"COPERNICUS/S1_GRD","band":"VH","value":-12.9461,"farmer_unique_id":"ME3261","site_id":2421},{"date":"2020-07-09","product":"COPERNICUS/S1_GRD","band":"VH","value":-17.1397,"farmer_unique_id":"ME3261","site_id":2421},{"date":"2020-07-21","product":"COPERNICUS/S1_GRD","band":"VH","value":-14.6285,"farmer_unique_id":"ME3261","site_id":2421},{"date":"2020-08-02","product":"COPERNICUS/S1_GRD","band":"VH","value":-16.2005,"farmer_unique_id":"ME3261","site_id":2421},{"date":"2020-08-14","product":"COPERNICUS/S1_GRD","band":"VH","value":-15.139,"farmer_unique_id":"ME3261","site_id":2421},{"date":"2020-08-26","product":"COPERNICUS/S1_GRD","band":"VH","value":-14.8893,"farmer_unique_id":"ME3261","site_id":2421},{"date":"2020-09-07","product":"COPERNICUS/S1_GRD","band":"VH","value":-16.4462,"farmer_unique_id":"ME3261","site_id":2421},{"date":"2020-09-19","product":"COPERNICUS/S1_GRD","band":"VH","value":-17.0597,"farmer_unique_id":"ME3261","site_id":2421},{"date":"2020-10-01","product":"COPERNICUS/S1_GRD","band":"VH","value":-17.2141,"farmer_unique_id":"ME3261","site_id":2421},{"date":"2020-10-13","product":"COPERNICUS/S1_GRD","band":"VH","value":-21.3015,"farmer_unique_id":"ME3261","site_id":2421},{"date":"2020-10-25","product":"COPERNICUS/S1_GRD","band":"VH","value":-15.8736,"farmer_unique_id":"ME3261","site_id":2421},{"date":"2020-11-06","product":"COPERNICUS/S1_GRD","band":"VH","value":-14.783,"farmer_unique_id":"ME3261","site_id":2421},{"date":"2020-11-18","product":"COPERNICUS/S1_GRD","band":"VH","value":-21.0757,"farmer_unique_id":"ME3261","site_id":2421},{"date":"2020-11-30","product":"COPERNICUS/S1_GRD","band":"VH","value":-17.3645,"farmer_unique_id":"ME3261","site_id":2421},{"date":"2020-12-12","product":"COPERNICUS/S1_GRD","band":"VH","value":-14.6154,"farmer_unique_id":"ME3261","site_id":2421},{"date":"2020-12-24","product":"COPERNICUS/S1_GRD","band":"VH","value":-17.2329,"farmer_unique_id":"ME3261","site_id":2421},{"date":"2021-01-05","product":"COPERNICUS/S1_GRD","band":"VH","value":-14.484,"farmer_unique_id":"ME3261","site_id":2421},{"date":"2021-01-17","product":"COPERNICUS/S1_GRD","band":"VH","value":-21.0258,"farmer_unique_id":"ME3261","site_id":2421},{"date":"2021-01-29","product":"COPERNICUS/S1_GRD","band":"VH","value":-12.3162,"farmer_unique_id":"ME3261","site_id":2421},{"date":"2021-02-10","product":"COPERNICUS/S1_GRD","band":"VH","value":-16.2407,"farmer_unique_id":"ME3261","site_id":2421},{"date":"2021-02-22","product":"COPERNICUS/S1_GRD","band":"VH","value":-16.9336,"farmer_unique_id":"ME3261","site_id":2421},{"date":"2021-03-06","product":"COPERNICUS/S1_GRD","band":"VH","value":-21.3093,"farmer_unique_id":"ME3261","site_id":2421},{"date":"2021-03-18","product":"COPERNICUS/S1_GRD","band":"VH","value":-16.6197,"farmer_unique_id":"ME3261","site_id":2421},{"date":"2021-03-30","product":"COPERNICUS/S1_GRD","band":"VH","value":-14.1666,"farmer_unique_id":"ME3261","site_id":2421},{"date":"2021-04-11","product":"COPERNICUS/S1_GRD","band":"VH","value":-21.0822,"farmer_unique_id":"ME3261","site_id":2421},{"date":"2021-04-23","product":"COPERNICUS/S1_GRD","band":"VH","value":-15.4645,"farmer_unique_id":"ME3261","site_id":2421},{"date":"2021-05-05","product":"COPERNICUS/S1_GRD","band":"VH","value":-16.8847,"farmer_unique_id":"ME3261","site_id":2421},{"date":"2021-05-17","product":"COPERNICUS/S1_GRD","band":"VH","value":-14.2435,"farmer_unique_id":"ME3261","site_id":2421},{"date":"2021-05-29","product":"COPERNICUS/S1_GRD","band":"VH","value":-17.093,"farmer_unique_id":"ME3261","site_id":2421},{"date":"2021-06-10","product":"COPERNICUS/S1_GRD","band":"VH","value":-19.48,"farmer_unique_id":"ME3261","site_id":2421},{"date":"2021-06-22","product":"COPERNICUS/S1_GRD","band":"VH","value":-16.1233,"farmer_unique_id":"ME3261","site_id":2421},{"date":"2021-07-04","product":"COPERNICUS/S1_GRD","band":"VH","value":-18.1631,"farmer_unique_id":"ME3261","site_id":2421},{"date":"2021-07-16","product":"COPERNICUS/S1_GRD","band":"VH","value":-14.3016,"farmer_unique_id":"ME3261","site_id":2421},{"date":"2021-07-28","product":"COPERNICUS/S1_GRD","band":"VH","value":-18.8235,"farmer_unique_id":"ME3261","site_id":2421},{"date":"2021-08-09","product":"COPERNICUS/S1_GRD","band":"VH","value":-14.7525,"farmer_unique_id":"ME3261","site_id":2421},{"date":"2021-08-21","product":"COPERNICUS/S1_GRD","band":"VH","value":-17.9207,"farmer_unique_id":"ME3261","site_id":2421},{"date":"2021-09-02","product":"COPERNICUS/S1_GRD","band":"VH","value":-16.4089,"farmer_unique_id":"ME3261","site_id":2421},{"date":"2021-09-14","product":"COPERNICUS/S1_GRD","band":"VH","value":-21.5562,"farmer_unique_id":"ME3261","site_id":2421},{"date":"2021-09-26","product":"COPERNICUS/S1_GRD","band":"VH","value":-14.5203,"farmer_unique_id":"ME3261","site_id":2421},{"date":"2021-10-08","product":"COPERNICUS/S1_GRD","band":"VH","value":-15.0826,"farmer_unique_id":"ME3261","site_id":2421},{"date":"2021-10-20","product":"COPERNICUS/S1_GRD","band":"VH","value":-16.7616,"farmer_unique_id":"ME3261","site_id":2421},{"date":"2021-11-01","product":"COPERNICUS/S1_GRD","band":"VH","value":-21.7971,"farmer_unique_id":"ME3261","site_id":2421},{"date":"2021-11-13","product":"COPERNICUS/S1_GRD","band":"VH","value":-15.9237,"farmer_unique_id":"ME3261","site_id":2421},{"date":"2021-11-25","product":"COPERNICUS/S1_GRD","band":"VH","value":-15.1741,"farmer_unique_id":"ME3261","site_id":2421},{"date":"2021-12-07","product":"COPERNICUS/S1_GRD","band":"VH","value":-19.2673,"farmer_unique_id":"ME3261","site_id":2421},{"date":"2021-12-19","product":"COPERNICUS/S1_GRD","band":"VH","value":-17.9314,"farmer_unique_id":"ME3261","site_id":2421},{"date":"2020-01-11","product":"COPERNICUS/S1_GRD","band":"VV","value":-7.9962,"farmer_unique_id":"ME3261","site_id":2421},{"date":"2020-01-23","product":"COPERNICUS/S1_GRD","band":"VV","value":-11.0691,"farmer_unique_id":"ME3261","site_id":2421},{"date":"2020-02-04","product":"COPERNICUS/S1_GRD","band":"VV","value":-7.3424,"farmer_unique_id":"ME3261","site_id":2421},{"date":"2020-02-16","product":"COPERNICUS/S1_GRD","band":"VV","value":-8.6509,"farmer_unique_id":"ME3261","site_id":2421},{"date":"2020-02-28","product":"COPERNICUS/S1_GRD","band":"VV","value":-10.2631,"farmer_unique_id":"ME3261","site_id":2421},{"date":"2020-03-11","product":"COPERNICUS/S1_GRD","band":"VV","value":-6.738,"farmer_unique_id":"ME3261","site_id":2421},{"date":"2020-03-23","product":"COPERNICUS/S1_GRD","band":"VV","value":-12.4178,"farmer_unique_id":"ME3261","site_id":2421},{"date":"2020-04-04","product":"COPERNICUS/S1_GRD","band":"VV","value":-10.1346,"farmer_unique_id":"ME3261","site_id":2421},{"date":"2020-04-16","product":"COPERNICUS/S1_GRD","band":"VV","value":-8.8362,"farmer_unique_id":"ME3261","site_id":2421},{"date":"2020-04-28","product":"COPERNICUS/S1_GRD","band":"VV","value":-9.2078,"farmer_unique_id":"ME3261","site_id":2421},{"date":"2020-05-10","product":"COPERNICUS/S1_GRD","band":"VV","value":-10.2102,"farmer_unique_id":"ME3261","site_id":2421},{"date":"2020-05-22","product":"COPERNICUS/S1_GRD","band":"VV","value":-12.0857,"farmer_unique_id":"ME3261","site_id":2421},{"date":"2020-06-03","product":"COPERNICUS/S1_GRD","band":"VV","value":-8.5495,"farmer_unique_id":"ME3261","site_id":2421},{"date":"2020-06-15","product":"COPERNICUS/S1_GRD","band":"VV","value":-9.7943,"farmer_unique_id":"ME3261","site_id":2421},{"date":"2020-06-27","product":"COPERNICUS/S1_GRD","band":"VV","value":-10.4939,"farmer_unique_id":"ME3261","site_id":2421},{"date":"2020-07-09","product":"COPERNICUS/S1_GRD","band":"VV","value":-9.5538,"farmer_unique_id":"ME3261","site_id":2421},{"date":"2020-07-21","product":"COPERNICUS/S1_GRD","band":"VV","value":-9.1659,"farmer_unique_id":"ME3261","site_id":2421},{"date":"2020-08-02","product":"COPERNICUS/S1_GRD","band":"VV","value":-10.8306,"farmer_unique_id":"ME3261","site_id":2421},{"date":"2020-08-14","product":"COPERNICUS/S1_GRD","band":"VV","value":-11.6368,"farmer_unique_id":"ME3261","site_id":2421},{"date":"2020-08-26","product":"COPERNICUS/S1_GRD","band":"VV","value":-11.3837,"farmer_unique_id":"ME3261","site_id":2421},{"date":"2020-09-07","product":"COPERNICUS/S1_GRD","band":"VV","value":-11.4091,"farmer_unique_id":"ME3261","site_id":2421},{"date":"2020-09-19","product":"COPERNICUS/S1_GRD","band":"VV","value":-11.268,"farmer_unique_id":"ME3261","site_id":2421},{"date":"2020-10-01","product":"COPERNICUS/S1_GRD","band":"VV","value":-10.3807,"farmer_unique_id":"ME3261","site_id":2421},{"date":"2020-10-13","product":"COPERNICUS/S1_GRD","band":"VV","value":-13.3526,"farmer_unique_id":"ME3261","site_id":2421},{"date":"2020-10-25","product":"COPERNICUS/S1_GRD","band":"VV","value":-13.8836,"farmer_unique_id":"ME3261","site_id":2421},{"date":"2020-11-06","product":"COPERNICUS/S1_GRD","band":"VV","value":-13.7646,"farmer_unique_id":"ME3261","site_id":2421},{"date":"2020-11-18","product":"COPERNICUS/S1_GRD","band":"VV","value":-9.7943,"farmer_unique_id":"ME3261","site_id":2421},{"date":"2020-11-30","product":"COPERNICUS/S1_GRD","band":"VV","value":-8.6042,"farmer_unique_id":"ME3261","site_id":2421},{"date":"2020-12-12","product":"COPERNICUS/S1_GRD","band":"VV","value":-10.023,"farmer_unique_id":"ME3261","site_id":2421},{"date":"2020-12-24","product":"COPERNICUS/S1_GRD","band":"VV","value":-10.9229,"farmer_unique_id":"ME3261","site_id":2421},{"date":"2021-01-05","product":"COPERNICUS/S1_GRD","band":"VV","value":-10.3558,"farmer_unique_id":"ME3261","site_id":2421},{"date":"2021-01-17","product":"COPERNICUS/S1_GRD","band":"VV","value":-12.7669,"farmer_unique_id":"ME3261","site_id":2421},{"date":"2021-01-29","product":"COPERNICUS/S1_GRD","band":"VV","value":-12.6782,"farmer_unique_id":"ME3261","site_id":2421},{"date":"2021-02-10","product":"COPERNICUS/S1_GRD","band":"VV","value":-9.9434,"farmer_unique_id":"ME3261","site_id":2421},{"date":"2021-02-22","product":"COPERNICUS/S1_GRD","band":"VV","value":-12.7076,"farmer_unique_id":"ME3261","site_id":2421},{"date":"2021-03-06","product":"COPERNICUS/S1_GRD","band":"VV","value":-11.3432,"farmer_unique_id":"ME3261","site_id":2421},{"date":"2021-03-18","product":"COPERNICUS/S1_GRD","band":"VV","value":-10.2252,"farmer_unique_id":"ME3261","site_id":2421},{"date":"2021-03-30","product":"COPERNICUS/S1_GRD","band":"VV","value":-11.4184,"farmer_unique_id":"ME3261","site_id":2421},{"date":"2021-04-11","product":"COPERNICUS/S1_GRD","band":"VV","value":-11.0563,"farmer_unique_id":"ME3261","site_id":2421},{"date":"2021-04-23","product":"COPERNICUS/S1_GRD","band":"VV","value":-16.3662,"farmer_unique_id":"ME3261","site_id":2421},{"date":"2021-05-05","product":"COPERNICUS/S1_GRD","band":"VV","value":-12.9418,"farmer_unique_id":"ME3261","site_id":2421},{"date":"2021-05-17","product":"COPERNICUS/S1_GRD","band":"VV","value":-14.1116,"farmer_unique_id":"ME3261","site_id":2421},{"date":"2021-05-29","product":"COPERNICUS/S1_GRD","band":"VV","value":-13.0385,"farmer_unique_id":"ME3261","site_id":2421},{"date":"2021-06-10","product":"COPERNICUS/S1_GRD","band":"VV","value":-9.8522,"farmer_unique_id":"ME3261","site_id":2421},{"date":"2021-06-22","product":"COPERNICUS/S1_GRD","band":"VV","value":-9.8372,"farmer_unique_id":"ME3261","site_id":2421},{"date":"2021-07-04","product":"COPERNICUS/S1_GRD","band":"VV","value":-15.5894,"farmer_unique_id":"ME3261","site_id":2421},{"date":"2021-07-16","product":"COPERNICUS/S1_GRD","band":"VV","value":-15.9048,"farmer_unique_id":"ME3261","site_id":2421},{"date":"2021-07-28","product":"COPERNICUS/S1_GRD","band":"VV","value":-12.0629,"farmer_unique_id":"ME3261","site_id":2421},{"date":"2021-08-09","product":"COPERNICUS/S1_GRD","band":"VV","value":-7.8146,"farmer_unique_id":"ME3261","site_id":2421},{"date":"2021-08-21","product":"COPERNICUS/S1_GRD","band":"VV","value":-9.6684,"farmer_unique_id":"ME3261","site_id":2421},{"date":"2021-09-02","product":"COPERNICUS/S1_GRD","band":"VV","value":-12.6753,"farmer_unique_id":"ME3261","site_id":2421},{"date":"2021-09-14","product":"COPERNICUS/S1_GRD","band":"VV","value":-12.2945,"farmer_unique_id":"ME3261","site_id":2421},{"date":"2021-09-26","product":"COPERNICUS/S1_GRD","band":"VV","value":-12.9973,"farmer_unique_id":"ME3261","site_id":2421},{"date":"2021-10-08","product":"COPERNICUS/S1_GRD","band":"VV","value":-10.5338,"farmer_unique_id":"ME3261","site_id":2421},{"date":"2021-10-20","product":"COPERNICUS/S1_GRD","band":"VV","value":-13.8482,"farmer_unique_id":"ME3261","site_id":2421},{"date":"2021-11-01","product":"COPERNICUS/S1_GRD","band":"VV","value":-11.1142,"farmer_unique_id":"ME3261","site_id":2421},{"date":"2021-11-13","product":"COPERNICUS/S1_GRD","band":"VV","value":-10.5056,"farmer_unique_id":"ME3261","site_id":2421},{"date":"2021-11-25","product":"COPERNICUS/S1_GRD","band":"VV","value":-8.7751,"farmer_unique_id":"ME3261","site_id":2421},{"date":"2021-12-07","product":"COPERNICUS/S1_GRD","band":"VV","value":-10.3197,"farmer_unique_id":"ME3261","site_id":2421},{"date":"2021-12-19","product":"COPERNICUS/S1_GRD","band":"VV","value":-9.671,"farmer_unique_id":"ME3261","site_id":2421}]
