[{"date":"2020-01-11","product":"COPERNICUS/S1_GRD","band":"VH","value":-15.0569,"farmer_unique_id":"3653717980","site_id":10852},{"date":"2020-01-23","product":"COPERNICUS/S1_GRD","band":"VH","value":-14.8271,"farmer_unique_id":"3653717980","site_id":10852},{"date":"2020-02-04","product":"COPERNICUS/S1_GRD","band":"VH","value":-13.5627,"farmer_unique_id":"3653717980","site_id":10852},{"date":"2020-02-16","product":"COPERNICUS/S1_GRD","band":"VH","value":-12.6541,"farmer_unique_id":"3653717980","site_id":10852},{"date":"2020-02-28","product":"COPERNICUS/S1_GRD","band":"VH","value":-16.7679,"farmer_unique_id":"3653717980","site_id":10852},{"date":"2020-03-11","product":"COPERNICUS/S1_GRD","band":"VH","value":-15.717,"farmer_unique_id":"3653717980","site_id":10852},{"date":"2020-03-23","product":"COPERNICUS/S1_GRD","band":"VH","value":-18.4174,"farmer_unique_id":"3653717980","site_id":10852},{"date":"2020-04-04","product":"COPERNICUS/S1_GRD","band":"VH","value":-21.1494,"farmer_unique_id":"3653717980","site_id":10852},{"date":"2020-04-16","product":"COPERNICUS/S1_GRD","band":"VH","value":-21.1371,"farmer_unique_id":"3653717980","site_id":10852},{"date":"2020-04-28","product":"COPERNICUS/S1_GRD","band":"VH","value":-17.5021,"farmer_unique_id":"3653717980","site_id":10852},{"date":"2020-05-10","product":"COPERNICUS/S1_GRD","band":"VH","value":-15.2779,"farmer_unique_id":"3653717980","site_id":10852},{"date":"2020-05-22","product":"COPERNICUS/S1_GRD","band":"VH","value":-15.4703,"farmer_unique_id":"3653717980","site_id":10852},{"date":"2020-06-03","product":"COPERNICUS/S1_GRD","band":"VH","value":-14.9068,"farmer_unique_id":"3653717980","site_id":10852},{"date":"2020-06-15","product":"COPERNICUS/S1_GRD","band":"VH","value":-13.6182,"farmer_unique_id":"3653717980","site_id":10852},{"date":"2020-06-27","product":"COPERNICUS/S1_GRD","band":"VH","value":-16.6741,"farmer_unique_id":"3653717980","site_id":10852},{"date":"2020-07-09","product":"COPERNICUS/S1_GRD","band":"VH","value":-14.8648,"farmer_unique_id":"3653717980","site_id":10852},{"date":"2020-07-21","product":"COPERNICUS/S1_GRD","band":"VH","value":-16.3664,"farmer_unique_id":"3653717980","site_id":10852},{"date":"2020-08-02","product":"COPERNICUS/S1_GRD","band":"VH","value":-16.4103,"farmer_unique_id":"3653717980","site_id":10852},{"date":"2020-08-14","product":"COPERNICUS/S1_GRD","band":"VH","value":-18.9395,"farmer_unique_id":"3653717980","site_id":10852},{"date":"2020-08-26","product":"COPERNICUS/S1_GRD","band":"VH","value":-17.3836,"farmer_unique_id":"3653717980","site_id":10852},{"date":"2020-09-07","product":"COPERNICUS/S1_GRD","band":"VH","value":-14.4092,"farmer_unique_id":"3653717980","site_id":10852},{"date":"2020-09-19","product":"COPERNICUS/S1_GRD","band":"VH","value":-18.1814,"farmer_unique_id":"3653717980","site_id":10852},{"date":"2020-10-01","product":"COPERNICUS/S1_GRD","band":"VH","value":-15.6047,"farmer_unique_id":"3653717980","site_id":10852},{"date":"2020-10-13","product":"COPERNICUS/S1_GRD","band":"VH","value":-18.7432,"farmer_unique_id":"3653717980","site_id":10852},{"date":"2020-10-25","product":"COPERNICUS/S1_GRD","band":"VH","value":-17.4673,"farmer_unique_id":"3653717980","site_id":10852},{"date":"2020-11-06","product":"COPERNICUS/S1_GRD","band":"VH","value":-14.8409,"farmer_unique_id":"3653717980","site_id":10852},{"date":"2020-11-18","product":"COPERNICUS/S1_GRD","band":"VH","value":-16.8745,"farmer_unique_id":"3653717980","site_id":10852},{"date":"2020-11-30","product":"COPERNICUS/S1_GRD","band":"VH","value":-14.7307,"farmer_unique_id":"3653717980","site_id":10852},{"date":"2020-12-12","product":"COPERNICUS/S1_GRD","band":"VH","value":-15.7034,"farmer_unique_id":"3653717980","site_id":10852},{"date":"2020-12-24","product":"COPERNICUS/S1_GRD","band":"VH","value":-13.1098,"farmer_unique_id":"3653717980","site_id":10852},{"date":"2021-01-05","product":"COPERNICUS/S1_GRD","band":"VH","value":-16.961,"farmer_unique_id":"3653717980","site_id":10852},{"date":"2021-01-17","product":"COPERNICUS/S1_GRD","band":"VH","value":-16.5447,"farmer_unique_id":"3653717980","site_id":10852},{"date":"2021-01-29","product":"COPERNICUS/S1_GRD","band":"VH","value":-17.0442,"farmer_unique_id":"3653717980","site_id":10852},{"date":"2021-02-10","product":"COPERNICUS/S1_GRD","band":"VH","value":-14.5291,"farmer_unique_id":"3653717980","site_id":10852},{"date":"2021-02-22","product":"COPERNICUS/S1_GRD","band":"VH","value":-18.1374,"farmer_unique_id":"3653717980","site_id":10852},{"date":"2021-03-06","product":"COPERNICUS/S1_GRD","band":"VH","value":-16.6962,"farmer_unique_id":"3653717980","site_id":10852},{"date":"2021-03-18","product":"COPERNICUS/S1_GRD","band":"VH","value":-17.8164,"farmer_unique_id":"3653717980","site_id":10852},{"date":"2021-03-30","product":"COPERNICUS/S1_GRD","band":"VH","value":-19.1458,"farmer_unique_id":"3653717980","site_id":10852},{"date":"2021-04-11","product":"COPERNICUS/S1_GRD","band":"VH","value":-20.0115,"farmer_unique_id":"3653717980","site_id":10852},{"date":"2021-04-23","product":"COPERNICUS/S1_GRD","band":"VH","value":-18.8775,"farmer_unique_id":"3653717980","site_id":10852},{"date":"2021-05-05","product":"COPERNICUS/S1_GRD","band":"VH","value":-15.1946,"farmer_unique_id":"3653717980","site_id":10852},{"date":"2021-05-17","product":"COPERNICUS/S1_GRD","band":"VH","value":-15.8979,"farmer_unique_id":"3653717980","site_id":10852},{"date":"2021-05-29","product":"COPERNICUS/S1_GRD","band":"VH","value":-17.2109,"farmer_unique_id":"3653717980","site_id":10852},{"date":"2021-06-10","product":"COPERNICUS/S1_GRD","band":"VH","value":-15.8605,"farmer_unique_id":"3653717980","site_id":10852},{"date":"2021-06-22","product":"COPERNICUS/S1_GRD","band":"VH","value":-14.1545,"farmer_unique_id":"3653717980","site_id":10852},{"date":"2021-07-04","product":"COPERNICUS/S1_GRD","band":"VH","value":-14.9036,"farmer_unique_id":"3653717980","site_id":10852},{"date":"2021-07-16","product":"COPERNICUS/S1_GRD","band":"VH","value":-19.2288,"farmer_unique_id":"3653717980","site_id":10852},{"date":"2021-07-28","product":"COPERNICUS/S1_GRD","band":"VH","value":-20.6162,"farmer_unique_id":"3653717980","site_id":10852},{"date":"2021-08-09","product":"COPERNICUS/S1_GRD","band":"VH","value":-18.0564,"farmer_unique_id":"3653717980","site_id":10852},{"date":"2021-08-21","product":"COPERNICUS/S1_GRD","band":"VH","value":-19.0943,"farmer_unique_id":"3653717980","site_id":10852},{"date":"2021-09-02","product":"COPERNICUS/S1_GRD","band":"VH","value":-19.1052,"farmer_unique_id":"3653717980","site_id":10852},{"date":"2021-09-14","product":"COPERNICUS/S1_GRD","band":"VH","value":-21.8358,"farmer_unique_id":"3653717980","site_id":10852},{"date":"2021-09-26","product":"COPERNICUS/S1_GRD","band":"VH","value":-21.0931,"farmer_unique_id":"3653717980","site_id":10852},{"date":"2021-10-08","product":"COPERNICUS/S1_GRD","band":"VH","value":-18.1505,"farmer_unique_id":"3653717980","site_id":10852},{"date":"2021-10-20","product":"COPERNICUS/S1_GRD","band":"VH","value":-13.1383,"farmer_unique_id":"3653717980","site_id":10852},{"date":"2021-11-01","product":"COPERNICUS/S1_GRD","band":"VH","value":-15.2447,"farmer_unique_id":"3653717980","site_id":10852},{"date":"2021-11-13","product":"COPERNICUS/S1_GRD","band":"VH","value":-18.1227,"farmer_unique_id":"3653717980","site_id":10852},{"date":"2021-11-25","product":"COPERNICUS/S1_GRD","band":"VH","value":-14.0883,"farmer_unique_id":"3653717980","site_id":10852},{"date":"2021-12-07","product":"COPERNICUS/S1_GRD","band":"VH","value":-18.9041,"farmer_unique_id":"3653717980","site_id":10852},{"date":"2021-12-19","product":"COPERNICUS/S1_GRD","band":"VH","value":-19.0823,"farmer_unique_id":"3653717980","site_id":10852},{"date":"2020-01-11","product":"COPERNICUS/S1_GRD","band":"VV","value":-12.3293,"farmer_unique_id":"3653717980","site_id":10852},{"date":"2020-01-23","product":"COPERNICUS/S1_GRD","band":"VV","value":-9.2205,"farmer_unique_id":"3653717980","site_id":10852},{"date":"2020-02-04","product":"COPERNICUS/S1_GRD","band":"VV","value":-10.9379,"farmer_unique_id":"3653717980","site_id":10852},{"date":"2020-02-16","product":"COPERNICUS/S1_GRD","band":"VV","value":-9.1622,"farmer_unique_id":"3653717980","site_id":10852},{"date":"2020-02-28","product":"COPERNICUS/S1_GRD","band":"VV","value":-10.386,"farmer_unique_id":"3653717980","site_id":10852},{"date":"2020-03-11","product":"COPERNICUS/S1_GRD","band":"VV","value":-10.0794,"farmer_unique_id":"3653717980","site_id":10852},{"date":"2020-03-23","product":"COPERNICUS/S1_GRD","band":"VV","value":-10.3165,"farmer_unique_id":"3653717980","site_id":10852},{"date":"2020-04-04","product":"COPERNICUS/S1_GRD","band":"VV","value":-8.6811,"farmer_unique_id":"3653717980","site_id":10852},{"date":"2020-04-16","product":"COPERNICUS/S1_GRD","band":"VV","value":-6.9819,"farmer_unique_id":"3653717980","site_id":10852},{"date":"2020-04-28","product":"COPERNICUS/S1_GRD","band":"VV","value":-9.7072,"farmer_unique_id":"3653717980","site_id":10852},{"date":"2020-05-10","product":"COPERNICUS/S1_GRD","band":"VV","value":-9.2537,"farmer_unique_id":"3653717980","site_id":10852},{"date":"2020-05-22","product":"COPERNICUS/S1_GRD","band":"VV","value":-10.3873,"farmer_unique_id":"3653717980","site_id":10852},{"date":"2020-06-03","product":"COPERNICUS/S1_GRD","band":"VV","value":-11.6689,"farmer_unique_id":"3653717980","site_id":10852},{"date":"2020-06-15","product":"COPERNICUS/S1_GRD","band":"VV","value":-10.2742,"farmer_unique_id":"3653717980","site_id":10852},{"date":"2020-06-27","product":"COPERNICUS/S1_GRD","band":"VV","value":-5.9296,"farmer_unique_id":"3653717980","site_id":10852},{"date":"2020-07-09","product":"COPERNICUS/S1_GRD","band":"VV","value":-8.3588,"farmer_unique_id":"3653717980","site_id":10852},{"date":"2020-07-21","product":"COPERNICUS/S1_GRD","band":"VV","value":-7.7949,"farmer_unique_id":"3653717980","site_id":10852},{"date":"2020-08-02","product":"COPERNICUS/S1_GRD","band":"VV","value":-10.3174,"farmer_unique_id":"3653717980","site_id":10852},{"date":"2020-08-14","product":"COPERNICUS/S1_GRD","band":"VV","value":-13.8235,"farmer_unique_id":"3653717980","site_id":10852},{"date":"2020-08-26","product":"COPERNICUS/S1_GRD","band":"VV","value":-9.2364,"farmer_unique_id":"3653717980","site_id":10852},{"date":"2020-09-07","product":"COPERNICUS/S1_GRD","band":"VV","value":-9.4116,"farmer_unique_id":"3653717980","site_id":10852},{"date":"2020-09-19","product":"COPERNICUS/S1_GRD","band":"VV","value":-14.3667,"farmer_unique_id":"3653717980","site_id":10852},{"date":"2020-10-01","product":"COPERNICUS/S1_GRD","band":"VV","value":-14.9953,"farmer_unique_id":"3653717980","site_id":10852},{"date":"2020-10-13","product":"COPERNICUS/S1_GRD","band":"VV","value":-10.3275,"farmer_unique_id":"3653717980","site_id":10852},{"date":"2020-10-25","product":"COPERNICUS/S1_GRD","band":"VV","value":-10.9889,"farmer_unique_id":"3653717980","site_id":10852},{"date":"2020-11-06","product":"COPERNICUS/S1_GRD","band":"VV","value":-10.2769,"farmer_unique_id":"3653717980","site_id":10852},{"date":"2020-11-18","product":"COPERNICUS/S1_GRD","band":"VV","value":-7.319,"farmer_unique_id":"3653717980","site_id":10852},{"date":"2020-11-30","product":"COPERNICUS/S1_GRD","band":"VV","value":-8.6164,"farmer_unique_id":"3653717980","site_id":10852},{"date":"2020-12-12","product":"COPERNICUS/S1_GRD","band":"VV","value":-10.2424,"farmer_unique_id":"3653717980","site_id":10852},{"date":"2020-12-24","product":"COPERNICUS/S1_GRD","band":"VV","value":-12.4916,"farmer_unique_id":"3653717980","site_id":10852},{"date":"2021-01-05","product":"COPERNICUS/S1_GRD","band":"VV","value":-13.6833,"farmer_unique_id":"3653717980","site_id":10852},{"date":"2021-01-17","product":"COPERNICUS/S1_GRD","band":"VV","value":-12.2274,"farmer_unique_id":"3653717980","site_id":10852},{"date":"2021-01-29","product":"COPERNICUS/S1_GRD","band":"VV","value":-11.1725,"farmer_unique_id":"3653717980","site_id":10852},{"date":"2021-02-10","product":"COPERNICUS/S1_GRD","band":"VV","value":-10.4583,"farmer_unique_id":"3653717980","site_id":10852},{"date":"2021-02-22","product":"COPERNICUS/S1_GRD","band":"VV","value":-12.1938,"farmer_unique_id":"3653717980","site_id":10852},{"date":"2021-03-06","product":"COPERNICUS/S1_GRD","band":"VV","value":-13.0899,"farmer_unique_id":"3653717980","site_id":10852},{"date":"2021-03-18","product":"COPERNICUS/S1_GRD","band":"VV","value":-12.6813,"farmer_unique_id":"3653717980","site_id":10852},{"date":"2021-03-30","product":"COPERNICUS/S1_GRD","band":"VV","value":-13.8257,"farmer_unique_id":"3653717980","site_id":10852},{"date":"2021-04-11","product":"COPERNICUS/S1_GRD","band":"VV","value":-11.7909,"farmer_unique_id":"3653717980","site_id":10852},{"date":"2021-04-23","product":"COPERNICUS/S1_GRD","band":"VV","value":-8.8611,"farmer_unique_id":"3653717980","site_id":10852},{"date":"2021-05-05","product":"COPERNICUS/S1_GRD","band":"VV","value":-8.3844,"farmer_unique_id":"3653717980","site_id":10852},{"date":"2021-05-17","product":"COPERNICUS/S1_GRD","band":"VV","value":-5.6891,"farmer_unique_id":"3653717980","site_id":10852},{"date":"2021-05-29","product":"COPERNICUS/S1_GRD","band":"VV","value":-8.7183,"farmer_unique_id":"3653717980","site_id":10852},{"date":"2021-06-10","product":"COPERNICUS/S1_GRD","band":"VV","value":-13.0915,"farmer_unique_id":"3653717980","site_id":10852},{"date":"2021-06-22","product":"COPERNICUS/S1_GRD","band":"VV","value":-7.0977,"farmer_unique_id":"3653717980","site_id":10852},{"date":"2021-07-04","product":"COPERNICUS/S1_GRD","band":"VV","value":-14.4165,"farmer_unique_id":"3653717980","site_id":10852},{"date":"2021-07-16","product":"COPERNICUS/S1_GRD","band":"VV","value":-10.2563,"farmer_unique_id":"3653717980","site_id":10852},{"date":"2021-07-28","product":"COPERNICUS/S1_GRD","band":"VV","value":-13.2047,"farmer_unique_id":"3653717980","site_id":10852},{"date":"2021-08-09","product":"COPERNICUS/S1_GRD","band":"VV","value":-13.8264,"farmer_unique_id":"3653717980","site_id":10852},{"date":"2021-08-21","product":"COPERNICUS/S1_GRD","band":"VV","value":-14.1743,"farmer_unique_id":"3653717980","site_id":10852},{"date":"2021-09-02","product":"COPERNICUS/S1_GRD","band":"VV","value":-13.8487,"farmer_unique_id":"3653717980","site_id":10852},{"date":"2021-09-14","product":"COPERNICUS/S1_GRD","band":"VV","value":-11.7206,"farmer_unique_id":"3653717980","site_id":10852},{"date":"2021-09-26","product":"COPERNICUS/S1_GRD","band":"VV","value":-13.2689,"farmer_unique_id":"3653717980","site_id":10852},{"date":"2021-10-08","product":"COPERNICUS/S1_GRD","band":"VV","value":-11.4132,"farmer_unique_id":"3653717980","site_id":10852},{"date":"2021-10-20","product":"COPERNICUS/S1_GRD","band":"VV","value":-8.458,"farmer_unique_id":"3653717980","site_id":10852},{"date":"2021-11-01","product":"COPERNICUS/S1_GRD","band":"VV","value":-17.3966,"farmer_unique_id":"3653717980","site_id":10852},{"date":"2021-11-13","product":"COPERNICUS/S1_GRD","band":"VV","value":-16.4537,"farmer_unique_id":"3653717980","site_id":10852},{"date":"2021-11-25","product":"COPERNICUS/S1_GRD","band":"VV","value":-9.1104,"farmer_unique_id":"3653717980","site_id":10852},{"date":"2021-12-07","product":"COPERNICUS/S1_GRD","band":"VV","value":-9.9569,"farmer_unique_id":"3653717980","site_id":10852},{"date":"2021-12-19","product":"COPERNICUS/S1_GRD","band":"VV","value":-8.6089,"farmer_unique_id":"3653717980","site_id":10852}]
