[{"date":"2020-01-11","product":"COPERNICUS/S1_GRD","band":"VH","value":-16.9657,"farmer_unique_id":"922108","site_id":8080},{"date":"2020-01-23","product":"COPERNICUS/S1_GRD","band":"VH","value":-14.0509,"farmer_unique_id":"922108","site_id":8080},{"date":"2020-02-04","product":"COPERNICUS/S1_GRD","band":"VH","value":-14.6643,"farmer_unique_id":"922108","site_id":8080},{"date":"2020-02-16","product":"COPERNICUS/S1_GRD","band":"VH","value":-15.6667,"farmer_unique_id":"922108","site_id":8080},{"date":"2020-02-28","product":"COPERNICUS/S1_GRD","band":"VH","value":-14.2513,"farmer_unique_id":"922108","site_id":8080},{"date":"2020-03-11","product":"COPERNICUS/S1_GRD","band":"VH","value":-16.2472,"farmer_unique_id":"922108","site_id":8080},{"date":"2020-03-23","product":"COPERNICUS/S1_GRD","band":"VH","value":-16.28,"farmer_unique_id":"922108","site_id":8080},{"date":"2020-04-04","product":"COPERNICUS/S1_GRD","band":"VH","value":-14.6908,"farmer_unique_id":"922108","site_id":8080},{"date":"2020-04-16","product":"COPERNICUS/S1_GRD","band":"VH","value":-15.0392,"farmer_unique_id":"922108","site_id":8080},{"date":"2020-04-28","product":"COPERNICUS/S1_GRD","band":"VH","value":-17.8465,"farmer_unique_id":"922108","site_id":8080},{"date":"2020-05-10","product":"COPERNICUS/S1_GRD","band":"VH","value":-16.4099,"farmer_unique_id":"922108","site_id":8080},{"date":"2020-05-22","product":"COPERNICUS/S1_GRD","band":"VH","value":-12.9126,"farmer_unique_id":"922108","site_id":8080},{"date":"2020-06-03","product":"COPERNICUS/S1_GRD","band":"VH","value":-12.1184,"farmer_unique_id":"922108","site_id":8080},{"date":"2020-06-15","product":"COPERNICUS/S1_GRD","band":"VH","value":-17.176,"farmer_unique_id":"922108","site_id":8080},{"date":"2020-06-27","product":"COPERNICUS/S1_GRD","band":"VH","value":-19.9416,"farmer_unique_id":"922108","site_id":8080},{"date":"2020-07-09","product":"COPERNICUS/S1_GRD","band":"VH","value":-15.2855,"farmer_unique_id":"922108","site_id":8080},{"date":"2020-07-21","product":"COPERNICUS/S1_GRD","band":"VH","value":-13.4345,"farmer_unique_id":"922108","site_id":8080},{"date":"2020-08-02","product":"COPERNICUS/S1_GRD","band":"VH","value":-15.9894,"farmer_unique_id":"922108","site_id":8080},{"date":"2020-08-14","product":"COPERNICUS/S1_GRD","band":"VH","value":-18.5945,"farmer_unique_id":"922108","site_id":8080},{"date":"2020-08-26","product":"COPERNICUS/S1_GRD","band":"VH","value":-14.1765,"farmer_unique_id":"922108","site_id":8080},{"date":"2020-09-07","product":"COPERNICUS/S1_GRD","band":"VH","value":-12.5725,"farmer_unique_id":"922108","site_id":8080},{"date":"2020-09-19","product":"COPERNICUS/S1_GRD","band":"VH","value":-14.0569,"farmer_unique_id":"922108","site_id":8080},{"date":"2020-10-01","product":"COPERNICUS/S1_GRD","band":"VH","value":-14.7103,"farmer_unique_id":"922108","site_id":8080},{"date":"2020-10-13","product":"COPERNICUS/S1_GRD","band":"VH","value":-24.211,"farmer_unique_id":"922108","site_id":8080},{"date":"2020-10-25","product":"COPERNICUS/S1_GRD","band":"VH","value":-17.5912,"farmer_unique_id":"922108","site_id":8080},{"date":"2020-11-06","product":"COPERNICUS/S1_GRD","band":"VH","value":-14.9427,"farmer_unique_id":"922108","site_id":8080},{"date":"2020-11-18","product":"COPERNICUS/S1_GRD","band":"VH","value":-15.1893,"farmer_unique_id":"922108","site_id":8080},{"date":"2020-11-30","product":"COPERNICUS/S1_GRD","band":"VH","value":-16.6374,"farmer_unique_id":"922108","site_id":8080},{"date":"2020-12-12","product":"COPERNICUS/S1_GRD","band":"VH","value":-16.9393,"farmer_unique_id":"922108","site_id":8080},{"date":"2020-12-24","product":"COPERNICUS/S1_GRD","band":"VH","value":-15.756,"farmer_unique_id":"922108","site_id":8080},{"date":"2021-01-05","product":"COPERNICUS/S1_GRD","band":"VH","value":-14.4577,"farmer_unique_id":"922108","site_id":8080},{"date":"2021-01-17","product":"COPERNICUS/S1_GRD","band":"VH","value":-16.4169,"farmer_unique_id":"922108","site_id":8080},{"date":"2021-01-29","product":"COPERNICUS/S1_GRD","band":"VH","value":-18.1619,"farmer_unique_id":"922108","site_id":8080},{"date":"2021-02-10","product":"COPERNICUS/S1_GRD","band":"VH","value":-15.6731,"farmer_unique_id":"922108","site_id":8080},{"date":"2021-02-22","product":"COPERNICUS/S1_GRD","band":"VH","value":-13.9686,"farmer_unique_id":"922108","site_id":8080},{"date":"2021-03-06","product":"COPERNICUS/S1_GRD","band":"VH","value":-17.4216,"farmer_unique_id":"922108","site_id":8080},{"date":"2021-03-18","product":"COPERNICUS/S1_GRD","band":"VH","value":-15.2567,"farmer_unique_id":"922108","site_id":8080},{"date":"2021-03-30","product":"COPERNICUS/S1_GRD","band":"VH","value":-22.815,"farmer_unique_id":"922108","site_id":8080},{"date":"2021-04-11","product":"COPERNICUS/S1_GRD","band":"VH","value":-19.5326,"farmer_unique_id":"922108","site_id":8080},{"date":"2021-04-23","product":"COPERNICUS/S1_GRD","band":"VH","value":-15.8817,"farmer_unique_id":"922108","site_id":8080},{"date":"2021-05-05","product":"COPERNICUS/S1_GRD","band":"VH","value":-13.4075,"farmer_unique_id":"922108","site_id":8080},{"date":"2021-05-17","product":"COPERNICUS/S1_GRD","band":"VH","value":-12.3582,"farmer_unique_id":"922108","site_id":8080},{"date":"2021-05-29","product":"COPERNICUS/S1_GRD","band":"VH","value":-16.3789,"farmer_unique_id":"922108","site_id":8080},{"date":"2021-06-10","product":"COPERNICUS/S1_GRD","band":"VH","value":-19.218,"farmer_unique_id":"922108","site_id":8080},{"date":"2021-06-22","product":"COPERNICUS/S1_GRD","band":"VH","value":-15.4113,"farmer_unique_id":"922108","site_id":8080},{"date":"2021-07-04","product":"COPERNICUS/S1_GRD","band":"VH","value":-17.8211,"farmer_unique_id":"922108","site_id":8080},{"date":"2021-07-16","product":"COPERNICUS/S1_GRD","band":"VH","value":-15.4771,"farmer_unique_id":"922108","site_id":8080},{"date":"2021-07-28","product":"COPERNICUS/S1_GRD","band":"VH","value":-16.9624,"farmer_unique_id":"922108","site_id":8080},{"date":"2021-08-09","product":"COPERNICUS/S1_GRD","band":"VH","value":-19.8401,"farmer_unique_id":"922108","site_id":8080},{"date":"2021-08-21","product":"COPERNICUS/S1_GRD","band":"VH","value":-18.9831,"farmer_unique_id":"922108","site_id":8080},{"date":"2021-09-02","product":"COPERNICUS/S1_GRD","band":"VH","value":-16.7269,"farmer_unique_id":"922108","site_id":8080},{"date":"2021-09-14","product":"COPERNICUS/S1_GRD","band":"VH","value":-22.7881,"farmer_unique_id":"922108","site_id":8080},{"date":"2021-09-26","product":"COPERNICUS/S1_GRD","band":"VH","value":-17.927,"farmer_unique_id":"922108","site_id":8080},{"date":"2021-10-08","product":"COPERNICUS/S1_GRD","band":"VH","value":-16.9862,"farmer_unique_id":"922108","site_id":8080},{"date":"2021-10-20","product":"COPERNICUS/S1_GRD","band":"VH","value":-13.2924,"farmer_unique_id":"922108","site_id":8080},{"date":"2021-11-01","product":"COPERNICUS/S1_GRD","band":"VH","value":-17.9573,"farmer_unique_id":"922108","site_id":8080},{"date":"2021-11-13","product":"COPERNICUS/S1_GRD","band":"VH","value":-17.675,"farmer_unique_id":"922108","site_id":8080},{"date":"2021-11-25","product":"COPERNICUS/S1_GRD","band":"VH","value":-15.6704,"farmer_unique_id":"922108","site_id":8080},{"date":"2021-12-07","product":"COPERNICUS/S1_GRD","band":"VH","value":-15.0012,"farmer_unique_id":"922108","site_id":8080},{"date":"2021-12-19","product":"COPERNICUS/S1_GRD","band":"VH","value":-14.8951,"farmer_unique_id":"922108","site_id":8080},{"date":"2020-01-11","product":"COPERNICUS/S1_GRD","band":"VV","value":-8.2138,"farmer_unique_id":"922108","site_id":8080},{"date":"2020-01-23","product":"COPERNICUS/S1_GRD","band":"VV","value":-9.4247,"farmer_unique_id":"922108","site_id":8080},{"date":"2020-02-04","product":"COPERNICUS/S1_GRD","band":"VV","value":-8.7817,"farmer_unique_id":"922108","site_id":8080},{"date":"2020-02-16","product":"COPERNICUS/S1_GRD","band":"VV","value":-9.614,"farmer_unique_id":"922108","site_id":8080},{"date":"2020-02-28","product":"COPERNICUS/S1_GRD","band":"VV","value":-9.6147,"farmer_unique_id":"922108","site_id":8080},{"date":"2020-03-11","product":"COPERNICUS/S1_GRD","band":"VV","value":-9.8546,"farmer_unique_id":"922108","site_id":8080},{"date":"2020-03-23","product":"COPERNICUS/S1_GRD","band":"VV","value":-6.7391,"farmer_unique_id":"922108","site_id":8080},{"date":"2020-04-04","product":"COPERNICUS/S1_GRD","band":"VV","value":-10.6013,"farmer_unique_id":"922108","site_id":8080},{"date":"2020-04-16","product":"COPERNICUS/S1_GRD","band":"VV","value":-7.596,"farmer_unique_id":"922108","site_id":8080},{"date":"2020-04-28","product":"COPERNICUS/S1_GRD","band":"VV","value":-6.1605,"farmer_unique_id":"922108","site_id":8080},{"date":"2020-05-10","product":"COPERNICUS/S1_GRD","band":"VV","value":-11.6977,"farmer_unique_id":"922108","site_id":8080},{"date":"2020-05-22","product":"COPERNICUS/S1_GRD","band":"VV","value":-9.7553,"farmer_unique_id":"922108","site_id":8080},{"date":"2020-06-03","product":"COPERNICUS/S1_GRD","band":"VV","value":-6.7427,"farmer_unique_id":"922108","site_id":8080},{"date":"2020-06-15","product":"COPERNICUS/S1_GRD","band":"VV","value":-9.2268,"farmer_unique_id":"922108","site_id":8080},{"date":"2020-06-27","product":"COPERNICUS/S1_GRD","band":"VV","value":-9.1296,"farmer_unique_id":"922108","site_id":8080},{"date":"2020-07-09","product":"COPERNICUS/S1_GRD","band":"VV","value":-6.3396,"farmer_unique_id":"922108","site_id":8080},{"date":"2020-07-21","product":"COPERNICUS/S1_GRD","band":"VV","value":-5.2053,"farmer_unique_id":"922108","site_id":8080},{"date":"2020-08-02","product":"COPERNICUS/S1_GRD","band":"VV","value":-10.1327,"farmer_unique_id":"922108","site_id":8080},{"date":"2020-08-14","product":"COPERNICUS/S1_GRD","band":"VV","value":-9.8869,"farmer_unique_id":"922108","site_id":8080},{"date":"2020-08-26","product":"COPERNICUS/S1_GRD","band":"VV","value":-10.8098,"farmer_unique_id":"922108","site_id":8080},{"date":"2020-09-07","product":"COPERNICUS/S1_GRD","band":"VV","value":-12.6171,"farmer_unique_id":"922108","site_id":8080},{"date":"2020-09-19","product":"COPERNICUS/S1_GRD","band":"VV","value":-8.3368,"farmer_unique_id":"922108","site_id":8080},{"date":"2020-10-01","product":"COPERNICUS/S1_GRD","band":"VV","value":-7.8163,"farmer_unique_id":"922108","site_id":8080},{"date":"2020-10-13","product":"COPERNICUS/S1_GRD","band":"VV","value":-9.3869,"farmer_unique_id":"922108","site_id":8080},{"date":"2020-10-25","product":"COPERNICUS/S1_GRD","band":"VV","value":-10.5809,"farmer_unique_id":"922108","site_id":8080},{"date":"2020-11-06","product":"COPERNICUS/S1_GRD","band":"VV","value":-8.7716,"farmer_unique_id":"922108","site_id":8080},{"date":"2020-11-18","product":"COPERNICUS/S1_GRD","band":"VV","value":-13.5229,"farmer_unique_id":"922108","site_id":8080},{"date":"2020-11-30","product":"COPERNICUS/S1_GRD","band":"VV","value":-15.0257,"farmer_unique_id":"922108","site_id":8080},{"date":"2020-12-12","product":"COPERNICUS/S1_GRD","band":"VV","value":-11.795,"farmer_unique_id":"922108","site_id":8080},{"date":"2020-12-24","product":"COPERNICUS/S1_GRD","band":"VV","value":-9.4684,"farmer_unique_id":"922108","site_id":8080},{"date":"2021-01-05","product":"COPERNICUS/S1_GRD","band":"VV","value":-9.4854,"farmer_unique_id":"922108","site_id":8080},{"date":"2021-01-17","product":"COPERNICUS/S1_GRD","band":"VV","value":-9.2015,"farmer_unique_id":"922108","site_id":8080},{"date":"2021-01-29","product":"COPERNICUS/S1_GRD","band":"VV","value":-10.319,"farmer_unique_id":"922108","site_id":8080},{"date":"2021-02-10","product":"COPERNICUS/S1_GRD","band":"VV","value":-8.3958,"farmer_unique_id":"922108","site_id":8080},{"date":"2021-02-22","product":"COPERNICUS/S1_GRD","band":"VV","value":-9.4633,"farmer_unique_id":"922108","site_id":8080},{"date":"2021-03-06","product":"COPERNICUS/S1_GRD","band":"VV","value":-9.852,"farmer_unique_id":"922108","site_id":8080},{"date":"2021-03-18","product":"COPERNICUS/S1_GRD","band":"VV","value":-11.2513,"farmer_unique_id":"922108","site_id":8080},{"date":"2021-03-30","product":"COPERNICUS/S1_GRD","band":"VV","value":-6.4186,"farmer_unique_id":"922108","site_id":8080},{"date":"2021-04-11","product":"COPERNICUS/S1_GRD","band":"VV","value":-11.633,"farmer_unique_id":"922108","site_id":8080},{"date":"2021-04-23","product":"COPERNICUS/S1_GRD","band":"VV","value":-8.8107,"farmer_unique_id":"922108","site_id":8080},{"date":"2021-05-05","product":"COPERNICUS/S1_GRD","band":"VV","value":-6.3906,"farmer_unique_id":"922108","site_id":8080},{"date":"2021-05-17","product":"COPERNICUS/S1_GRD","band":"VV","value":-9.6471,"farmer_unique_id":"922108","site_id":8080},{"date":"2021-05-29","product":"COPERNICUS/S1_GRD","band":"VV","value":-8.6053,"farmer_unique_id":"922108","site_id":8080},{"date":"2021-06-10","product":"COPERNICUS/S1_GRD","band":"VV","value":-11.0374,"farmer_unique_id":"922108","site_id":8080},{"date":"2021-06-22","product":"COPERNICUS/S1_GRD","band":"VV","value":-9.9056,"farmer_unique_id":"922108","site_id":8080},{"date":"2021-07-04","product":"COPERNICUS/S1_GRD","band":"VV","value":-13.3526,"farmer_unique_id":"922108","site_id":8080},{"date":"2021-07-16","product":"COPERNICUS/S1_GRD","band":"VV","value":-9.217,"farmer_unique_id":"922108","site_id":8080},{"date":"2021-07-28","product":"COPERNICUS/S1_GRD","band":"VV","value":-9.1268,"farmer_unique_id":"922108","site_id":8080},{"date":"2021-08-09","product":"COPERNICUS/S1_GRD","band":"VV","value":-9.4472,"farmer_unique_id":"922108","site_id":8080},{"date":"2021-08-21","product":"COPERNICUS/S1_GRD","band":"VV","value":-9.3478,"farmer_unique_id":"922108","site_id":8080},{"date":"2021-09-02","product":"COPERNICUS/S1_GRD","band":"VV","value":-9.6449,"farmer_unique_id":"922108","site_id":8080},{"date":"2021-09-14","product":"COPERNICUS/S1_GRD","band":"VV","value":-10.3038,"farmer_unique_id":"922108","site_id":8080},{"date":"2021-09-26","product":"COPERNICUS/S1_GRD","band":"VV","value":-8.6333,"farmer_unique_id":"922108","site_id":8080},{"date":"2021-10-08","product":"COPERNICUS/S1_GRD","band":"VV","value":-12.3312,"farmer_unique_id":"922108","site_id":8080},{"date":"2021-10-20","product":"COPERNICUS/S1_GRD","band":"VV","value":-9.9231,"farmer_unique_id":"922108","site_id":8080},{"date":"2021-11-01","product":"COPERNICUS/S1_GRD","band":"VV","value":-11.5182,"farmer_unique_id":"922108","site_id":8080},{"date":"2021-11-13","product":"COPERNICUS/S1_GRD","band":"VV","value":-9.1641,"farmer_unique_id":"922108","site_id":8080},{"date":"2021-11-25","product":"COPERNICUS/S1_GRD","band":"VV","value":-11.4941,"farmer_unique_id":"922108","site_id":8080},{"date":"2021-12-07","product":"COPERNICUS/S1_GRD","band":"VV","value":-9.3042,"farmer_unique_id":"922108","site_id":8080},{"date":"2021-12-19","product":"COPERNICUS/S1_GRD","band":"VV","value":-6.4076,"farmer_unique_id":"922108","site_id":8080}]
