[{"date":"2020-01-04","product":"COPERNICUS/S1_GRD","band":"VH","value":-19.9204,"farmer_unique_id":"2404154","site_id":4703},{"date":"2020-01-16","product":"COPERNICUS/S1_GRD","band":"VH","value":-17.4673,"farmer_unique_id":"2404154","site_id":4703},{"date":"2020-01-28","product":"COPERNICUS/S1_GRD","band":"VH","value":-18.8776,"farmer_unique_id":"2404154","site_id":4703},{"date":"2020-02-09","product":"COPERNICUS/S1_GRD","band":"VH","value":-18.0956,"farmer_unique_id":"2404154","site_id":4703},{"date":"2020-02-21","product":"COPERNICUS/S1_GRD","band":"VH","value":-17.3419,"farmer_unique_id":"2404154","site_id":4703},{"date":"2020-03-04","product":"COPERNICUS/S1_GRD","band":"VH","value":-17.833,"farmer_unique_id":"2404154","site_id":4703},{"date":"2020-03-16","product":"COPERNICUS/S1_GRD","band":"VH","value":-17.7217,"farmer_unique_id":"2404154","site_id":4703},{"date":"2020-03-28","product":"COPERNICUS/S1_GRD","band":"VH","value":-12.9416,"farmer_unique_id":"2404154","site_id":4703},{"date":"2020-04-09","product":"COPERNICUS/S1_GRD","band":"VH","value":-15.6007,"farmer_unique_id":"2404154","site_id":4703},{"date":"2020-04-21","product":"COPERNICUS/S1_GRD","band":"VH","value":-17.3748,"farmer_unique_id":"2404154","site_id":4703},{"date":"2020-05-03","product":"COPERNICUS/S1_GRD","band":"VH","value":-16.3667,"farmer_unique_id":"2404154","site_id":4703},{"date":"2020-05-15","product":"COPERNICUS/S1_GRD","band":"VH","value":-15.0524,"farmer_unique_id":"2404154","site_id":4703},{"date":"2020-05-27","product":"COPERNICUS/S1_GRD","band":"VH","value":-15.826,"farmer_unique_id":"2404154","site_id":4703},{"date":"2020-06-08","product":"COPERNICUS/S1_GRD","band":"VH","value":-12.2343,"farmer_unique_id":"2404154","site_id":4703},{"date":"2020-06-20","product":"COPERNICUS/S1_GRD","band":"VH","value":-17.6833,"farmer_unique_id":"2404154","site_id":4703},{"date":"2020-07-02","product":"COPERNICUS/S1_GRD","band":"VH","value":-14.8403,"farmer_unique_id":"2404154","site_id":4703},{"date":"2020-07-14","product":"COPERNICUS/S1_GRD","band":"VH","value":-17.5436,"farmer_unique_id":"2404154","site_id":4703},{"date":"2020-07-26","product":"COPERNICUS/S1_GRD","band":"VH","value":-17.5414,"farmer_unique_id":"2404154","site_id":4703},{"date":"2020-08-07","product":"COPERNICUS/S1_GRD","band":"VH","value":-20.1427,"farmer_unique_id":"2404154","site_id":4703},{"date":"2020-08-19","product":"COPERNICUS/S1_GRD","band":"VH","value":-15.2795,"farmer_unique_id":"2404154","site_id":4703},{"date":"2020-08-31","product":"COPERNICUS/S1_GRD","band":"VH","value":-17.9984,"farmer_unique_id":"2404154","site_id":4703},{"date":"2020-09-12","product":"COPERNICUS/S1_GRD","band":"VH","value":-15.4959,"farmer_unique_id":"2404154","site_id":4703},{"date":"2020-09-24","product":"COPERNICUS/S1_GRD","band":"VH","value":-16.7924,"farmer_unique_id":"2404154","site_id":4703},{"date":"2020-10-06","product":"COPERNICUS/S1_GRD","band":"VH","value":-14.9506,"farmer_unique_id":"2404154","site_id":4703},{"date":"2020-10-18","product":"COPERNICUS/S1_GRD","band":"VH","value":-16.2038,"farmer_unique_id":"2404154","site_id":4703},{"date":"2020-10-30","product":"COPERNICUS/S1_GRD","band":"VH","value":-16.8706,"farmer_unique_id":"2404154","site_id":4703},{"date":"2020-11-11","product":"COPERNICUS/S1_GRD","band":"VH","value":-19.3524,"farmer_unique_id":"2404154","site_id":4703},{"date":"2020-11-23","product":"COPERNICUS/S1_GRD","band":"VH","value":-18.6012,"farmer_unique_id":"2404154","site_id":4703},{"date":"2020-12-05","product":"COPERNICUS/S1_GRD","band":"VH","value":-16.4606,"farmer_unique_id":"2404154","site_id":4703},{"date":"2020-12-17","product":"COPERNICUS/S1_GRD","band":"VH","value":-15.5062,"farmer_unique_id":"2404154","site_id":4703},{"date":"2020-12-29","product":"COPERNICUS/S1_GRD","band":"VH","value":-17.8844,"farmer_unique_id":"2404154","site_id":4703},{"date":"2021-01-10","product":"COPERNICUS/S1_GRD","band":"VH","value":-21.9897,"farmer_unique_id":"2404154","site_id":4703},{"date":"2021-01-22","product":"COPERNICUS/S1_GRD","band":"VH","value":-14.4438,"farmer_unique_id":"2404154","site_id":4703},{"date":"2021-02-03","product":"COPERNICUS/S1_GRD","band":"VH","value":-21.0412,"farmer_unique_id":"2404154","site_id":4703},{"date":"2021-02-15","product":"COPERNICUS/S1_GRD","band":"VH","value":-14.1422,"farmer_unique_id":"2404154","site_id":4703},{"date":"2021-02-27","product":"COPERNICUS/S1_GRD","band":"VH","value":-19.7329,"farmer_unique_id":"2404154","site_id":4703},{"date":"2021-03-11","product":"COPERNICUS/S1_GRD","band":"VH","value":-16.2117,"farmer_unique_id":"2404154","site_id":4703},{"date":"2021-03-23","product":"COPERNICUS/S1_GRD","band":"VH","value":-18.8594,"farmer_unique_id":"2404154","site_id":4703},{"date":"2021-04-04","product":"COPERNICUS/S1_GRD","band":"VH","value":-17.4352,"farmer_unique_id":"2404154","site_id":4703},{"date":"2021-04-16","product":"COPERNICUS/S1_GRD","band":"VH","value":-16.9297,"farmer_unique_id":"2404154","site_id":4703},{"date":"2021-04-28","product":"COPERNICUS/S1_GRD","band":"VH","value":-21.4716,"farmer_unique_id":"2404154","site_id":4703},{"date":"2021-05-10","product":"COPERNICUS/S1_GRD","band":"VH","value":-13.7186,"farmer_unique_id":"2404154","site_id":4703},{"date":"2021-05-22","product":"COPERNICUS/S1_GRD","band":"VH","value":-12.368,"farmer_unique_id":"2404154","site_id":4703},{"date":"2021-06-03","product":"COPERNICUS/S1_GRD","band":"VH","value":-14.6497,"farmer_unique_id":"2404154","site_id":4703},{"date":"2021-06-15","product":"COPERNICUS/S1_GRD","band":"VH","value":-18.0729,"farmer_unique_id":"2404154","site_id":4703},{"date":"2021-06-27","product":"COPERNICUS/S1_GRD","band":"VH","value":-16.716,"farmer_unique_id":"2404154","site_id":4703},{"date":"2021-07-09","product":"COPERNICUS/S1_GRD","band":"VH","value":-14.8672,"farmer_unique_id":"2404154","site_id":4703},{"date":"2021-07-21","product":"COPERNICUS/S1_GRD","band":"VH","value":-17.8041,"farmer_unique_id":"2404154","site_id":4703},{"date":"2021-08-02","product":"COPERNICUS/S1_GRD","band":"VH","value":-15.4955,"farmer_unique_id":"2404154","site_id":4703},{"date":"2021-08-14","product":"COPERNICUS/S1_GRD","band":"VH","value":-15.7025,"farmer_unique_id":"2404154","site_id":4703},{"date":"2021-08-26","product":"COPERNICUS/S1_GRD","band":"VH","value":-17.6803,"farmer_unique_id":"2404154","site_id":4703},{"date":"2021-09-07","product":"COPERNICUS/S1_GRD","band":"VH","value":-16.2163,"farmer_unique_id":"2404154","site_id":4703},{"date":"2021-09-19","product":"COPERNICUS/S1_GRD","band":"VH","value":-12.8691,"farmer_unique_id":"2404154","site_id":4703},{"date":"2021-10-01","product":"COPERNICUS/S1_GRD","band":"VH","value":-15.2969,"farmer_unique_id":"2404154","site_id":4703},{"date":"2021-10-13","product":"COPERNICUS/S1_GRD","band":"VH","value":-20.3689,"farmer_unique_id":"2404154","site_id":4703},{"date":"2021-10-25","product":"COPERNICUS/S1_GRD","band":"VH","value":-18.5159,"farmer_unique_id":"2404154","site_id":4703},{"date":"2021-11-06","product":"COPERNICUS/S1_GRD","band":"VH","value":-20.4899,"farmer_unique_id":"2404154","site_id":4703},{"date":"2021-11-18","product":"COPERNICUS/S1_GRD","band":"VH","value":-16.4273,"farmer_unique_id":"2404154","site_id":4703},{"date":"2021-11-30","product":"COPERNICUS/S1_GRD","band":"VH","value":-18.7646,"farmer_unique_id":"2404154","site_id":4703},{"date":"2021-12-12","product":"COPERNICUS/S1_GRD","band":"VH","value":-17.0169,"farmer_unique_id":"2404154","site_id":4703},{"date":"2021-12-24","product":"COPERNICUS/S1_GRD","band":"VH","value":-16.5084,"farmer_unique_id":"2404154","site_id":4703},{"date":"2020-01-04","product":"COPERNICUS/S1_GRD","band":"VV","value":-11.1459,"farmer_unique_id":"2404154","site_id":4703},{"date":"2020-01-16","product":"COPERNICUS/S1_GRD","band":"VV","value":-7.8834,"farmer_unique_id":"2404154","site_id":4703},{"date":"2020-01-28","product":"COPERNICUS/S1_GRD","band":"VV","value":-12.1167,"farmer_unique_id":"2404154","site_id":4703},{"date":"2020-02-09","product":"COPERNICUS/S1_GRD","band":"VV","value":-7.1777,"farmer_unique_id":"2404154","site_id":4703},{"date":"2020-02-21","product":"COPERNICUS/S1_GRD","band":"VV","value":-10.9446,"farmer_unique_id":"2404154","site_id":4703},{"date":"2020-03-04","product":"COPERNICUS/S1_GRD","band":"VV","value":-9.21,"farmer_unique_id":"2404154","site_id":4703},{"date":"2020-03-16","product":"COPERNICUS/S1_GRD","band":"VV","value":-8.4442,"farmer_unique_id":"2404154","site_id":4703},{"date":"2020-03-28","product":"COPERNICUS/S1_GRD","band":"VV","value":-9.3275,"farmer_unique_id":"2404154","site_id":4703},{"date":"2020-04-09","product":"COPERNICUS/S1_GRD","band":"VV","value":-10.986,"farmer_unique_id":"2404154","site_id":4703},{"date":"2020-04-21","product":"COPERNICUS/S1_GRD","band":"VV","value":-8.5561,"farmer_unique_id":"2404154","site_id":4703},{"date":"2020-05-03","product":"COPERNICUS/S1_GRD","band":"VV","value":-7.6418,"farmer_unique_id":"2404154","site_id":4703},{"date":"2020-05-15","product":"COPERNICUS/S1_GRD","band":"VV","value":-8.1587,"farmer_unique_id":"2404154","site_id":4703},{"date":"2020-05-27","product":"COPERNICUS/S1_GRD","band":"VV","value":-8.8618,"farmer_unique_id":"2404154","site_id":4703},{"date":"2020-06-08","product":"COPERNICUS/S1_GRD","band":"VV","value":-11.3181,"farmer_unique_id":"2404154","site_id":4703},{"date":"2020-06-20","product":"COPERNICUS/S1_GRD","band":"VV","value":-12.0719,"farmer_unique_id":"2404154","site_id":4703},{"date":"2020-07-02","product":"COPERNICUS/S1_GRD","band":"VV","value":-8.4848,"farmer_unique_id":"2404154","site_id":4703},{"date":"2020-07-14","product":"COPERNICUS/S1_GRD","band":"VV","value":-5.052,"farmer_unique_id":"2404154","site_id":4703},{"date":"2020-07-26","product":"COPERNICUS/S1_GRD","band":"VV","value":-11.4851,"farmer_unique_id":"2404154","site_id":4703},{"date":"2020-08-07","product":"COPERNICUS/S1_GRD","band":"VV","value":-8.3298,"farmer_unique_id":"2404154","site_id":4703},{"date":"2020-08-19","product":"COPERNICUS/S1_GRD","band":"VV","value":-7.4732,"farmer_unique_id":"2404154","site_id":4703},{"date":"2020-08-31","product":"COPERNICUS/S1_GRD","band":"VV","value":-9.1,"farmer_unique_id":"2404154","site_id":4703},{"date":"2020-09-12","product":"COPERNICUS/S1_GRD","band":"VV","value":-4.6655,"farmer_unique_id":"2404154","site_id":4703},{"date":"2020-09-24","product":"COPERNICUS/S1_GRD","band":"VV","value":-9.9173,"farmer_unique_id":"2404154","site_id":4703},{"date":"2020-10-06","product":"COPERNICUS/S1_GRD","band":"VV","value":-12.4205,"farmer_unique_id":"2404154","site_id":4703},{"date":"2020-10-18","product":"COPERNICUS/S1_GRD","band":"VV","value":-10.3787,"farmer_unique_id":"2404154","site_id":4703},{"date":"2020-10-30","product":"COPERNICUS/S1_GRD","band":"VV","value":-10.0321,"farmer_unique_id":"2404154","site_id":4703},{"date":"2020-11-11","product":"COPERNICUS/S1_GRD","band":"VV","value":-6.646,"farmer_unique_id":"2404154","site_id":4703},{"date":"2020-11-23","product":"COPERNICUS/S1_GRD","band":"VV","value":-13.3073,"farmer_unique_id":"2404154","site_id":4703},{"date":"2020-12-05","product":"COPERNICUS/S1_GRD","band":"VV","value":-12.8588,"farmer_unique_id":"2404154","site_id":4703},{"date":"2020-12-17","product":"COPERNICUS/S1_GRD","band":"VV","value":-9.5726,"farmer_unique_id":"2404154","site_id":4703},{"date":"2020-12-29","product":"COPERNICUS/S1_GRD","band":"VV","value":-11.3925,"farmer_unique_id":"2404154","site_id":4703},{"date":"2021-01-10","product":"COPERNICUS/S1_GRD","band":"VV","value":-10.8628,"farmer_unique_id":"2404154","site_id":4703},{"date":"2021-01-22","product":"COPERNICUS/S1_GRD","band":"VV","value":-9.3685,"farmer_unique_id":"2404154","site_id":4703},{"date":"2021-02-03","product":"COPERNICUS/S1_GRD","band":"VV","value":-14.7373,"farmer_unique_id":"2404154","site_id":4703},{"date":"2021-02-15","product":"COPERNICUS/S1_GRD","band":"VV","value":-10.9121,"farmer_unique_id":"2404154","site_id":4703},{"date":"2021-02-27","product":"COPERNICUS/S1_GRD","band":"VV","value":-8.755,"farmer_unique_id":"2404154","site_id":4703},{"date":"2021-03-11","product":"COPERNICUS/S1_GRD","band":"VV","value":-15.0264,"farmer_unique_id":"2404154","site_id":4703},{"date":"2021-03-23","product":"COPERNICUS/S1_GRD","band":"VV","value":-11.8519,"farmer_unique_id":"2404154","site_id":4703},{"date":"2021-04-04","product":"COPERNICUS/S1_GRD","band":"VV","value":-10.2762,"farmer_unique_id":"2404154","site_id":4703},{"date":"2021-04-16","product":"COPERNICUS/S1_GRD","band":"VV","value":-8.1878,"farmer_unique_id":"2404154","site_id":4703},{"date":"2021-04-28","product":"COPERNICUS/S1_GRD","band":"VV","value":-7.3121,"farmer_unique_id":"2404154","site_id":4703},{"date":"2021-05-10","product":"COPERNICUS/S1_GRD","band":"VV","value":-9.6587,"farmer_unique_id":"2404154","site_id":4703},{"date":"2021-05-22","product":"COPERNICUS/S1_GRD","band":"VV","value":-13.1583,"farmer_unique_id":"2404154","site_id":4703},{"date":"2021-06-03","product":"COPERNICUS/S1_GRD","band":"VV","value":-8.8802,"farmer_unique_id":"2404154","site_id":4703},{"date":"2021-06-15","product":"COPERNICUS/S1_GRD","band":"VV","value":-8.1714,"farmer_unique_id":"2404154","site_id":4703},{"date":"2021-06-27","product":"COPERNICUS/S1_GRD","band":"VV","value":-7.4639,"farmer_unique_id":"2404154","site_id":4703},{"date":"2021-07-09","product":"COPERNICUS/S1_GRD","band":"VV","value":-10.9855,"farmer_unique_id":"2404154","site_id":4703},{"date":"2021-07-21","product":"COPERNICUS/S1_GRD","band":"VV","value":-15.3874,"farmer_unique_id":"2404154","site_id":4703},{"date":"2021-08-02","product":"COPERNICUS/S1_GRD","band":"VV","value":-13.2307,"farmer_unique_id":"2404154","site_id":4703},{"date":"2021-08-14","product":"COPERNICUS/S1_GRD","band":"VV","value":-8.2077,"farmer_unique_id":"2404154","site_id":4703},{"date":"2021-08-26","product":"COPERNICUS/S1_GRD","band":"VV","value":-8.87,"farmer_unique_id":"2404154","site_id":4703},{"date":"2021-09-07","product":"COPERNICUS/S1_GRD","band":"VV","value":-9.0137,"farmer_unique_id":"2404154","site_id":4703},{"date":"2021-09-19","product":"COPERNICUS/S1_GRD","band":"VV","value":-13.7,"farmer_unique_id":"2404154","site_id":4703},{"date":"2021-10-01","product":"COPERNICUS/S1_GRD","band":"VV","value":-6.632,"farmer_unique_id":"2404154","site_id":4703},{"date":"2021-10-13","product":"COPERNICUS/S1_GRD","band":"VV","value":-7.2809,"farmer_unique_id":"2404154","site_id":4703},{"date":"2021-10-25","product":"COPERNICUS/S1_GRD","band":"VV","farmer_unique_id":"2404154","site_id":4703},{"date":"2021-11-06","product":"COPERNICUS/S1_GRD","band":"VV","value":-7.6284,"farmer_unique_id":"2404154","site_id":4703},{"date":"2021-11-18","product":"COPERNICUS/S1_GRD","band":"VV","value":-10.0171,"farmer_unique_id":"2404154","site_id":4703},{"date":"2021-11-30","product":"COPERNICUS/S1_GRD","band":"VV","value":-8.8996,"farmer_unique_id":"2404154","site_id":4703},{"date":"2021-12-12","product":"COPERNICUS/S1_GRD","band":"VV","value":-9.4424,"farmer_unique_id":"2404154","site_id":4703},{"date":"2021-12-24","product":"COPERNICUS/S1_GRD","band":"VV","value":-13.3802,"farmer_unique_id":"2404154","site_id":4703}]
