[{"date":"2020-01-11","product":"COPERNICUS/S1_GRD","band":"VH","value":-15.3087,"farmer_unique_id":"4593958","site_id":10596},{"date":"2020-01-23","product":"COPERNICUS/S1_GRD","band":"VH","value":-13.467,"farmer_unique_id":"4593958","site_id":10596},{"date":"2020-02-04","product":"COPERNICUS/S1_GRD","band":"VH","value":-13.708,"farmer_unique_id":"4593958","site_id":10596},{"date":"2020-02-16","product":"COPERNICUS/S1_GRD","band":"VH","value":-14.5323,"farmer_unique_id":"4593958","site_id":10596},{"date":"2020-02-28","product":"COPERNICUS/S1_GRD","band":"VH","value":-19.3522,"farmer_unique_id":"4593958","site_id":10596},{"date":"2020-03-11","product":"COPERNICUS/S1_GRD","band":"VH","value":-14.7624,"farmer_unique_id":"4593958","site_id":10596},{"date":"2020-03-23","product":"COPERNICUS/S1_GRD","band":"VH","value":-16.2294,"farmer_unique_id":"4593958","site_id":10596},{"date":"2020-04-04","product":"COPERNICUS/S1_GRD","band":"VH","value":-16.3497,"farmer_unique_id":"4593958","site_id":10596},{"date":"2020-04-16","product":"COPERNICUS/S1_GRD","band":"VH","value":-18.8976,"farmer_unique_id":"4593958","site_id":10596},{"date":"2020-04-28","product":"COPERNICUS/S1_GRD","band":"VH","value":-16.987,"farmer_unique_id":"4593958","site_id":10596},{"date":"2020-05-10","product":"COPERNICUS/S1_GRD","band":"VH","value":-14.6505,"farmer_unique_id":"4593958","site_id":10596},{"date":"2020-05-22","product":"COPERNICUS/S1_GRD","band":"VH","value":-12.565,"farmer_unique_id":"4593958","site_id":10596},{"date":"2020-06-03","product":"COPERNICUS/S1_GRD","band":"VH","value":-15.7557,"farmer_unique_id":"4593958","site_id":10596},{"date":"2020-06-15","product":"COPERNICUS/S1_GRD","band":"VH","value":-15.7692,"farmer_unique_id":"4593958","site_id":10596},{"date":"2020-06-27","product":"COPERNICUS/S1_GRD","band":"VH","value":-13.5746,"farmer_unique_id":"4593958","site_id":10596},{"date":"2020-07-09","product":"COPERNICUS/S1_GRD","band":"VH","value":-15.5669,"farmer_unique_id":"4593958","site_id":10596},{"date":"2020-07-21","product":"COPERNICUS/S1_GRD","band":"VH","value":-17.6857,"farmer_unique_id":"4593958","site_id":10596},{"date":"2020-08-02","product":"COPERNICUS/S1_GRD","band":"VH","value":-17.1968,"farmer_unique_id":"4593958","site_id":10596},{"date":"2020-08-14","product":"COPERNICUS/S1_GRD","band":"VH","value":-17.3892,"farmer_unique_id":"4593958","site_id":10596},{"date":"2020-08-26","product":"COPERNICUS/S1_GRD","band":"VH","value":-24.9905,"farmer_unique_id":"4593958","site_id":10596},{"date":"2020-09-07","product":"COPERNICUS/S1_GRD","band":"VH","value":-16.4879,"farmer_unique_id":"4593958","site_id":10596},{"date":"2020-09-19","product":"COPERNICUS/S1_GRD","band":"VH","value":-22.6874,"farmer_unique_id":"4593958","site_id":10596},{"date":"2020-10-01","product":"COPERNICUS/S1_GRD","band":"VH","value":-16.0518,"farmer_unique_id":"4593958","site_id":10596},{"date":"2020-10-13","product":"COPERNICUS/S1_GRD","band":"VH","value":-23.2264,"farmer_unique_id":"4593958","site_id":10596},{"date":"2020-10-25","product":"COPERNICUS/S1_GRD","band":"VH","value":-26.6744,"farmer_unique_id":"4593958","site_id":10596},{"date":"2020-11-06","product":"COPERNICUS/S1_GRD","band":"VH","value":-20.0432,"farmer_unique_id":"4593958","site_id":10596},{"date":"2020-11-18","product":"COPERNICUS/S1_GRD","band":"VH","value":-26.4426,"farmer_unique_id":"4593958","site_id":10596},{"date":"2020-11-30","product":"COPERNICUS/S1_GRD","band":"VH","value":-16.4059,"farmer_unique_id":"4593958","site_id":10596},{"date":"2020-12-12","product":"COPERNICUS/S1_GRD","band":"VH","value":-13.1168,"farmer_unique_id":"4593958","site_id":10596},{"date":"2020-12-24","product":"COPERNICUS/S1_GRD","band":"VH","value":-15.8156,"farmer_unique_id":"4593958","site_id":10596},{"date":"2021-01-05","product":"COPERNICUS/S1_GRD","band":"VH","value":-14.185,"farmer_unique_id":"4593958","site_id":10596},{"date":"2021-01-17","product":"COPERNICUS/S1_GRD","band":"VH","value":-15.2383,"farmer_unique_id":"4593958","site_id":10596},{"date":"2021-01-29","product":"COPERNICUS/S1_GRD","band":"VH","value":-11.1568,"farmer_unique_id":"4593958","site_id":10596},{"date":"2021-02-10","product":"COPERNICUS/S1_GRD","band":"VH","value":-16.9668,"farmer_unique_id":"4593958","site_id":10596},{"date":"2021-02-22","product":"COPERNICUS/S1_GRD","band":"VH","value":-13.4626,"farmer_unique_id":"4593958","site_id":10596},{"date":"2021-03-06","product":"COPERNICUS/S1_GRD","band":"VH","value":-18.1669,"farmer_unique_id":"4593958","site_id":10596},{"date":"2021-03-18","product":"COPERNICUS/S1_GRD","band":"VH","value":-15.2303,"farmer_unique_id":"4593958","site_id":10596},{"date":"2021-03-30","product":"COPERNICUS/S1_GRD","band":"VH","value":-16.4953,"farmer_unique_id":"4593958","site_id":10596},{"date":"2021-04-11","product":"COPERNICUS/S1_GRD","band":"VH","value":-15.7543,"farmer_unique_id":"4593958","site_id":10596},{"date":"2021-04-23","product":"COPERNICUS/S1_GRD","band":"VH","value":-15.0293,"farmer_unique_id":"4593958","site_id":10596},{"date":"2021-05-05","product":"COPERNICUS/S1_GRD","band":"VH","value":-13.0738,"farmer_unique_id":"4593958","site_id":10596},{"date":"2021-05-17","product":"COPERNICUS/S1_GRD","band":"VH","value":-14.9369,"farmer_unique_id":"4593958","site_id":10596},{"date":"2021-05-29","product":"COPERNICUS/S1_GRD","band":"VH","value":-16.7871,"farmer_unique_id":"4593958","site_id":10596},{"date":"2021-06-10","product":"COPERNICUS/S1_GRD","band":"VH","value":-16.3327,"farmer_unique_id":"4593958","site_id":10596},{"date":"2021-06-22","product":"COPERNICUS/S1_GRD","band":"VH","value":-17.318,"farmer_unique_id":"4593958","site_id":10596},{"date":"2021-07-04","product":"COPERNICUS/S1_GRD","band":"VH","value":-15.4119,"farmer_unique_id":"4593958","site_id":10596},{"date":"2021-07-16","product":"COPERNICUS/S1_GRD","band":"VH","value":-16.0998,"farmer_unique_id":"4593958","site_id":10596},{"date":"2021-07-28","product":"COPERNICUS/S1_GRD","band":"VH","value":-19.0161,"farmer_unique_id":"4593958","site_id":10596},{"date":"2021-08-09","product":"COPERNICUS/S1_GRD","band":"VH","value":-20.4119,"farmer_unique_id":"4593958","site_id":10596},{"date":"2021-08-21","product":"COPERNICUS/S1_GRD","band":"VH","value":-21.6857,"farmer_unique_id":"4593958","site_id":10596},{"date":"2021-09-02","product":"COPERNICUS/S1_GRD","band":"VH","value":-21.5005,"farmer_unique_id":"4593958","site_id":10596},{"date":"2021-09-14","product":"COPERNICUS/S1_GRD","band":"VH","value":-21.5776,"farmer_unique_id":"4593958","site_id":10596},{"date":"2021-09-26","product":"COPERNICUS/S1_GRD","band":"VH","value":-22.08,"farmer_unique_id":"4593958","site_id":10596},{"date":"2021-10-08","product":"COPERNICUS/S1_GRD","band":"VH","value":-22.8684,"farmer_unique_id":"4593958","site_id":10596},{"date":"2021-10-20","product":"COPERNICUS/S1_GRD","band":"VH","value":-19.0396,"farmer_unique_id":"4593958","site_id":10596},{"date":"2021-11-01","product":"COPERNICUS/S1_GRD","band":"VH","value":-23.3318,"farmer_unique_id":"4593958","site_id":10596},{"date":"2021-11-13","product":"COPERNICUS/S1_GRD","band":"VH","value":-19.8866,"farmer_unique_id":"4593958","site_id":10596},{"date":"2021-11-25","product":"COPERNICUS/S1_GRD","band":"VH","value":-23.8247,"farmer_unique_id":"4593958","site_id":10596},{"date":"2021-12-07","product":"COPERNICUS/S1_GRD","band":"VH","value":-19.2743,"farmer_unique_id":"4593958","site_id":10596},{"date":"2021-12-19","product":"COPERNICUS/S1_GRD","band":"VH","value":-16.77,"farmer_unique_id":"4593958","site_id":10596},{"date":"2020-01-11","product":"COPERNICUS/S1_GRD","band":"VV","value":-7.3058,"farmer_unique_id":"4593958","site_id":10596},{"date":"2020-01-23","product":"COPERNICUS/S1_GRD","band":"VV","value":-10.8035,"farmer_unique_id":"4593958","site_id":10596},{"date":"2020-02-04","product":"COPERNICUS/S1_GRD","band":"VV","value":-9.694,"farmer_unique_id":"4593958","site_id":10596},{"date":"2020-02-16","product":"COPERNICUS/S1_GRD","band":"VV","value":-7.1092,"farmer_unique_id":"4593958","site_id":10596},{"date":"2020-02-28","product":"COPERNICUS/S1_GRD","band":"VV","value":-12.2205,"farmer_unique_id":"4593958","site_id":10596},{"date":"2020-03-11","product":"COPERNICUS/S1_GRD","band":"VV","value":-14.7059,"farmer_unique_id":"4593958","site_id":10596},{"date":"2020-03-23","product":"COPERNICUS/S1_GRD","band":"VV","value":-9.2826,"farmer_unique_id":"4593958","site_id":10596},{"date":"2020-04-04","product":"COPERNICUS/S1_GRD","band":"VV","value":-8.08,"farmer_unique_id":"4593958","site_id":10596},{"date":"2020-04-16","product":"COPERNICUS/S1_GRD","band":"VV","value":-12.5912,"farmer_unique_id":"4593958","site_id":10596},{"date":"2020-04-28","product":"COPERNICUS/S1_GRD","band":"VV","value":-12.7965,"farmer_unique_id":"4593958","site_id":10596},{"date":"2020-05-10","product":"COPERNICUS/S1_GRD","band":"VV","value":-10.641,"farmer_unique_id":"4593958","site_id":10596},{"date":"2020-05-22","product":"COPERNICUS/S1_GRD","band":"VV","value":-11.5819,"farmer_unique_id":"4593958","site_id":10596},{"date":"2020-06-03","product":"COPERNICUS/S1_GRD","band":"VV","value":-8.1545,"farmer_unique_id":"4593958","site_id":10596},{"date":"2020-06-15","product":"COPERNICUS/S1_GRD","band":"VV","value":-7.8956,"farmer_unique_id":"4593958","site_id":10596},{"date":"2020-06-27","product":"COPERNICUS/S1_GRD","band":"VV","value":-14.2789,"farmer_unique_id":"4593958","site_id":10596},{"date":"2020-07-09","product":"COPERNICUS/S1_GRD","band":"VV","value":-10.6671,"farmer_unique_id":"4593958","site_id":10596},{"date":"2020-07-21","product":"COPERNICUS/S1_GRD","band":"VV","value":-13.4992,"farmer_unique_id":"4593958","site_id":10596},{"date":"2020-08-02","product":"COPERNICUS/S1_GRD","band":"VV","value":-13.3643,"farmer_unique_id":"4593958","site_id":10596},{"date":"2020-08-14","product":"COPERNICUS/S1_GRD","band":"VV","value":-11.2229,"farmer_unique_id":"4593958","site_id":10596},{"date":"2020-08-26","product":"COPERNICUS/S1_GRD","band":"VV","value":-16.276,"farmer_unique_id":"4593958","site_id":10596},{"date":"2020-09-07","product":"COPERNICUS/S1_GRD","band":"VV","value":-13.8784,"farmer_unique_id":"4593958","site_id":10596},{"date":"2020-09-19","product":"COPERNICUS/S1_GRD","band":"VV","value":-11.9128,"farmer_unique_id":"4593958","site_id":10596},{"date":"2020-10-01","product":"COPERNICUS/S1_GRD","band":"VV","value":-14.4488,"farmer_unique_id":"4593958","site_id":10596},{"date":"2020-10-13","product":"COPERNICUS/S1_GRD","band":"VV","value":-12.9881,"farmer_unique_id":"4593958","site_id":10596},{"date":"2020-10-25","product":"COPERNICUS/S1_GRD","band":"VV","value":-14.2617,"farmer_unique_id":"4593958","site_id":10596},{"date":"2020-11-06","product":"COPERNICUS/S1_GRD","band":"VV","value":-10.1253,"farmer_unique_id":"4593958","site_id":10596},{"date":"2020-11-18","product":"COPERNICUS/S1_GRD","band":"VV","value":-10.6558,"farmer_unique_id":"4593958","site_id":10596},{"date":"2020-11-30","product":"COPERNICUS/S1_GRD","band":"VV","value":-12.2581,"farmer_unique_id":"4593958","site_id":10596},{"date":"2020-12-12","product":"COPERNICUS/S1_GRD","band":"VV","value":-9.833,"farmer_unique_id":"4593958","site_id":10596},{"date":"2020-12-24","product":"COPERNICUS/S1_GRD","band":"VV","value":-9.2676,"farmer_unique_id":"4593958","site_id":10596},{"date":"2021-01-05","product":"COPERNICUS/S1_GRD","band":"VV","value":-9.4515,"farmer_unique_id":"4593958","site_id":10596},{"date":"2021-01-17","product":"COPERNICUS/S1_GRD","band":"VV","value":-7.0878,"farmer_unique_id":"4593958","site_id":10596},{"date":"2021-01-29","product":"COPERNICUS/S1_GRD","band":"VV","value":-12.8718,"farmer_unique_id":"4593958","site_id":10596},{"date":"2021-02-10","product":"COPERNICUS/S1_GRD","band":"VV","value":-7.7634,"farmer_unique_id":"4593958","site_id":10596},{"date":"2021-02-22","product":"COPERNICUS/S1_GRD","band":"VV","value":-7.9375,"farmer_unique_id":"4593958","site_id":10596},{"date":"2021-03-06","product":"COPERNICUS/S1_GRD","band":"VV","value":-9.4299,"farmer_unique_id":"4593958","site_id":10596},{"date":"2021-03-18","product":"COPERNICUS/S1_GRD","band":"VV","value":-11.3245,"farmer_unique_id":"4593958","site_id":10596},{"date":"2021-03-30","product":"COPERNICUS/S1_GRD","band":"VV","value":-13.086,"farmer_unique_id":"4593958","site_id":10596},{"date":"2021-04-11","product":"COPERNICUS/S1_GRD","band":"VV","value":-9.1252,"farmer_unique_id":"4593958","site_id":10596},{"date":"2021-04-23","product":"COPERNICUS/S1_GRD","band":"VV","value":-12.0167,"farmer_unique_id":"4593958","site_id":10596},{"date":"2021-05-05","product":"COPERNICUS/S1_GRD","band":"VV","value":-14.1344,"farmer_unique_id":"4593958","site_id":10596},{"date":"2021-05-17","product":"COPERNICUS/S1_GRD","band":"VV","value":-12.6492,"farmer_unique_id":"4593958","site_id":10596},{"date":"2021-05-29","product":"COPERNICUS/S1_GRD","band":"VV","value":-9.4942,"farmer_unique_id":"4593958","site_id":10596},{"date":"2021-06-10","product":"COPERNICUS/S1_GRD","band":"VV","value":-9.5181,"farmer_unique_id":"4593958","site_id":10596},{"date":"2021-06-22","product":"COPERNICUS/S1_GRD","band":"VV","value":-11.6365,"farmer_unique_id":"4593958","site_id":10596},{"date":"2021-07-04","product":"COPERNICUS/S1_GRD","band":"VV","value":-10.4854,"farmer_unique_id":"4593958","site_id":10596},{"date":"2021-07-16","product":"COPERNICUS/S1_GRD","band":"VV","value":-17.4875,"farmer_unique_id":"4593958","site_id":10596},{"date":"2021-07-28","product":"COPERNICUS/S1_GRD","band":"VV","value":-14.5996,"farmer_unique_id":"4593958","site_id":10596},{"date":"2021-08-09","product":"COPERNICUS/S1_GRD","band":"VV","value":-15.5793,"farmer_unique_id":"4593958","site_id":10596},{"date":"2021-08-21","product":"COPERNICUS/S1_GRD","band":"VV","value":-14.1233,"farmer_unique_id":"4593958","site_id":10596},{"date":"2021-09-02","product":"COPERNICUS/S1_GRD","band":"VV","value":-16.2516,"farmer_unique_id":"4593958","site_id":10596},{"date":"2021-09-14","product":"COPERNICUS/S1_GRD","band":"VV","value":-13.2084,"farmer_unique_id":"4593958","site_id":10596},{"date":"2021-09-26","product":"COPERNICUS/S1_GRD","band":"VV","value":-11.3757,"farmer_unique_id":"4593958","site_id":10596},{"date":"2021-10-08","product":"COPERNICUS/S1_GRD","band":"VV","value":-12.7802,"farmer_unique_id":"4593958","site_id":10596},{"date":"2021-10-20","product":"COPERNICUS/S1_GRD","band":"VV","value":-11.9192,"farmer_unique_id":"4593958","site_id":10596},{"date":"2021-11-01","product":"COPERNICUS/S1_GRD","band":"VV","value":-13.7197,"farmer_unique_id":"4593958","site_id":10596},{"date":"2021-11-13","product":"COPERNICUS/S1_GRD","band":"VV","value":-13.443,"farmer_unique_id":"4593958","site_id":10596},{"date":"2021-11-25","product":"COPERNICUS/S1_GRD","band":"VV","value":-12.6163,"farmer_unique_id":"4593958","site_id":10596},{"date":"2021-12-07","product":"COPERNICUS/S1_GRD","band":"VV","value":-16.184,"farmer_unique_id":"4593958","site_id":10596},{"date":"2021-12-19","product":"COPERNICUS/S1_GRD","band":"VV","value":-13.1059,"farmer_unique_id":"4593958","site_id":10596}]
