[{"date":"2020-01-11","product":"COPERNICUS/S1_GRD","band":"VH","value":-14.7486,"farmer_unique_id":"4161352","site_id":11209},{"date":"2020-01-23","product":"COPERNICUS/S1_GRD","band":"VH","value":-13.8138,"farmer_unique_id":"4161352","site_id":11209},{"date":"2020-02-04","product":"COPERNICUS/S1_GRD","band":"VH","value":-15.711,"farmer_unique_id":"4161352","site_id":11209},{"date":"2020-02-16","product":"COPERNICUS/S1_GRD","band":"VH","value":-13.9945,"farmer_unique_id":"4161352","site_id":11209},{"date":"2020-02-28","product":"COPERNICUS/S1_GRD","band":"VH","value":-15.4562,"farmer_unique_id":"4161352","site_id":11209},{"date":"2020-03-11","product":"COPERNICUS/S1_GRD","band":"VH","value":-16.4831,"farmer_unique_id":"4161352","site_id":11209},{"date":"2020-03-23","product":"COPERNICUS/S1_GRD","band":"VH","value":-15.6427,"farmer_unique_id":"4161352","site_id":11209},{"date":"2020-04-04","product":"COPERNICUS/S1_GRD","band":"VH","value":-17.7969,"farmer_unique_id":"4161352","site_id":11209},{"date":"2020-04-16","product":"COPERNICUS/S1_GRD","band":"VH","value":-15.5665,"farmer_unique_id":"4161352","site_id":11209},{"date":"2020-04-28","product":"COPERNICUS/S1_GRD","band":"VH","value":-14.0521,"farmer_unique_id":"4161352","site_id":11209},{"date":"2020-05-10","product":"COPERNICUS/S1_GRD","band":"VH","value":-11.8748,"farmer_unique_id":"4161352","site_id":11209},{"date":"2020-05-22","product":"COPERNICUS/S1_GRD","band":"VH","value":-11.7595,"farmer_unique_id":"4161352","site_id":11209},{"date":"2020-06-15","product":"COPERNICUS/S1_GRD","band":"VH","value":-13.8993,"farmer_unique_id":"4161352","site_id":11209},{"date":"2020-06-27","product":"COPERNICUS/S1_GRD","band":"VH","value":-14.7372,"farmer_unique_id":"4161352","site_id":11209},{"date":"2020-07-09","product":"COPERNICUS/S1_GRD","band":"VH","value":-15.199,"farmer_unique_id":"4161352","site_id":11209},{"date":"2020-07-21","product":"COPERNICUS/S1_GRD","band":"VH","value":-14.4061,"farmer_unique_id":"4161352","site_id":11209},{"date":"2020-08-02","product":"COPERNICUS/S1_GRD","band":"VH","value":-14.0099,"farmer_unique_id":"4161352","site_id":11209},{"date":"2020-08-14","product":"COPERNICUS/S1_GRD","band":"VH","value":-11.5972,"farmer_unique_id":"4161352","site_id":11209},{"date":"2020-08-26","product":"COPERNICUS/S1_GRD","band":"VH","value":-13.1351,"farmer_unique_id":"4161352","site_id":11209},{"date":"2020-09-07","product":"COPERNICUS/S1_GRD","band":"VH","value":-13.4846,"farmer_unique_id":"4161352","site_id":11209},{"date":"2020-09-19","product":"COPERNICUS/S1_GRD","band":"VH","value":-13.4636,"farmer_unique_id":"4161352","site_id":11209},{"date":"2020-10-01","product":"COPERNICUS/S1_GRD","band":"VH","value":-13.9219,"farmer_unique_id":"4161352","site_id":11209},{"date":"2020-10-13","product":"COPERNICUS/S1_GRD","band":"VH","value":-20.0854,"farmer_unique_id":"4161352","site_id":11209},{"date":"2020-10-25","product":"COPERNICUS/S1_GRD","band":"VH","value":-20.1488,"farmer_unique_id":"4161352","site_id":11209},{"date":"2020-11-06","product":"COPERNICUS/S1_GRD","band":"VH","value":-13.8434,"farmer_unique_id":"4161352","site_id":11209},{"date":"2020-11-18","product":"COPERNICUS/S1_GRD","band":"VH","value":-16.7968,"farmer_unique_id":"4161352","site_id":11209},{"date":"2020-11-30","product":"COPERNICUS/S1_GRD","band":"VH","value":-17.7659,"farmer_unique_id":"4161352","site_id":11209},{"date":"2020-12-12","product":"COPERNICUS/S1_GRD","band":"VH","value":-17.0851,"farmer_unique_id":"4161352","site_id":11209},{"date":"2020-12-24","product":"COPERNICUS/S1_GRD","band":"VH","value":-13.8185,"farmer_unique_id":"4161352","site_id":11209},{"date":"2021-01-05","product":"COPERNICUS/S1_GRD","band":"VH","value":-18.8795,"farmer_unique_id":"4161352","site_id":11209},{"date":"2021-01-17","product":"COPERNICUS/S1_GRD","band":"VH","value":-12.1865,"farmer_unique_id":"4161352","site_id":11209},{"date":"2021-01-29","product":"COPERNICUS/S1_GRD","band":"VH","value":-12.9989,"farmer_unique_id":"4161352","site_id":11209},{"date":"2021-02-10","product":"COPERNICUS/S1_GRD","band":"VH","value":-13.7498,"farmer_unique_id":"4161352","site_id":11209},{"date":"2021-02-22","product":"COPERNICUS/S1_GRD","band":"VH","value":-13.1008,"farmer_unique_id":"4161352","site_id":11209},{"date":"2021-03-06","product":"COPERNICUS/S1_GRD","band":"VH","value":-14.7091,"farmer_unique_id":"4161352","site_id":11209},{"date":"2021-03-18","product":"COPERNICUS/S1_GRD","band":"VH","value":-19.4782,"farmer_unique_id":"4161352","site_id":11209},{"date":"2021-03-30","product":"COPERNICUS/S1_GRD","band":"VH","value":-16.1235,"farmer_unique_id":"4161352","site_id":11209},{"date":"2021-04-11","product":"COPERNICUS/S1_GRD","band":"VH","value":-15.052,"farmer_unique_id":"4161352","site_id":11209},{"date":"2021-04-23","product":"COPERNICUS/S1_GRD","band":"VH","value":-17.0271,"farmer_unique_id":"4161352","site_id":11209},{"date":"2021-05-05","product":"COPERNICUS/S1_GRD","band":"VH","value":-15.4338,"farmer_unique_id":"4161352","site_id":11209},{"date":"2021-05-17","product":"COPERNICUS/S1_GRD","band":"VH","value":-15.3469,"farmer_unique_id":"4161352","site_id":11209},{"date":"2021-05-29","product":"COPERNICUS/S1_GRD","band":"VH","value":-15.1911,"farmer_unique_id":"4161352","site_id":11209},{"date":"2021-06-10","product":"COPERNICUS/S1_GRD","band":"VH","value":-12.4094,"farmer_unique_id":"4161352","site_id":11209},{"date":"2021-06-22","product":"COPERNICUS/S1_GRD","band":"VH","value":-15.2972,"farmer_unique_id":"4161352","site_id":11209},{"date":"2021-07-04","product":"COPERNICUS/S1_GRD","band":"VH","value":-12.3804,"farmer_unique_id":"4161352","site_id":11209},{"date":"2021-07-16","product":"COPERNICUS/S1_GRD","band":"VH","value":-12.7033,"farmer_unique_id":"4161352","site_id":11209},{"date":"2021-07-28","product":"COPERNICUS/S1_GRD","band":"VH","value":-14.0485,"farmer_unique_id":"4161352","site_id":11209},{"date":"2021-08-09","product":"COPERNICUS/S1_GRD","band":"VH","value":-17.5973,"farmer_unique_id":"4161352","site_id":11209},{"date":"2021-08-21","product":"COPERNICUS/S1_GRD","band":"VH","value":-11.8623,"farmer_unique_id":"4161352","site_id":11209},{"date":"2021-09-02","product":"COPERNICUS/S1_GRD","band":"VH","value":-11.6276,"farmer_unique_id":"4161352","site_id":11209},{"date":"2021-09-14","product":"COPERNICUS/S1_GRD","band":"VH","value":-11.2857,"farmer_unique_id":"4161352","site_id":11209},{"date":"2021-09-26","product":"COPERNICUS/S1_GRD","band":"VH","value":-15.9258,"farmer_unique_id":"4161352","site_id":11209},{"date":"2021-10-08","product":"COPERNICUS/S1_GRD","band":"VH","value":-15.4484,"farmer_unique_id":"4161352","site_id":11209},{"date":"2021-10-20","product":"COPERNICUS/S1_GRD","band":"VH","value":-11.9407,"farmer_unique_id":"4161352","site_id":11209},{"date":"2021-11-01","product":"COPERNICUS/S1_GRD","band":"VH","value":-15.3266,"farmer_unique_id":"4161352","site_id":11209},{"date":"2021-11-13","product":"COPERNICUS/S1_GRD","band":"VH","value":-15.987,"farmer_unique_id":"4161352","site_id":11209},{"date":"2021-11-25","product":"COPERNICUS/S1_GRD","band":"VH","value":-17.1263,"farmer_unique_id":"4161352","site_id":11209},{"date":"2021-12-07","product":"COPERNICUS/S1_GRD","band":"VH","value":-16.5007,"farmer_unique_id":"4161352","site_id":11209},{"date":"2021-12-19","product":"COPERNICUS/S1_GRD","band":"VH","value":-13.6299,"farmer_unique_id":"4161352","site_id":11209},{"date":"2020-01-11","product":"COPERNICUS/S1_GRD","band":"VV","value":-8.6528,"farmer_unique_id":"4161352","site_id":11209},{"date":"2020-01-23","product":"COPERNICUS/S1_GRD","band":"VV","value":-5.6284,"farmer_unique_id":"4161352","site_id":11209},{"date":"2020-02-04","product":"COPERNICUS/S1_GRD","band":"VV","value":-6.7874,"farmer_unique_id":"4161352","site_id":11209},{"date":"2020-02-16","product":"COPERNICUS/S1_GRD","band":"VV","value":-7.9647,"farmer_unique_id":"4161352","site_id":11209},{"date":"2020-02-28","product":"COPERNICUS/S1_GRD","band":"VV","value":-12.2286,"farmer_unique_id":"4161352","site_id":11209},{"date":"2020-03-11","product":"COPERNICUS/S1_GRD","band":"VV","value":-10.0689,"farmer_unique_id":"4161352","site_id":11209},{"date":"2020-03-23","product":"COPERNICUS/S1_GRD","band":"VV","value":-10.1293,"farmer_unique_id":"4161352","site_id":11209},{"date":"2020-04-04","product":"COPERNICUS/S1_GRD","band":"VV","value":-10.6628,"farmer_unique_id":"4161352","site_id":11209},{"date":"2020-04-16","product":"COPERNICUS/S1_GRD","band":"VV","value":-8.2823,"farmer_unique_id":"4161352","site_id":11209},{"date":"2020-04-28","product":"COPERNICUS/S1_GRD","band":"VV","value":-9.8081,"farmer_unique_id":"4161352","site_id":11209},{"date":"2020-05-10","product":"COPERNICUS/S1_GRD","band":"VV","value":-12.1037,"farmer_unique_id":"4161352","site_id":11209},{"date":"2020-05-22","product":"COPERNICUS/S1_GRD","band":"VV","value":-12.661,"farmer_unique_id":"4161352","site_id":11209},{"date":"2020-06-15","product":"COPERNICUS/S1_GRD","band":"VV","value":-6.6942,"farmer_unique_id":"4161352","site_id":11209},{"date":"2020-06-27","product":"COPERNICUS/S1_GRD","band":"VV","value":-10.6113,"farmer_unique_id":"4161352","site_id":11209},{"date":"2020-07-09","product":"COPERNICUS/S1_GRD","band":"VV","value":-8.993,"farmer_unique_id":"4161352","site_id":11209},{"date":"2020-07-21","product":"COPERNICUS/S1_GRD","band":"VV","value":-8.4902,"farmer_unique_id":"4161352","site_id":11209},{"date":"2020-08-02","product":"COPERNICUS/S1_GRD","band":"VV","value":-8.7318,"farmer_unique_id":"4161352","site_id":11209},{"date":"2020-08-14","product":"COPERNICUS/S1_GRD","band":"VV","value":-9.1287,"farmer_unique_id":"4161352","site_id":11209},{"date":"2020-08-26","product":"COPERNICUS/S1_GRD","band":"VV","value":-9.1136,"farmer_unique_id":"4161352","site_id":11209},{"date":"2020-09-07","product":"COPERNICUS/S1_GRD","band":"VV","value":-9.9227,"farmer_unique_id":"4161352","site_id":11209},{"date":"2020-09-19","product":"COPERNICUS/S1_GRD","band":"VV","value":-6.0368,"farmer_unique_id":"4161352","site_id":11209},{"date":"2020-10-01","product":"COPERNICUS/S1_GRD","band":"VV","value":-6.7157,"farmer_unique_id":"4161352","site_id":11209},{"date":"2020-10-13","product":"COPERNICUS/S1_GRD","band":"VV","value":-10.0449,"farmer_unique_id":"4161352","site_id":11209},{"date":"2020-10-25","product":"COPERNICUS/S1_GRD","band":"VV","value":-8.477,"farmer_unique_id":"4161352","site_id":11209},{"date":"2020-11-06","product":"COPERNICUS/S1_GRD","band":"VV","value":-9.697,"farmer_unique_id":"4161352","site_id":11209},{"date":"2020-11-18","product":"COPERNICUS/S1_GRD","band":"VV","value":-12.3846,"farmer_unique_id":"4161352","site_id":11209},{"date":"2020-11-30","product":"COPERNICUS/S1_GRD","band":"VV","value":-10.0988,"farmer_unique_id":"4161352","site_id":11209},{"date":"2020-12-12","product":"COPERNICUS/S1_GRD","band":"VV","value":-9.9003,"farmer_unique_id":"4161352","site_id":11209},{"date":"2020-12-24","product":"COPERNICUS/S1_GRD","band":"VV","value":-11.1333,"farmer_unique_id":"4161352","site_id":11209},{"date":"2021-01-05","product":"COPERNICUS/S1_GRD","band":"VV","value":-7.1118,"farmer_unique_id":"4161352","site_id":11209},{"date":"2021-01-17","product":"COPERNICUS/S1_GRD","band":"VV","value":-11.1858,"farmer_unique_id":"4161352","site_id":11209},{"date":"2021-01-29","product":"COPERNICUS/S1_GRD","band":"VV","value":-8.4644,"farmer_unique_id":"4161352","site_id":11209},{"date":"2021-02-10","product":"COPERNICUS/S1_GRD","band":"VV","value":-10.1327,"farmer_unique_id":"4161352","site_id":11209},{"date":"2021-02-22","product":"COPERNICUS/S1_GRD","band":"VV","value":-9.8019,"farmer_unique_id":"4161352","site_id":11209},{"date":"2021-03-06","product":"COPERNICUS/S1_GRD","band":"VV","value":-10.7796,"farmer_unique_id":"4161352","site_id":11209},{"date":"2021-03-18","product":"COPERNICUS/S1_GRD","band":"VV","value":-13.5135,"farmer_unique_id":"4161352","site_id":11209},{"date":"2021-03-30","product":"COPERNICUS/S1_GRD","band":"VV","value":-8.6738,"farmer_unique_id":"4161352","site_id":11209},{"date":"2021-04-11","product":"COPERNICUS/S1_GRD","band":"VV","value":-9.8987,"farmer_unique_id":"4161352","site_id":11209},{"date":"2021-04-23","product":"COPERNICUS/S1_GRD","band":"VV","value":-6.9928,"farmer_unique_id":"4161352","site_id":11209},{"date":"2021-05-05","product":"COPERNICUS/S1_GRD","band":"VV","value":-8.4274,"farmer_unique_id":"4161352","site_id":11209},{"date":"2021-05-17","product":"COPERNICUS/S1_GRD","band":"VV","value":-8.9223,"farmer_unique_id":"4161352","site_id":11209},{"date":"2021-05-29","product":"COPERNICUS/S1_GRD","band":"VV","value":-9.0633,"farmer_unique_id":"4161352","site_id":11209},{"date":"2021-06-10","product":"COPERNICUS/S1_GRD","band":"VV","value":-7.1892,"farmer_unique_id":"4161352","site_id":11209},{"date":"2021-06-22","product":"COPERNICUS/S1_GRD","band":"VV","value":-8.2155,"farmer_unique_id":"4161352","site_id":11209},{"date":"2021-07-04","product":"COPERNICUS/S1_GRD","band":"VV","value":-8.3153,"farmer_unique_id":"4161352","site_id":11209},{"date":"2021-07-16","product":"COPERNICUS/S1_GRD","band":"VV","value":-6.469,"farmer_unique_id":"4161352","site_id":11209},{"date":"2021-07-28","product":"COPERNICUS/S1_GRD","band":"VV","value":-8.7561,"farmer_unique_id":"4161352","site_id":11209},{"date":"2021-08-09","product":"COPERNICUS/S1_GRD","band":"VV","value":-10.3191,"farmer_unique_id":"4161352","site_id":11209},{"date":"2021-08-21","product":"COPERNICUS/S1_GRD","band":"VV","value":-9.0187,"farmer_unique_id":"4161352","site_id":11209},{"date":"2021-09-02","product":"COPERNICUS/S1_GRD","band":"VV","value":-11.2807,"farmer_unique_id":"4161352","site_id":11209},{"date":"2021-09-14","product":"COPERNICUS/S1_GRD","band":"VV","value":-7.2998,"farmer_unique_id":"4161352","site_id":11209},{"date":"2021-09-26","product":"COPERNICUS/S1_GRD","band":"VV","value":-12.3317,"farmer_unique_id":"4161352","site_id":11209},{"date":"2021-10-08","product":"COPERNICUS/S1_GRD","band":"VV","value":-11.7888,"farmer_unique_id":"4161352","site_id":11209},{"date":"2021-10-20","product":"COPERNICUS/S1_GRD","band":"VV","value":-6.4271,"farmer_unique_id":"4161352","site_id":11209},{"date":"2021-11-01","product":"COPERNICUS/S1_GRD","band":"VV","value":-10.3999,"farmer_unique_id":"4161352","site_id":11209},{"date":"2021-11-13","product":"COPERNICUS/S1_GRD","band":"VV","value":-7.0695,"farmer_unique_id":"4161352","site_id":11209},{"date":"2021-11-25","product":"COPERNICUS/S1_GRD","band":"VV","value":-13.0763,"farmer_unique_id":"4161352","site_id":11209},{"date":"2021-12-07","product":"COPERNICUS/S1_GRD","band":"VV","value":-8.3444,"farmer_unique_id":"4161352","site_id":11209},{"date":"2021-12-19","product":"COPERNICUS/S1_GRD","band":"VV","value":-7.9229,"farmer_unique_id":"4161352","site_id":11209}]
