[{"date":"2020-01-04","product":"COPERNICUS/S1_GRD","band":"VH","value":-13.567,"farmer_unique_id":"873232","site_id":5144},{"date":"2020-01-09","product":"COPERNICUS/S1_GRD","band":"VH","value":-17.0839,"farmer_unique_id":"873232","site_id":5144},{"date":"2020-01-16","product":"COPERNICUS/S1_GRD","band":"VH","value":-12.8669,"farmer_unique_id":"873232","site_id":5144},{"date":"2020-01-21","product":"COPERNICUS/S1_GRD","band":"VH","value":-16.4153,"farmer_unique_id":"873232","site_id":5144},{"date":"2020-01-28","product":"COPERNICUS/S1_GRD","band":"VH","value":-11.5922,"farmer_unique_id":"873232","site_id":5144},{"date":"2020-02-02","product":"COPERNICUS/S1_GRD","band":"VH","value":-21.2446,"farmer_unique_id":"873232","site_id":5144},{"date":"2020-02-09","product":"COPERNICUS/S1_GRD","band":"VH","value":-13.821,"farmer_unique_id":"873232","site_id":5144},{"date":"2020-02-14","product":"COPERNICUS/S1_GRD","band":"VH","value":-15.6008,"farmer_unique_id":"873232","site_id":5144},{"date":"2020-02-21","product":"COPERNICUS/S1_GRD","band":"VH","value":-13.0181,"farmer_unique_id":"873232","site_id":5144},{"date":"2020-02-26","product":"COPERNICUS/S1_GRD","band":"VH","value":-17.0821,"farmer_unique_id":"873232","site_id":5144},{"date":"2020-03-04","product":"COPERNICUS/S1_GRD","band":"VH","value":-15.1926,"farmer_unique_id":"873232","site_id":5144},{"date":"2020-03-09","product":"COPERNICUS/S1_GRD","band":"VH","value":-19.3799,"farmer_unique_id":"873232","site_id":5144},{"date":"2020-03-16","product":"COPERNICUS/S1_GRD","band":"VH","value":-19.8659,"farmer_unique_id":"873232","site_id":5144},{"date":"2020-03-21","product":"COPERNICUS/S1_GRD","band":"VH","value":-18.8215,"farmer_unique_id":"873232","site_id":5144},{"date":"2020-03-28","product":"COPERNICUS/S1_GRD","band":"VH","value":-13.8676,"farmer_unique_id":"873232","site_id":5144},{"date":"2020-04-02","product":"COPERNICUS/S1_GRD","band":"VH","value":-14.2278,"farmer_unique_id":"873232","site_id":5144},{"date":"2020-04-09","product":"COPERNICUS/S1_GRD","band":"VH","value":-21.4409,"farmer_unique_id":"873232","site_id":5144},{"date":"2020-04-14","product":"COPERNICUS/S1_GRD","band":"VH","value":-17.2694,"farmer_unique_id":"873232","site_id":5144},{"date":"2020-04-21","product":"COPERNICUS/S1_GRD","band":"VH","value":-12.88,"farmer_unique_id":"873232","site_id":5144},{"date":"2020-04-26","product":"COPERNICUS/S1_GRD","band":"VH","value":-12.863,"farmer_unique_id":"873232","site_id":5144},{"date":"2020-05-03","product":"COPERNICUS/S1_GRD","band":"VH","value":-11.9763,"farmer_unique_id":"873232","site_id":5144},{"date":"2020-05-08","product":"COPERNICUS/S1_GRD","band":"VH","value":-14.5127,"farmer_unique_id":"873232","site_id":5144},{"date":"2020-05-15","product":"COPERNICUS/S1_GRD","band":"VH","value":-11.2008,"farmer_unique_id":"873232","site_id":5144},{"date":"2020-05-20","product":"COPERNICUS/S1_GRD","band":"VH","value":-17.3447,"farmer_unique_id":"873232","site_id":5144},{"date":"2020-05-27","product":"COPERNICUS/S1_GRD","band":"VH","value":-11.1467,"farmer_unique_id":"873232","site_id":5144},{"date":"2020-06-01","product":"COPERNICUS/S1_GRD","band":"VH","value":-14.8154,"farmer_unique_id":"873232","site_id":5144},{"date":"2020-06-08","product":"COPERNICUS/S1_GRD","band":"VH","value":-12.8277,"farmer_unique_id":"873232","site_id":5144},{"date":"2020-06-13","product":"COPERNICUS/S1_GRD","band":"VH","value":-15.1325,"farmer_unique_id":"873232","site_id":5144},{"date":"2020-06-20","product":"COPERNICUS/S1_GRD","band":"VH","value":-15.1178,"farmer_unique_id":"873232","site_id":5144},{"date":"2020-06-25","product":"COPERNICUS/S1_GRD","band":"VH","value":-17.3662,"farmer_unique_id":"873232","site_id":5144},{"date":"2020-07-02","product":"COPERNICUS/S1_GRD","band":"VH","value":-14.7637,"farmer_unique_id":"873232","site_id":5144},{"date":"2020-07-07","product":"COPERNICUS/S1_GRD","band":"VH","value":-14.204,"farmer_unique_id":"873232","site_id":5144},{"date":"2020-07-14","product":"COPERNICUS/S1_GRD","band":"VH","value":-15.8381,"farmer_unique_id":"873232","site_id":5144},{"date":"2020-07-19","product":"COPERNICUS/S1_GRD","band":"VH","value":-18.9885,"farmer_unique_id":"873232","site_id":5144},{"date":"2020-07-26","product":"COPERNICUS/S1_GRD","band":"VH","value":-11.5385,"farmer_unique_id":"873232","site_id":5144},{"date":"2020-07-31","product":"COPERNICUS/S1_GRD","band":"VH","value":-18.6288,"farmer_unique_id":"873232","site_id":5144},{"date":"2020-08-07","product":"COPERNICUS/S1_GRD","band":"VH","value":-10.6501,"farmer_unique_id":"873232","site_id":5144},{"date":"2020-08-12","product":"COPERNICUS/S1_GRD","band":"VH","value":-16.7547,"farmer_unique_id":"873232","site_id":5144},{"date":"2020-08-19","product":"COPERNICUS/S1_GRD","band":"VH","value":-9.7147,"farmer_unique_id":"873232","site_id":5144},{"date":"2020-08-24","product":"COPERNICUS/S1_GRD","band":"VH","value":-16.6577,"farmer_unique_id":"873232","site_id":5144},{"date":"2020-08-31","product":"COPERNICUS/S1_GRD","band":"VH","value":-12.2275,"farmer_unique_id":"873232","site_id":5144},{"date":"2020-09-05","product":"COPERNICUS/S1_GRD","band":"VH","value":-14.3931,"farmer_unique_id":"873232","site_id":5144},{"date":"2020-09-12","product":"COPERNICUS/S1_GRD","band":"VH","value":-11.1198,"farmer_unique_id":"873232","site_id":5144},{"date":"2020-09-17","product":"COPERNICUS/S1_GRD","band":"VH","value":-17.8324,"farmer_unique_id":"873232","site_id":5144},{"date":"2020-09-24","product":"COPERNICUS/S1_GRD","band":"VH","value":-9.7733,"farmer_unique_id":"873232","site_id":5144},{"date":"2020-09-29","product":"COPERNICUS/S1_GRD","band":"VH","value":-14.8925,"farmer_unique_id":"873232","site_id":5144},{"date":"2020-10-06","product":"COPERNICUS/S1_GRD","band":"VH","value":-15.6979,"farmer_unique_id":"873232","site_id":5144},{"date":"2020-10-11","product":"COPERNICUS/S1_GRD","band":"VH","value":-12.2764,"farmer_unique_id":"873232","site_id":5144},{"date":"2020-10-18","product":"COPERNICUS/S1_GRD","band":"VH","value":-13.4388,"farmer_unique_id":"873232","site_id":5144},{"date":"2020-10-23","product":"COPERNICUS/S1_GRD","band":"VH","value":-19.7762,"farmer_unique_id":"873232","site_id":5144},{"date":"2020-10-30","product":"COPERNICUS/S1_GRD","band":"VH","value":-15.8636,"farmer_unique_id":"873232","site_id":5144},{"date":"2020-11-04","product":"COPERNICUS/S1_GRD","band":"VH","value":-12.3981,"farmer_unique_id":"873232","site_id":5144},{"date":"2020-11-11","product":"COPERNICUS/S1_GRD","band":"VH","value":-12.9353,"farmer_unique_id":"873232","site_id":5144},{"date":"2020-11-16","product":"COPERNICUS/S1_GRD","band":"VH","value":-14.8289,"farmer_unique_id":"873232","site_id":5144},{"date":"2020-11-23","product":"COPERNICUS/S1_GRD","band":"VH","value":-14.1911,"farmer_unique_id":"873232","site_id":5144},{"date":"2020-11-28","product":"COPERNICUS/S1_GRD","band":"VH","value":-13.453,"farmer_unique_id":"873232","site_id":5144},{"date":"2020-12-05","product":"COPERNICUS/S1_GRD","band":"VH","value":-15.1536,"farmer_unique_id":"873232","site_id":5144},{"date":"2020-12-10","product":"COPERNICUS/S1_GRD","band":"VH","value":-14.478,"farmer_unique_id":"873232","site_id":5144},{"date":"2020-12-17","product":"COPERNICUS/S1_GRD","band":"VH","value":-18.1268,"farmer_unique_id":"873232","site_id":5144},{"date":"2020-12-22","product":"COPERNICUS/S1_GRD","band":"VH","value":-13.1007,"farmer_unique_id":"873232","site_id":5144},{"date":"2020-12-29","product":"COPERNICUS/S1_GRD","band":"VH","value":-14.1465,"farmer_unique_id":"873232","site_id":5144},{"date":"2021-01-03","product":"COPERNICUS/S1_GRD","band":"VH","value":-13.7503,"farmer_unique_id":"873232","site_id":5144},{"date":"2021-01-10","product":"COPERNICUS/S1_GRD","band":"VH","value":-14.3799,"farmer_unique_id":"873232","site_id":5144},{"date":"2021-01-15","product":"COPERNICUS/S1_GRD","band":"VH","value":-14.9533,"farmer_unique_id":"873232","site_id":5144},{"date":"2021-01-22","product":"COPERNICUS/S1_GRD","band":"VH","value":-16.0381,"farmer_unique_id":"873232","site_id":5144},{"date":"2021-01-27","product":"COPERNICUS/S1_GRD","band":"VH","value":-18.8004,"farmer_unique_id":"873232","site_id":5144},{"date":"2021-02-03","product":"COPERNICUS/S1_GRD","band":"VH","value":-18.9697,"farmer_unique_id":"873232","site_id":5144},{"date":"2021-02-08","product":"COPERNICUS/S1_GRD","band":"VH","value":-18.144,"farmer_unique_id":"873232","site_id":5144},{"date":"2021-02-15","product":"COPERNICUS/S1_GRD","band":"VH","value":-22.0295,"farmer_unique_id":"873232","site_id":5144},{"date":"2021-02-20","product":"COPERNICUS/S1_GRD","band":"VH","value":-18.1476,"farmer_unique_id":"873232","site_id":5144},{"date":"2021-02-27","product":"COPERNICUS/S1_GRD","band":"VH","value":-18.8126,"farmer_unique_id":"873232","site_id":5144},{"date":"2021-03-04","product":"COPERNICUS/S1_GRD","band":"VH","value":-15.8911,"farmer_unique_id":"873232","site_id":5144},{"date":"2021-03-11","product":"COPERNICUS/S1_GRD","band":"VH","value":-24.6398,"farmer_unique_id":"873232","site_id":5144},{"date":"2021-03-16","product":"COPERNICUS/S1_GRD","band":"VH","value":-19.3172,"farmer_unique_id":"873232","site_id":5144},{"date":"2021-03-23","product":"COPERNICUS/S1_GRD","band":"VH","value":-22.2161,"farmer_unique_id":"873232","site_id":5144},{"date":"2021-03-28","product":"COPERNICUS/S1_GRD","band":"VH","value":-17.0938,"farmer_unique_id":"873232","site_id":5144},{"date":"2021-04-04","product":"COPERNICUS/S1_GRD","band":"VH","value":-13.8827,"farmer_unique_id":"873232","site_id":5144},{"date":"2021-04-09","product":"COPERNICUS/S1_GRD","band":"VH","value":-16.0555,"farmer_unique_id":"873232","site_id":5144},{"date":"2021-04-16","product":"COPERNICUS/S1_GRD","band":"VH","value":-16.5673,"farmer_unique_id":"873232","site_id":5144},{"date":"2021-04-21","product":"COPERNICUS/S1_GRD","band":"VH","value":-16.3258,"farmer_unique_id":"873232","site_id":5144},{"date":"2021-04-28","product":"COPERNICUS/S1_GRD","band":"VH","value":-14.3993,"farmer_unique_id":"873232","site_id":5144},{"date":"2021-05-03","product":"COPERNICUS/S1_GRD","band":"VH","value":-19.1947,"farmer_unique_id":"873232","site_id":5144},{"date":"2021-05-10","product":"COPERNICUS/S1_GRD","band":"VH","value":-16.2386,"farmer_unique_id":"873232","site_id":5144},{"date":"2021-05-15","product":"COPERNICUS/S1_GRD","band":"VH","value":-13.9033,"farmer_unique_id":"873232","site_id":5144},{"date":"2021-05-22","product":"COPERNICUS/S1_GRD","band":"VH","value":-13.8533,"farmer_unique_id":"873232","site_id":5144},{"date":"2021-05-27","product":"COPERNICUS/S1_GRD","band":"VH","value":-18.5007,"farmer_unique_id":"873232","site_id":5144},{"date":"2021-06-03","product":"COPERNICUS/S1_GRD","band":"VH","value":-16.8751,"farmer_unique_id":"873232","site_id":5144},{"date":"2021-06-08","product":"COPERNICUS/S1_GRD","band":"VH","value":-16.7001,"farmer_unique_id":"873232","site_id":5144},{"date":"2021-06-15","product":"COPERNICUS/S1_GRD","band":"VH","value":-16.8971,"farmer_unique_id":"873232","site_id":5144},{"date":"2021-06-20","product":"COPERNICUS/S1_GRD","band":"VH","value":-15.2684,"farmer_unique_id":"873232","site_id":5144},{"date":"2021-06-27","product":"COPERNICUS/S1_GRD","band":"VH","value":-18.7855,"farmer_unique_id":"873232","site_id":5144},{"date":"2021-07-02","product":"COPERNICUS/S1_GRD","band":"VH","value":-13.5928,"farmer_unique_id":"873232","site_id":5144},{"date":"2021-07-09","product":"COPERNICUS/S1_GRD","band":"VH","value":-14.8181,"farmer_unique_id":"873232","site_id":5144},{"date":"2021-07-14","product":"COPERNICUS/S1_GRD","band":"VH","value":-19.3649,"farmer_unique_id":"873232","site_id":5144},{"date":"2021-07-21","product":"COPERNICUS/S1_GRD","band":"VH","value":-10.9372,"farmer_unique_id":"873232","site_id":5144},{"date":"2021-07-26","product":"COPERNICUS/S1_GRD","band":"VH","value":-17.8786,"farmer_unique_id":"873232","site_id":5144},{"date":"2021-08-02","product":"COPERNICUS/S1_GRD","band":"VH","value":-15.4915,"farmer_unique_id":"873232","site_id":5144},{"date":"2021-08-07","product":"COPERNICUS/S1_GRD","band":"VH","value":-16.062,"farmer_unique_id":"873232","site_id":5144},{"date":"2021-08-14","product":"COPERNICUS/S1_GRD","band":"VH","value":-15.2302,"farmer_unique_id":"873232","site_id":5144},{"date":"2021-08-19","product":"COPERNICUS/S1_GRD","band":"VH","value":-19.1197,"farmer_unique_id":"873232","site_id":5144},{"date":"2021-08-26","product":"COPERNICUS/S1_GRD","band":"VH","value":-10.692,"farmer_unique_id":"873232","site_id":5144},{"date":"2021-08-31","product":"COPERNICUS/S1_GRD","band":"VH","value":-12.6771,"farmer_unique_id":"873232","site_id":5144},{"date":"2021-09-07","product":"COPERNICUS/S1_GRD","band":"VH","value":-13.7591,"farmer_unique_id":"873232","site_id":5144},{"date":"2021-09-12","product":"COPERNICUS/S1_GRD","band":"VH","value":-14.4706,"farmer_unique_id":"873232","site_id":5144},{"date":"2021-09-19","product":"COPERNICUS/S1_GRD","band":"VH","value":-14.9139,"farmer_unique_id":"873232","site_id":5144},{"date":"2021-09-24","product":"COPERNICUS/S1_GRD","band":"VH","value":-14.4095,"farmer_unique_id":"873232","site_id":5144},{"date":"2021-10-01","product":"COPERNICUS/S1_GRD","band":"VH","value":-14.7112,"farmer_unique_id":"873232","site_id":5144},{"date":"2021-10-06","product":"COPERNICUS/S1_GRD","band":"VH","value":-14.2341,"farmer_unique_id":"873232","site_id":5144},{"date":"2021-10-13","product":"COPERNICUS/S1_GRD","band":"VH","value":-15.4624,"farmer_unique_id":"873232","site_id":5144},{"date":"2021-10-18","product":"COPERNICUS/S1_GRD","band":"VH","value":-13.8998,"farmer_unique_id":"873232","site_id":5144},{"date":"2021-10-25","product":"COPERNICUS/S1_GRD","band":"VH","value":-12.098,"farmer_unique_id":"873232","site_id":5144},{"date":"2021-10-30","product":"COPERNICUS/S1_GRD","band":"VH","value":-12.9625,"farmer_unique_id":"873232","site_id":5144},{"date":"2021-11-06","product":"COPERNICUS/S1_GRD","band":"VH","value":-12.9118,"farmer_unique_id":"873232","site_id":5144},{"date":"2021-11-11","product":"COPERNICUS/S1_GRD","band":"VH","value":-18.5117,"farmer_unique_id":"873232","site_id":5144},{"date":"2021-11-18","product":"COPERNICUS/S1_GRD","band":"VH","value":-16.6633,"farmer_unique_id":"873232","site_id":5144},{"date":"2021-11-23","product":"COPERNICUS/S1_GRD","band":"VH","value":-14.0049,"farmer_unique_id":"873232","site_id":5144},{"date":"2021-11-30","product":"COPERNICUS/S1_GRD","band":"VH","value":-10.3144,"farmer_unique_id":"873232","site_id":5144},{"date":"2021-12-05","product":"COPERNICUS/S1_GRD","band":"VH","value":-13.5813,"farmer_unique_id":"873232","site_id":5144},{"date":"2021-12-12","product":"COPERNICUS/S1_GRD","band":"VH","value":-14.8332,"farmer_unique_id":"873232","site_id":5144},{"date":"2021-12-17","product":"COPERNICUS/S1_GRD","band":"VH","value":-10.9227,"farmer_unique_id":"873232","site_id":5144},{"date":"2021-12-24","product":"COPERNICUS/S1_GRD","band":"VH","value":-16.4725,"farmer_unique_id":"873232","site_id":5144},{"date":"2021-12-29","product":"COPERNICUS/S1_GRD","band":"VH","value":-13.8026,"farmer_unique_id":"873232","site_id":5144},{"date":"2020-01-04","product":"COPERNICUS/S1_GRD","band":"VV","value":-8.5882,"farmer_unique_id":"873232","site_id":5144},{"date":"2020-01-09","product":"COPERNICUS/S1_GRD","band":"VV","value":-11.2855,"farmer_unique_id":"873232","site_id":5144},{"date":"2020-01-16","product":"COPERNICUS/S1_GRD","band":"VV","value":-9.1704,"farmer_unique_id":"873232","site_id":5144},{"date":"2020-01-21","product":"COPERNICUS/S1_GRD","band":"VV","value":-10.4142,"farmer_unique_id":"873232","site_id":5144},{"date":"2020-01-28","product":"COPERNICUS/S1_GRD","band":"VV","value":-3.4676,"farmer_unique_id":"873232","site_id":5144},{"date":"2020-02-02","product":"COPERNICUS/S1_GRD","band":"VV","value":-9.7558,"farmer_unique_id":"873232","site_id":5144},{"date":"2020-02-09","product":"COPERNICUS/S1_GRD","band":"VV","value":-5.9628,"farmer_unique_id":"873232","site_id":5144},{"date":"2020-02-14","product":"COPERNICUS/S1_GRD","band":"VV","value":-10.7618,"farmer_unique_id":"873232","site_id":5144},{"date":"2020-02-21","product":"COPERNICUS/S1_GRD","band":"VV","value":-4.3226,"farmer_unique_id":"873232","site_id":5144},{"date":"2020-02-26","product":"COPERNICUS/S1_GRD","band":"VV","value":-12.0758,"farmer_unique_id":"873232","site_id":5144},{"date":"2020-03-04","product":"COPERNICUS/S1_GRD","band":"VV","value":-10.9645,"farmer_unique_id":"873232","site_id":5144},{"date":"2020-03-09","product":"COPERNICUS/S1_GRD","band":"VV","value":-9.8813,"farmer_unique_id":"873232","site_id":5144},{"date":"2020-03-16","product":"COPERNICUS/S1_GRD","band":"VV","value":-5.8267,"farmer_unique_id":"873232","site_id":5144},{"date":"2020-03-21","product":"COPERNICUS/S1_GRD","band":"VV","value":-11.754,"farmer_unique_id":"873232","site_id":5144},{"date":"2020-03-28","product":"COPERNICUS/S1_GRD","band":"VV","value":-5.9415,"farmer_unique_id":"873232","site_id":5144},{"date":"2020-04-02","product":"COPERNICUS/S1_GRD","band":"VV","value":-14.4998,"farmer_unique_id":"873232","site_id":5144},{"date":"2020-04-09","product":"COPERNICUS/S1_GRD","band":"VV","value":-14.567,"farmer_unique_id":"873232","site_id":5144},{"date":"2020-04-14","product":"COPERNICUS/S1_GRD","band":"VV","value":-3.881,"farmer_unique_id":"873232","site_id":5144},{"date":"2020-04-21","product":"COPERNICUS/S1_GRD","band":"VV","value":-6.0646,"farmer_unique_id":"873232","site_id":5144},{"date":"2020-04-26","product":"COPERNICUS/S1_GRD","band":"VV","value":-10.6595,"farmer_unique_id":"873232","site_id":5144},{"date":"2020-05-03","product":"COPERNICUS/S1_GRD","band":"VV","value":-8.0826,"farmer_unique_id":"873232","site_id":5144},{"date":"2020-05-08","product":"COPERNICUS/S1_GRD","band":"VV","value":-8.8441,"farmer_unique_id":"873232","site_id":5144},{"date":"2020-05-15","product":"COPERNICUS/S1_GRD","band":"VV","value":-9.0879,"farmer_unique_id":"873232","site_id":5144},{"date":"2020-05-20","product":"COPERNICUS/S1_GRD","band":"VV","value":-10.6653,"farmer_unique_id":"873232","site_id":5144},{"date":"2020-05-27","product":"COPERNICUS/S1_GRD","band":"VV","value":-5.7895,"farmer_unique_id":"873232","site_id":5144},{"date":"2020-06-01","product":"COPERNICUS/S1_GRD","band":"VV","value":-10.5215,"farmer_unique_id":"873232","site_id":5144},{"date":"2020-06-08","product":"COPERNICUS/S1_GRD","band":"VV","value":-7.9298,"farmer_unique_id":"873232","site_id":5144},{"date":"2020-06-13","product":"COPERNICUS/S1_GRD","band":"VV","value":-13.3314,"farmer_unique_id":"873232","site_id":5144},{"date":"2020-06-20","product":"COPERNICUS/S1_GRD","band":"VV","value":-8.3412,"farmer_unique_id":"873232","site_id":5144},{"date":"2020-06-25","product":"COPERNICUS/S1_GRD","band":"VV","value":-13.2051,"farmer_unique_id":"873232","site_id":5144},{"date":"2020-07-02","product":"COPERNICUS/S1_GRD","band":"VV","value":-4.3382,"farmer_unique_id":"873232","site_id":5144},{"date":"2020-07-07","product":"COPERNICUS/S1_GRD","band":"VV","value":-8.0034,"farmer_unique_id":"873232","site_id":5144},{"date":"2020-07-14","product":"COPERNICUS/S1_GRD","band":"VV","value":-5.9029,"farmer_unique_id":"873232","site_id":5144},{"date":"2020-07-19","product":"COPERNICUS/S1_GRD","band":"VV","value":-12.5724,"farmer_unique_id":"873232","site_id":5144},{"date":"2020-07-26","product":"COPERNICUS/S1_GRD","band":"VV","value":-10.7273,"farmer_unique_id":"873232","site_id":5144},{"date":"2020-07-31","product":"COPERNICUS/S1_GRD","band":"VV","value":-10.8517,"farmer_unique_id":"873232","site_id":5144},{"date":"2020-08-07","product":"COPERNICUS/S1_GRD","band":"VV","value":-5.7142,"farmer_unique_id":"873232","site_id":5144},{"date":"2020-08-12","product":"COPERNICUS/S1_GRD","band":"VV","value":-11.5075,"farmer_unique_id":"873232","site_id":5144},{"date":"2020-08-19","product":"COPERNICUS/S1_GRD","band":"VV","value":-8.3446,"farmer_unique_id":"873232","site_id":5144},{"date":"2020-08-24","product":"COPERNICUS/S1_GRD","band":"VV","value":-10.6293,"farmer_unique_id":"873232","site_id":5144},{"date":"2020-08-31","product":"COPERNICUS/S1_GRD","band":"VV","value":-9.4463,"farmer_unique_id":"873232","site_id":5144},{"date":"2020-09-05","product":"COPERNICUS/S1_GRD","band":"VV","value":-9.4194,"farmer_unique_id":"873232","site_id":5144},{"date":"2020-09-12","product":"COPERNICUS/S1_GRD","band":"VV","value":-8.021,"farmer_unique_id":"873232","site_id":5144},{"date":"2020-09-17","product":"COPERNICUS/S1_GRD","band":"VV","value":-7.1049,"farmer_unique_id":"873232","site_id":5144},{"date":"2020-09-24","product":"COPERNICUS/S1_GRD","band":"VV","value":-5.1941,"farmer_unique_id":"873232","site_id":5144},{"date":"2020-09-29","product":"COPERNICUS/S1_GRD","band":"VV","value":-10.3319,"farmer_unique_id":"873232","site_id":5144},{"date":"2020-10-06","product":"COPERNICUS/S1_GRD","band":"VV","value":-6.5963,"farmer_unique_id":"873232","site_id":5144},{"date":"2020-10-11","product":"COPERNICUS/S1_GRD","band":"VV","value":-5.4756,"farmer_unique_id":"873232","site_id":5144},{"date":"2020-10-18","product":"COPERNICUS/S1_GRD","band":"VV","value":-5.5961,"farmer_unique_id":"873232","site_id":5144},{"date":"2020-10-23","product":"COPERNICUS/S1_GRD","band":"VV","value":-7.3714,"farmer_unique_id":"873232","site_id":5144},{"date":"2020-10-30","product":"COPERNICUS/S1_GRD","band":"VV","value":-5.4114,"farmer_unique_id":"873232","site_id":5144},{"date":"2020-11-04","product":"COPERNICUS/S1_GRD","band":"VV","value":-8.2036,"farmer_unique_id":"873232","site_id":5144},{"date":"2020-11-11","product":"COPERNICUS/S1_GRD","band":"VV","value":-4.9526,"farmer_unique_id":"873232","site_id":5144},{"date":"2020-11-16","product":"COPERNICUS/S1_GRD","band":"VV","value":-9.2683,"farmer_unique_id":"873232","site_id":5144},{"date":"2020-11-23","product":"COPERNICUS/S1_GRD","band":"VV","value":-6.6866,"farmer_unique_id":"873232","site_id":5144},{"date":"2020-11-28","product":"COPERNICUS/S1_GRD","band":"VV","value":-8.3996,"farmer_unique_id":"873232","site_id":5144},{"date":"2020-12-05","product":"COPERNICUS/S1_GRD","band":"VV","value":-7.8358,"farmer_unique_id":"873232","site_id":5144},{"date":"2020-12-10","product":"COPERNICUS/S1_GRD","band":"VV","value":-11.2476,"farmer_unique_id":"873232","site_id":5144},{"date":"2020-12-17","product":"COPERNICUS/S1_GRD","band":"VV","value":-9.6735,"farmer_unique_id":"873232","site_id":5144},{"date":"2020-12-22","product":"COPERNICUS/S1_GRD","band":"VV","value":-13.5609,"farmer_unique_id":"873232","site_id":5144},{"date":"2020-12-29","product":"COPERNICUS/S1_GRD","band":"VV","value":-8.3448,"farmer_unique_id":"873232","site_id":5144},{"date":"2021-01-03","product":"COPERNICUS/S1_GRD","band":"VV","value":-12.0451,"farmer_unique_id":"873232","site_id":5144},{"date":"2021-01-10","product":"COPERNICUS/S1_GRD","band":"VV","value":-5.2879,"farmer_unique_id":"873232","site_id":5144},{"date":"2021-01-15","product":"COPERNICUS/S1_GRD","band":"VV","value":-8.7931,"farmer_unique_id":"873232","site_id":5144},{"date":"2021-01-22","product":"COPERNICUS/S1_GRD","band":"VV","value":-10.9287,"farmer_unique_id":"873232","site_id":5144},{"date":"2021-01-27","product":"COPERNICUS/S1_GRD","band":"VV","value":-9.7434,"farmer_unique_id":"873232","site_id":5144},{"date":"2021-02-03","product":"COPERNICUS/S1_GRD","band":"VV","value":-10.8737,"farmer_unique_id":"873232","site_id":5144},{"date":"2021-02-08","product":"COPERNICUS/S1_GRD","band":"VV","value":-9.846,"farmer_unique_id":"873232","site_id":5144},{"date":"2021-02-15","product":"COPERNICUS/S1_GRD","band":"VV","value":-10.6862,"farmer_unique_id":"873232","site_id":5144},{"date":"2021-02-20","product":"COPERNICUS/S1_GRD","band":"VV","value":-8.328,"farmer_unique_id":"873232","site_id":5144},{"date":"2021-02-27","product":"COPERNICUS/S1_GRD","band":"VV","value":-8.805,"farmer_unique_id":"873232","site_id":5144},{"date":"2021-03-04","product":"COPERNICUS/S1_GRD","band":"VV","value":-10.9221,"farmer_unique_id":"873232","site_id":5144},{"date":"2021-03-11","product":"COPERNICUS/S1_GRD","band":"VV","value":-12.1361,"farmer_unique_id":"873232","site_id":5144},{"date":"2021-03-16","product":"COPERNICUS/S1_GRD","band":"VV","value":-6.9551,"farmer_unique_id":"873232","site_id":5144},{"date":"2021-03-23","product":"COPERNICUS/S1_GRD","band":"VV","value":-4.689,"farmer_unique_id":"873232","site_id":5144},{"date":"2021-03-28","product":"COPERNICUS/S1_GRD","band":"VV","value":-10.8025,"farmer_unique_id":"873232","site_id":5144},{"date":"2021-04-04","product":"COPERNICUS/S1_GRD","band":"VV","value":-4.2495,"farmer_unique_id":"873232","site_id":5144},{"date":"2021-04-09","product":"COPERNICUS/S1_GRD","band":"VV","value":-8.5666,"farmer_unique_id":"873232","site_id":5144},{"date":"2021-04-16","product":"COPERNICUS/S1_GRD","band":"VV","value":-12.8905,"farmer_unique_id":"873232","site_id":5144},{"date":"2021-04-21","product":"COPERNICUS/S1_GRD","band":"VV","value":-11.8012,"farmer_unique_id":"873232","site_id":5144},{"date":"2021-04-28","product":"COPERNICUS/S1_GRD","band":"VV","value":-8.0674,"farmer_unique_id":"873232","site_id":5144},{"date":"2021-05-03","product":"COPERNICUS/S1_GRD","band":"VV","value":-8.456,"farmer_unique_id":"873232","site_id":5144},{"date":"2021-05-10","product":"COPERNICUS/S1_GRD","band":"VV","value":-7.3836,"farmer_unique_id":"873232","site_id":5144},{"date":"2021-05-15","product":"COPERNICUS/S1_GRD","band":"VV","value":-12.2593,"farmer_unique_id":"873232","site_id":5144},{"date":"2021-05-22","product":"COPERNICUS/S1_GRD","band":"VV","value":-10.0542,"farmer_unique_id":"873232","site_id":5144},{"date":"2021-05-27","product":"COPERNICUS/S1_GRD","band":"VV","value":-11.7056,"farmer_unique_id":"873232","site_id":5144},{"date":"2021-06-03","product":"COPERNICUS/S1_GRD","band":"VV","value":-6.5465,"farmer_unique_id":"873232","site_id":5144},{"date":"2021-06-08","product":"COPERNICUS/S1_GRD","band":"VV","value":-13.8351,"farmer_unique_id":"873232","site_id":5144},{"date":"2021-06-15","product":"COPERNICUS/S1_GRD","band":"VV","value":-8.0205,"farmer_unique_id":"873232","site_id":5144},{"date":"2021-06-20","product":"COPERNICUS/S1_GRD","band":"VV","value":-10.5644,"farmer_unique_id":"873232","site_id":5144},{"date":"2021-06-27","product":"COPERNICUS/S1_GRD","band":"VV","value":-7.4184,"farmer_unique_id":"873232","site_id":5144},{"date":"2021-07-02","product":"COPERNICUS/S1_GRD","band":"VV","value":-10.3228,"farmer_unique_id":"873232","site_id":5144},{"date":"2021-07-09","product":"COPERNICUS/S1_GRD","band":"VV","value":-9.993,"farmer_unique_id":"873232","site_id":5144},{"date":"2021-07-14","product":"COPERNICUS/S1_GRD","band":"VV","value":-5.2953,"farmer_unique_id":"873232","site_id":5144},{"date":"2021-07-21","product":"COPERNICUS/S1_GRD","band":"VV","value":-5.3733,"farmer_unique_id":"873232","site_id":5144},{"date":"2021-07-26","product":"COPERNICUS/S1_GRD","band":"VV","value":-9.2509,"farmer_unique_id":"873232","site_id":5144},{"date":"2021-08-02","product":"COPERNICUS/S1_GRD","band":"VV","value":-1.3034,"farmer_unique_id":"873232","site_id":5144},{"date":"2021-08-07","product":"COPERNICUS/S1_GRD","band":"VV","value":-9.1403,"farmer_unique_id":"873232","site_id":5144},{"date":"2021-08-14","product":"COPERNICUS/S1_GRD","band":"VV","value":-4.8821,"farmer_unique_id":"873232","site_id":5144},{"date":"2021-08-19","product":"COPERNICUS/S1_GRD","band":"VV","value":-9.4884,"farmer_unique_id":"873232","site_id":5144},{"date":"2021-08-26","product":"COPERNICUS/S1_GRD","band":"VV","value":-1.2452,"farmer_unique_id":"873232","site_id":5144},{"date":"2021-08-31","product":"COPERNICUS/S1_GRD","band":"VV","value":-6.3945,"farmer_unique_id":"873232","site_id":5144},{"date":"2021-09-07","product":"COPERNICUS/S1_GRD","band":"VV","value":-3.8936,"farmer_unique_id":"873232","site_id":5144},{"date":"2021-09-12","product":"COPERNICUS/S1_GRD","band":"VV","value":-8.7008,"farmer_unique_id":"873232","site_id":5144},{"date":"2021-09-19","product":"COPERNICUS/S1_GRD","band":"VV","value":-5.8713,"farmer_unique_id":"873232","site_id":5144},{"date":"2021-09-24","product":"COPERNICUS/S1_GRD","band":"VV","value":-6.7178,"farmer_unique_id":"873232","site_id":5144},{"date":"2021-10-01","product":"COPERNICUS/S1_GRD","band":"VV","value":-7.6737,"farmer_unique_id":"873232","site_id":5144},{"date":"2021-10-06","product":"COPERNICUS/S1_GRD","band":"VV","value":-8.5623,"farmer_unique_id":"873232","site_id":5144},{"date":"2021-10-13","product":"COPERNICUS/S1_GRD","band":"VV","value":-7.0618,"farmer_unique_id":"873232","site_id":5144},{"date":"2021-10-18","product":"COPERNICUS/S1_GRD","band":"VV","value":-8.2826,"farmer_unique_id":"873232","site_id":5144},{"date":"2021-10-25","product":"COPERNICUS/S1_GRD","band":"VV","farmer_unique_id":"873232","site_id":5144},{"date":"2021-10-30","product":"COPERNICUS/S1_GRD","band":"VV","value":-7.3801,"farmer_unique_id":"873232","site_id":5144},{"date":"2021-11-06","product":"COPERNICUS/S1_GRD","band":"VV","value":-8.4865,"farmer_unique_id":"873232","site_id":5144},{"date":"2021-11-11","product":"COPERNICUS/S1_GRD","band":"VV","value":-9.6812,"farmer_unique_id":"873232","site_id":5144},{"date":"2021-11-18","product":"COPERNICUS/S1_GRD","band":"VV","value":-9.9197,"farmer_unique_id":"873232","site_id":5144},{"date":"2021-11-23","product":"COPERNICUS/S1_GRD","band":"VV","value":-9.8184,"farmer_unique_id":"873232","site_id":5144},{"date":"2021-11-30","product":"COPERNICUS/S1_GRD","band":"VV","value":-8.3439,"farmer_unique_id":"873232","site_id":5144},{"date":"2021-12-05","product":"COPERNICUS/S1_GRD","band":"VV","value":-10.5314,"farmer_unique_id":"873232","site_id":5144},{"date":"2021-12-12","product":"COPERNICUS/S1_GRD","band":"VV","value":-9.9043,"farmer_unique_id":"873232","site_id":5144},{"date":"2021-12-17","product":"COPERNICUS/S1_GRD","band":"VV","value":-11.8704,"farmer_unique_id":"873232","site_id":5144},{"date":"2021-12-24","product":"COPERNICUS/S1_GRD","band":"VV","value":-7.3379,"farmer_unique_id":"873232","site_id":5144},{"date":"2021-12-29","product":"COPERNICUS/S1_GRD","band":"VV","value":-9.6227,"farmer_unique_id":"873232","site_id":5144}]
