[{"date":"2020-01-11","product":"COPERNICUS/S1_GRD","band":"VH","value":-16.276,"farmer_unique_id":"3254021","site_id":4369},{"date":"2020-01-23","product":"COPERNICUS/S1_GRD","band":"VH","value":-16.7692,"farmer_unique_id":"3254021","site_id":4369},{"date":"2020-02-04","product":"COPERNICUS/S1_GRD","band":"VH","value":-15.2347,"farmer_unique_id":"3254021","site_id":4369},{"date":"2020-02-16","product":"COPERNICUS/S1_GRD","band":"VH","value":-12.547,"farmer_unique_id":"3254021","site_id":4369},{"date":"2020-02-28","product":"COPERNICUS/S1_GRD","band":"VH","value":-15.9275,"farmer_unique_id":"3254021","site_id":4369},{"date":"2020-03-11","product":"COPERNICUS/S1_GRD","band":"VH","value":-17.805,"farmer_unique_id":"3254021","site_id":4369},{"date":"2020-03-23","product":"COPERNICUS/S1_GRD","band":"VH","value":-19.0595,"farmer_unique_id":"3254021","site_id":4369},{"date":"2020-04-04","product":"COPERNICUS/S1_GRD","band":"VH","value":-16.3647,"farmer_unique_id":"3254021","site_id":4369},{"date":"2020-04-16","product":"COPERNICUS/S1_GRD","band":"VH","value":-17.4058,"farmer_unique_id":"3254021","site_id":4369},{"date":"2020-04-28","product":"COPERNICUS/S1_GRD","band":"VH","value":-14.8333,"farmer_unique_id":"3254021","site_id":4369},{"date":"2020-05-10","product":"COPERNICUS/S1_GRD","band":"VH","value":-11.3279,"farmer_unique_id":"3254021","site_id":4369},{"date":"2020-05-22","product":"COPERNICUS/S1_GRD","band":"VH","value":-13.2299,"farmer_unique_id":"3254021","site_id":4369},{"date":"2020-06-03","product":"COPERNICUS/S1_GRD","band":"VH","value":-14.1557,"farmer_unique_id":"3254021","site_id":4369},{"date":"2020-06-15","product":"COPERNICUS/S1_GRD","band":"VH","value":-15.6611,"farmer_unique_id":"3254021","site_id":4369},{"date":"2020-06-27","product":"COPERNICUS/S1_GRD","band":"VH","value":-14.0612,"farmer_unique_id":"3254021","site_id":4369},{"date":"2020-07-09","product":"COPERNICUS/S1_GRD","band":"VH","value":-17.3483,"farmer_unique_id":"3254021","site_id":4369},{"date":"2020-07-21","product":"COPERNICUS/S1_GRD","band":"VH","value":-18.9963,"farmer_unique_id":"3254021","site_id":4369},{"date":"2020-08-02","product":"COPERNICUS/S1_GRD","band":"VH","value":-14.5382,"farmer_unique_id":"3254021","site_id":4369},{"date":"2020-08-14","product":"COPERNICUS/S1_GRD","band":"VH","value":-18.9978,"farmer_unique_id":"3254021","site_id":4369},{"date":"2020-08-26","product":"COPERNICUS/S1_GRD","band":"VH","value":-15.8853,"farmer_unique_id":"3254021","site_id":4369},{"date":"2020-09-07","product":"COPERNICUS/S1_GRD","band":"VH","value":-18.925,"farmer_unique_id":"3254021","site_id":4369},{"date":"2020-09-19","product":"COPERNICUS/S1_GRD","band":"VH","value":-15.6623,"farmer_unique_id":"3254021","site_id":4369},{"date":"2020-10-01","product":"COPERNICUS/S1_GRD","band":"VH","value":-14.9054,"farmer_unique_id":"3254021","site_id":4369},{"date":"2020-10-13","product":"COPERNICUS/S1_GRD","band":"VH","value":-15.2534,"farmer_unique_id":"3254021","site_id":4369},{"date":"2020-10-25","product":"COPERNICUS/S1_GRD","band":"VH","value":-16.6627,"farmer_unique_id":"3254021","site_id":4369},{"date":"2020-11-06","product":"COPERNICUS/S1_GRD","band":"VH","value":-17.3924,"farmer_unique_id":"3254021","site_id":4369},{"date":"2020-11-18","product":"COPERNICUS/S1_GRD","band":"VH","value":-13.6526,"farmer_unique_id":"3254021","site_id":4369},{"date":"2020-11-30","product":"COPERNICUS/S1_GRD","band":"VH","value":-13.6892,"farmer_unique_id":"3254021","site_id":4369},{"date":"2020-12-12","product":"COPERNICUS/S1_GRD","band":"VH","value":-17.4155,"farmer_unique_id":"3254021","site_id":4369},{"date":"2020-12-24","product":"COPERNICUS/S1_GRD","band":"VH","value":-17.9659,"farmer_unique_id":"3254021","site_id":4369},{"date":"2021-01-05","product":"COPERNICUS/S1_GRD","band":"VH","value":-17.8867,"farmer_unique_id":"3254021","site_id":4369},{"date":"2021-01-17","product":"COPERNICUS/S1_GRD","band":"VH","value":-13.0704,"farmer_unique_id":"3254021","site_id":4369},{"date":"2021-01-29","product":"COPERNICUS/S1_GRD","band":"VH","value":-16.0898,"farmer_unique_id":"3254021","site_id":4369},{"date":"2021-02-10","product":"COPERNICUS/S1_GRD","band":"VH","value":-13.3061,"farmer_unique_id":"3254021","site_id":4369},{"date":"2021-02-22","product":"COPERNICUS/S1_GRD","band":"VH","value":-16.3407,"farmer_unique_id":"3254021","site_id":4369},{"date":"2021-03-06","product":"COPERNICUS/S1_GRD","band":"VH","value":-16.4226,"farmer_unique_id":"3254021","site_id":4369},{"date":"2021-03-18","product":"COPERNICUS/S1_GRD","band":"VH","value":-15.5534,"farmer_unique_id":"3254021","site_id":4369},{"date":"2021-03-30","product":"COPERNICUS/S1_GRD","band":"VH","value":-17.1068,"farmer_unique_id":"3254021","site_id":4369},{"date":"2021-04-11","product":"COPERNICUS/S1_GRD","band":"VH","value":-18.6008,"farmer_unique_id":"3254021","site_id":4369},{"date":"2021-04-23","product":"COPERNICUS/S1_GRD","band":"VH","value":-15.4932,"farmer_unique_id":"3254021","site_id":4369},{"date":"2021-05-05","product":"COPERNICUS/S1_GRD","band":"VH","value":-16.3767,"farmer_unique_id":"3254021","site_id":4369},{"date":"2021-05-17","product":"COPERNICUS/S1_GRD","band":"VH","value":-13.3815,"farmer_unique_id":"3254021","site_id":4369},{"date":"2021-05-29","product":"COPERNICUS/S1_GRD","band":"VH","value":-10.3302,"farmer_unique_id":"3254021","site_id":4369},{"date":"2021-06-10","product":"COPERNICUS/S1_GRD","band":"VH","value":-16.9047,"farmer_unique_id":"3254021","site_id":4369},{"date":"2021-06-22","product":"COPERNICUS/S1_GRD","band":"VH","value":-15.5391,"farmer_unique_id":"3254021","site_id":4369},{"date":"2021-07-04","product":"COPERNICUS/S1_GRD","band":"VH","value":-15.768,"farmer_unique_id":"3254021","site_id":4369},{"date":"2021-07-16","product":"COPERNICUS/S1_GRD","band":"VH","value":-20.3494,"farmer_unique_id":"3254021","site_id":4369},{"date":"2021-07-28","product":"COPERNICUS/S1_GRD","band":"VH","value":-15.6983,"farmer_unique_id":"3254021","site_id":4369},{"date":"2021-08-09","product":"COPERNICUS/S1_GRD","band":"VH","value":-17.5209,"farmer_unique_id":"3254021","site_id":4369},{"date":"2021-08-21","product":"COPERNICUS/S1_GRD","band":"VH","value":-20.3931,"farmer_unique_id":"3254021","site_id":4369},{"date":"2021-09-02","product":"COPERNICUS/S1_GRD","band":"VH","value":-19.5641,"farmer_unique_id":"3254021","site_id":4369},{"date":"2021-09-14","product":"COPERNICUS/S1_GRD","band":"VH","value":-19.9696,"farmer_unique_id":"3254021","site_id":4369},{"date":"2021-09-26","product":"COPERNICUS/S1_GRD","band":"VH","value":-14.3113,"farmer_unique_id":"3254021","site_id":4369},{"date":"2021-10-08","product":"COPERNICUS/S1_GRD","band":"VH","value":-19.7949,"farmer_unique_id":"3254021","site_id":4369},{"date":"2021-10-20","product":"COPERNICUS/S1_GRD","band":"VH","value":-15.186,"farmer_unique_id":"3254021","site_id":4369},{"date":"2021-11-01","product":"COPERNICUS/S1_GRD","band":"VH","value":-17.5143,"farmer_unique_id":"3254021","site_id":4369},{"date":"2021-11-13","product":"COPERNICUS/S1_GRD","band":"VH","value":-14.2587,"farmer_unique_id":"3254021","site_id":4369},{"date":"2021-11-25","product":"COPERNICUS/S1_GRD","band":"VH","value":-15.1033,"farmer_unique_id":"3254021","site_id":4369},{"date":"2021-12-07","product":"COPERNICUS/S1_GRD","band":"VH","value":-14.0684,"farmer_unique_id":"3254021","site_id":4369},{"date":"2021-12-19","product":"COPERNICUS/S1_GRD","band":"VH","value":-13.4988,"farmer_unique_id":"3254021","site_id":4369},{"date":"2020-01-11","product":"COPERNICUS/S1_GRD","band":"VV","value":-10.315,"farmer_unique_id":"3254021","site_id":4369},{"date":"2020-01-23","product":"COPERNICUS/S1_GRD","band":"VV","value":-10.8974,"farmer_unique_id":"3254021","site_id":4369},{"date":"2020-02-04","product":"COPERNICUS/S1_GRD","band":"VV","value":-11.2475,"farmer_unique_id":"3254021","site_id":4369},{"date":"2020-02-16","product":"COPERNICUS/S1_GRD","band":"VV","value":-10.3406,"farmer_unique_id":"3254021","site_id":4369},{"date":"2020-02-28","product":"COPERNICUS/S1_GRD","band":"VV","value":-9.946,"farmer_unique_id":"3254021","site_id":4369},{"date":"2020-03-11","product":"COPERNICUS/S1_GRD","band":"VV","value":-10.6282,"farmer_unique_id":"3254021","site_id":4369},{"date":"2020-03-23","product":"COPERNICUS/S1_GRD","band":"VV","value":-10.0499,"farmer_unique_id":"3254021","site_id":4369},{"date":"2020-04-04","product":"COPERNICUS/S1_GRD","band":"VV","value":-9.8074,"farmer_unique_id":"3254021","site_id":4369},{"date":"2020-04-16","product":"COPERNICUS/S1_GRD","band":"VV","value":-10.0208,"farmer_unique_id":"3254021","site_id":4369},{"date":"2020-04-28","product":"COPERNICUS/S1_GRD","band":"VV","value":-9.3644,"farmer_unique_id":"3254021","site_id":4369},{"date":"2020-05-10","product":"COPERNICUS/S1_GRD","band":"VV","value":-6.215,"farmer_unique_id":"3254021","site_id":4369},{"date":"2020-05-22","product":"COPERNICUS/S1_GRD","band":"VV","value":-11.9594,"farmer_unique_id":"3254021","site_id":4369},{"date":"2020-06-03","product":"COPERNICUS/S1_GRD","band":"VV","value":-8.8711,"farmer_unique_id":"3254021","site_id":4369},{"date":"2020-06-15","product":"COPERNICUS/S1_GRD","band":"VV","value":-5.8119,"farmer_unique_id":"3254021","site_id":4369},{"date":"2020-06-27","product":"COPERNICUS/S1_GRD","band":"VV","value":-12.2443,"farmer_unique_id":"3254021","site_id":4369},{"date":"2020-07-09","product":"COPERNICUS/S1_GRD","band":"VV","value":-8.1217,"farmer_unique_id":"3254021","site_id":4369},{"date":"2020-07-21","product":"COPERNICUS/S1_GRD","band":"VV","value":-10.0991,"farmer_unique_id":"3254021","site_id":4369},{"date":"2020-08-02","product":"COPERNICUS/S1_GRD","band":"VV","value":-10.3206,"farmer_unique_id":"3254021","site_id":4369},{"date":"2020-08-14","product":"COPERNICUS/S1_GRD","band":"VV","value":-8.7503,"farmer_unique_id":"3254021","site_id":4369},{"date":"2020-08-26","product":"COPERNICUS/S1_GRD","band":"VV","value":-11.0555,"farmer_unique_id":"3254021","site_id":4369},{"date":"2020-09-07","product":"COPERNICUS/S1_GRD","band":"VV","value":-4.8373,"farmer_unique_id":"3254021","site_id":4369},{"date":"2020-09-19","product":"COPERNICUS/S1_GRD","band":"VV","value":-9.9893,"farmer_unique_id":"3254021","site_id":4369},{"date":"2020-10-01","product":"COPERNICUS/S1_GRD","band":"VV","value":-9.3443,"farmer_unique_id":"3254021","site_id":4369},{"date":"2020-10-13","product":"COPERNICUS/S1_GRD","band":"VV","value":-11.746,"farmer_unique_id":"3254021","site_id":4369},{"date":"2020-10-25","product":"COPERNICUS/S1_GRD","band":"VV","value":-10.9434,"farmer_unique_id":"3254021","site_id":4369},{"date":"2020-11-06","product":"COPERNICUS/S1_GRD","band":"VV","value":-7.3817,"farmer_unique_id":"3254021","site_id":4369},{"date":"2020-11-18","product":"COPERNICUS/S1_GRD","band":"VV","value":-11.8465,"farmer_unique_id":"3254021","site_id":4369},{"date":"2020-11-30","product":"COPERNICUS/S1_GRD","band":"VV","value":-8.9096,"farmer_unique_id":"3254021","site_id":4369},{"date":"2020-12-12","product":"COPERNICUS/S1_GRD","band":"VV","value":-8.8804,"farmer_unique_id":"3254021","site_id":4369},{"date":"2020-12-24","product":"COPERNICUS/S1_GRD","band":"VV","value":-9.8011,"farmer_unique_id":"3254021","site_id":4369},{"date":"2021-01-05","product":"COPERNICUS/S1_GRD","band":"VV","value":-8.8039,"farmer_unique_id":"3254021","site_id":4369},{"date":"2021-01-17","product":"COPERNICUS/S1_GRD","band":"VV","value":-9.8423,"farmer_unique_id":"3254021","site_id":4369},{"date":"2021-01-29","product":"COPERNICUS/S1_GRD","band":"VV","value":-10.8783,"farmer_unique_id":"3254021","site_id":4369},{"date":"2021-02-10","product":"COPERNICUS/S1_GRD","band":"VV","value":-10.4301,"farmer_unique_id":"3254021","site_id":4369},{"date":"2021-02-22","product":"COPERNICUS/S1_GRD","band":"VV","value":-12.1365,"farmer_unique_id":"3254021","site_id":4369},{"date":"2021-03-06","product":"COPERNICUS/S1_GRD","band":"VV","value":-9.783,"farmer_unique_id":"3254021","site_id":4369},{"date":"2021-03-18","product":"COPERNICUS/S1_GRD","band":"VV","value":-10.6982,"farmer_unique_id":"3254021","site_id":4369},{"date":"2021-03-30","product":"COPERNICUS/S1_GRD","band":"VV","value":-6.6572,"farmer_unique_id":"3254021","site_id":4369},{"date":"2021-04-11","product":"COPERNICUS/S1_GRD","band":"VV","value":-12.6054,"farmer_unique_id":"3254021","site_id":4369},{"date":"2021-04-23","product":"COPERNICUS/S1_GRD","band":"VV","value":-6.6915,"farmer_unique_id":"3254021","site_id":4369},{"date":"2021-05-05","product":"COPERNICUS/S1_GRD","band":"VV","value":-4.6372,"farmer_unique_id":"3254021","site_id":4369},{"date":"2021-05-17","product":"COPERNICUS/S1_GRD","band":"VV","value":-6.9515,"farmer_unique_id":"3254021","site_id":4369},{"date":"2021-05-29","product":"COPERNICUS/S1_GRD","band":"VV","value":-7.3114,"farmer_unique_id":"3254021","site_id":4369},{"date":"2021-06-10","product":"COPERNICUS/S1_GRD","band":"VV","value":-7.1692,"farmer_unique_id":"3254021","site_id":4369},{"date":"2021-06-22","product":"COPERNICUS/S1_GRD","band":"VV","value":-6.4816,"farmer_unique_id":"3254021","site_id":4369},{"date":"2021-07-04","product":"COPERNICUS/S1_GRD","band":"VV","value":-8.7995,"farmer_unique_id":"3254021","site_id":4369},{"date":"2021-07-16","product":"COPERNICUS/S1_GRD","band":"VV","value":-11.2,"farmer_unique_id":"3254021","site_id":4369},{"date":"2021-07-28","product":"COPERNICUS/S1_GRD","band":"VV","value":-6.6371,"farmer_unique_id":"3254021","site_id":4369},{"date":"2021-08-09","product":"COPERNICUS/S1_GRD","band":"VV","value":-10.964,"farmer_unique_id":"3254021","site_id":4369},{"date":"2021-08-21","product":"COPERNICUS/S1_GRD","band":"VV","value":-9.2078,"farmer_unique_id":"3254021","site_id":4369},{"date":"2021-09-02","product":"COPERNICUS/S1_GRD","band":"VV","value":-13.4828,"farmer_unique_id":"3254021","site_id":4369},{"date":"2021-09-14","product":"COPERNICUS/S1_GRD","band":"VV","value":-8.1621,"farmer_unique_id":"3254021","site_id":4369},{"date":"2021-09-26","product":"COPERNICUS/S1_GRD","band":"VV","value":-9.6355,"farmer_unique_id":"3254021","site_id":4369},{"date":"2021-10-08","product":"COPERNICUS/S1_GRD","band":"VV","value":-8.65,"farmer_unique_id":"3254021","site_id":4369},{"date":"2021-10-20","product":"COPERNICUS/S1_GRD","band":"VV","value":-10.4343,"farmer_unique_id":"3254021","site_id":4369},{"date":"2021-11-01","product":"COPERNICUS/S1_GRD","band":"VV","value":-8.9275,"farmer_unique_id":"3254021","site_id":4369},{"date":"2021-11-13","product":"COPERNICUS/S1_GRD","band":"VV","value":-8.8688,"farmer_unique_id":"3254021","site_id":4369},{"date":"2021-11-25","product":"COPERNICUS/S1_GRD","band":"VV","value":-5.222,"farmer_unique_id":"3254021","site_id":4369},{"date":"2021-12-07","product":"COPERNICUS/S1_GRD","band":"VV","value":-8.5503,"farmer_unique_id":"3254021","site_id":4369},{"date":"2021-12-19","product":"COPERNICUS/S1_GRD","band":"VV","value":-5.7734,"farmer_unique_id":"3254021","site_id":4369}]
