[{"date":"2020-01-11","product":"COPERNICUS/S1_GRD","band":"VH","value":-16.4019,"farmer_unique_id":"431101476","site_id":11291},{"date":"2020-01-23","product":"COPERNICUS/S1_GRD","band":"VH","value":-13.7764,"farmer_unique_id":"431101476","site_id":11291},{"date":"2020-02-04","product":"COPERNICUS/S1_GRD","band":"VH","value":-18.8423,"farmer_unique_id":"431101476","site_id":11291},{"date":"2020-02-16","product":"COPERNICUS/S1_GRD","band":"VH","value":-11.7124,"farmer_unique_id":"431101476","site_id":11291},{"date":"2020-02-28","product":"COPERNICUS/S1_GRD","band":"VH","value":-15.584,"farmer_unique_id":"431101476","site_id":11291},{"date":"2020-03-11","product":"COPERNICUS/S1_GRD","band":"VH","value":-12.9448,"farmer_unique_id":"431101476","site_id":11291},{"date":"2020-03-23","product":"COPERNICUS/S1_GRD","band":"VH","value":-12.7326,"farmer_unique_id":"431101476","site_id":11291},{"date":"2020-04-04","product":"COPERNICUS/S1_GRD","band":"VH","value":-17.4037,"farmer_unique_id":"431101476","site_id":11291},{"date":"2020-04-16","product":"COPERNICUS/S1_GRD","band":"VH","value":-17.1659,"farmer_unique_id":"431101476","site_id":11291},{"date":"2020-04-28","product":"COPERNICUS/S1_GRD","band":"VH","value":-16.2696,"farmer_unique_id":"431101476","site_id":11291},{"date":"2020-05-10","product":"COPERNICUS/S1_GRD","band":"VH","value":-17.1948,"farmer_unique_id":"431101476","site_id":11291},{"date":"2020-05-22","product":"COPERNICUS/S1_GRD","band":"VH","value":-19.397,"farmer_unique_id":"431101476","site_id":11291},{"date":"2020-06-15","product":"COPERNICUS/S1_GRD","band":"VH","value":-18.612,"farmer_unique_id":"431101476","site_id":11291},{"date":"2020-06-27","product":"COPERNICUS/S1_GRD","band":"VH","value":-19.7061,"farmer_unique_id":"431101476","site_id":11291},{"date":"2020-07-09","product":"COPERNICUS/S1_GRD","band":"VH","value":-17.9534,"farmer_unique_id":"431101476","site_id":11291},{"date":"2020-07-21","product":"COPERNICUS/S1_GRD","band":"VH","value":-17.2317,"farmer_unique_id":"431101476","site_id":11291},{"date":"2020-08-02","product":"COPERNICUS/S1_GRD","band":"VH","value":-19.2734,"farmer_unique_id":"431101476","site_id":11291},{"date":"2020-08-14","product":"COPERNICUS/S1_GRD","band":"VH","value":-13.8467,"farmer_unique_id":"431101476","site_id":11291},{"date":"2020-08-26","product":"COPERNICUS/S1_GRD","band":"VH","value":-18.7827,"farmer_unique_id":"431101476","site_id":11291},{"date":"2020-09-07","product":"COPERNICUS/S1_GRD","band":"VH","value":-17.1517,"farmer_unique_id":"431101476","site_id":11291},{"date":"2020-09-19","product":"COPERNICUS/S1_GRD","band":"VH","value":-26.3116,"farmer_unique_id":"431101476","site_id":11291},{"date":"2020-10-01","product":"COPERNICUS/S1_GRD","band":"VH","value":-23.1345,"farmer_unique_id":"431101476","site_id":11291},{"date":"2020-10-13","product":"COPERNICUS/S1_GRD","band":"VH","value":-17.9598,"farmer_unique_id":"431101476","site_id":11291},{"date":"2020-10-25","product":"COPERNICUS/S1_GRD","band":"VH","value":-19.7348,"farmer_unique_id":"431101476","site_id":11291},{"date":"2020-11-06","product":"COPERNICUS/S1_GRD","band":"VH","value":-19.5511,"farmer_unique_id":"431101476","site_id":11291},{"date":"2020-11-18","product":"COPERNICUS/S1_GRD","band":"VH","value":-18.3334,"farmer_unique_id":"431101476","site_id":11291},{"date":"2020-11-30","product":"COPERNICUS/S1_GRD","band":"VH","value":-16.9996,"farmer_unique_id":"431101476","site_id":11291},{"date":"2020-12-12","product":"COPERNICUS/S1_GRD","band":"VH","value":-15.3112,"farmer_unique_id":"431101476","site_id":11291},{"date":"2020-12-24","product":"COPERNICUS/S1_GRD","band":"VH","value":-25.1018,"farmer_unique_id":"431101476","site_id":11291},{"date":"2021-01-05","product":"COPERNICUS/S1_GRD","band":"VH","value":-18.2033,"farmer_unique_id":"431101476","site_id":11291},{"date":"2021-01-17","product":"COPERNICUS/S1_GRD","band":"VH","value":-15.6751,"farmer_unique_id":"431101476","site_id":11291},{"date":"2021-01-29","product":"COPERNICUS/S1_GRD","band":"VH","value":-16.919,"farmer_unique_id":"431101476","site_id":11291},{"date":"2021-02-10","product":"COPERNICUS/S1_GRD","band":"VH","value":-16.3992,"farmer_unique_id":"431101476","site_id":11291},{"date":"2021-02-22","product":"COPERNICUS/S1_GRD","band":"VH","value":-13.7818,"farmer_unique_id":"431101476","site_id":11291},{"date":"2021-03-06","product":"COPERNICUS/S1_GRD","band":"VH","value":-17.748,"farmer_unique_id":"431101476","site_id":11291},{"date":"2021-03-18","product":"COPERNICUS/S1_GRD","band":"VH","value":-17.7923,"farmer_unique_id":"431101476","site_id":11291},{"date":"2021-03-30","product":"COPERNICUS/S1_GRD","band":"VH","value":-17.5752,"farmer_unique_id":"431101476","site_id":11291},{"date":"2021-04-11","product":"COPERNICUS/S1_GRD","band":"VH","value":-18.9264,"farmer_unique_id":"431101476","site_id":11291},{"date":"2021-04-23","product":"COPERNICUS/S1_GRD","band":"VH","value":-15.6702,"farmer_unique_id":"431101476","site_id":11291},{"date":"2021-05-05","product":"COPERNICUS/S1_GRD","band":"VH","value":-19.6156,"farmer_unique_id":"431101476","site_id":11291},{"date":"2021-05-17","product":"COPERNICUS/S1_GRD","band":"VH","value":-17.4574,"farmer_unique_id":"431101476","site_id":11291},{"date":"2021-05-29","product":"COPERNICUS/S1_GRD","band":"VH","value":-17.9093,"farmer_unique_id":"431101476","site_id":11291},{"date":"2021-06-10","product":"COPERNICUS/S1_GRD","band":"VH","value":-15.649,"farmer_unique_id":"431101476","site_id":11291},{"date":"2021-06-22","product":"COPERNICUS/S1_GRD","band":"VH","value":-15.8863,"farmer_unique_id":"431101476","site_id":11291},{"date":"2021-07-04","product":"COPERNICUS/S1_GRD","band":"VH","value":-17.1758,"farmer_unique_id":"431101476","site_id":11291},{"date":"2021-07-16","product":"COPERNICUS/S1_GRD","band":"VH","value":-16.6895,"farmer_unique_id":"431101476","site_id":11291},{"date":"2021-07-28","product":"COPERNICUS/S1_GRD","band":"VH","value":-19.3071,"farmer_unique_id":"431101476","site_id":11291},{"date":"2021-08-09","product":"COPERNICUS/S1_GRD","band":"VH","value":-17.8553,"farmer_unique_id":"431101476","site_id":11291},{"date":"2021-08-21","product":"COPERNICUS/S1_GRD","band":"VH","value":-21.2482,"farmer_unique_id":"431101476","site_id":11291},{"date":"2021-09-02","product":"COPERNICUS/S1_GRD","band":"VH","value":-19.3982,"farmer_unique_id":"431101476","site_id":11291},{"date":"2021-09-14","product":"COPERNICUS/S1_GRD","band":"VH","value":-18.3261,"farmer_unique_id":"431101476","site_id":11291},{"date":"2021-09-26","product":"COPERNICUS/S1_GRD","band":"VH","value":-14.6206,"farmer_unique_id":"431101476","site_id":11291},{"date":"2021-10-08","product":"COPERNICUS/S1_GRD","band":"VH","value":-18.7139,"farmer_unique_id":"431101476","site_id":11291},{"date":"2021-10-20","product":"COPERNICUS/S1_GRD","band":"VH","value":-20.7508,"farmer_unique_id":"431101476","site_id":11291},{"date":"2021-11-01","product":"COPERNICUS/S1_GRD","band":"VH","value":-16.9012,"farmer_unique_id":"431101476","site_id":11291},{"date":"2021-11-13","product":"COPERNICUS/S1_GRD","band":"VH","value":-16.7862,"farmer_unique_id":"431101476","site_id":11291},{"date":"2021-11-25","product":"COPERNICUS/S1_GRD","band":"VH","value":-21.0714,"farmer_unique_id":"431101476","site_id":11291},{"date":"2021-12-07","product":"COPERNICUS/S1_GRD","band":"VH","value":-15.1795,"farmer_unique_id":"431101476","site_id":11291},{"date":"2021-12-19","product":"COPERNICUS/S1_GRD","band":"VH","value":-18.5242,"farmer_unique_id":"431101476","site_id":11291},{"date":"2020-01-11","product":"COPERNICUS/S1_GRD","band":"VV","value":-8.7861,"farmer_unique_id":"431101476","site_id":11291},{"date":"2020-01-23","product":"COPERNICUS/S1_GRD","band":"VV","value":-10.1151,"farmer_unique_id":"431101476","site_id":11291},{"date":"2020-02-04","product":"COPERNICUS/S1_GRD","band":"VV","value":-10.3865,"farmer_unique_id":"431101476","site_id":11291},{"date":"2020-02-16","product":"COPERNICUS/S1_GRD","band":"VV","value":-10.6539,"farmer_unique_id":"431101476","site_id":11291},{"date":"2020-02-28","product":"COPERNICUS/S1_GRD","band":"VV","value":-11.9861,"farmer_unique_id":"431101476","site_id":11291},{"date":"2020-03-11","product":"COPERNICUS/S1_GRD","band":"VV","value":-11.3971,"farmer_unique_id":"431101476","site_id":11291},{"date":"2020-03-23","product":"COPERNICUS/S1_GRD","band":"VV","value":-5.8891,"farmer_unique_id":"431101476","site_id":11291},{"date":"2020-04-04","product":"COPERNICUS/S1_GRD","band":"VV","value":-10.8675,"farmer_unique_id":"431101476","site_id":11291},{"date":"2020-04-16","product":"COPERNICUS/S1_GRD","band":"VV","value":-11.3447,"farmer_unique_id":"431101476","site_id":11291},{"date":"2020-04-28","product":"COPERNICUS/S1_GRD","band":"VV","value":-8.7715,"farmer_unique_id":"431101476","site_id":11291},{"date":"2020-05-10","product":"COPERNICUS/S1_GRD","band":"VV","value":-9.7619,"farmer_unique_id":"431101476","site_id":11291},{"date":"2020-05-22","product":"COPERNICUS/S1_GRD","band":"VV","value":-8.8193,"farmer_unique_id":"431101476","site_id":11291},{"date":"2020-06-15","product":"COPERNICUS/S1_GRD","band":"VV","value":-9.4178,"farmer_unique_id":"431101476","site_id":11291},{"date":"2020-06-27","product":"COPERNICUS/S1_GRD","band":"VV","value":-12.8432,"farmer_unique_id":"431101476","site_id":11291},{"date":"2020-07-09","product":"COPERNICUS/S1_GRD","band":"VV","value":-14.8277,"farmer_unique_id":"431101476","site_id":11291},{"date":"2020-07-21","product":"COPERNICUS/S1_GRD","band":"VV","value":-11.7922,"farmer_unique_id":"431101476","site_id":11291},{"date":"2020-08-02","product":"COPERNICUS/S1_GRD","band":"VV","value":-12.05,"farmer_unique_id":"431101476","site_id":11291},{"date":"2020-08-14","product":"COPERNICUS/S1_GRD","band":"VV","value":-12.0149,"farmer_unique_id":"431101476","site_id":11291},{"date":"2020-08-26","product":"COPERNICUS/S1_GRD","band":"VV","value":-13.5491,"farmer_unique_id":"431101476","site_id":11291},{"date":"2020-09-07","product":"COPERNICUS/S1_GRD","band":"VV","value":-12.4982,"farmer_unique_id":"431101476","site_id":11291},{"date":"2020-09-19","product":"COPERNICUS/S1_GRD","band":"VV","value":-13.7808,"farmer_unique_id":"431101476","site_id":11291},{"date":"2020-10-01","product":"COPERNICUS/S1_GRD","band":"VV","value":-13.392,"farmer_unique_id":"431101476","site_id":11291},{"date":"2020-10-13","product":"COPERNICUS/S1_GRD","band":"VV","value":-12.2721,"farmer_unique_id":"431101476","site_id":11291},{"date":"2020-10-25","product":"COPERNICUS/S1_GRD","band":"VV","value":-12.2751,"farmer_unique_id":"431101476","site_id":11291},{"date":"2020-11-06","product":"COPERNICUS/S1_GRD","band":"VV","value":-14.1639,"farmer_unique_id":"431101476","site_id":11291},{"date":"2020-11-18","product":"COPERNICUS/S1_GRD","band":"VV","value":-10.7417,"farmer_unique_id":"431101476","site_id":11291},{"date":"2020-11-30","product":"COPERNICUS/S1_GRD","band":"VV","value":-8.9301,"farmer_unique_id":"431101476","site_id":11291},{"date":"2020-12-12","product":"COPERNICUS/S1_GRD","band":"VV","value":-11.1737,"farmer_unique_id":"431101476","site_id":11291},{"date":"2020-12-24","product":"COPERNICUS/S1_GRD","band":"VV","value":-10.7188,"farmer_unique_id":"431101476","site_id":11291},{"date":"2021-01-05","product":"COPERNICUS/S1_GRD","band":"VV","value":-11.6081,"farmer_unique_id":"431101476","site_id":11291},{"date":"2021-01-17","product":"COPERNICUS/S1_GRD","band":"VV","value":-11.7317,"farmer_unique_id":"431101476","site_id":11291},{"date":"2021-01-29","product":"COPERNICUS/S1_GRD","band":"VV","value":-12.5141,"farmer_unique_id":"431101476","site_id":11291},{"date":"2021-02-10","product":"COPERNICUS/S1_GRD","band":"VV","value":-10.0846,"farmer_unique_id":"431101476","site_id":11291},{"date":"2021-02-22","product":"COPERNICUS/S1_GRD","band":"VV","value":-15.4667,"farmer_unique_id":"431101476","site_id":11291},{"date":"2021-03-06","product":"COPERNICUS/S1_GRD","band":"VV","value":-14.4016,"farmer_unique_id":"431101476","site_id":11291},{"date":"2021-03-18","product":"COPERNICUS/S1_GRD","band":"VV","value":-12.0101,"farmer_unique_id":"431101476","site_id":11291},{"date":"2021-03-30","product":"COPERNICUS/S1_GRD","band":"VV","value":-15.3627,"farmer_unique_id":"431101476","site_id":11291},{"date":"2021-04-11","product":"COPERNICUS/S1_GRD","band":"VV","value":-11.5305,"farmer_unique_id":"431101476","site_id":11291},{"date":"2021-04-23","product":"COPERNICUS/S1_GRD","band":"VV","value":-8.8269,"farmer_unique_id":"431101476","site_id":11291},{"date":"2021-05-05","product":"COPERNICUS/S1_GRD","band":"VV","value":-11.8718,"farmer_unique_id":"431101476","site_id":11291},{"date":"2021-05-17","product":"COPERNICUS/S1_GRD","band":"VV","value":-10.0755,"farmer_unique_id":"431101476","site_id":11291},{"date":"2021-05-29","product":"COPERNICUS/S1_GRD","band":"VV","value":-13.3488,"farmer_unique_id":"431101476","site_id":11291},{"date":"2021-06-10","product":"COPERNICUS/S1_GRD","band":"VV","value":-11.0994,"farmer_unique_id":"431101476","site_id":11291},{"date":"2021-06-22","product":"COPERNICUS/S1_GRD","band":"VV","value":-11.2885,"farmer_unique_id":"431101476","site_id":11291},{"date":"2021-07-04","product":"COPERNICUS/S1_GRD","band":"VV","value":-10.3694,"farmer_unique_id":"431101476","site_id":11291},{"date":"2021-07-16","product":"COPERNICUS/S1_GRD","band":"VV","value":-11.523,"farmer_unique_id":"431101476","site_id":11291},{"date":"2021-07-28","product":"COPERNICUS/S1_GRD","band":"VV","value":-11.136,"farmer_unique_id":"431101476","site_id":11291},{"date":"2021-08-09","product":"COPERNICUS/S1_GRD","band":"VV","value":-12.9365,"farmer_unique_id":"431101476","site_id":11291},{"date":"2021-08-21","product":"COPERNICUS/S1_GRD","band":"VV","value":-11.5782,"farmer_unique_id":"431101476","site_id":11291},{"date":"2021-09-02","product":"COPERNICUS/S1_GRD","band":"VV","value":-12.0129,"farmer_unique_id":"431101476","site_id":11291},{"date":"2021-09-14","product":"COPERNICUS/S1_GRD","band":"VV","value":-14.7803,"farmer_unique_id":"431101476","site_id":11291},{"date":"2021-09-26","product":"COPERNICUS/S1_GRD","band":"VV","value":-11.761,"farmer_unique_id":"431101476","site_id":11291},{"date":"2021-10-08","product":"COPERNICUS/S1_GRD","band":"VV","value":-13.2725,"farmer_unique_id":"431101476","site_id":11291},{"date":"2021-10-20","product":"COPERNICUS/S1_GRD","band":"VV","value":-10.8815,"farmer_unique_id":"431101476","site_id":11291},{"date":"2021-11-01","product":"COPERNICUS/S1_GRD","band":"VV","value":-12.0809,"farmer_unique_id":"431101476","site_id":11291},{"date":"2021-11-13","product":"COPERNICUS/S1_GRD","band":"VV","value":-12.8957,"farmer_unique_id":"431101476","site_id":11291},{"date":"2021-11-25","product":"COPERNICUS/S1_GRD","band":"VV","value":-9.6924,"farmer_unique_id":"431101476","site_id":11291},{"date":"2021-12-07","product":"COPERNICUS/S1_GRD","band":"VV","value":-11.033,"farmer_unique_id":"431101476","site_id":11291},{"date":"2021-12-19","product":"COPERNICUS/S1_GRD","band":"VV","value":-15.1206,"farmer_unique_id":"431101476","site_id":11291}]
