[{"date":"2020-01-11","product":"COPERNICUS/S1_GRD","band":"VH","value":-14.9993,"farmer_unique_id":"1214227261","site_id":7364},{"date":"2020-01-23","product":"COPERNICUS/S1_GRD","band":"VH","value":-11.6258,"farmer_unique_id":"1214227261","site_id":7364},{"date":"2020-02-04","product":"COPERNICUS/S1_GRD","band":"VH","value":-12.8425,"farmer_unique_id":"1214227261","site_id":7364},{"date":"2020-02-16","product":"COPERNICUS/S1_GRD","band":"VH","value":-13.1397,"farmer_unique_id":"1214227261","site_id":7364},{"date":"2020-02-28","product":"COPERNICUS/S1_GRD","band":"VH","value":-11.0114,"farmer_unique_id":"1214227261","site_id":7364},{"date":"2020-03-11","product":"COPERNICUS/S1_GRD","band":"VH","value":-7.9422,"farmer_unique_id":"1214227261","site_id":7364},{"date":"2020-03-23","product":"COPERNICUS/S1_GRD","band":"VH","value":-12.322,"farmer_unique_id":"1214227261","site_id":7364},{"date":"2020-04-04","product":"COPERNICUS/S1_GRD","band":"VH","value":-14.8303,"farmer_unique_id":"1214227261","site_id":7364},{"date":"2020-04-16","product":"COPERNICUS/S1_GRD","band":"VH","value":-12.9714,"farmer_unique_id":"1214227261","site_id":7364},{"date":"2020-04-28","product":"COPERNICUS/S1_GRD","band":"VH","value":-14.4595,"farmer_unique_id":"1214227261","site_id":7364},{"date":"2020-05-10","product":"COPERNICUS/S1_GRD","band":"VH","value":-14.5827,"farmer_unique_id":"1214227261","site_id":7364},{"date":"2020-05-22","product":"COPERNICUS/S1_GRD","band":"VH","value":-11.2523,"farmer_unique_id":"1214227261","site_id":7364},{"date":"2020-06-15","product":"COPERNICUS/S1_GRD","band":"VH","value":-14.3269,"farmer_unique_id":"1214227261","site_id":7364},{"date":"2020-06-27","product":"COPERNICUS/S1_GRD","band":"VH","value":-12.6016,"farmer_unique_id":"1214227261","site_id":7364},{"date":"2020-07-09","product":"COPERNICUS/S1_GRD","band":"VH","value":-16.2979,"farmer_unique_id":"1214227261","site_id":7364},{"date":"2020-07-21","product":"COPERNICUS/S1_GRD","band":"VH","value":-15.3148,"farmer_unique_id":"1214227261","site_id":7364},{"date":"2020-08-02","product":"COPERNICUS/S1_GRD","band":"VH","value":-14.1181,"farmer_unique_id":"1214227261","site_id":7364},{"date":"2020-08-14","product":"COPERNICUS/S1_GRD","band":"VH","value":-12.8256,"farmer_unique_id":"1214227261","site_id":7364},{"date":"2020-08-26","product":"COPERNICUS/S1_GRD","band":"VH","value":-17.1922,"farmer_unique_id":"1214227261","site_id":7364},{"date":"2020-09-07","product":"COPERNICUS/S1_GRD","band":"VH","value":-13.5192,"farmer_unique_id":"1214227261","site_id":7364},{"date":"2020-09-19","product":"COPERNICUS/S1_GRD","band":"VH","value":-20.504,"farmer_unique_id":"1214227261","site_id":7364},{"date":"2020-10-01","product":"COPERNICUS/S1_GRD","band":"VH","value":-13.4964,"farmer_unique_id":"1214227261","site_id":7364},{"date":"2020-10-13","product":"COPERNICUS/S1_GRD","band":"VH","value":-22.4212,"farmer_unique_id":"1214227261","site_id":7364},{"date":"2020-10-25","product":"COPERNICUS/S1_GRD","band":"VH","value":-10.802,"farmer_unique_id":"1214227261","site_id":7364},{"date":"2020-11-06","product":"COPERNICUS/S1_GRD","band":"VH","value":-15.8502,"farmer_unique_id":"1214227261","site_id":7364},{"date":"2020-11-18","product":"COPERNICUS/S1_GRD","band":"VH","value":-16.3591,"farmer_unique_id":"1214227261","site_id":7364},{"date":"2020-11-30","product":"COPERNICUS/S1_GRD","band":"VH","value":-10.8772,"farmer_unique_id":"1214227261","site_id":7364},{"date":"2020-12-12","product":"COPERNICUS/S1_GRD","band":"VH","value":-16.0645,"farmer_unique_id":"1214227261","site_id":7364},{"date":"2020-12-24","product":"COPERNICUS/S1_GRD","band":"VH","value":-17.4926,"farmer_unique_id":"1214227261","site_id":7364},{"date":"2021-01-05","product":"COPERNICUS/S1_GRD","band":"VH","value":-11.518,"farmer_unique_id":"1214227261","site_id":7364},{"date":"2021-01-17","product":"COPERNICUS/S1_GRD","band":"VH","value":-12.5402,"farmer_unique_id":"1214227261","site_id":7364},{"date":"2021-01-29","product":"COPERNICUS/S1_GRD","band":"VH","value":-21.7804,"farmer_unique_id":"1214227261","site_id":7364},{"date":"2021-02-10","product":"COPERNICUS/S1_GRD","band":"VH","value":-11.8929,"farmer_unique_id":"1214227261","site_id":7364},{"date":"2021-02-22","product":"COPERNICUS/S1_GRD","band":"VH","value":-12.1298,"farmer_unique_id":"1214227261","site_id":7364},{"date":"2021-03-06","product":"COPERNICUS/S1_GRD","band":"VH","value":-15.1872,"farmer_unique_id":"1214227261","site_id":7364},{"date":"2021-03-18","product":"COPERNICUS/S1_GRD","band":"VH","value":-15.3594,"farmer_unique_id":"1214227261","site_id":7364},{"date":"2021-03-30","product":"COPERNICUS/S1_GRD","band":"VH","value":-13.3723,"farmer_unique_id":"1214227261","site_id":7364},{"date":"2021-04-11","product":"COPERNICUS/S1_GRD","band":"VH","value":-17.2899,"farmer_unique_id":"1214227261","site_id":7364},{"date":"2021-04-23","product":"COPERNICUS/S1_GRD","band":"VH","value":-12.9018,"farmer_unique_id":"1214227261","site_id":7364},{"date":"2021-05-05","product":"COPERNICUS/S1_GRD","band":"VH","value":-15.0073,"farmer_unique_id":"1214227261","site_id":7364},{"date":"2021-05-17","product":"COPERNICUS/S1_GRD","band":"VH","value":-15.5426,"farmer_unique_id":"1214227261","site_id":7364},{"date":"2021-05-29","product":"COPERNICUS/S1_GRD","band":"VH","value":-12.3902,"farmer_unique_id":"1214227261","site_id":7364},{"date":"2021-06-10","product":"COPERNICUS/S1_GRD","band":"VH","value":-15.8103,"farmer_unique_id":"1214227261","site_id":7364},{"date":"2021-06-22","product":"COPERNICUS/S1_GRD","band":"VH","value":-12.4124,"farmer_unique_id":"1214227261","site_id":7364},{"date":"2021-07-04","product":"COPERNICUS/S1_GRD","band":"VH","value":-11.5142,"farmer_unique_id":"1214227261","site_id":7364},{"date":"2021-07-16","product":"COPERNICUS/S1_GRD","band":"VH","value":-13.6899,"farmer_unique_id":"1214227261","site_id":7364},{"date":"2021-07-28","product":"COPERNICUS/S1_GRD","band":"VH","value":-18.16,"farmer_unique_id":"1214227261","site_id":7364},{"date":"2021-08-09","product":"COPERNICUS/S1_GRD","band":"VH","value":-16.5829,"farmer_unique_id":"1214227261","site_id":7364},{"date":"2021-08-21","product":"COPERNICUS/S1_GRD","band":"VH","value":-17.2153,"farmer_unique_id":"1214227261","site_id":7364},{"date":"2021-09-02","product":"COPERNICUS/S1_GRD","band":"VH","value":-15.9497,"farmer_unique_id":"1214227261","site_id":7364},{"date":"2021-09-14","product":"COPERNICUS/S1_GRD","band":"VH","value":-15.8471,"farmer_unique_id":"1214227261","site_id":7364},{"date":"2021-09-26","product":"COPERNICUS/S1_GRD","band":"VH","value":-15.5527,"farmer_unique_id":"1214227261","site_id":7364},{"date":"2021-10-08","product":"COPERNICUS/S1_GRD","band":"VH","value":-21.5822,"farmer_unique_id":"1214227261","site_id":7364},{"date":"2021-10-20","product":"COPERNICUS/S1_GRD","band":"VH","value":-13.8733,"farmer_unique_id":"1214227261","site_id":7364},{"date":"2021-11-01","product":"COPERNICUS/S1_GRD","band":"VH","value":-22.1497,"farmer_unique_id":"1214227261","site_id":7364},{"date":"2021-11-13","product":"COPERNICUS/S1_GRD","band":"VH","value":-17.6431,"farmer_unique_id":"1214227261","site_id":7364},{"date":"2021-11-25","product":"COPERNICUS/S1_GRD","band":"VH","value":-13.6524,"farmer_unique_id":"1214227261","site_id":7364},{"date":"2021-12-07","product":"COPERNICUS/S1_GRD","band":"VH","value":-11.2187,"farmer_unique_id":"1214227261","site_id":7364},{"date":"2021-12-19","product":"COPERNICUS/S1_GRD","band":"VH","value":-11.4065,"farmer_unique_id":"1214227261","site_id":7364},{"date":"2020-01-11","product":"COPERNICUS/S1_GRD","band":"VV","value":-9.2498,"farmer_unique_id":"1214227261","site_id":7364},{"date":"2020-01-23","product":"COPERNICUS/S1_GRD","band":"VV","value":-9.4081,"farmer_unique_id":"1214227261","site_id":7364},{"date":"2020-02-04","product":"COPERNICUS/S1_GRD","band":"VV","value":-10.3851,"farmer_unique_id":"1214227261","site_id":7364},{"date":"2020-02-16","product":"COPERNICUS/S1_GRD","band":"VV","value":-6.0016,"farmer_unique_id":"1214227261","site_id":7364},{"date":"2020-02-28","product":"COPERNICUS/S1_GRD","band":"VV","value":-7.1935,"farmer_unique_id":"1214227261","site_id":7364},{"date":"2020-03-11","product":"COPERNICUS/S1_GRD","band":"VV","value":-5.3281,"farmer_unique_id":"1214227261","site_id":7364},{"date":"2020-03-23","product":"COPERNICUS/S1_GRD","band":"VV","value":-9.0306,"farmer_unique_id":"1214227261","site_id":7364},{"date":"2020-04-04","product":"COPERNICUS/S1_GRD","band":"VV","value":-5.5609,"farmer_unique_id":"1214227261","site_id":7364},{"date":"2020-04-16","product":"COPERNICUS/S1_GRD","band":"VV","value":-3.354,"farmer_unique_id":"1214227261","site_id":7364},{"date":"2020-04-28","product":"COPERNICUS/S1_GRD","band":"VV","value":-4.1438,"farmer_unique_id":"1214227261","site_id":7364},{"date":"2020-05-10","product":"COPERNICUS/S1_GRD","band":"VV","value":-5.6445,"farmer_unique_id":"1214227261","site_id":7364},{"date":"2020-05-22","product":"COPERNICUS/S1_GRD","band":"VV","value":-9.3599,"farmer_unique_id":"1214227261","site_id":7364},{"date":"2020-06-15","product":"COPERNICUS/S1_GRD","band":"VV","value":-4.4454,"farmer_unique_id":"1214227261","site_id":7364},{"date":"2020-06-27","product":"COPERNICUS/S1_GRD","band":"VV","value":-6.7594,"farmer_unique_id":"1214227261","site_id":7364},{"date":"2020-07-09","product":"COPERNICUS/S1_GRD","band":"VV","value":-7.6249,"farmer_unique_id":"1214227261","site_id":7364},{"date":"2020-07-21","product":"COPERNICUS/S1_GRD","band":"VV","value":-6.8404,"farmer_unique_id":"1214227261","site_id":7364},{"date":"2020-08-02","product":"COPERNICUS/S1_GRD","band":"VV","value":-9.7051,"farmer_unique_id":"1214227261","site_id":7364},{"date":"2020-08-14","product":"COPERNICUS/S1_GRD","band":"VV","value":-8.1199,"farmer_unique_id":"1214227261","site_id":7364},{"date":"2020-08-26","product":"COPERNICUS/S1_GRD","band":"VV","value":-8.8708,"farmer_unique_id":"1214227261","site_id":7364},{"date":"2020-09-07","product":"COPERNICUS/S1_GRD","band":"VV","value":-5.9392,"farmer_unique_id":"1214227261","site_id":7364},{"date":"2020-09-19","product":"COPERNICUS/S1_GRD","band":"VV","value":-5.779,"farmer_unique_id":"1214227261","site_id":7364},{"date":"2020-10-01","product":"COPERNICUS/S1_GRD","band":"VV","value":-10.1645,"farmer_unique_id":"1214227261","site_id":7364},{"date":"2020-10-13","product":"COPERNICUS/S1_GRD","band":"VV","value":-8.6891,"farmer_unique_id":"1214227261","site_id":7364},{"date":"2020-10-25","product":"COPERNICUS/S1_GRD","band":"VV","value":-1.8818,"farmer_unique_id":"1214227261","site_id":7364},{"date":"2020-11-06","product":"COPERNICUS/S1_GRD","band":"VV","value":-3.552,"farmer_unique_id":"1214227261","site_id":7364},{"date":"2020-11-18","product":"COPERNICUS/S1_GRD","band":"VV","value":-14.2692,"farmer_unique_id":"1214227261","site_id":7364},{"date":"2020-11-30","product":"COPERNICUS/S1_GRD","band":"VV","value":-6.4846,"farmer_unique_id":"1214227261","site_id":7364},{"date":"2020-12-12","product":"COPERNICUS/S1_GRD","band":"VV","value":-8.4911,"farmer_unique_id":"1214227261","site_id":7364},{"date":"2020-12-24","product":"COPERNICUS/S1_GRD","band":"VV","value":-9.4417,"farmer_unique_id":"1214227261","site_id":7364},{"date":"2021-01-05","product":"COPERNICUS/S1_GRD","band":"VV","value":-4.8203,"farmer_unique_id":"1214227261","site_id":7364},{"date":"2021-01-17","product":"COPERNICUS/S1_GRD","band":"VV","value":-10.0131,"farmer_unique_id":"1214227261","site_id":7364},{"date":"2021-01-29","product":"COPERNICUS/S1_GRD","band":"VV","value":-8.8019,"farmer_unique_id":"1214227261","site_id":7364},{"date":"2021-02-10","product":"COPERNICUS/S1_GRD","band":"VV","value":-8.3914,"farmer_unique_id":"1214227261","site_id":7364},{"date":"2021-02-22","product":"COPERNICUS/S1_GRD","band":"VV","value":-4.1361,"farmer_unique_id":"1214227261","site_id":7364},{"date":"2021-03-06","product":"COPERNICUS/S1_GRD","band":"VV","value":-8.2201,"farmer_unique_id":"1214227261","site_id":7364},{"date":"2021-03-18","product":"COPERNICUS/S1_GRD","band":"VV","value":-11.5313,"farmer_unique_id":"1214227261","site_id":7364},{"date":"2021-03-30","product":"COPERNICUS/S1_GRD","band":"VV","value":-6.9208,"farmer_unique_id":"1214227261","site_id":7364},{"date":"2021-04-11","product":"COPERNICUS/S1_GRD","band":"VV","value":-7.1641,"farmer_unique_id":"1214227261","site_id":7364},{"date":"2021-04-23","product":"COPERNICUS/S1_GRD","band":"VV","value":-3.9271,"farmer_unique_id":"1214227261","site_id":7364},{"date":"2021-05-05","product":"COPERNICUS/S1_GRD","band":"VV","value":-9.4467,"farmer_unique_id":"1214227261","site_id":7364},{"date":"2021-05-17","product":"COPERNICUS/S1_GRD","band":"VV","value":-7.779,"farmer_unique_id":"1214227261","site_id":7364},{"date":"2021-05-29","product":"COPERNICUS/S1_GRD","band":"VV","value":-6.2616,"farmer_unique_id":"1214227261","site_id":7364},{"date":"2021-06-10","product":"COPERNICUS/S1_GRD","band":"VV","value":-4.1774,"farmer_unique_id":"1214227261","site_id":7364},{"date":"2021-06-22","product":"COPERNICUS/S1_GRD","band":"VV","value":-7.1818,"farmer_unique_id":"1214227261","site_id":7364},{"date":"2021-07-04","product":"COPERNICUS/S1_GRD","band":"VV","value":-7.6356,"farmer_unique_id":"1214227261","site_id":7364},{"date":"2021-07-16","product":"COPERNICUS/S1_GRD","band":"VV","value":-7.0015,"farmer_unique_id":"1214227261","site_id":7364},{"date":"2021-07-28","product":"COPERNICUS/S1_GRD","band":"VV","value":-10.9194,"farmer_unique_id":"1214227261","site_id":7364},{"date":"2021-08-09","product":"COPERNICUS/S1_GRD","band":"VV","value":-7.5409,"farmer_unique_id":"1214227261","site_id":7364},{"date":"2021-08-21","product":"COPERNICUS/S1_GRD","band":"VV","value":-11.3603,"farmer_unique_id":"1214227261","site_id":7364},{"date":"2021-09-02","product":"COPERNICUS/S1_GRD","band":"VV","value":-10.6031,"farmer_unique_id":"1214227261","site_id":7364},{"date":"2021-09-14","product":"COPERNICUS/S1_GRD","band":"VV","value":-12.8246,"farmer_unique_id":"1214227261","site_id":7364},{"date":"2021-09-26","product":"COPERNICUS/S1_GRD","band":"VV","value":-4.4751,"farmer_unique_id":"1214227261","site_id":7364},{"date":"2021-10-08","product":"COPERNICUS/S1_GRD","band":"VV","value":-12.6851,"farmer_unique_id":"1214227261","site_id":7364},{"date":"2021-10-20","product":"COPERNICUS/S1_GRD","band":"VV","value":-5.3386,"farmer_unique_id":"1214227261","site_id":7364},{"date":"2021-11-01","product":"COPERNICUS/S1_GRD","band":"VV","value":-11.7783,"farmer_unique_id":"1214227261","site_id":7364},{"date":"2021-11-13","product":"COPERNICUS/S1_GRD","band":"VV","value":-7.2646,"farmer_unique_id":"1214227261","site_id":7364},{"date":"2021-11-25","product":"COPERNICUS/S1_GRD","band":"VV","value":-8.5708,"farmer_unique_id":"1214227261","site_id":7364},{"date":"2021-12-07","product":"COPERNICUS/S1_GRD","band":"VV","value":-4.5631,"farmer_unique_id":"1214227261","site_id":7364},{"date":"2021-12-19","product":"COPERNICUS/S1_GRD","band":"VV","value":-6.0907,"farmer_unique_id":"1214227261","site_id":7364}]
