[{"date":"2020-01-11","product":"COPERNICUS/S1_GRD","band":"VH","value":-16.3624,"farmer_unique_id":"4739259","site_id":3028},{"date":"2020-01-23","product":"COPERNICUS/S1_GRD","band":"VH","value":-17.0467,"farmer_unique_id":"4739259","site_id":3028},{"date":"2020-02-04","product":"COPERNICUS/S1_GRD","band":"VH","value":-13.6907,"farmer_unique_id":"4739259","site_id":3028},{"date":"2020-02-16","product":"COPERNICUS/S1_GRD","band":"VH","value":-14.7519,"farmer_unique_id":"4739259","site_id":3028},{"date":"2020-02-28","product":"COPERNICUS/S1_GRD","band":"VH","value":-14.4352,"farmer_unique_id":"4739259","site_id":3028},{"date":"2020-03-11","product":"COPERNICUS/S1_GRD","band":"VH","value":-15.546,"farmer_unique_id":"4739259","site_id":3028},{"date":"2020-03-23","product":"COPERNICUS/S1_GRD","band":"VH","value":-15.6526,"farmer_unique_id":"4739259","site_id":3028},{"date":"2020-04-04","product":"COPERNICUS/S1_GRD","band":"VH","value":-14.7096,"farmer_unique_id":"4739259","site_id":3028},{"date":"2020-04-16","product":"COPERNICUS/S1_GRD","band":"VH","value":-15.5294,"farmer_unique_id":"4739259","site_id":3028},{"date":"2020-04-28","product":"COPERNICUS/S1_GRD","band":"VH","value":-14.6487,"farmer_unique_id":"4739259","site_id":3028},{"date":"2020-05-10","product":"COPERNICUS/S1_GRD","band":"VH","value":-15.2518,"farmer_unique_id":"4739259","site_id":3028},{"date":"2020-05-22","product":"COPERNICUS/S1_GRD","band":"VH","value":-13.4417,"farmer_unique_id":"4739259","site_id":3028},{"date":"2020-06-03","product":"COPERNICUS/S1_GRD","band":"VH","value":-14.4516,"farmer_unique_id":"4739259","site_id":3028},{"date":"2020-06-15","product":"COPERNICUS/S1_GRD","band":"VH","value":-17.2555,"farmer_unique_id":"4739259","site_id":3028},{"date":"2020-06-27","product":"COPERNICUS/S1_GRD","band":"VH","value":-15.697,"farmer_unique_id":"4739259","site_id":3028},{"date":"2020-07-09","product":"COPERNICUS/S1_GRD","band":"VH","value":-18.8762,"farmer_unique_id":"4739259","site_id":3028},{"date":"2020-07-21","product":"COPERNICUS/S1_GRD","band":"VH","value":-16.578,"farmer_unique_id":"4739259","site_id":3028},{"date":"2020-08-02","product":"COPERNICUS/S1_GRD","band":"VH","value":-16.8986,"farmer_unique_id":"4739259","site_id":3028},{"date":"2020-08-14","product":"COPERNICUS/S1_GRD","band":"VH","value":-16.9587,"farmer_unique_id":"4739259","site_id":3028},{"date":"2020-08-26","product":"COPERNICUS/S1_GRD","band":"VH","value":-19.5219,"farmer_unique_id":"4739259","site_id":3028},{"date":"2020-09-07","product":"COPERNICUS/S1_GRD","band":"VH","value":-16.2433,"farmer_unique_id":"4739259","site_id":3028},{"date":"2020-09-19","product":"COPERNICUS/S1_GRD","band":"VH","value":-20.5406,"farmer_unique_id":"4739259","site_id":3028},{"date":"2020-10-01","product":"COPERNICUS/S1_GRD","band":"VH","value":-19.0637,"farmer_unique_id":"4739259","site_id":3028},{"date":"2020-10-13","product":"COPERNICUS/S1_GRD","band":"VH","value":-14.5859,"farmer_unique_id":"4739259","site_id":3028},{"date":"2020-10-25","product":"COPERNICUS/S1_GRD","band":"VH","value":-14.6525,"farmer_unique_id":"4739259","site_id":3028},{"date":"2020-11-06","product":"COPERNICUS/S1_GRD","band":"VH","value":-16.4793,"farmer_unique_id":"4739259","site_id":3028},{"date":"2020-11-18","product":"COPERNICUS/S1_GRD","band":"VH","value":-15.9551,"farmer_unique_id":"4739259","site_id":3028},{"date":"2020-11-30","product":"COPERNICUS/S1_GRD","band":"VH","value":-13.7898,"farmer_unique_id":"4739259","site_id":3028},{"date":"2020-12-12","product":"COPERNICUS/S1_GRD","band":"VH","value":-15.7358,"farmer_unique_id":"4739259","site_id":3028},{"date":"2020-12-24","product":"COPERNICUS/S1_GRD","band":"VH","value":-17.6749,"farmer_unique_id":"4739259","site_id":3028},{"date":"2021-01-05","product":"COPERNICUS/S1_GRD","band":"VH","value":-14.9014,"farmer_unique_id":"4739259","site_id":3028},{"date":"2021-01-17","product":"COPERNICUS/S1_GRD","band":"VH","value":-15.9824,"farmer_unique_id":"4739259","site_id":3028},{"date":"2021-01-29","product":"COPERNICUS/S1_GRD","band":"VH","value":-19.23,"farmer_unique_id":"4739259","site_id":3028},{"date":"2021-02-10","product":"COPERNICUS/S1_GRD","band":"VH","value":-15.8429,"farmer_unique_id":"4739259","site_id":3028},{"date":"2021-02-22","product":"COPERNICUS/S1_GRD","band":"VH","value":-13.2233,"farmer_unique_id":"4739259","site_id":3028},{"date":"2021-03-06","product":"COPERNICUS/S1_GRD","band":"VH","value":-21.2462,"farmer_unique_id":"4739259","site_id":3028},{"date":"2021-03-18","product":"COPERNICUS/S1_GRD","band":"VH","value":-22.1693,"farmer_unique_id":"4739259","site_id":3028},{"date":"2021-03-30","product":"COPERNICUS/S1_GRD","band":"VH","value":-17.1159,"farmer_unique_id":"4739259","site_id":3028},{"date":"2021-04-11","product":"COPERNICUS/S1_GRD","band":"VH","value":-17.7195,"farmer_unique_id":"4739259","site_id":3028},{"date":"2021-04-23","product":"COPERNICUS/S1_GRD","band":"VH","value":-16.7581,"farmer_unique_id":"4739259","site_id":3028},{"date":"2021-05-05","product":"COPERNICUS/S1_GRD","band":"VH","value":-13.9629,"farmer_unique_id":"4739259","site_id":3028},{"date":"2021-05-17","product":"COPERNICUS/S1_GRD","band":"VH","value":-15.4509,"farmer_unique_id":"4739259","site_id":3028},{"date":"2021-05-29","product":"COPERNICUS/S1_GRD","band":"VH","value":-16.8871,"farmer_unique_id":"4739259","site_id":3028},{"date":"2021-06-10","product":"COPERNICUS/S1_GRD","band":"VH","value":-16.2424,"farmer_unique_id":"4739259","site_id":3028},{"date":"2021-06-22","product":"COPERNICUS/S1_GRD","band":"VH","value":-12.9462,"farmer_unique_id":"4739259","site_id":3028},{"date":"2021-07-04","product":"COPERNICUS/S1_GRD","band":"VH","value":-16.5426,"farmer_unique_id":"4739259","site_id":3028},{"date":"2021-07-16","product":"COPERNICUS/S1_GRD","band":"VH","value":-20.191,"farmer_unique_id":"4739259","site_id":3028},{"date":"2021-07-28","product":"COPERNICUS/S1_GRD","band":"VH","value":-15.0659,"farmer_unique_id":"4739259","site_id":3028},{"date":"2021-08-09","product":"COPERNICUS/S1_GRD","band":"VH","value":-18.2115,"farmer_unique_id":"4739259","site_id":3028},{"date":"2021-08-21","product":"COPERNICUS/S1_GRD","band":"VH","value":-16.8281,"farmer_unique_id":"4739259","site_id":3028},{"date":"2021-09-02","product":"COPERNICUS/S1_GRD","band":"VH","value":-14.602,"farmer_unique_id":"4739259","site_id":3028},{"date":"2021-09-14","product":"COPERNICUS/S1_GRD","band":"VH","value":-15.4834,"farmer_unique_id":"4739259","site_id":3028},{"date":"2021-09-26","product":"COPERNICUS/S1_GRD","band":"VH","value":-18.1882,"farmer_unique_id":"4739259","site_id":3028},{"date":"2021-10-08","product":"COPERNICUS/S1_GRD","band":"VH","value":-16.5066,"farmer_unique_id":"4739259","site_id":3028},{"date":"2021-10-20","product":"COPERNICUS/S1_GRD","band":"VH","value":-17.6432,"farmer_unique_id":"4739259","site_id":3028},{"date":"2021-11-01","product":"COPERNICUS/S1_GRD","band":"VH","value":-14.3647,"farmer_unique_id":"4739259","site_id":3028},{"date":"2021-11-13","product":"COPERNICUS/S1_GRD","band":"VH","value":-14.0146,"farmer_unique_id":"4739259","site_id":3028},{"date":"2021-11-25","product":"COPERNICUS/S1_GRD","band":"VH","value":-15.433,"farmer_unique_id":"4739259","site_id":3028},{"date":"2021-12-07","product":"COPERNICUS/S1_GRD","band":"VH","value":-16.454,"farmer_unique_id":"4739259","site_id":3028},{"date":"2021-12-19","product":"COPERNICUS/S1_GRD","band":"VH","value":-13.959,"farmer_unique_id":"4739259","site_id":3028},{"date":"2020-01-11","product":"COPERNICUS/S1_GRD","band":"VV","value":-7.9414,"farmer_unique_id":"4739259","site_id":3028},{"date":"2020-01-23","product":"COPERNICUS/S1_GRD","band":"VV","value":-10.1109,"farmer_unique_id":"4739259","site_id":3028},{"date":"2020-02-04","product":"COPERNICUS/S1_GRD","band":"VV","value":-7.3117,"farmer_unique_id":"4739259","site_id":3028},{"date":"2020-02-16","product":"COPERNICUS/S1_GRD","band":"VV","value":-11.3555,"farmer_unique_id":"4739259","site_id":3028},{"date":"2020-02-28","product":"COPERNICUS/S1_GRD","band":"VV","value":-6.9645,"farmer_unique_id":"4739259","site_id":3028},{"date":"2020-03-11","product":"COPERNICUS/S1_GRD","band":"VV","value":-10.0374,"farmer_unique_id":"4739259","site_id":3028},{"date":"2020-03-23","product":"COPERNICUS/S1_GRD","band":"VV","value":-11.802,"farmer_unique_id":"4739259","site_id":3028},{"date":"2020-04-04","product":"COPERNICUS/S1_GRD","band":"VV","value":-9.8218,"farmer_unique_id":"4739259","site_id":3028},{"date":"2020-04-16","product":"COPERNICUS/S1_GRD","band":"VV","value":-6.5788,"farmer_unique_id":"4739259","site_id":3028},{"date":"2020-04-28","product":"COPERNICUS/S1_GRD","band":"VV","value":-8.7045,"farmer_unique_id":"4739259","site_id":3028},{"date":"2020-05-10","product":"COPERNICUS/S1_GRD","band":"VV","value":-7.5312,"farmer_unique_id":"4739259","site_id":3028},{"date":"2020-05-22","product":"COPERNICUS/S1_GRD","band":"VV","value":-8.6401,"farmer_unique_id":"4739259","site_id":3028},{"date":"2020-06-03","product":"COPERNICUS/S1_GRD","band":"VV","value":-7.3973,"farmer_unique_id":"4739259","site_id":3028},{"date":"2020-06-15","product":"COPERNICUS/S1_GRD","band":"VV","value":-7.3125,"farmer_unique_id":"4739259","site_id":3028},{"date":"2020-06-27","product":"COPERNICUS/S1_GRD","band":"VV","value":-10.1012,"farmer_unique_id":"4739259","site_id":3028},{"date":"2020-07-09","product":"COPERNICUS/S1_GRD","band":"VV","value":-8.5645,"farmer_unique_id":"4739259","site_id":3028},{"date":"2020-07-21","product":"COPERNICUS/S1_GRD","band":"VV","value":-8.4189,"farmer_unique_id":"4739259","site_id":3028},{"date":"2020-08-02","product":"COPERNICUS/S1_GRD","band":"VV","value":-11.3397,"farmer_unique_id":"4739259","site_id":3028},{"date":"2020-08-14","product":"COPERNICUS/S1_GRD","band":"VV","value":-8.4466,"farmer_unique_id":"4739259","site_id":3028},{"date":"2020-08-26","product":"COPERNICUS/S1_GRD","band":"VV","value":-8.6259,"farmer_unique_id":"4739259","site_id":3028},{"date":"2020-09-07","product":"COPERNICUS/S1_GRD","band":"VV","value":-9.2822,"farmer_unique_id":"4739259","site_id":3028},{"date":"2020-09-19","product":"COPERNICUS/S1_GRD","band":"VV","value":-12.6555,"farmer_unique_id":"4739259","site_id":3028},{"date":"2020-10-01","product":"COPERNICUS/S1_GRD","band":"VV","value":-11.2625,"farmer_unique_id":"4739259","site_id":3028},{"date":"2020-10-13","product":"COPERNICUS/S1_GRD","band":"VV","value":-5.5633,"farmer_unique_id":"4739259","site_id":3028},{"date":"2020-10-25","product":"COPERNICUS/S1_GRD","band":"VV","value":-10.188,"farmer_unique_id":"4739259","site_id":3028},{"date":"2020-11-06","product":"COPERNICUS/S1_GRD","band":"VV","value":-9.6632,"farmer_unique_id":"4739259","site_id":3028},{"date":"2020-11-18","product":"COPERNICUS/S1_GRD","band":"VV","value":-10.7929,"farmer_unique_id":"4739259","site_id":3028},{"date":"2020-11-30","product":"COPERNICUS/S1_GRD","band":"VV","value":-7.2162,"farmer_unique_id":"4739259","site_id":3028},{"date":"2020-12-12","product":"COPERNICUS/S1_GRD","band":"VV","value":-10.3722,"farmer_unique_id":"4739259","site_id":3028},{"date":"2020-12-24","product":"COPERNICUS/S1_GRD","band":"VV","value":-9.1078,"farmer_unique_id":"4739259","site_id":3028},{"date":"2021-01-05","product":"COPERNICUS/S1_GRD","band":"VV","value":-9.4584,"farmer_unique_id":"4739259","site_id":3028},{"date":"2021-01-17","product":"COPERNICUS/S1_GRD","band":"VV","value":-8.872,"farmer_unique_id":"4739259","site_id":3028},{"date":"2021-01-29","product":"COPERNICUS/S1_GRD","band":"VV","value":-8.4216,"farmer_unique_id":"4739259","site_id":3028},{"date":"2021-02-10","product":"COPERNICUS/S1_GRD","band":"VV","value":-10.1869,"farmer_unique_id":"4739259","site_id":3028},{"date":"2021-02-22","product":"COPERNICUS/S1_GRD","band":"VV","value":-9.3442,"farmer_unique_id":"4739259","site_id":3028},{"date":"2021-03-06","product":"COPERNICUS/S1_GRD","band":"VV","value":-11.5019,"farmer_unique_id":"4739259","site_id":3028},{"date":"2021-03-18","product":"COPERNICUS/S1_GRD","band":"VV","value":-12.1988,"farmer_unique_id":"4739259","site_id":3028},{"date":"2021-03-30","product":"COPERNICUS/S1_GRD","band":"VV","value":-9.1794,"farmer_unique_id":"4739259","site_id":3028},{"date":"2021-04-11","product":"COPERNICUS/S1_GRD","band":"VV","value":-11.6031,"farmer_unique_id":"4739259","site_id":3028},{"date":"2021-04-23","product":"COPERNICUS/S1_GRD","band":"VV","value":-6.8613,"farmer_unique_id":"4739259","site_id":3028},{"date":"2021-05-05","product":"COPERNICUS/S1_GRD","band":"VV","value":-8.9079,"farmer_unique_id":"4739259","site_id":3028},{"date":"2021-05-17","product":"COPERNICUS/S1_GRD","band":"VV","value":-10.226,"farmer_unique_id":"4739259","site_id":3028},{"date":"2021-05-29","product":"COPERNICUS/S1_GRD","band":"VV","value":-7.8476,"farmer_unique_id":"4739259","site_id":3028},{"date":"2021-06-10","product":"COPERNICUS/S1_GRD","band":"VV","value":-6.7983,"farmer_unique_id":"4739259","site_id":3028},{"date":"2021-06-22","product":"COPERNICUS/S1_GRD","band":"VV","value":-8.5147,"farmer_unique_id":"4739259","site_id":3028},{"date":"2021-07-04","product":"COPERNICUS/S1_GRD","band":"VV","value":-7.7239,"farmer_unique_id":"4739259","site_id":3028},{"date":"2021-07-16","product":"COPERNICUS/S1_GRD","band":"VV","value":-10.9311,"farmer_unique_id":"4739259","site_id":3028},{"date":"2021-07-28","product":"COPERNICUS/S1_GRD","band":"VV","value":-8.4961,"farmer_unique_id":"4739259","site_id":3028},{"date":"2021-08-09","product":"COPERNICUS/S1_GRD","band":"VV","value":-12.5331,"farmer_unique_id":"4739259","site_id":3028},{"date":"2021-08-21","product":"COPERNICUS/S1_GRD","band":"VV","value":-11.0777,"farmer_unique_id":"4739259","site_id":3028},{"date":"2021-09-02","product":"COPERNICUS/S1_GRD","band":"VV","value":-9.9728,"farmer_unique_id":"4739259","site_id":3028},{"date":"2021-09-14","product":"COPERNICUS/S1_GRD","band":"VV","value":-10.3487,"farmer_unique_id":"4739259","site_id":3028},{"date":"2021-09-26","product":"COPERNICUS/S1_GRD","band":"VV","value":-11.0326,"farmer_unique_id":"4739259","site_id":3028},{"date":"2021-10-08","product":"COPERNICUS/S1_GRD","band":"VV","value":-13.3143,"farmer_unique_id":"4739259","site_id":3028},{"date":"2021-10-20","product":"COPERNICUS/S1_GRD","band":"VV","value":-8.6129,"farmer_unique_id":"4739259","site_id":3028},{"date":"2021-11-01","product":"COPERNICUS/S1_GRD","band":"VV","value":-11.3086,"farmer_unique_id":"4739259","site_id":3028},{"date":"2021-11-13","product":"COPERNICUS/S1_GRD","band":"VV","value":-8.3224,"farmer_unique_id":"4739259","site_id":3028},{"date":"2021-11-25","product":"COPERNICUS/S1_GRD","band":"VV","value":-9.2812,"farmer_unique_id":"4739259","site_id":3028},{"date":"2021-12-07","product":"COPERNICUS/S1_GRD","band":"VV","value":-10.4167,"farmer_unique_id":"4739259","site_id":3028},{"date":"2021-12-19","product":"COPERNICUS/S1_GRD","band":"VV","value":-10.3101,"farmer_unique_id":"4739259","site_id":3028}]
