[{"date":"2020-01-11","product":"COPERNICUS/S1_GRD","band":"VH","value":-13.4107,"farmer_unique_id":"EM1413","site_id":1203},{"date":"2020-01-23","product":"COPERNICUS/S1_GRD","band":"VH","value":-17.9069,"farmer_unique_id":"EM1413","site_id":1203},{"date":"2020-02-04","product":"COPERNICUS/S1_GRD","band":"VH","value":-10.3737,"farmer_unique_id":"EM1413","site_id":1203},{"date":"2020-02-16","product":"COPERNICUS/S1_GRD","band":"VH","value":-16.8937,"farmer_unique_id":"EM1413","site_id":1203},{"date":"2020-02-28","product":"COPERNICUS/S1_GRD","band":"VH","value":-17.3803,"farmer_unique_id":"EM1413","site_id":1203},{"date":"2020-03-11","product":"COPERNICUS/S1_GRD","band":"VH","value":-13.9008,"farmer_unique_id":"EM1413","site_id":1203},{"date":"2020-03-23","product":"COPERNICUS/S1_GRD","band":"VH","value":-14.5912,"farmer_unique_id":"EM1413","site_id":1203},{"date":"2020-04-04","product":"COPERNICUS/S1_GRD","band":"VH","value":-13.6672,"farmer_unique_id":"EM1413","site_id":1203},{"date":"2020-04-16","product":"COPERNICUS/S1_GRD","band":"VH","value":-14.6315,"farmer_unique_id":"EM1413","site_id":1203},{"date":"2020-04-28","product":"COPERNICUS/S1_GRD","band":"VH","value":-13.5866,"farmer_unique_id":"EM1413","site_id":1203},{"date":"2020-05-10","product":"COPERNICUS/S1_GRD","band":"VH","value":-14.6402,"farmer_unique_id":"EM1413","site_id":1203},{"date":"2020-05-22","product":"COPERNICUS/S1_GRD","band":"VH","value":-14.4037,"farmer_unique_id":"EM1413","site_id":1203},{"date":"2020-06-15","product":"COPERNICUS/S1_GRD","band":"VH","value":-15.2515,"farmer_unique_id":"EM1413","site_id":1203},{"date":"2020-06-27","product":"COPERNICUS/S1_GRD","band":"VH","value":-15.2016,"farmer_unique_id":"EM1413","site_id":1203},{"date":"2020-07-09","product":"COPERNICUS/S1_GRD","band":"VH","value":-8.7354,"farmer_unique_id":"EM1413","site_id":1203},{"date":"2020-07-21","product":"COPERNICUS/S1_GRD","band":"VH","value":-17.0594,"farmer_unique_id":"EM1413","site_id":1203},{"date":"2020-08-02","product":"COPERNICUS/S1_GRD","band":"VH","value":-15.1045,"farmer_unique_id":"EM1413","site_id":1203},{"date":"2020-08-14","product":"COPERNICUS/S1_GRD","band":"VH","value":-17.2187,"farmer_unique_id":"EM1413","site_id":1203},{"date":"2020-08-26","product":"COPERNICUS/S1_GRD","band":"VH","value":-17.0424,"farmer_unique_id":"EM1413","site_id":1203},{"date":"2020-09-07","product":"COPERNICUS/S1_GRD","band":"VH","value":-15.8679,"farmer_unique_id":"EM1413","site_id":1203},{"date":"2020-09-19","product":"COPERNICUS/S1_GRD","band":"VH","value":-15.441,"farmer_unique_id":"EM1413","site_id":1203},{"date":"2020-10-01","product":"COPERNICUS/S1_GRD","band":"VH","value":-16.5226,"farmer_unique_id":"EM1413","site_id":1203},{"date":"2020-10-13","product":"COPERNICUS/S1_GRD","band":"VH","value":-16.9257,"farmer_unique_id":"EM1413","site_id":1203},{"date":"2020-10-25","product":"COPERNICUS/S1_GRD","band":"VH","value":-15.5067,"farmer_unique_id":"EM1413","site_id":1203},{"date":"2020-11-06","product":"COPERNICUS/S1_GRD","band":"VH","value":-15.9215,"farmer_unique_id":"EM1413","site_id":1203},{"date":"2020-11-18","product":"COPERNICUS/S1_GRD","band":"VH","value":-16.5557,"farmer_unique_id":"EM1413","site_id":1203},{"date":"2020-11-30","product":"COPERNICUS/S1_GRD","band":"VH","value":-11.9257,"farmer_unique_id":"EM1413","site_id":1203},{"date":"2020-12-12","product":"COPERNICUS/S1_GRD","band":"VH","value":-12.5471,"farmer_unique_id":"EM1413","site_id":1203},{"date":"2020-12-24","product":"COPERNICUS/S1_GRD","band":"VH","value":-18.8575,"farmer_unique_id":"EM1413","site_id":1203},{"date":"2021-01-05","product":"COPERNICUS/S1_GRD","band":"VH","value":-11.5851,"farmer_unique_id":"EM1413","site_id":1203},{"date":"2021-01-17","product":"COPERNICUS/S1_GRD","band":"VH","value":-15.6822,"farmer_unique_id":"EM1413","site_id":1203},{"date":"2021-01-29","product":"COPERNICUS/S1_GRD","band":"VH","value":-13.4486,"farmer_unique_id":"EM1413","site_id":1203},{"date":"2021-02-10","product":"COPERNICUS/S1_GRD","band":"VH","value":-15.2638,"farmer_unique_id":"EM1413","site_id":1203},{"date":"2021-02-22","product":"COPERNICUS/S1_GRD","band":"VH","value":-15.4014,"farmer_unique_id":"EM1413","site_id":1203},{"date":"2021-03-06","product":"COPERNICUS/S1_GRD","band":"VH","value":-21.2944,"farmer_unique_id":"EM1413","site_id":1203},{"date":"2021-03-18","product":"COPERNICUS/S1_GRD","band":"VH","value":-18.0548,"farmer_unique_id":"EM1413","site_id":1203},{"date":"2021-03-30","product":"COPERNICUS/S1_GRD","band":"VH","value":-14.2407,"farmer_unique_id":"EM1413","site_id":1203},{"date":"2021-04-11","product":"COPERNICUS/S1_GRD","band":"VH","value":-13.5717,"farmer_unique_id":"EM1413","site_id":1203},{"date":"2021-04-23","product":"COPERNICUS/S1_GRD","band":"VH","value":-14.3814,"farmer_unique_id":"EM1413","site_id":1203},{"date":"2021-05-05","product":"COPERNICUS/S1_GRD","band":"VH","value":-17.6531,"farmer_unique_id":"EM1413","site_id":1203},{"date":"2021-05-17","product":"COPERNICUS/S1_GRD","band":"VH","value":-13.6356,"farmer_unique_id":"EM1413","site_id":1203},{"date":"2021-05-29","product":"COPERNICUS/S1_GRD","band":"VH","value":-14.3421,"farmer_unique_id":"EM1413","site_id":1203},{"date":"2021-06-10","product":"COPERNICUS/S1_GRD","band":"VH","value":-16.3842,"farmer_unique_id":"EM1413","site_id":1203},{"date":"2021-06-22","product":"COPERNICUS/S1_GRD","band":"VH","value":-17.1144,"farmer_unique_id":"EM1413","site_id":1203},{"date":"2021-07-04","product":"COPERNICUS/S1_GRD","band":"VH","value":-16.714,"farmer_unique_id":"EM1413","site_id":1203},{"date":"2021-07-16","product":"COPERNICUS/S1_GRD","band":"VH","value":-17.226,"farmer_unique_id":"EM1413","site_id":1203},{"date":"2021-07-28","product":"COPERNICUS/S1_GRD","band":"VH","value":-17.4831,"farmer_unique_id":"EM1413","site_id":1203},{"date":"2021-08-09","product":"COPERNICUS/S1_GRD","band":"VH","value":-13.8064,"farmer_unique_id":"EM1413","site_id":1203},{"date":"2021-08-21","product":"COPERNICUS/S1_GRD","band":"VH","value":-15.0647,"farmer_unique_id":"EM1413","site_id":1203},{"date":"2021-09-02","product":"COPERNICUS/S1_GRD","band":"VH","value":-16.9686,"farmer_unique_id":"EM1413","site_id":1203},{"date":"2021-09-14","product":"COPERNICUS/S1_GRD","band":"VH","value":-16.5188,"farmer_unique_id":"EM1413","site_id":1203},{"date":"2021-09-26","product":"COPERNICUS/S1_GRD","band":"VH","value":-14.94,"farmer_unique_id":"EM1413","site_id":1203},{"date":"2021-10-08","product":"COPERNICUS/S1_GRD","band":"VH","value":-22.4997,"farmer_unique_id":"EM1413","site_id":1203},{"date":"2021-10-20","product":"COPERNICUS/S1_GRD","band":"VH","value":-16.9081,"farmer_unique_id":"EM1413","site_id":1203},{"date":"2021-11-01","product":"COPERNICUS/S1_GRD","band":"VH","value":-15.5273,"farmer_unique_id":"EM1413","site_id":1203},{"date":"2021-11-13","product":"COPERNICUS/S1_GRD","band":"VH","value":-16.971,"farmer_unique_id":"EM1413","site_id":1203},{"date":"2021-11-25","product":"COPERNICUS/S1_GRD","band":"VH","value":-16.0408,"farmer_unique_id":"EM1413","site_id":1203},{"date":"2021-12-07","product":"COPERNICUS/S1_GRD","band":"VH","value":-18.5936,"farmer_unique_id":"EM1413","site_id":1203},{"date":"2021-12-19","product":"COPERNICUS/S1_GRD","band":"VH","value":-15.461,"farmer_unique_id":"EM1413","site_id":1203},{"date":"2020-01-11","product":"COPERNICUS/S1_GRD","band":"VV","value":-13.6355,"farmer_unique_id":"EM1413","site_id":1203},{"date":"2020-01-23","product":"COPERNICUS/S1_GRD","band":"VV","value":-8.4419,"farmer_unique_id":"EM1413","site_id":1203},{"date":"2020-02-04","product":"COPERNICUS/S1_GRD","band":"VV","value":-8.4761,"farmer_unique_id":"EM1413","site_id":1203},{"date":"2020-02-16","product":"COPERNICUS/S1_GRD","band":"VV","value":-6.683,"farmer_unique_id":"EM1413","site_id":1203},{"date":"2020-02-28","product":"COPERNICUS/S1_GRD","band":"VV","value":-6.13,"farmer_unique_id":"EM1413","site_id":1203},{"date":"2020-03-11","product":"COPERNICUS/S1_GRD","band":"VV","value":-5.477,"farmer_unique_id":"EM1413","site_id":1203},{"date":"2020-03-23","product":"COPERNICUS/S1_GRD","band":"VV","value":-9.7769,"farmer_unique_id":"EM1413","site_id":1203},{"date":"2020-04-04","product":"COPERNICUS/S1_GRD","band":"VV","value":-8.9232,"farmer_unique_id":"EM1413","site_id":1203},{"date":"2020-04-16","product":"COPERNICUS/S1_GRD","band":"VV","value":-6.0989,"farmer_unique_id":"EM1413","site_id":1203},{"date":"2020-04-28","product":"COPERNICUS/S1_GRD","band":"VV","value":-11.7245,"farmer_unique_id":"EM1413","site_id":1203},{"date":"2020-05-10","product":"COPERNICUS/S1_GRD","band":"VV","value":-8.7644,"farmer_unique_id":"EM1413","site_id":1203},{"date":"2020-05-22","product":"COPERNICUS/S1_GRD","band":"VV","value":-6.4982,"farmer_unique_id":"EM1413","site_id":1203},{"date":"2020-06-15","product":"COPERNICUS/S1_GRD","band":"VV","value":-7.3383,"farmer_unique_id":"EM1413","site_id":1203},{"date":"2020-06-27","product":"COPERNICUS/S1_GRD","band":"VV","value":-9.9985,"farmer_unique_id":"EM1413","site_id":1203},{"date":"2020-07-09","product":"COPERNICUS/S1_GRD","band":"VV","value":-7.8108,"farmer_unique_id":"EM1413","site_id":1203},{"date":"2020-07-21","product":"COPERNICUS/S1_GRD","band":"VV","value":-10.8726,"farmer_unique_id":"EM1413","site_id":1203},{"date":"2020-08-02","product":"COPERNICUS/S1_GRD","band":"VV","value":-12.7084,"farmer_unique_id":"EM1413","site_id":1203},{"date":"2020-08-14","product":"COPERNICUS/S1_GRD","band":"VV","value":-9.737,"farmer_unique_id":"EM1413","site_id":1203},{"date":"2020-08-26","product":"COPERNICUS/S1_GRD","band":"VV","value":-11.3184,"farmer_unique_id":"EM1413","site_id":1203},{"date":"2020-09-07","product":"COPERNICUS/S1_GRD","band":"VV","value":-7.5443,"farmer_unique_id":"EM1413","site_id":1203},{"date":"2020-09-19","product":"COPERNICUS/S1_GRD","band":"VV","value":-11.7523,"farmer_unique_id":"EM1413","site_id":1203},{"date":"2020-10-01","product":"COPERNICUS/S1_GRD","band":"VV","value":-11.2971,"farmer_unique_id":"EM1413","site_id":1203},{"date":"2020-10-13","product":"COPERNICUS/S1_GRD","band":"VV","value":-7.8131,"farmer_unique_id":"EM1413","site_id":1203},{"date":"2020-10-25","product":"COPERNICUS/S1_GRD","band":"VV","value":-9.4025,"farmer_unique_id":"EM1413","site_id":1203},{"date":"2020-11-06","product":"COPERNICUS/S1_GRD","band":"VV","value":-7.2089,"farmer_unique_id":"EM1413","site_id":1203},{"date":"2020-11-18","product":"COPERNICUS/S1_GRD","band":"VV","value":-9.9477,"farmer_unique_id":"EM1413","site_id":1203},{"date":"2020-11-30","product":"COPERNICUS/S1_GRD","band":"VV","value":-8.996,"farmer_unique_id":"EM1413","site_id":1203},{"date":"2020-12-12","product":"COPERNICUS/S1_GRD","band":"VV","value":-11.4273,"farmer_unique_id":"EM1413","site_id":1203},{"date":"2020-12-24","product":"COPERNICUS/S1_GRD","band":"VV","value":-10.7908,"farmer_unique_id":"EM1413","site_id":1203},{"date":"2021-01-05","product":"COPERNICUS/S1_GRD","band":"VV","value":-7.8673,"farmer_unique_id":"EM1413","site_id":1203},{"date":"2021-01-17","product":"COPERNICUS/S1_GRD","band":"VV","value":-10.7018,"farmer_unique_id":"EM1413","site_id":1203},{"date":"2021-01-29","product":"COPERNICUS/S1_GRD","band":"VV","value":-9.9091,"farmer_unique_id":"EM1413","site_id":1203},{"date":"2021-02-10","product":"COPERNICUS/S1_GRD","band":"VV","value":-13.6648,"farmer_unique_id":"EM1413","site_id":1203},{"date":"2021-02-22","product":"COPERNICUS/S1_GRD","band":"VV","value":-15.0944,"farmer_unique_id":"EM1413","site_id":1203},{"date":"2021-03-06","product":"COPERNICUS/S1_GRD","band":"VV","value":-11.5974,"farmer_unique_id":"EM1413","site_id":1203},{"date":"2021-03-18","product":"COPERNICUS/S1_GRD","band":"VV","value":-9.6141,"farmer_unique_id":"EM1413","site_id":1203},{"date":"2021-03-30","product":"COPERNICUS/S1_GRD","band":"VV","value":-9.6495,"farmer_unique_id":"EM1413","site_id":1203},{"date":"2021-04-11","product":"COPERNICUS/S1_GRD","band":"VV","value":-10.2044,"farmer_unique_id":"EM1413","site_id":1203},{"date":"2021-04-23","product":"COPERNICUS/S1_GRD","band":"VV","value":-7.4693,"farmer_unique_id":"EM1413","site_id":1203},{"date":"2021-05-05","product":"COPERNICUS/S1_GRD","band":"VV","value":-6.4005,"farmer_unique_id":"EM1413","site_id":1203},{"date":"2021-05-17","product":"COPERNICUS/S1_GRD","band":"VV","value":-8.3254,"farmer_unique_id":"EM1413","site_id":1203},{"date":"2021-05-29","product":"COPERNICUS/S1_GRD","band":"VV","value":-8.3502,"farmer_unique_id":"EM1413","site_id":1203},{"date":"2021-06-10","product":"COPERNICUS/S1_GRD","band":"VV","value":-11.268,"farmer_unique_id":"EM1413","site_id":1203},{"date":"2021-06-22","product":"COPERNICUS/S1_GRD","band":"VV","value":-9.4809,"farmer_unique_id":"EM1413","site_id":1203},{"date":"2021-07-04","product":"COPERNICUS/S1_GRD","band":"VV","value":-15.3046,"farmer_unique_id":"EM1413","site_id":1203},{"date":"2021-07-16","product":"COPERNICUS/S1_GRD","band":"VV","value":-9.7182,"farmer_unique_id":"EM1413","site_id":1203},{"date":"2021-07-28","product":"COPERNICUS/S1_GRD","band":"VV","value":-7.8016,"farmer_unique_id":"EM1413","site_id":1203},{"date":"2021-08-09","product":"COPERNICUS/S1_GRD","band":"VV","value":-13.1592,"farmer_unique_id":"EM1413","site_id":1203},{"date":"2021-08-21","product":"COPERNICUS/S1_GRD","band":"VV","value":-9.5564,"farmer_unique_id":"EM1413","site_id":1203},{"date":"2021-09-02","product":"COPERNICUS/S1_GRD","band":"VV","value":-8.7334,"farmer_unique_id":"EM1413","site_id":1203},{"date":"2021-09-14","product":"COPERNICUS/S1_GRD","band":"VV","value":-14.4762,"farmer_unique_id":"EM1413","site_id":1203},{"date":"2021-09-26","product":"COPERNICUS/S1_GRD","band":"VV","value":-9.4052,"farmer_unique_id":"EM1413","site_id":1203},{"date":"2021-10-08","product":"COPERNICUS/S1_GRD","band":"VV","value":-9.838,"farmer_unique_id":"EM1413","site_id":1203},{"date":"2021-10-20","product":"COPERNICUS/S1_GRD","band":"VV","value":-9.5797,"farmer_unique_id":"EM1413","site_id":1203},{"date":"2021-11-01","product":"COPERNICUS/S1_GRD","band":"VV","value":-9.5275,"farmer_unique_id":"EM1413","site_id":1203},{"date":"2021-11-13","product":"COPERNICUS/S1_GRD","band":"VV","value":-12.1243,"farmer_unique_id":"EM1413","site_id":1203},{"date":"2021-11-25","product":"COPERNICUS/S1_GRD","band":"VV","value":-10.7563,"farmer_unique_id":"EM1413","site_id":1203},{"date":"2021-12-07","product":"COPERNICUS/S1_GRD","band":"VV","value":-10.5522,"farmer_unique_id":"EM1413","site_id":1203},{"date":"2021-12-19","product":"COPERNICUS/S1_GRD","band":"VV","value":-10.2997,"farmer_unique_id":"EM1413","site_id":1203}]
