[{"date":"2020-01-11","product":"COPERNICUS/S1_GRD","band":"VH","value":-13.5074,"farmer_unique_id":"3243073","site_id":2312},{"date":"2020-01-23","product":"COPERNICUS/S1_GRD","band":"VH","value":-16.326,"farmer_unique_id":"3243073","site_id":2312},{"date":"2020-02-04","product":"COPERNICUS/S1_GRD","band":"VH","value":-13.8816,"farmer_unique_id":"3243073","site_id":2312},{"date":"2020-02-16","product":"COPERNICUS/S1_GRD","band":"VH","value":-16.569,"farmer_unique_id":"3243073","site_id":2312},{"date":"2020-02-28","product":"COPERNICUS/S1_GRD","band":"VH","value":-14.6868,"farmer_unique_id":"3243073","site_id":2312},{"date":"2020-03-11","product":"COPERNICUS/S1_GRD","band":"VH","value":-16.6016,"farmer_unique_id":"3243073","site_id":2312},{"date":"2020-03-23","product":"COPERNICUS/S1_GRD","band":"VH","value":-18.181,"farmer_unique_id":"3243073","site_id":2312},{"date":"2020-04-04","product":"COPERNICUS/S1_GRD","band":"VH","value":-16.7439,"farmer_unique_id":"3243073","site_id":2312},{"date":"2020-04-16","product":"COPERNICUS/S1_GRD","band":"VH","value":-13.8609,"farmer_unique_id":"3243073","site_id":2312},{"date":"2020-04-28","product":"COPERNICUS/S1_GRD","band":"VH","value":-21.9771,"farmer_unique_id":"3243073","site_id":2312},{"date":"2020-05-10","product":"COPERNICUS/S1_GRD","band":"VH","value":-14.8227,"farmer_unique_id":"3243073","site_id":2312},{"date":"2020-05-22","product":"COPERNICUS/S1_GRD","band":"VH","value":-15.5282,"farmer_unique_id":"3243073","site_id":2312},{"date":"2020-06-15","product":"COPERNICUS/S1_GRD","band":"VH","value":-17.5101,"farmer_unique_id":"3243073","site_id":2312},{"date":"2020-06-27","product":"COPERNICUS/S1_GRD","band":"VH","value":-18.6715,"farmer_unique_id":"3243073","site_id":2312},{"date":"2020-07-09","product":"COPERNICUS/S1_GRD","band":"VH","value":-16.3857,"farmer_unique_id":"3243073","site_id":2312},{"date":"2020-07-21","product":"COPERNICUS/S1_GRD","band":"VH","value":-13.4078,"farmer_unique_id":"3243073","site_id":2312},{"date":"2020-08-02","product":"COPERNICUS/S1_GRD","band":"VH","value":-17.875,"farmer_unique_id":"3243073","site_id":2312},{"date":"2020-08-14","product":"COPERNICUS/S1_GRD","band":"VH","value":-16.8718,"farmer_unique_id":"3243073","site_id":2312},{"date":"2020-08-26","product":"COPERNICUS/S1_GRD","band":"VH","value":-17.9928,"farmer_unique_id":"3243073","site_id":2312},{"date":"2020-09-07","product":"COPERNICUS/S1_GRD","band":"VH","value":-20.2155,"farmer_unique_id":"3243073","site_id":2312},{"date":"2020-09-19","product":"COPERNICUS/S1_GRD","band":"VH","value":-16.7748,"farmer_unique_id":"3243073","site_id":2312},{"date":"2020-10-01","product":"COPERNICUS/S1_GRD","band":"VH","value":-18.4532,"farmer_unique_id":"3243073","site_id":2312},{"date":"2020-10-13","product":"COPERNICUS/S1_GRD","band":"VH","value":-18.0319,"farmer_unique_id":"3243073","site_id":2312},{"date":"2020-10-25","product":"COPERNICUS/S1_GRD","band":"VH","value":-23.1182,"farmer_unique_id":"3243073","site_id":2312},{"date":"2020-11-06","product":"COPERNICUS/S1_GRD","band":"VH","value":-19.3725,"farmer_unique_id":"3243073","site_id":2312},{"date":"2020-11-18","product":"COPERNICUS/S1_GRD","band":"VH","value":-21.6921,"farmer_unique_id":"3243073","site_id":2312},{"date":"2020-11-30","product":"COPERNICUS/S1_GRD","band":"VH","value":-18.9801,"farmer_unique_id":"3243073","site_id":2312},{"date":"2020-12-12","product":"COPERNICUS/S1_GRD","band":"VH","value":-19.2792,"farmer_unique_id":"3243073","site_id":2312},{"date":"2020-12-24","product":"COPERNICUS/S1_GRD","band":"VH","value":-17.0602,"farmer_unique_id":"3243073","site_id":2312},{"date":"2021-01-05","product":"COPERNICUS/S1_GRD","band":"VH","value":-18.7207,"farmer_unique_id":"3243073","site_id":2312},{"date":"2021-01-17","product":"COPERNICUS/S1_GRD","band":"VH","value":-15.8572,"farmer_unique_id":"3243073","site_id":2312},{"date":"2021-01-29","product":"COPERNICUS/S1_GRD","band":"VH","value":-17.4146,"farmer_unique_id":"3243073","site_id":2312},{"date":"2021-02-10","product":"COPERNICUS/S1_GRD","band":"VH","value":-13.3201,"farmer_unique_id":"3243073","site_id":2312},{"date":"2021-02-22","product":"COPERNICUS/S1_GRD","band":"VH","value":-11.1835,"farmer_unique_id":"3243073","site_id":2312},{"date":"2021-03-06","product":"COPERNICUS/S1_GRD","band":"VH","value":-14.5734,"farmer_unique_id":"3243073","site_id":2312},{"date":"2021-03-18","product":"COPERNICUS/S1_GRD","band":"VH","value":-21.3139,"farmer_unique_id":"3243073","site_id":2312},{"date":"2021-03-30","product":"COPERNICUS/S1_GRD","band":"VH","value":-17.8833,"farmer_unique_id":"3243073","site_id":2312},{"date":"2021-04-11","product":"COPERNICUS/S1_GRD","band":"VH","value":-18.4108,"farmer_unique_id":"3243073","site_id":2312},{"date":"2021-04-23","product":"COPERNICUS/S1_GRD","band":"VH","value":-18.9529,"farmer_unique_id":"3243073","site_id":2312},{"date":"2021-05-05","product":"COPERNICUS/S1_GRD","band":"VH","value":-17.5453,"farmer_unique_id":"3243073","site_id":2312},{"date":"2021-05-17","product":"COPERNICUS/S1_GRD","band":"VH","value":-19.0702,"farmer_unique_id":"3243073","site_id":2312},{"date":"2021-05-29","product":"COPERNICUS/S1_GRD","band":"VH","value":-18.6058,"farmer_unique_id":"3243073","site_id":2312},{"date":"2021-06-10","product":"COPERNICUS/S1_GRD","band":"VH","value":-16.9016,"farmer_unique_id":"3243073","site_id":2312},{"date":"2021-06-22","product":"COPERNICUS/S1_GRD","band":"VH","value":-18.4727,"farmer_unique_id":"3243073","site_id":2312},{"date":"2021-07-04","product":"COPERNICUS/S1_GRD","band":"VH","value":-17.5574,"farmer_unique_id":"3243073","site_id":2312},{"date":"2021-07-16","product":"COPERNICUS/S1_GRD","band":"VH","value":-17.4806,"farmer_unique_id":"3243073","site_id":2312},{"date":"2021-07-28","product":"COPERNICUS/S1_GRD","band":"VH","value":-22.8819,"farmer_unique_id":"3243073","site_id":2312},{"date":"2021-08-09","product":"COPERNICUS/S1_GRD","band":"VH","value":-19.0926,"farmer_unique_id":"3243073","site_id":2312},{"date":"2021-08-21","product":"COPERNICUS/S1_GRD","band":"VH","value":-17.3835,"farmer_unique_id":"3243073","site_id":2312},{"date":"2021-09-02","product":"COPERNICUS/S1_GRD","band":"VH","value":-17.4617,"farmer_unique_id":"3243073","site_id":2312},{"date":"2021-09-14","product":"COPERNICUS/S1_GRD","band":"VH","value":-18.7896,"farmer_unique_id":"3243073","site_id":2312},{"date":"2021-09-26","product":"COPERNICUS/S1_GRD","band":"VH","value":-26.2322,"farmer_unique_id":"3243073","site_id":2312},{"date":"2021-10-08","product":"COPERNICUS/S1_GRD","band":"VH","value":-20.0309,"farmer_unique_id":"3243073","site_id":2312},{"date":"2021-10-20","product":"COPERNICUS/S1_GRD","band":"VH","value":-20.7249,"farmer_unique_id":"3243073","site_id":2312},{"date":"2021-11-01","product":"COPERNICUS/S1_GRD","band":"VH","value":-17.0434,"farmer_unique_id":"3243073","site_id":2312},{"date":"2021-11-13","product":"COPERNICUS/S1_GRD","band":"VH","value":-17.8707,"farmer_unique_id":"3243073","site_id":2312},{"date":"2021-11-25","product":"COPERNICUS/S1_GRD","band":"VH","value":-17.8503,"farmer_unique_id":"3243073","site_id":2312},{"date":"2021-12-07","product":"COPERNICUS/S1_GRD","band":"VH","value":-16.6326,"farmer_unique_id":"3243073","site_id":2312},{"date":"2021-12-19","product":"COPERNICUS/S1_GRD","band":"VH","value":-12.4441,"farmer_unique_id":"3243073","site_id":2312},{"date":"2020-01-11","product":"COPERNICUS/S1_GRD","band":"VV","value":-10.4731,"farmer_unique_id":"3243073","site_id":2312},{"date":"2020-01-23","product":"COPERNICUS/S1_GRD","band":"VV","value":-7.7051,"farmer_unique_id":"3243073","site_id":2312},{"date":"2020-02-04","product":"COPERNICUS/S1_GRD","band":"VV","value":-6.3252,"farmer_unique_id":"3243073","site_id":2312},{"date":"2020-02-16","product":"COPERNICUS/S1_GRD","band":"VV","value":-6.0819,"farmer_unique_id":"3243073","site_id":2312},{"date":"2020-02-28","product":"COPERNICUS/S1_GRD","band":"VV","value":-12.9983,"farmer_unique_id":"3243073","site_id":2312},{"date":"2020-03-11","product":"COPERNICUS/S1_GRD","band":"VV","value":-7.2579,"farmer_unique_id":"3243073","site_id":2312},{"date":"2020-03-23","product":"COPERNICUS/S1_GRD","band":"VV","value":-7.0648,"farmer_unique_id":"3243073","site_id":2312},{"date":"2020-04-04","product":"COPERNICUS/S1_GRD","band":"VV","value":-8.8748,"farmer_unique_id":"3243073","site_id":2312},{"date":"2020-04-16","product":"COPERNICUS/S1_GRD","band":"VV","value":-6.3632,"farmer_unique_id":"3243073","site_id":2312},{"date":"2020-04-28","product":"COPERNICUS/S1_GRD","band":"VV","value":-6.2912,"farmer_unique_id":"3243073","site_id":2312},{"date":"2020-05-10","product":"COPERNICUS/S1_GRD","band":"VV","value":-8.9324,"farmer_unique_id":"3243073","site_id":2312},{"date":"2020-05-22","product":"COPERNICUS/S1_GRD","band":"VV","value":-11.755,"farmer_unique_id":"3243073","site_id":2312},{"date":"2020-06-15","product":"COPERNICUS/S1_GRD","band":"VV","value":-7.8178,"farmer_unique_id":"3243073","site_id":2312},{"date":"2020-06-27","product":"COPERNICUS/S1_GRD","band":"VV","value":-9.0913,"farmer_unique_id":"3243073","site_id":2312},{"date":"2020-07-09","product":"COPERNICUS/S1_GRD","band":"VV","value":-9.1569,"farmer_unique_id":"3243073","site_id":2312},{"date":"2020-07-21","product":"COPERNICUS/S1_GRD","band":"VV","value":-11.6121,"farmer_unique_id":"3243073","site_id":2312},{"date":"2020-08-02","product":"COPERNICUS/S1_GRD","band":"VV","value":-15.7968,"farmer_unique_id":"3243073","site_id":2312},{"date":"2020-08-14","product":"COPERNICUS/S1_GRD","band":"VV","value":-11.2718,"farmer_unique_id":"3243073","site_id":2312},{"date":"2020-08-26","product":"COPERNICUS/S1_GRD","band":"VV","value":-10.9171,"farmer_unique_id":"3243073","site_id":2312},{"date":"2020-09-07","product":"COPERNICUS/S1_GRD","band":"VV","value":-15.0729,"farmer_unique_id":"3243073","site_id":2312},{"date":"2020-09-19","product":"COPERNICUS/S1_GRD","band":"VV","value":-13.2255,"farmer_unique_id":"3243073","site_id":2312},{"date":"2020-10-01","product":"COPERNICUS/S1_GRD","band":"VV","value":-13.0323,"farmer_unique_id":"3243073","site_id":2312},{"date":"2020-10-13","product":"COPERNICUS/S1_GRD","band":"VV","value":-12.0194,"farmer_unique_id":"3243073","site_id":2312},{"date":"2020-10-25","product":"COPERNICUS/S1_GRD","band":"VV","value":-13.9261,"farmer_unique_id":"3243073","site_id":2312},{"date":"2020-11-06","product":"COPERNICUS/S1_GRD","band":"VV","value":-8.8278,"farmer_unique_id":"3243073","site_id":2312},{"date":"2020-11-18","product":"COPERNICUS/S1_GRD","band":"VV","value":-13.2347,"farmer_unique_id":"3243073","site_id":2312},{"date":"2020-11-30","product":"COPERNICUS/S1_GRD","band":"VV","value":-13.7755,"farmer_unique_id":"3243073","site_id":2312},{"date":"2020-12-12","product":"COPERNICUS/S1_GRD","band":"VV","value":-9.9891,"farmer_unique_id":"3243073","site_id":2312},{"date":"2020-12-24","product":"COPERNICUS/S1_GRD","band":"VV","value":-9.7049,"farmer_unique_id":"3243073","site_id":2312},{"date":"2021-01-05","product":"COPERNICUS/S1_GRD","band":"VV","value":-9.1357,"farmer_unique_id":"3243073","site_id":2312},{"date":"2021-01-17","product":"COPERNICUS/S1_GRD","band":"VV","value":-8.1696,"farmer_unique_id":"3243073","site_id":2312},{"date":"2021-01-29","product":"COPERNICUS/S1_GRD","band":"VV","value":-12.2793,"farmer_unique_id":"3243073","site_id":2312},{"date":"2021-02-10","product":"COPERNICUS/S1_GRD","band":"VV","value":-5.8055,"farmer_unique_id":"3243073","site_id":2312},{"date":"2021-02-22","product":"COPERNICUS/S1_GRD","band":"VV","value":-8.6479,"farmer_unique_id":"3243073","site_id":2312},{"date":"2021-03-06","product":"COPERNICUS/S1_GRD","band":"VV","value":-12.5226,"farmer_unique_id":"3243073","site_id":2312},{"date":"2021-03-18","product":"COPERNICUS/S1_GRD","band":"VV","value":-9.8283,"farmer_unique_id":"3243073","site_id":2312},{"date":"2021-03-30","product":"COPERNICUS/S1_GRD","band":"VV","value":-8.8043,"farmer_unique_id":"3243073","site_id":2312},{"date":"2021-04-11","product":"COPERNICUS/S1_GRD","band":"VV","value":-5.223,"farmer_unique_id":"3243073","site_id":2312},{"date":"2021-04-23","product":"COPERNICUS/S1_GRD","band":"VV","value":-9.8111,"farmer_unique_id":"3243073","site_id":2312},{"date":"2021-05-05","product":"COPERNICUS/S1_GRD","band":"VV","value":-8.958,"farmer_unique_id":"3243073","site_id":2312},{"date":"2021-05-17","product":"COPERNICUS/S1_GRD","band":"VV","value":-9.001,"farmer_unique_id":"3243073","site_id":2312},{"date":"2021-05-29","product":"COPERNICUS/S1_GRD","band":"VV","value":-11.776,"farmer_unique_id":"3243073","site_id":2312},{"date":"2021-06-10","product":"COPERNICUS/S1_GRD","band":"VV","value":-11.3792,"farmer_unique_id":"3243073","site_id":2312},{"date":"2021-06-22","product":"COPERNICUS/S1_GRD","band":"VV","value":-13.012,"farmer_unique_id":"3243073","site_id":2312},{"date":"2021-07-04","product":"COPERNICUS/S1_GRD","band":"VV","value":-9.5295,"farmer_unique_id":"3243073","site_id":2312},{"date":"2021-07-16","product":"COPERNICUS/S1_GRD","band":"VV","value":-8.2284,"farmer_unique_id":"3243073","site_id":2312},{"date":"2021-07-28","product":"COPERNICUS/S1_GRD","band":"VV","value":-10.2711,"farmer_unique_id":"3243073","site_id":2312},{"date":"2021-08-09","product":"COPERNICUS/S1_GRD","band":"VV","value":-16.433,"farmer_unique_id":"3243073","site_id":2312},{"date":"2021-08-21","product":"COPERNICUS/S1_GRD","band":"VV","value":-11.1508,"farmer_unique_id":"3243073","site_id":2312},{"date":"2021-09-02","product":"COPERNICUS/S1_GRD","band":"VV","value":-14.0715,"farmer_unique_id":"3243073","site_id":2312},{"date":"2021-09-14","product":"COPERNICUS/S1_GRD","band":"VV","value":-14.8067,"farmer_unique_id":"3243073","site_id":2312},{"date":"2021-09-26","product":"COPERNICUS/S1_GRD","band":"VV","value":-11.7382,"farmer_unique_id":"3243073","site_id":2312},{"date":"2021-10-08","product":"COPERNICUS/S1_GRD","band":"VV","value":-12.1719,"farmer_unique_id":"3243073","site_id":2312},{"date":"2021-10-20","product":"COPERNICUS/S1_GRD","band":"VV","value":-11.1327,"farmer_unique_id":"3243073","site_id":2312},{"date":"2021-11-01","product":"COPERNICUS/S1_GRD","band":"VV","value":-14.0533,"farmer_unique_id":"3243073","site_id":2312},{"date":"2021-11-13","product":"COPERNICUS/S1_GRD","band":"VV","value":-9.7719,"farmer_unique_id":"3243073","site_id":2312},{"date":"2021-11-25","product":"COPERNICUS/S1_GRD","band":"VV","value":-7.5316,"farmer_unique_id":"3243073","site_id":2312},{"date":"2021-12-07","product":"COPERNICUS/S1_GRD","band":"VV","value":-9.7244,"farmer_unique_id":"3243073","site_id":2312},{"date":"2021-12-19","product":"COPERNICUS/S1_GRD","band":"VV","value":-4.0625,"farmer_unique_id":"3243073","site_id":2312}]
