[{"date":"2020-01-11","product":"COPERNICUS/S1_GRD","band":"VH","value":-13.7216,"farmer_unique_id":"1349717619","site_id":10515},{"date":"2020-01-23","product":"COPERNICUS/S1_GRD","band":"VH","value":-20.1458,"farmer_unique_id":"1349717619","site_id":10515},{"date":"2020-02-04","product":"COPERNICUS/S1_GRD","band":"VH","value":-17.4291,"farmer_unique_id":"1349717619","site_id":10515},{"date":"2020-02-16","product":"COPERNICUS/S1_GRD","band":"VH","value":-10.5899,"farmer_unique_id":"1349717619","site_id":10515},{"date":"2020-02-28","product":"COPERNICUS/S1_GRD","band":"VH","value":-15.6052,"farmer_unique_id":"1349717619","site_id":10515},{"date":"2020-03-11","product":"COPERNICUS/S1_GRD","band":"VH","value":-14.7361,"farmer_unique_id":"1349717619","site_id":10515},{"date":"2020-03-23","product":"COPERNICUS/S1_GRD","band":"VH","value":-17.0278,"farmer_unique_id":"1349717619","site_id":10515},{"date":"2020-04-04","product":"COPERNICUS/S1_GRD","band":"VH","value":-23.0583,"farmer_unique_id":"1349717619","site_id":10515},{"date":"2020-04-16","product":"COPERNICUS/S1_GRD","band":"VH","value":-16.5343,"farmer_unique_id":"1349717619","site_id":10515},{"date":"2020-04-28","product":"COPERNICUS/S1_GRD","band":"VH","value":-11.3675,"farmer_unique_id":"1349717619","site_id":10515},{"date":"2020-05-10","product":"COPERNICUS/S1_GRD","band":"VH","value":-13.566,"farmer_unique_id":"1349717619","site_id":10515},{"date":"2020-05-22","product":"COPERNICUS/S1_GRD","band":"VH","value":-17.3895,"farmer_unique_id":"1349717619","site_id":10515},{"date":"2020-06-15","product":"COPERNICUS/S1_GRD","band":"VH","value":-13.3319,"farmer_unique_id":"1349717619","site_id":10515},{"date":"2020-06-27","product":"COPERNICUS/S1_GRD","band":"VH","value":-13.2754,"farmer_unique_id":"1349717619","site_id":10515},{"date":"2020-07-09","product":"COPERNICUS/S1_GRD","band":"VH","value":-15.5517,"farmer_unique_id":"1349717619","site_id":10515},{"date":"2020-07-21","product":"COPERNICUS/S1_GRD","band":"VH","value":-21.3052,"farmer_unique_id":"1349717619","site_id":10515},{"date":"2020-08-02","product":"COPERNICUS/S1_GRD","band":"VH","value":-16.8524,"farmer_unique_id":"1349717619","site_id":10515},{"date":"2020-08-14","product":"COPERNICUS/S1_GRD","band":"VH","value":-15.4666,"farmer_unique_id":"1349717619","site_id":10515},{"date":"2020-08-26","product":"COPERNICUS/S1_GRD","band":"VH","value":-15.8224,"farmer_unique_id":"1349717619","site_id":10515},{"date":"2020-09-07","product":"COPERNICUS/S1_GRD","band":"VH","value":-16.2275,"farmer_unique_id":"1349717619","site_id":10515},{"date":"2020-09-19","product":"COPERNICUS/S1_GRD","band":"VH","value":-15.7066,"farmer_unique_id":"1349717619","site_id":10515},{"date":"2020-10-01","product":"COPERNICUS/S1_GRD","band":"VH","value":-20.42,"farmer_unique_id":"1349717619","site_id":10515},{"date":"2020-10-13","product":"COPERNICUS/S1_GRD","band":"VH","value":-19.8487,"farmer_unique_id":"1349717619","site_id":10515},{"date":"2020-10-25","product":"COPERNICUS/S1_GRD","band":"VH","value":-17.8512,"farmer_unique_id":"1349717619","site_id":10515},{"date":"2020-11-06","product":"COPERNICUS/S1_GRD","band":"VH","value":-13.9884,"farmer_unique_id":"1349717619","site_id":10515},{"date":"2020-11-18","product":"COPERNICUS/S1_GRD","band":"VH","value":-17.0593,"farmer_unique_id":"1349717619","site_id":10515},{"date":"2020-11-30","product":"COPERNICUS/S1_GRD","band":"VH","value":-14.5252,"farmer_unique_id":"1349717619","site_id":10515},{"date":"2020-12-12","product":"COPERNICUS/S1_GRD","band":"VH","value":-13.761,"farmer_unique_id":"1349717619","site_id":10515},{"date":"2020-12-24","product":"COPERNICUS/S1_GRD","band":"VH","value":-17.5791,"farmer_unique_id":"1349717619","site_id":10515},{"date":"2021-01-05","product":"COPERNICUS/S1_GRD","band":"VH","value":-16.5914,"farmer_unique_id":"1349717619","site_id":10515},{"date":"2021-01-17","product":"COPERNICUS/S1_GRD","band":"VH","value":-15.163,"farmer_unique_id":"1349717619","site_id":10515},{"date":"2021-01-29","product":"COPERNICUS/S1_GRD","band":"VH","value":-16.9956,"farmer_unique_id":"1349717619","site_id":10515},{"date":"2021-02-10","product":"COPERNICUS/S1_GRD","band":"VH","value":-13.2548,"farmer_unique_id":"1349717619","site_id":10515},{"date":"2021-02-22","product":"COPERNICUS/S1_GRD","band":"VH","value":-14.1057,"farmer_unique_id":"1349717619","site_id":10515},{"date":"2021-03-06","product":"COPERNICUS/S1_GRD","band":"VH","value":-16.2586,"farmer_unique_id":"1349717619","site_id":10515},{"date":"2021-03-18","product":"COPERNICUS/S1_GRD","band":"VH","value":-19.8447,"farmer_unique_id":"1349717619","site_id":10515},{"date":"2021-03-30","product":"COPERNICUS/S1_GRD","band":"VH","value":-17.219,"farmer_unique_id":"1349717619","site_id":10515},{"date":"2021-04-11","product":"COPERNICUS/S1_GRD","band":"VH","value":-14.7203,"farmer_unique_id":"1349717619","site_id":10515},{"date":"2021-04-23","product":"COPERNICUS/S1_GRD","band":"VH","value":-15.0859,"farmer_unique_id":"1349717619","site_id":10515},{"date":"2021-05-05","product":"COPERNICUS/S1_GRD","band":"VH","value":-14.5634,"farmer_unique_id":"1349717619","site_id":10515},{"date":"2021-05-17","product":"COPERNICUS/S1_GRD","band":"VH","value":-19.4174,"farmer_unique_id":"1349717619","site_id":10515},{"date":"2021-05-29","product":"COPERNICUS/S1_GRD","band":"VH","value":-15.9494,"farmer_unique_id":"1349717619","site_id":10515},{"date":"2021-06-10","product":"COPERNICUS/S1_GRD","band":"VH","value":-16.3818,"farmer_unique_id":"1349717619","site_id":10515},{"date":"2021-06-22","product":"COPERNICUS/S1_GRD","band":"VH","value":-13.1228,"farmer_unique_id":"1349717619","site_id":10515},{"date":"2021-07-04","product":"COPERNICUS/S1_GRD","band":"VH","value":-16.9834,"farmer_unique_id":"1349717619","site_id":10515},{"date":"2021-07-16","product":"COPERNICUS/S1_GRD","band":"VH","value":-18.1412,"farmer_unique_id":"1349717619","site_id":10515},{"date":"2021-07-28","product":"COPERNICUS/S1_GRD","band":"VH","value":-15.9177,"farmer_unique_id":"1349717619","site_id":10515},{"date":"2021-08-09","product":"COPERNICUS/S1_GRD","band":"VH","value":-13.6702,"farmer_unique_id":"1349717619","site_id":10515},{"date":"2021-08-21","product":"COPERNICUS/S1_GRD","band":"VH","value":-15.1397,"farmer_unique_id":"1349717619","site_id":10515},{"date":"2021-09-02","product":"COPERNICUS/S1_GRD","band":"VH","value":-16.7909,"farmer_unique_id":"1349717619","site_id":10515},{"date":"2021-09-14","product":"COPERNICUS/S1_GRD","band":"VH","value":-19.046,"farmer_unique_id":"1349717619","site_id":10515},{"date":"2021-09-26","product":"COPERNICUS/S1_GRD","band":"VH","value":-17.389,"farmer_unique_id":"1349717619","site_id":10515},{"date":"2021-10-08","product":"COPERNICUS/S1_GRD","band":"VH","value":-16.0719,"farmer_unique_id":"1349717619","site_id":10515},{"date":"2021-10-20","product":"COPERNICUS/S1_GRD","band":"VH","value":-15.1916,"farmer_unique_id":"1349717619","site_id":10515},{"date":"2021-11-01","product":"COPERNICUS/S1_GRD","band":"VH","value":-16.909,"farmer_unique_id":"1349717619","site_id":10515},{"date":"2021-11-13","product":"COPERNICUS/S1_GRD","band":"VH","value":-16.9784,"farmer_unique_id":"1349717619","site_id":10515},{"date":"2021-11-25","product":"COPERNICUS/S1_GRD","band":"VH","value":-15.1032,"farmer_unique_id":"1349717619","site_id":10515},{"date":"2021-12-07","product":"COPERNICUS/S1_GRD","band":"VH","value":-13.4328,"farmer_unique_id":"1349717619","site_id":10515},{"date":"2021-12-19","product":"COPERNICUS/S1_GRD","band":"VH","value":-14.7413,"farmer_unique_id":"1349717619","site_id":10515},{"date":"2020-01-11","product":"COPERNICUS/S1_GRD","band":"VV","value":-0.5549,"farmer_unique_id":"1349717619","site_id":10515},{"date":"2020-01-23","product":"COPERNICUS/S1_GRD","band":"VV","value":-3.0414,"farmer_unique_id":"1349717619","site_id":10515},{"date":"2020-02-04","product":"COPERNICUS/S1_GRD","band":"VV","value":-0.6438,"farmer_unique_id":"1349717619","site_id":10515},{"date":"2020-02-16","product":"COPERNICUS/S1_GRD","band":"VV","value":-2.1182,"farmer_unique_id":"1349717619","site_id":10515},{"date":"2020-02-28","product":"COPERNICUS/S1_GRD","band":"VV","value":-2.8486,"farmer_unique_id":"1349717619","site_id":10515},{"date":"2020-03-11","product":"COPERNICUS/S1_GRD","band":"VV","value":-4.3206,"farmer_unique_id":"1349717619","site_id":10515},{"date":"2020-03-23","product":"COPERNICUS/S1_GRD","band":"VV","value":-4.9968,"farmer_unique_id":"1349717619","site_id":10515},{"date":"2020-04-04","product":"COPERNICUS/S1_GRD","band":"VV","value":-4.114,"farmer_unique_id":"1349717619","site_id":10515},{"date":"2020-04-16","product":"COPERNICUS/S1_GRD","band":"VV","value":-4.7237,"farmer_unique_id":"1349717619","site_id":10515},{"date":"2020-04-28","product":"COPERNICUS/S1_GRD","band":"VV","value":-1.346,"farmer_unique_id":"1349717619","site_id":10515},{"date":"2020-05-10","product":"COPERNICUS/S1_GRD","band":"VV","value":-4.7693,"farmer_unique_id":"1349717619","site_id":10515},{"date":"2020-05-22","product":"COPERNICUS/S1_GRD","band":"VV","value":-8.364,"farmer_unique_id":"1349717619","site_id":10515},{"date":"2020-06-15","product":"COPERNICUS/S1_GRD","band":"VV","value":-2.3889,"farmer_unique_id":"1349717619","site_id":10515},{"date":"2020-06-27","product":"COPERNICUS/S1_GRD","band":"VV","value":-3.6378,"farmer_unique_id":"1349717619","site_id":10515},{"date":"2020-07-09","product":"COPERNICUS/S1_GRD","band":"VV","value":-6.4692,"farmer_unique_id":"1349717619","site_id":10515},{"date":"2020-07-21","product":"COPERNICUS/S1_GRD","band":"VV","value":-8.7242,"farmer_unique_id":"1349717619","site_id":10515},{"date":"2020-08-02","product":"COPERNICUS/S1_GRD","band":"VV","value":-3.7197,"farmer_unique_id":"1349717619","site_id":10515},{"date":"2020-08-14","product":"COPERNICUS/S1_GRD","band":"VV","value":-5.0971,"farmer_unique_id":"1349717619","site_id":10515},{"date":"2020-08-26","product":"COPERNICUS/S1_GRD","band":"VV","value":-4.6083,"farmer_unique_id":"1349717619","site_id":10515},{"date":"2020-09-07","product":"COPERNICUS/S1_GRD","band":"VV","value":-3.1139,"farmer_unique_id":"1349717619","site_id":10515},{"date":"2020-09-19","product":"COPERNICUS/S1_GRD","band":"VV","value":-6.388,"farmer_unique_id":"1349717619","site_id":10515},{"date":"2020-10-01","product":"COPERNICUS/S1_GRD","band":"VV","value":-3.3834,"farmer_unique_id":"1349717619","site_id":10515},{"date":"2020-10-13","product":"COPERNICUS/S1_GRD","band":"VV","value":-6.7241,"farmer_unique_id":"1349717619","site_id":10515},{"date":"2020-10-25","product":"COPERNICUS/S1_GRD","band":"VV","value":-6.0348,"farmer_unique_id":"1349717619","site_id":10515},{"date":"2020-11-06","product":"COPERNICUS/S1_GRD","band":"VV","value":-4.8671,"farmer_unique_id":"1349717619","site_id":10515},{"date":"2020-11-18","product":"COPERNICUS/S1_GRD","band":"VV","value":-6.7454,"farmer_unique_id":"1349717619","site_id":10515},{"date":"2020-11-30","product":"COPERNICUS/S1_GRD","band":"VV","value":-4.0842,"farmer_unique_id":"1349717619","site_id":10515},{"date":"2020-12-12","product":"COPERNICUS/S1_GRD","band":"VV","value":-4.4649,"farmer_unique_id":"1349717619","site_id":10515},{"date":"2020-12-24","product":"COPERNICUS/S1_GRD","band":"VV","value":-8.1497,"farmer_unique_id":"1349717619","site_id":10515},{"date":"2021-01-05","product":"COPERNICUS/S1_GRD","band":"VV","value":-5.3807,"farmer_unique_id":"1349717619","site_id":10515},{"date":"2021-01-17","product":"COPERNICUS/S1_GRD","band":"VV","value":-5.2197,"farmer_unique_id":"1349717619","site_id":10515},{"date":"2021-01-29","product":"COPERNICUS/S1_GRD","band":"VV","value":-4.2501,"farmer_unique_id":"1349717619","site_id":10515},{"date":"2021-02-10","product":"COPERNICUS/S1_GRD","band":"VV","value":-4.9037,"farmer_unique_id":"1349717619","site_id":10515},{"date":"2021-02-22","product":"COPERNICUS/S1_GRD","band":"VV","value":-2.2848,"farmer_unique_id":"1349717619","site_id":10515},{"date":"2021-03-06","product":"COPERNICUS/S1_GRD","band":"VV","value":-7.4009,"farmer_unique_id":"1349717619","site_id":10515},{"date":"2021-03-18","product":"COPERNICUS/S1_GRD","band":"VV","value":-5.7992,"farmer_unique_id":"1349717619","site_id":10515},{"date":"2021-03-30","product":"COPERNICUS/S1_GRD","band":"VV","value":-4.0556,"farmer_unique_id":"1349717619","site_id":10515},{"date":"2021-04-11","product":"COPERNICUS/S1_GRD","band":"VV","value":-6.0637,"farmer_unique_id":"1349717619","site_id":10515},{"date":"2021-04-23","product":"COPERNICUS/S1_GRD","band":"VV","value":-5.4,"farmer_unique_id":"1349717619","site_id":10515},{"date":"2021-05-05","product":"COPERNICUS/S1_GRD","band":"VV","value":-7.0515,"farmer_unique_id":"1349717619","site_id":10515},{"date":"2021-05-17","product":"COPERNICUS/S1_GRD","band":"VV","value":-4.2427,"farmer_unique_id":"1349717619","site_id":10515},{"date":"2021-05-29","product":"COPERNICUS/S1_GRD","band":"VV","value":-4.3653,"farmer_unique_id":"1349717619","site_id":10515},{"date":"2021-06-10","product":"COPERNICUS/S1_GRD","band":"VV","value":-4.1803,"farmer_unique_id":"1349717619","site_id":10515},{"date":"2021-06-22","product":"COPERNICUS/S1_GRD","band":"VV","value":-4.3811,"farmer_unique_id":"1349717619","site_id":10515},{"date":"2021-07-04","product":"COPERNICUS/S1_GRD","band":"VV","value":-4.4211,"farmer_unique_id":"1349717619","site_id":10515},{"date":"2021-07-16","product":"COPERNICUS/S1_GRD","band":"VV","value":-5.4171,"farmer_unique_id":"1349717619","site_id":10515},{"date":"2021-07-28","product":"COPERNICUS/S1_GRD","band":"VV","value":-2.3289,"farmer_unique_id":"1349717619","site_id":10515},{"date":"2021-08-09","product":"COPERNICUS/S1_GRD","band":"VV","value":-5.9921,"farmer_unique_id":"1349717619","site_id":10515},{"date":"2021-08-21","product":"COPERNICUS/S1_GRD","band":"VV","value":-3.2027,"farmer_unique_id":"1349717619","site_id":10515},{"date":"2021-09-02","product":"COPERNICUS/S1_GRD","band":"VV","value":-5.8121,"farmer_unique_id":"1349717619","site_id":10515},{"date":"2021-09-14","product":"COPERNICUS/S1_GRD","band":"VV","value":-5.4893,"farmer_unique_id":"1349717619","site_id":10515},{"date":"2021-09-26","product":"COPERNICUS/S1_GRD","band":"VV","value":-3.1245,"farmer_unique_id":"1349717619","site_id":10515},{"date":"2021-10-08","product":"COPERNICUS/S1_GRD","band":"VV","value":-8.7188,"farmer_unique_id":"1349717619","site_id":10515},{"date":"2021-10-20","product":"COPERNICUS/S1_GRD","band":"VV","value":-3.5156,"farmer_unique_id":"1349717619","site_id":10515},{"date":"2021-11-01","product":"COPERNICUS/S1_GRD","band":"VV","value":-8.5843,"farmer_unique_id":"1349717619","site_id":10515},{"date":"2021-11-13","product":"COPERNICUS/S1_GRD","band":"VV","value":-6.6053,"farmer_unique_id":"1349717619","site_id":10515},{"date":"2021-11-25","product":"COPERNICUS/S1_GRD","band":"VV","value":-8.0084,"farmer_unique_id":"1349717619","site_id":10515},{"date":"2021-12-07","product":"COPERNICUS/S1_GRD","band":"VV","value":-5.3363,"farmer_unique_id":"1349717619","site_id":10515},{"date":"2021-12-19","product":"COPERNICUS/S1_GRD","band":"VV","value":-7.5524,"farmer_unique_id":"1349717619","site_id":10515}]
