[{"date":"2020-01-04","product":"COPERNICUS/S1_GRD","band":"VH","value":-14.3918,"farmer_unique_id":"3961554","site_id":5027},{"date":"2020-01-09","product":"COPERNICUS/S1_GRD","band":"VH","value":-14.4677,"farmer_unique_id":"3961554","site_id":5027},{"date":"2020-01-16","product":"COPERNICUS/S1_GRD","band":"VH","value":-15.598,"farmer_unique_id":"3961554","site_id":5027},{"date":"2020-01-21","product":"COPERNICUS/S1_GRD","band":"VH","value":-16.684,"farmer_unique_id":"3961554","site_id":5027},{"date":"2020-01-28","product":"COPERNICUS/S1_GRD","band":"VH","value":-11.1752,"farmer_unique_id":"3961554","site_id":5027},{"date":"2020-02-02","product":"COPERNICUS/S1_GRD","band":"VH","value":-14.7219,"farmer_unique_id":"3961554","site_id":5027},{"date":"2020-02-09","product":"COPERNICUS/S1_GRD","band":"VH","value":-15.2811,"farmer_unique_id":"3961554","site_id":5027},{"date":"2020-02-14","product":"COPERNICUS/S1_GRD","band":"VH","value":-12.64,"farmer_unique_id":"3961554","site_id":5027},{"date":"2020-02-21","product":"COPERNICUS/S1_GRD","band":"VH","value":-17.1589,"farmer_unique_id":"3961554","site_id":5027},{"date":"2020-02-26","product":"COPERNICUS/S1_GRD","band":"VH","value":-12.9154,"farmer_unique_id":"3961554","site_id":5027},{"date":"2020-03-04","product":"COPERNICUS/S1_GRD","band":"VH","value":-10.4304,"farmer_unique_id":"3961554","site_id":5027},{"date":"2020-03-09","product":"COPERNICUS/S1_GRD","band":"VH","value":-18.893,"farmer_unique_id":"3961554","site_id":5027},{"date":"2020-03-16","product":"COPERNICUS/S1_GRD","band":"VH","value":-12.0499,"farmer_unique_id":"3961554","site_id":5027},{"date":"2020-03-21","product":"COPERNICUS/S1_GRD","band":"VH","value":-15.6356,"farmer_unique_id":"3961554","site_id":5027},{"date":"2020-03-28","product":"COPERNICUS/S1_GRD","band":"VH","value":-13.1587,"farmer_unique_id":"3961554","site_id":5027},{"date":"2020-04-02","product":"COPERNICUS/S1_GRD","band":"VH","value":-18.0717,"farmer_unique_id":"3961554","site_id":5027},{"date":"2020-04-09","product":"COPERNICUS/S1_GRD","band":"VH","value":-16.9142,"farmer_unique_id":"3961554","site_id":5027},{"date":"2020-04-14","product":"COPERNICUS/S1_GRD","band":"VH","value":-18.9979,"farmer_unique_id":"3961554","site_id":5027},{"date":"2020-04-21","product":"COPERNICUS/S1_GRD","band":"VH","value":-11.1495,"farmer_unique_id":"3961554","site_id":5027},{"date":"2020-04-26","product":"COPERNICUS/S1_GRD","band":"VH","value":-19.0108,"farmer_unique_id":"3961554","site_id":5027},{"date":"2020-05-03","product":"COPERNICUS/S1_GRD","band":"VH","value":-13.9222,"farmer_unique_id":"3961554","site_id":5027},{"date":"2020-05-08","product":"COPERNICUS/S1_GRD","band":"VH","value":-13.6285,"farmer_unique_id":"3961554","site_id":5027},{"date":"2020-05-15","product":"COPERNICUS/S1_GRD","band":"VH","value":-17.21,"farmer_unique_id":"3961554","site_id":5027},{"date":"2020-05-20","product":"COPERNICUS/S1_GRD","band":"VH","value":-14.1897,"farmer_unique_id":"3961554","site_id":5027},{"date":"2020-05-27","product":"COPERNICUS/S1_GRD","band":"VH","value":-11.2415,"farmer_unique_id":"3961554","site_id":5027},{"date":"2020-06-01","product":"COPERNICUS/S1_GRD","band":"VH","value":-12.5319,"farmer_unique_id":"3961554","site_id":5027},{"date":"2020-06-08","product":"COPERNICUS/S1_GRD","band":"VH","value":-12.8761,"farmer_unique_id":"3961554","site_id":5027},{"date":"2020-06-13","product":"COPERNICUS/S1_GRD","band":"VH","value":-11.6069,"farmer_unique_id":"3961554","site_id":5027},{"date":"2020-06-20","product":"COPERNICUS/S1_GRD","band":"VH","value":-11.312,"farmer_unique_id":"3961554","site_id":5027},{"date":"2020-06-25","product":"COPERNICUS/S1_GRD","band":"VH","value":-14.5542,"farmer_unique_id":"3961554","site_id":5027},{"date":"2020-07-02","product":"COPERNICUS/S1_GRD","band":"VH","value":-14.6412,"farmer_unique_id":"3961554","site_id":5027},{"date":"2020-07-07","product":"COPERNICUS/S1_GRD","band":"VH","value":-11.988,"farmer_unique_id":"3961554","site_id":5027},{"date":"2020-07-14","product":"COPERNICUS/S1_GRD","band":"VH","value":-13.5494,"farmer_unique_id":"3961554","site_id":5027},{"date":"2020-07-19","product":"COPERNICUS/S1_GRD","band":"VH","value":-12.8008,"farmer_unique_id":"3961554","site_id":5027},{"date":"2020-07-26","product":"COPERNICUS/S1_GRD","band":"VH","value":-13.5783,"farmer_unique_id":"3961554","site_id":5027},{"date":"2020-07-31","product":"COPERNICUS/S1_GRD","band":"VH","value":-13.1588,"farmer_unique_id":"3961554","site_id":5027},{"date":"2020-08-07","product":"COPERNICUS/S1_GRD","band":"VH","value":-13.832,"farmer_unique_id":"3961554","site_id":5027},{"date":"2020-08-12","product":"COPERNICUS/S1_GRD","band":"VH","farmer_unique_id":"3961554","site_id":5027},{"date":"2020-08-19","product":"COPERNICUS/S1_GRD","band":"VH","value":-10.2553,"farmer_unique_id":"3961554","site_id":5027},{"date":"2020-08-24","product":"COPERNICUS/S1_GRD","band":"VH","value":-16.0513,"farmer_unique_id":"3961554","site_id":5027},{"date":"2020-08-31","product":"COPERNICUS/S1_GRD","band":"VH","value":-14.0324,"farmer_unique_id":"3961554","site_id":5027},{"date":"2020-09-05","product":"COPERNICUS/S1_GRD","band":"VH","value":-18.5413,"farmer_unique_id":"3961554","site_id":5027},{"date":"2020-09-12","product":"COPERNICUS/S1_GRD","band":"VH","value":-11.9451,"farmer_unique_id":"3961554","site_id":5027},{"date":"2020-09-17","product":"COPERNICUS/S1_GRD","band":"VH","value":-10.9783,"farmer_unique_id":"3961554","site_id":5027},{"date":"2020-09-24","product":"COPERNICUS/S1_GRD","band":"VH","value":-9.1114,"farmer_unique_id":"3961554","site_id":5027},{"date":"2020-09-29","product":"COPERNICUS/S1_GRD","band":"VH","value":-11.2788,"farmer_unique_id":"3961554","site_id":5027},{"date":"2020-10-06","product":"COPERNICUS/S1_GRD","band":"VH","value":-18.9978,"farmer_unique_id":"3961554","site_id":5027},{"date":"2020-10-11","product":"COPERNICUS/S1_GRD","band":"VH","value":-14.1487,"farmer_unique_id":"3961554","site_id":5027},{"date":"2020-10-18","product":"COPERNICUS/S1_GRD","band":"VH","value":-11.1075,"farmer_unique_id":"3961554","site_id":5027},{"date":"2020-10-23","product":"COPERNICUS/S1_GRD","band":"VH","value":-15.8136,"farmer_unique_id":"3961554","site_id":5027},{"date":"2020-10-30","product":"COPERNICUS/S1_GRD","band":"VH","value":-13.2957,"farmer_unique_id":"3961554","site_id":5027},{"date":"2020-11-04","product":"COPERNICUS/S1_GRD","band":"VH","value":-19.6771,"farmer_unique_id":"3961554","site_id":5027},{"date":"2020-11-11","product":"COPERNICUS/S1_GRD","band":"VH","value":-9.8175,"farmer_unique_id":"3961554","site_id":5027},{"date":"2020-11-16","product":"COPERNICUS/S1_GRD","band":"VH","value":-16.0998,"farmer_unique_id":"3961554","site_id":5027},{"date":"2020-11-23","product":"COPERNICUS/S1_GRD","band":"VH","value":-18.4646,"farmer_unique_id":"3961554","site_id":5027},{"date":"2020-11-28","product":"COPERNICUS/S1_GRD","band":"VH","value":-13.4205,"farmer_unique_id":"3961554","site_id":5027},{"date":"2020-12-05","product":"COPERNICUS/S1_GRD","band":"VH","value":-9.5271,"farmer_unique_id":"3961554","site_id":5027},{"date":"2020-12-10","product":"COPERNICUS/S1_GRD","band":"VH","value":-14.9438,"farmer_unique_id":"3961554","site_id":5027},{"date":"2020-12-17","product":"COPERNICUS/S1_GRD","band":"VH","value":-14.6302,"farmer_unique_id":"3961554","site_id":5027},{"date":"2020-12-22","product":"COPERNICUS/S1_GRD","band":"VH","value":-11.0619,"farmer_unique_id":"3961554","site_id":5027},{"date":"2020-12-29","product":"COPERNICUS/S1_GRD","band":"VH","value":-13.5753,"farmer_unique_id":"3961554","site_id":5027},{"date":"2021-01-03","product":"COPERNICUS/S1_GRD","band":"VH","value":-18.1997,"farmer_unique_id":"3961554","site_id":5027},{"date":"2021-01-10","product":"COPERNICUS/S1_GRD","band":"VH","value":-10.6013,"farmer_unique_id":"3961554","site_id":5027},{"date":"2021-01-15","product":"COPERNICUS/S1_GRD","band":"VH","value":-13.3066,"farmer_unique_id":"3961554","site_id":5027},{"date":"2021-01-22","product":"COPERNICUS/S1_GRD","band":"VH","value":-19.257,"farmer_unique_id":"3961554","site_id":5027},{"date":"2021-01-27","product":"COPERNICUS/S1_GRD","band":"VH","value":-16.7361,"farmer_unique_id":"3961554","site_id":5027},{"date":"2021-02-03","product":"COPERNICUS/S1_GRD","band":"VH","value":-20.3714,"farmer_unique_id":"3961554","site_id":5027},{"date":"2021-02-08","product":"COPERNICUS/S1_GRD","band":"VH","value":-14.834,"farmer_unique_id":"3961554","site_id":5027},{"date":"2021-02-15","product":"COPERNICUS/S1_GRD","band":"VH","value":-13.3561,"farmer_unique_id":"3961554","site_id":5027},{"date":"2021-02-20","product":"COPERNICUS/S1_GRD","band":"VH","value":-17.6796,"farmer_unique_id":"3961554","site_id":5027},{"date":"2021-02-27","product":"COPERNICUS/S1_GRD","band":"VH","value":-13.3893,"farmer_unique_id":"3961554","site_id":5027},{"date":"2021-03-04","product":"COPERNICUS/S1_GRD","band":"VH","value":-16.4769,"farmer_unique_id":"3961554","site_id":5027},{"date":"2021-03-11","product":"COPERNICUS/S1_GRD","band":"VH","value":-15.8252,"farmer_unique_id":"3961554","site_id":5027},{"date":"2021-03-16","product":"COPERNICUS/S1_GRD","band":"VH","value":-15.8632,"farmer_unique_id":"3961554","site_id":5027},{"date":"2021-03-23","product":"COPERNICUS/S1_GRD","band":"VH","value":-14.4539,"farmer_unique_id":"3961554","site_id":5027},{"date":"2021-03-28","product":"COPERNICUS/S1_GRD","band":"VH","value":-18.5568,"farmer_unique_id":"3961554","site_id":5027},{"date":"2021-04-04","product":"COPERNICUS/S1_GRD","band":"VH","value":-14.6159,"farmer_unique_id":"3961554","site_id":5027},{"date":"2021-04-09","product":"COPERNICUS/S1_GRD","band":"VH","value":-16.1328,"farmer_unique_id":"3961554","site_id":5027},{"date":"2021-04-16","product":"COPERNICUS/S1_GRD","band":"VH","value":-18.5242,"farmer_unique_id":"3961554","site_id":5027},{"date":"2021-04-21","product":"COPERNICUS/S1_GRD","band":"VH","value":-18.7287,"farmer_unique_id":"3961554","site_id":5027},{"date":"2021-04-28","product":"COPERNICUS/S1_GRD","band":"VH","value":-11.4853,"farmer_unique_id":"3961554","site_id":5027},{"date":"2021-05-03","product":"COPERNICUS/S1_GRD","band":"VH","value":-13.3963,"farmer_unique_id":"3961554","site_id":5027},{"date":"2021-05-10","product":"COPERNICUS/S1_GRD","band":"VH","value":-13.3506,"farmer_unique_id":"3961554","site_id":5027},{"date":"2021-05-15","product":"COPERNICUS/S1_GRD","band":"VH","value":-11.9083,"farmer_unique_id":"3961554","site_id":5027},{"date":"2021-05-22","product":"COPERNICUS/S1_GRD","band":"VH","value":-19.6946,"farmer_unique_id":"3961554","site_id":5027},{"date":"2021-05-27","product":"COPERNICUS/S1_GRD","band":"VH","value":-14.514,"farmer_unique_id":"3961554","site_id":5027},{"date":"2021-06-03","product":"COPERNICUS/S1_GRD","band":"VH","value":-16.003,"farmer_unique_id":"3961554","site_id":5027},{"date":"2021-06-08","product":"COPERNICUS/S1_GRD","band":"VH","value":-14.8448,"farmer_unique_id":"3961554","site_id":5027},{"date":"2021-06-15","product":"COPERNICUS/S1_GRD","band":"VH","value":-14.7129,"farmer_unique_id":"3961554","site_id":5027},{"date":"2021-06-20","product":"COPERNICUS/S1_GRD","band":"VH","value":-14.2407,"farmer_unique_id":"3961554","site_id":5027},{"date":"2021-06-27","product":"COPERNICUS/S1_GRD","band":"VH","value":-14.8423,"farmer_unique_id":"3961554","site_id":5027},{"date":"2021-07-02","product":"COPERNICUS/S1_GRD","band":"VH","value":-14.8127,"farmer_unique_id":"3961554","site_id":5027},{"date":"2021-07-09","product":"COPERNICUS/S1_GRD","band":"VH","value":-15.0919,"farmer_unique_id":"3961554","site_id":5027},{"date":"2021-07-14","product":"COPERNICUS/S1_GRD","band":"VH","value":-14.2703,"farmer_unique_id":"3961554","site_id":5027},{"date":"2021-07-21","product":"COPERNICUS/S1_GRD","band":"VH","value":-17.1671,"farmer_unique_id":"3961554","site_id":5027},{"date":"2021-07-26","product":"COPERNICUS/S1_GRD","band":"VH","value":-15.7008,"farmer_unique_id":"3961554","site_id":5027},{"date":"2021-08-02","product":"COPERNICUS/S1_GRD","band":"VH","value":-12.9147,"farmer_unique_id":"3961554","site_id":5027},{"date":"2021-08-07","product":"COPERNICUS/S1_GRD","band":"VH","value":-11.5535,"farmer_unique_id":"3961554","site_id":5027},{"date":"2021-08-14","product":"COPERNICUS/S1_GRD","band":"VH","value":-11.8882,"farmer_unique_id":"3961554","site_id":5027},{"date":"2021-08-19","product":"COPERNICUS/S1_GRD","band":"VH","value":-15.7496,"farmer_unique_id":"3961554","site_id":5027},{"date":"2021-08-26","product":"COPERNICUS/S1_GRD","band":"VH","value":-9.3247,"farmer_unique_id":"3961554","site_id":5027},{"date":"2021-08-31","product":"COPERNICUS/S1_GRD","band":"VH","value":-16.6119,"farmer_unique_id":"3961554","site_id":5027},{"date":"2021-09-07","product":"COPERNICUS/S1_GRD","band":"VH","value":-14.6748,"farmer_unique_id":"3961554","site_id":5027},{"date":"2021-09-12","product":"COPERNICUS/S1_GRD","band":"VH","value":-16.0936,"farmer_unique_id":"3961554","site_id":5027},{"date":"2021-09-19","product":"COPERNICUS/S1_GRD","band":"VH","value":-10.787,"farmer_unique_id":"3961554","site_id":5027},{"date":"2021-09-24","product":"COPERNICUS/S1_GRD","band":"VH","value":-15.2726,"farmer_unique_id":"3961554","site_id":5027},{"date":"2021-10-01","product":"COPERNICUS/S1_GRD","band":"VH","value":-18.2386,"farmer_unique_id":"3961554","site_id":5027},{"date":"2021-10-06","product":"COPERNICUS/S1_GRD","band":"VH","value":-15.0853,"farmer_unique_id":"3961554","site_id":5027},{"date":"2021-10-13","product":"COPERNICUS/S1_GRD","band":"VH","value":-14.0598,"farmer_unique_id":"3961554","site_id":5027},{"date":"2021-10-18","product":"COPERNICUS/S1_GRD","band":"VH","value":-12.1501,"farmer_unique_id":"3961554","site_id":5027},{"date":"2021-10-25","product":"COPERNICUS/S1_GRD","band":"VH","value":-14.153,"farmer_unique_id":"3961554","site_id":5027},{"date":"2021-10-30","product":"COPERNICUS/S1_GRD","band":"VH","value":-13.8665,"farmer_unique_id":"3961554","site_id":5027},{"date":"2021-11-06","product":"COPERNICUS/S1_GRD","band":"VH","value":-13.714,"farmer_unique_id":"3961554","site_id":5027},{"date":"2021-11-11","product":"COPERNICUS/S1_GRD","band":"VH","value":-18.2947,"farmer_unique_id":"3961554","site_id":5027},{"date":"2021-11-18","product":"COPERNICUS/S1_GRD","band":"VH","value":-16.4985,"farmer_unique_id":"3961554","site_id":5027},{"date":"2021-11-23","product":"COPERNICUS/S1_GRD","band":"VH","value":-16.6136,"farmer_unique_id":"3961554","site_id":5027},{"date":"2021-11-30","product":"COPERNICUS/S1_GRD","band":"VH","value":-11.7646,"farmer_unique_id":"3961554","site_id":5027},{"date":"2021-12-05","product":"COPERNICUS/S1_GRD","band":"VH","value":-17.213,"farmer_unique_id":"3961554","site_id":5027},{"date":"2021-12-12","product":"COPERNICUS/S1_GRD","band":"VH","value":-17.3133,"farmer_unique_id":"3961554","site_id":5027},{"date":"2021-12-17","product":"COPERNICUS/S1_GRD","band":"VH","value":-12.4792,"farmer_unique_id":"3961554","site_id":5027},{"date":"2021-12-24","product":"COPERNICUS/S1_GRD","band":"VH","value":-13.1336,"farmer_unique_id":"3961554","site_id":5027},{"date":"2021-12-29","product":"COPERNICUS/S1_GRD","band":"VH","value":-11.0948,"farmer_unique_id":"3961554","site_id":5027},{"date":"2020-01-04","product":"COPERNICUS/S1_GRD","band":"VV","value":-10.8502,"farmer_unique_id":"3961554","site_id":5027},{"date":"2020-01-09","product":"COPERNICUS/S1_GRD","band":"VV","value":-8.744,"farmer_unique_id":"3961554","site_id":5027},{"date":"2020-01-16","product":"COPERNICUS/S1_GRD","band":"VV","value":-7.996,"farmer_unique_id":"3961554","site_id":5027},{"date":"2020-01-21","product":"COPERNICUS/S1_GRD","band":"VV","value":-7.5263,"farmer_unique_id":"3961554","site_id":5027},{"date":"2020-01-28","product":"COPERNICUS/S1_GRD","band":"VV","value":-6.3647,"farmer_unique_id":"3961554","site_id":5027},{"date":"2020-02-02","product":"COPERNICUS/S1_GRD","band":"VV","value":-5.741,"farmer_unique_id":"3961554","site_id":5027},{"date":"2020-02-09","product":"COPERNICUS/S1_GRD","band":"VV","value":-7.0545,"farmer_unique_id":"3961554","site_id":5027},{"date":"2020-02-14","product":"COPERNICUS/S1_GRD","band":"VV","value":-8.1982,"farmer_unique_id":"3961554","site_id":5027},{"date":"2020-02-21","product":"COPERNICUS/S1_GRD","band":"VV","value":-7.1655,"farmer_unique_id":"3961554","site_id":5027},{"date":"2020-02-26","product":"COPERNICUS/S1_GRD","band":"VV","value":-10.0067,"farmer_unique_id":"3961554","site_id":5027},{"date":"2020-03-04","product":"COPERNICUS/S1_GRD","band":"VV","value":-7.1421,"farmer_unique_id":"3961554","site_id":5027},{"date":"2020-03-09","product":"COPERNICUS/S1_GRD","band":"VV","value":-8.5859,"farmer_unique_id":"3961554","site_id":5027},{"date":"2020-03-16","product":"COPERNICUS/S1_GRD","band":"VV","value":-3.9777,"farmer_unique_id":"3961554","site_id":5027},{"date":"2020-03-21","product":"COPERNICUS/S1_GRD","band":"VV","value":-7.1633,"farmer_unique_id":"3961554","site_id":5027},{"date":"2020-03-28","product":"COPERNICUS/S1_GRD","band":"VV","value":-5.8174,"farmer_unique_id":"3961554","site_id":5027},{"date":"2020-04-02","product":"COPERNICUS/S1_GRD","band":"VV","value":-12.2703,"farmer_unique_id":"3961554","site_id":5027},{"date":"2020-04-09","product":"COPERNICUS/S1_GRD","band":"VV","value":-5.6854,"farmer_unique_id":"3961554","site_id":5027},{"date":"2020-04-14","product":"COPERNICUS/S1_GRD","band":"VV","value":-7.5388,"farmer_unique_id":"3961554","site_id":5027},{"date":"2020-04-21","product":"COPERNICUS/S1_GRD","band":"VV","value":-4.9623,"farmer_unique_id":"3961554","site_id":5027},{"date":"2020-04-26","product":"COPERNICUS/S1_GRD","band":"VV","value":-10.768,"farmer_unique_id":"3961554","site_id":5027},{"date":"2020-05-03","product":"COPERNICUS/S1_GRD","band":"VV","value":-5.2997,"farmer_unique_id":"3961554","site_id":5027},{"date":"2020-05-08","product":"COPERNICUS/S1_GRD","band":"VV","value":-5.9512,"farmer_unique_id":"3961554","site_id":5027},{"date":"2020-05-15","product":"COPERNICUS/S1_GRD","band":"VV","value":-7.4646,"farmer_unique_id":"3961554","site_id":5027},{"date":"2020-05-20","product":"COPERNICUS/S1_GRD","band":"VV","value":-12.8732,"farmer_unique_id":"3961554","site_id":5027},{"date":"2020-05-27","product":"COPERNICUS/S1_GRD","band":"VV","value":-8.7832,"farmer_unique_id":"3961554","site_id":5027},{"date":"2020-06-01","product":"COPERNICUS/S1_GRD","band":"VV","value":-7.821,"farmer_unique_id":"3961554","site_id":5027},{"date":"2020-06-08","product":"COPERNICUS/S1_GRD","band":"VV","value":-2.98,"farmer_unique_id":"3961554","site_id":5027},{"date":"2020-06-13","product":"COPERNICUS/S1_GRD","band":"VV","value":-6.9328,"farmer_unique_id":"3961554","site_id":5027},{"date":"2020-06-20","product":"COPERNICUS/S1_GRD","band":"VV","value":-9.4802,"farmer_unique_id":"3961554","site_id":5027},{"date":"2020-06-25","product":"COPERNICUS/S1_GRD","band":"VV","value":-11.4674,"farmer_unique_id":"3961554","site_id":5027},{"date":"2020-07-02","product":"COPERNICUS/S1_GRD","band":"VV","value":-7.9697,"farmer_unique_id":"3961554","site_id":5027},{"date":"2020-07-07","product":"COPERNICUS/S1_GRD","band":"VV","value":-9.4407,"farmer_unique_id":"3961554","site_id":5027},{"date":"2020-07-14","product":"COPERNICUS/S1_GRD","band":"VV","value":-5.8885,"farmer_unique_id":"3961554","site_id":5027},{"date":"2020-07-19","product":"COPERNICUS/S1_GRD","band":"VV","value":-9.1126,"farmer_unique_id":"3961554","site_id":5027},{"date":"2020-07-26","product":"COPERNICUS/S1_GRD","band":"VV","value":-7.7323,"farmer_unique_id":"3961554","site_id":5027},{"date":"2020-07-31","product":"COPERNICUS/S1_GRD","band":"VV","value":-9.2708,"farmer_unique_id":"3961554","site_id":5027},{"date":"2020-08-07","product":"COPERNICUS/S1_GRD","band":"VV","value":-7.1486,"farmer_unique_id":"3961554","site_id":5027},{"date":"2020-08-12","product":"COPERNICUS/S1_GRD","band":"VV","value":-9.7666,"farmer_unique_id":"3961554","site_id":5027},{"date":"2020-08-19","product":"COPERNICUS/S1_GRD","band":"VV","value":-7.5747,"farmer_unique_id":"3961554","site_id":5027},{"date":"2020-08-24","product":"COPERNICUS/S1_GRD","band":"VV","value":-10.9222,"farmer_unique_id":"3961554","site_id":5027},{"date":"2020-08-31","product":"COPERNICUS/S1_GRD","band":"VV","value":-4.6183,"farmer_unique_id":"3961554","site_id":5027},{"date":"2020-09-05","product":"COPERNICUS/S1_GRD","band":"VV","value":-7.8793,"farmer_unique_id":"3961554","site_id":5027},{"date":"2020-09-12","product":"COPERNICUS/S1_GRD","band":"VV","value":-5.4049,"farmer_unique_id":"3961554","site_id":5027},{"date":"2020-09-17","product":"COPERNICUS/S1_GRD","band":"VV","value":-9.4015,"farmer_unique_id":"3961554","site_id":5027},{"date":"2020-09-24","product":"COPERNICUS/S1_GRD","band":"VV","value":-6.5056,"farmer_unique_id":"3961554","site_id":5027},{"date":"2020-09-29","product":"COPERNICUS/S1_GRD","band":"VV","value":-4.4023,"farmer_unique_id":"3961554","site_id":5027},{"date":"2020-10-06","product":"COPERNICUS/S1_GRD","band":"VV","value":-5.9744,"farmer_unique_id":"3961554","site_id":5027},{"date":"2020-10-11","product":"COPERNICUS/S1_GRD","band":"VV","value":-8.2855,"farmer_unique_id":"3961554","site_id":5027},{"date":"2020-10-18","product":"COPERNICUS/S1_GRD","band":"VV","value":-5.8105,"farmer_unique_id":"3961554","site_id":5027},{"date":"2020-10-23","product":"COPERNICUS/S1_GRD","band":"VV","value":-8.131,"farmer_unique_id":"3961554","site_id":5027},{"date":"2020-10-30","product":"COPERNICUS/S1_GRD","band":"VV","value":-9.9709,"farmer_unique_id":"3961554","site_id":5027},{"date":"2020-11-04","product":"COPERNICUS/S1_GRD","band":"VV","value":-9.403,"farmer_unique_id":"3961554","site_id":5027},{"date":"2020-11-11","product":"COPERNICUS/S1_GRD","band":"VV","value":-5.501,"farmer_unique_id":"3961554","site_id":5027},{"date":"2020-11-16","product":"COPERNICUS/S1_GRD","band":"VV","value":-10.6195,"farmer_unique_id":"3961554","site_id":5027},{"date":"2020-11-23","product":"COPERNICUS/S1_GRD","band":"VV","value":-8.5481,"farmer_unique_id":"3961554","site_id":5027},{"date":"2020-11-28","product":"COPERNICUS/S1_GRD","band":"VV","value":-7.03,"farmer_unique_id":"3961554","site_id":5027},{"date":"2020-12-05","product":"COPERNICUS/S1_GRD","band":"VV","value":-8.3855,"farmer_unique_id":"3961554","site_id":5027},{"date":"2020-12-10","product":"COPERNICUS/S1_GRD","band":"VV","value":-9.5234,"farmer_unique_id":"3961554","site_id":5027},{"date":"2020-12-17","product":"COPERNICUS/S1_GRD","band":"VV","value":-10.1973,"farmer_unique_id":"3961554","site_id":5027},{"date":"2020-12-22","product":"COPERNICUS/S1_GRD","band":"VV","value":-9.8836,"farmer_unique_id":"3961554","site_id":5027},{"date":"2020-12-29","product":"COPERNICUS/S1_GRD","band":"VV","value":-7.9257,"farmer_unique_id":"3961554","site_id":5027},{"date":"2021-01-03","product":"COPERNICUS/S1_GRD","band":"VV","value":-5.898,"farmer_unique_id":"3961554","site_id":5027},{"date":"2021-01-10","product":"COPERNICUS/S1_GRD","band":"VV","value":-2.701,"farmer_unique_id":"3961554","site_id":5027},{"date":"2021-01-15","product":"COPERNICUS/S1_GRD","band":"VV","value":-4.2787,"farmer_unique_id":"3961554","site_id":5027},{"date":"2021-01-22","product":"COPERNICUS/S1_GRD","band":"VV","value":-4.6423,"farmer_unique_id":"3961554","site_id":5027},{"date":"2021-01-27","product":"COPERNICUS/S1_GRD","band":"VV","value":-8.2313,"farmer_unique_id":"3961554","site_id":5027},{"date":"2021-02-03","product":"COPERNICUS/S1_GRD","band":"VV","value":-6.8845,"farmer_unique_id":"3961554","site_id":5027},{"date":"2021-02-08","product":"COPERNICUS/S1_GRD","band":"VV","value":-9.4397,"farmer_unique_id":"3961554","site_id":5027},{"date":"2021-02-15","product":"COPERNICUS/S1_GRD","band":"VV","value":-7.806,"farmer_unique_id":"3961554","site_id":5027},{"date":"2021-02-20","product":"COPERNICUS/S1_GRD","band":"VV","value":-9.1429,"farmer_unique_id":"3961554","site_id":5027},{"date":"2021-02-27","product":"COPERNICUS/S1_GRD","band":"VV","value":-5.213,"farmer_unique_id":"3961554","site_id":5027},{"date":"2021-03-04","product":"COPERNICUS/S1_GRD","band":"VV","value":-8.439,"farmer_unique_id":"3961554","site_id":5027},{"date":"2021-03-11","product":"COPERNICUS/S1_GRD","band":"VV","value":-11.5199,"farmer_unique_id":"3961554","site_id":5027},{"date":"2021-03-16","product":"COPERNICUS/S1_GRD","band":"VV","value":-7.7092,"farmer_unique_id":"3961554","site_id":5027},{"date":"2021-03-23","product":"COPERNICUS/S1_GRD","band":"VV","value":-8.8324,"farmer_unique_id":"3961554","site_id":5027},{"date":"2021-03-28","product":"COPERNICUS/S1_GRD","band":"VV","value":-11.02,"farmer_unique_id":"3961554","site_id":5027},{"date":"2021-04-04","product":"COPERNICUS/S1_GRD","band":"VV","value":-4.3668,"farmer_unique_id":"3961554","site_id":5027},{"date":"2021-04-09","product":"COPERNICUS/S1_GRD","band":"VV","value":-13.5243,"farmer_unique_id":"3961554","site_id":5027},{"date":"2021-04-16","product":"COPERNICUS/S1_GRD","band":"VV","value":-8.3752,"farmer_unique_id":"3961554","site_id":5027},{"date":"2021-04-21","product":"COPERNICUS/S1_GRD","band":"VV","value":-11.2327,"farmer_unique_id":"3961554","site_id":5027},{"date":"2021-04-28","product":"COPERNICUS/S1_GRD","band":"VV","value":-4.9023,"farmer_unique_id":"3961554","site_id":5027},{"date":"2021-05-03","product":"COPERNICUS/S1_GRD","band":"VV","value":-3.7444,"farmer_unique_id":"3961554","site_id":5027},{"date":"2021-05-10","product":"COPERNICUS/S1_GRD","band":"VV","value":-4.2681,"farmer_unique_id":"3961554","site_id":5027},{"date":"2021-05-15","product":"COPERNICUS/S1_GRD","band":"VV","value":-6.2788,"farmer_unique_id":"3961554","site_id":5027},{"date":"2021-05-22","product":"COPERNICUS/S1_GRD","band":"VV","value":-6.7006,"farmer_unique_id":"3961554","site_id":5027},{"date":"2021-05-27","product":"COPERNICUS/S1_GRD","band":"VV","value":-8.413,"farmer_unique_id":"3961554","site_id":5027},{"date":"2021-06-03","product":"COPERNICUS/S1_GRD","band":"VV","value":-7.9142,"farmer_unique_id":"3961554","site_id":5027},{"date":"2021-06-08","product":"COPERNICUS/S1_GRD","band":"VV","value":-7.5971,"farmer_unique_id":"3961554","site_id":5027},{"date":"2021-06-15","product":"COPERNICUS/S1_GRD","band":"VV","value":-8.9035,"farmer_unique_id":"3961554","site_id":5027},{"date":"2021-06-20","product":"COPERNICUS/S1_GRD","band":"VV","value":-10.0658,"farmer_unique_id":"3961554","site_id":5027},{"date":"2021-06-27","product":"COPERNICUS/S1_GRD","band":"VV","value":-11.081,"farmer_unique_id":"3961554","site_id":5027},{"date":"2021-07-02","product":"COPERNICUS/S1_GRD","band":"VV","value":-9.4985,"farmer_unique_id":"3961554","site_id":5027},{"date":"2021-07-09","product":"COPERNICUS/S1_GRD","band":"VV","value":-8.0352,"farmer_unique_id":"3961554","site_id":5027},{"date":"2021-07-14","product":"COPERNICUS/S1_GRD","band":"VV","value":-13.134,"farmer_unique_id":"3961554","site_id":5027},{"date":"2021-07-21","product":"COPERNICUS/S1_GRD","band":"VV","value":-7.4159,"farmer_unique_id":"3961554","site_id":5027},{"date":"2021-07-26","product":"COPERNICUS/S1_GRD","band":"VV","value":-7.5173,"farmer_unique_id":"3961554","site_id":5027},{"date":"2021-08-02","product":"COPERNICUS/S1_GRD","band":"VV","value":-8.5119,"farmer_unique_id":"3961554","site_id":5027},{"date":"2021-08-07","product":"COPERNICUS/S1_GRD","band":"VV","value":-6.8804,"farmer_unique_id":"3961554","site_id":5027},{"date":"2021-08-14","product":"COPERNICUS/S1_GRD","band":"VV","value":-3.3123,"farmer_unique_id":"3961554","site_id":5027},{"date":"2021-08-19","product":"COPERNICUS/S1_GRD","band":"VV","value":-9.1695,"farmer_unique_id":"3961554","site_id":5027},{"date":"2021-08-26","product":"COPERNICUS/S1_GRD","band":"VV","value":-4.8286,"farmer_unique_id":"3961554","site_id":5027},{"date":"2021-08-31","product":"COPERNICUS/S1_GRD","band":"VV","value":-11.2155,"farmer_unique_id":"3961554","site_id":5027},{"date":"2021-09-07","product":"COPERNICUS/S1_GRD","band":"VV","value":-6.8612,"farmer_unique_id":"3961554","site_id":5027},{"date":"2021-09-12","product":"COPERNICUS/S1_GRD","band":"VV","value":-6.8944,"farmer_unique_id":"3961554","site_id":5027},{"date":"2021-09-19","product":"COPERNICUS/S1_GRD","band":"VV","value":-9.7777,"farmer_unique_id":"3961554","site_id":5027},{"date":"2021-09-24","product":"COPERNICUS/S1_GRD","band":"VV","value":-9.6559,"farmer_unique_id":"3961554","site_id":5027},{"date":"2021-10-01","product":"COPERNICUS/S1_GRD","band":"VV","value":-7.371,"farmer_unique_id":"3961554","site_id":5027},{"date":"2021-10-06","product":"COPERNICUS/S1_GRD","band":"VV","value":-9.2798,"farmer_unique_id":"3961554","site_id":5027},{"date":"2021-10-13","product":"COPERNICUS/S1_GRD","band":"VV","value":-7.6854,"farmer_unique_id":"3961554","site_id":5027},{"date":"2021-10-18","product":"COPERNICUS/S1_GRD","band":"VV","value":-7.4581,"farmer_unique_id":"3961554","site_id":5027},{"date":"2021-10-25","product":"COPERNICUS/S1_GRD","band":"VV","farmer_unique_id":"3961554","site_id":5027},{"date":"2021-10-30","product":"COPERNICUS/S1_GRD","band":"VV","value":-11.7315,"farmer_unique_id":"3961554","site_id":5027},{"date":"2021-11-06","product":"COPERNICUS/S1_GRD","band":"VV","value":-7.048,"farmer_unique_id":"3961554","site_id":5027},{"date":"2021-11-11","product":"COPERNICUS/S1_GRD","band":"VV","value":-11.1556,"farmer_unique_id":"3961554","site_id":5027},{"date":"2021-11-18","product":"COPERNICUS/S1_GRD","band":"VV","value":-9.6106,"farmer_unique_id":"3961554","site_id":5027},{"date":"2021-11-23","product":"COPERNICUS/S1_GRD","band":"VV","value":-10.5359,"farmer_unique_id":"3961554","site_id":5027},{"date":"2021-11-30","product":"COPERNICUS/S1_GRD","band":"VV","value":-8.3361,"farmer_unique_id":"3961554","site_id":5027},{"date":"2021-12-05","product":"COPERNICUS/S1_GRD","band":"VV","value":-7.8643,"farmer_unique_id":"3961554","site_id":5027},{"date":"2021-12-12","product":"COPERNICUS/S1_GRD","band":"VV","value":-10.4591,"farmer_unique_id":"3961554","site_id":5027},{"date":"2021-12-17","product":"COPERNICUS/S1_GRD","band":"VV","value":-9.221,"farmer_unique_id":"3961554","site_id":5027},{"date":"2021-12-24","product":"COPERNICUS/S1_GRD","band":"VV","value":-7.0153,"farmer_unique_id":"3961554","site_id":5027},{"date":"2021-12-29","product":"COPERNICUS/S1_GRD","band":"VV","value":-8.3916,"farmer_unique_id":"3961554","site_id":5027}]
