[{"date":"2020-01-04","product":"COPERNICUS/S1_GRD","band":"VH","value":-14.5338,"farmer_unique_id":"1932699","site_id":10010},{"date":"2020-01-09","product":"COPERNICUS/S1_GRD","band":"VH","value":-15.5685,"farmer_unique_id":"1932699","site_id":10010},{"date":"2020-01-16","product":"COPERNICUS/S1_GRD","band":"VH","value":-24.139,"farmer_unique_id":"1932699","site_id":10010},{"date":"2020-01-21","product":"COPERNICUS/S1_GRD","band":"VH","value":-14.209,"farmer_unique_id":"1932699","site_id":10010},{"date":"2020-01-28","product":"COPERNICUS/S1_GRD","band":"VH","value":-17.2704,"farmer_unique_id":"1932699","site_id":10010},{"date":"2020-02-02","product":"COPERNICUS/S1_GRD","band":"VH","value":-16.394,"farmer_unique_id":"1932699","site_id":10010},{"date":"2020-02-09","product":"COPERNICUS/S1_GRD","band":"VH","value":-17.6096,"farmer_unique_id":"1932699","site_id":10010},{"date":"2020-02-14","product":"COPERNICUS/S1_GRD","band":"VH","value":-15.8004,"farmer_unique_id":"1932699","site_id":10010},{"date":"2020-02-21","product":"COPERNICUS/S1_GRD","band":"VH","value":-14.3612,"farmer_unique_id":"1932699","site_id":10010},{"date":"2020-02-26","product":"COPERNICUS/S1_GRD","band":"VH","value":-13.3004,"farmer_unique_id":"1932699","site_id":10010},{"date":"2020-03-04","product":"COPERNICUS/S1_GRD","band":"VH","value":-12.3953,"farmer_unique_id":"1932699","site_id":10010},{"date":"2020-03-09","product":"COPERNICUS/S1_GRD","band":"VH","value":-14.3959,"farmer_unique_id":"1932699","site_id":10010},{"date":"2020-03-16","product":"COPERNICUS/S1_GRD","band":"VH","value":-16.9797,"farmer_unique_id":"1932699","site_id":10010},{"date":"2020-03-21","product":"COPERNICUS/S1_GRD","band":"VH","value":-16.9109,"farmer_unique_id":"1932699","site_id":10010},{"date":"2020-03-28","product":"COPERNICUS/S1_GRD","band":"VH","value":-11.0169,"farmer_unique_id":"1932699","site_id":10010},{"date":"2020-04-02","product":"COPERNICUS/S1_GRD","band":"VH","value":-14.5017,"farmer_unique_id":"1932699","site_id":10010},{"date":"2020-04-09","product":"COPERNICUS/S1_GRD","band":"VH","value":-13.0351,"farmer_unique_id":"1932699","site_id":10010},{"date":"2020-04-14","product":"COPERNICUS/S1_GRD","band":"VH","value":-15.5685,"farmer_unique_id":"1932699","site_id":10010},{"date":"2020-04-21","product":"COPERNICUS/S1_GRD","band":"VH","value":-13.2999,"farmer_unique_id":"1932699","site_id":10010},{"date":"2020-04-26","product":"COPERNICUS/S1_GRD","band":"VH","value":-13.3596,"farmer_unique_id":"1932699","site_id":10010},{"date":"2020-05-03","product":"COPERNICUS/S1_GRD","band":"VH","value":-18.0924,"farmer_unique_id":"1932699","site_id":10010},{"date":"2020-05-08","product":"COPERNICUS/S1_GRD","band":"VH","value":-15.7496,"farmer_unique_id":"1932699","site_id":10010},{"date":"2020-05-15","product":"COPERNICUS/S1_GRD","band":"VH","value":-16.5113,"farmer_unique_id":"1932699","site_id":10010},{"date":"2020-05-20","product":"COPERNICUS/S1_GRD","band":"VH","value":-15.5043,"farmer_unique_id":"1932699","site_id":10010},{"date":"2020-05-27","product":"COPERNICUS/S1_GRD","band":"VH","value":-16.9119,"farmer_unique_id":"1932699","site_id":10010},{"date":"2020-06-01","product":"COPERNICUS/S1_GRD","band":"VH","value":-16.6395,"farmer_unique_id":"1932699","site_id":10010},{"date":"2020-06-08","product":"COPERNICUS/S1_GRD","band":"VH","value":-17.8298,"farmer_unique_id":"1932699","site_id":10010},{"date":"2020-06-13","product":"COPERNICUS/S1_GRD","band":"VH","value":-11.9481,"farmer_unique_id":"1932699","site_id":10010},{"date":"2020-06-20","product":"COPERNICUS/S1_GRD","band":"VH","value":-15.6881,"farmer_unique_id":"1932699","site_id":10010},{"date":"2020-06-25","product":"COPERNICUS/S1_GRD","band":"VH","value":-18.4125,"farmer_unique_id":"1932699","site_id":10010},{"date":"2020-07-02","product":"COPERNICUS/S1_GRD","band":"VH","value":-16.7984,"farmer_unique_id":"1932699","site_id":10010},{"date":"2020-07-07","product":"COPERNICUS/S1_GRD","band":"VH","value":-14.5268,"farmer_unique_id":"1932699","site_id":10010},{"date":"2020-07-14","product":"COPERNICUS/S1_GRD","band":"VH","value":-16.1497,"farmer_unique_id":"1932699","site_id":10010},{"date":"2020-07-19","product":"COPERNICUS/S1_GRD","band":"VH","value":-18.7977,"farmer_unique_id":"1932699","site_id":10010},{"date":"2020-07-26","product":"COPERNICUS/S1_GRD","band":"VH","value":-18.2488,"farmer_unique_id":"1932699","site_id":10010},{"date":"2020-07-31","product":"COPERNICUS/S1_GRD","band":"VH","value":-15.0279,"farmer_unique_id":"1932699","site_id":10010},{"date":"2020-08-07","product":"COPERNICUS/S1_GRD","band":"VH","value":-16.1066,"farmer_unique_id":"1932699","site_id":10010},{"date":"2020-08-12","product":"COPERNICUS/S1_GRD","band":"VH","farmer_unique_id":"1932699","site_id":10010},{"date":"2020-08-19","product":"COPERNICUS/S1_GRD","band":"VH","value":-12.5389,"farmer_unique_id":"1932699","site_id":10010},{"date":"2020-08-24","product":"COPERNICUS/S1_GRD","band":"VH","value":-15.7817,"farmer_unique_id":"1932699","site_id":10010},{"date":"2020-08-31","product":"COPERNICUS/S1_GRD","band":"VH","value":-16.1987,"farmer_unique_id":"1932699","site_id":10010},{"date":"2020-09-05","product":"COPERNICUS/S1_GRD","band":"VH","value":-16.5029,"farmer_unique_id":"1932699","site_id":10010},{"date":"2020-09-12","product":"COPERNICUS/S1_GRD","band":"VH","value":-17.5867,"farmer_unique_id":"1932699","site_id":10010},{"date":"2020-09-17","product":"COPERNICUS/S1_GRD","band":"VH","value":-16.3865,"farmer_unique_id":"1932699","site_id":10010},{"date":"2020-09-24","product":"COPERNICUS/S1_GRD","band":"VH","value":-18.4657,"farmer_unique_id":"1932699","site_id":10010},{"date":"2020-09-29","product":"COPERNICUS/S1_GRD","band":"VH","value":-18.6674,"farmer_unique_id":"1932699","site_id":10010},{"date":"2020-10-06","product":"COPERNICUS/S1_GRD","band":"VH","value":-14.1659,"farmer_unique_id":"1932699","site_id":10010},{"date":"2020-10-11","product":"COPERNICUS/S1_GRD","band":"VH","value":-15.8144,"farmer_unique_id":"1932699","site_id":10010},{"date":"2020-10-18","product":"COPERNICUS/S1_GRD","band":"VH","value":-15.6036,"farmer_unique_id":"1932699","site_id":10010},{"date":"2020-10-23","product":"COPERNICUS/S1_GRD","band":"VH","value":-17.7963,"farmer_unique_id":"1932699","site_id":10010},{"date":"2020-10-30","product":"COPERNICUS/S1_GRD","band":"VH","value":-20.6916,"farmer_unique_id":"1932699","site_id":10010},{"date":"2020-11-04","product":"COPERNICUS/S1_GRD","band":"VH","value":-17.6787,"farmer_unique_id":"1932699","site_id":10010},{"date":"2020-11-11","product":"COPERNICUS/S1_GRD","band":"VH","value":-17.4992,"farmer_unique_id":"1932699","site_id":10010},{"date":"2020-11-16","product":"COPERNICUS/S1_GRD","band":"VH","value":-17.6134,"farmer_unique_id":"1932699","site_id":10010},{"date":"2020-11-23","product":"COPERNICUS/S1_GRD","band":"VH","value":-20.0049,"farmer_unique_id":"1932699","site_id":10010},{"date":"2020-11-28","product":"COPERNICUS/S1_GRD","band":"VH","value":-10.6148,"farmer_unique_id":"1932699","site_id":10010},{"date":"2020-12-05","product":"COPERNICUS/S1_GRD","band":"VH","value":-14.4711,"farmer_unique_id":"1932699","site_id":10010},{"date":"2020-12-10","product":"COPERNICUS/S1_GRD","band":"VH","value":-17.1636,"farmer_unique_id":"1932699","site_id":10010},{"date":"2020-12-17","product":"COPERNICUS/S1_GRD","band":"VH","value":-21.7494,"farmer_unique_id":"1932699","site_id":10010},{"date":"2020-12-22","product":"COPERNICUS/S1_GRD","band":"VH","value":-15.2553,"farmer_unique_id":"1932699","site_id":10010},{"date":"2020-12-29","product":"COPERNICUS/S1_GRD","band":"VH","value":-18.3012,"farmer_unique_id":"1932699","site_id":10010},{"date":"2021-01-03","product":"COPERNICUS/S1_GRD","band":"VH","value":-17.3088,"farmer_unique_id":"1932699","site_id":10010},{"date":"2021-01-10","product":"COPERNICUS/S1_GRD","band":"VH","value":-16.023,"farmer_unique_id":"1932699","site_id":10010},{"date":"2021-01-15","product":"COPERNICUS/S1_GRD","band":"VH","value":-15.3472,"farmer_unique_id":"1932699","site_id":10010},{"date":"2021-01-22","product":"COPERNICUS/S1_GRD","band":"VH","value":-17.1871,"farmer_unique_id":"1932699","site_id":10010},{"date":"2021-01-27","product":"COPERNICUS/S1_GRD","band":"VH","value":-14.6738,"farmer_unique_id":"1932699","site_id":10010},{"date":"2021-02-03","product":"COPERNICUS/S1_GRD","band":"VH","value":-18.7712,"farmer_unique_id":"1932699","site_id":10010},{"date":"2021-02-08","product":"COPERNICUS/S1_GRD","band":"VH","value":-13.7281,"farmer_unique_id":"1932699","site_id":10010},{"date":"2021-02-15","product":"COPERNICUS/S1_GRD","band":"VH","value":-16.9022,"farmer_unique_id":"1932699","site_id":10010},{"date":"2021-02-20","product":"COPERNICUS/S1_GRD","band":"VH","value":-17.2535,"farmer_unique_id":"1932699","site_id":10010},{"date":"2021-02-27","product":"COPERNICUS/S1_GRD","band":"VH","value":-15.5959,"farmer_unique_id":"1932699","site_id":10010},{"date":"2021-03-04","product":"COPERNICUS/S1_GRD","band":"VH","value":-17.6965,"farmer_unique_id":"1932699","site_id":10010},{"date":"2021-03-11","product":"COPERNICUS/S1_GRD","band":"VH","value":-16.2884,"farmer_unique_id":"1932699","site_id":10010},{"date":"2021-03-16","product":"COPERNICUS/S1_GRD","band":"VH","value":-18.7793,"farmer_unique_id":"1932699","site_id":10010},{"date":"2021-03-23","product":"COPERNICUS/S1_GRD","band":"VH","value":-14.9843,"farmer_unique_id":"1932699","site_id":10010},{"date":"2021-03-28","product":"COPERNICUS/S1_GRD","band":"VH","value":-18.9925,"farmer_unique_id":"1932699","site_id":10010},{"date":"2021-04-04","product":"COPERNICUS/S1_GRD","band":"VH","value":-16.5554,"farmer_unique_id":"1932699","site_id":10010},{"date":"2021-04-09","product":"COPERNICUS/S1_GRD","band":"VH","value":-15.4652,"farmer_unique_id":"1932699","site_id":10010},{"date":"2021-04-16","product":"COPERNICUS/S1_GRD","band":"VH","value":-15.7192,"farmer_unique_id":"1932699","site_id":10010},{"date":"2021-04-21","product":"COPERNICUS/S1_GRD","band":"VH","value":-19.4001,"farmer_unique_id":"1932699","site_id":10010},{"date":"2021-04-28","product":"COPERNICUS/S1_GRD","band":"VH","value":-13.6773,"farmer_unique_id":"1932699","site_id":10010},{"date":"2021-05-03","product":"COPERNICUS/S1_GRD","band":"VH","value":-13.2982,"farmer_unique_id":"1932699","site_id":10010},{"date":"2021-05-10","product":"COPERNICUS/S1_GRD","band":"VH","value":-11.7102,"farmer_unique_id":"1932699","site_id":10010},{"date":"2021-05-15","product":"COPERNICUS/S1_GRD","band":"VH","value":-20.3805,"farmer_unique_id":"1932699","site_id":10010},{"date":"2021-05-22","product":"COPERNICUS/S1_GRD","band":"VH","value":-14.9668,"farmer_unique_id":"1932699","site_id":10010},{"date":"2021-05-27","product":"COPERNICUS/S1_GRD","band":"VH","value":-14.3072,"farmer_unique_id":"1932699","site_id":10010},{"date":"2021-06-03","product":"COPERNICUS/S1_GRD","band":"VH","value":-14.3623,"farmer_unique_id":"1932699","site_id":10010},{"date":"2021-06-08","product":"COPERNICUS/S1_GRD","band":"VH","value":-16.6651,"farmer_unique_id":"1932699","site_id":10010},{"date":"2021-06-15","product":"COPERNICUS/S1_GRD","band":"VH","value":-11.4307,"farmer_unique_id":"1932699","site_id":10010},{"date":"2021-06-20","product":"COPERNICUS/S1_GRD","band":"VH","value":-16.1033,"farmer_unique_id":"1932699","site_id":10010},{"date":"2021-06-27","product":"COPERNICUS/S1_GRD","band":"VH","value":-19.7197,"farmer_unique_id":"1932699","site_id":10010},{"date":"2021-07-02","product":"COPERNICUS/S1_GRD","band":"VH","value":-15.177,"farmer_unique_id":"1932699","site_id":10010},{"date":"2021-07-09","product":"COPERNICUS/S1_GRD","band":"VH","value":-16.3084,"farmer_unique_id":"1932699","site_id":10010},{"date":"2021-07-14","product":"COPERNICUS/S1_GRD","band":"VH","value":-15.516,"farmer_unique_id":"1932699","site_id":10010},{"date":"2021-07-21","product":"COPERNICUS/S1_GRD","band":"VH","value":-14.8983,"farmer_unique_id":"1932699","site_id":10010},{"date":"2021-07-26","product":"COPERNICUS/S1_GRD","band":"VH","value":-14.2932,"farmer_unique_id":"1932699","site_id":10010},{"date":"2021-08-02","product":"COPERNICUS/S1_GRD","band":"VH","value":-17.4988,"farmer_unique_id":"1932699","site_id":10010},{"date":"2021-08-07","product":"COPERNICUS/S1_GRD","band":"VH","value":-15.8339,"farmer_unique_id":"1932699","site_id":10010},{"date":"2021-08-14","product":"COPERNICUS/S1_GRD","band":"VH","value":-18.2101,"farmer_unique_id":"1932699","site_id":10010},{"date":"2021-08-19","product":"COPERNICUS/S1_GRD","band":"VH","value":-15.8013,"farmer_unique_id":"1932699","site_id":10010},{"date":"2021-08-26","product":"COPERNICUS/S1_GRD","band":"VH","value":-20.5068,"farmer_unique_id":"1932699","site_id":10010},{"date":"2021-08-31","product":"COPERNICUS/S1_GRD","band":"VH","value":-14.7687,"farmer_unique_id":"1932699","site_id":10010},{"date":"2021-09-07","product":"COPERNICUS/S1_GRD","band":"VH","value":-13.6775,"farmer_unique_id":"1932699","site_id":10010},{"date":"2021-09-12","product":"COPERNICUS/S1_GRD","band":"VH","value":-12.2116,"farmer_unique_id":"1932699","site_id":10010},{"date":"2021-09-19","product":"COPERNICUS/S1_GRD","band":"VH","value":-13.9537,"farmer_unique_id":"1932699","site_id":10010},{"date":"2021-09-24","product":"COPERNICUS/S1_GRD","band":"VH","value":-16.1535,"farmer_unique_id":"1932699","site_id":10010},{"date":"2021-10-01","product":"COPERNICUS/S1_GRD","band":"VH","value":-12.9604,"farmer_unique_id":"1932699","site_id":10010},{"date":"2021-10-06","product":"COPERNICUS/S1_GRD","band":"VH","value":-17.233,"farmer_unique_id":"1932699","site_id":10010},{"date":"2021-10-13","product":"COPERNICUS/S1_GRD","band":"VH","value":-13.9619,"farmer_unique_id":"1932699","site_id":10010},{"date":"2021-10-18","product":"COPERNICUS/S1_GRD","band":"VH","value":-13.4416,"farmer_unique_id":"1932699","site_id":10010},{"date":"2021-10-25","product":"COPERNICUS/S1_GRD","band":"VH","value":-18.4555,"farmer_unique_id":"1932699","site_id":10010},{"date":"2021-10-30","product":"COPERNICUS/S1_GRD","band":"VH","value":-16.3684,"farmer_unique_id":"1932699","site_id":10010},{"date":"2021-11-11","product":"COPERNICUS/S1_GRD","band":"VH","value":-18.6646,"farmer_unique_id":"1932699","site_id":10010},{"date":"2021-11-18","product":"COPERNICUS/S1_GRD","band":"VH","value":-16.0495,"farmer_unique_id":"1932699","site_id":10010},{"date":"2021-11-23","product":"COPERNICUS/S1_GRD","band":"VH","value":-20.5962,"farmer_unique_id":"1932699","site_id":10010},{"date":"2021-11-30","product":"COPERNICUS/S1_GRD","band":"VH","value":-15.4113,"farmer_unique_id":"1932699","site_id":10010},{"date":"2021-12-05","product":"COPERNICUS/S1_GRD","band":"VH","value":-16.8813,"farmer_unique_id":"1932699","site_id":10010},{"date":"2021-12-12","product":"COPERNICUS/S1_GRD","band":"VH","value":-16.3674,"farmer_unique_id":"1932699","site_id":10010},{"date":"2021-12-17","product":"COPERNICUS/S1_GRD","band":"VH","value":-17.9439,"farmer_unique_id":"1932699","site_id":10010},{"date":"2021-12-24","product":"COPERNICUS/S1_GRD","band":"VH","value":-14.2105,"farmer_unique_id":"1932699","site_id":10010},{"date":"2021-12-29","product":"COPERNICUS/S1_GRD","band":"VH","value":-18.671,"farmer_unique_id":"1932699","site_id":10010},{"date":"2020-01-04","product":"COPERNICUS/S1_GRD","band":"VV","value":-8.8335,"farmer_unique_id":"1932699","site_id":10010},{"date":"2020-01-09","product":"COPERNICUS/S1_GRD","band":"VV","value":-11.6689,"farmer_unique_id":"1932699","site_id":10010},{"date":"2020-01-16","product":"COPERNICUS/S1_GRD","band":"VV","value":-10.451,"farmer_unique_id":"1932699","site_id":10010},{"date":"2020-01-21","product":"COPERNICUS/S1_GRD","band":"VV","value":-9.8144,"farmer_unique_id":"1932699","site_id":10010},{"date":"2020-01-28","product":"COPERNICUS/S1_GRD","band":"VV","value":-11.6633,"farmer_unique_id":"1932699","site_id":10010},{"date":"2020-02-02","product":"COPERNICUS/S1_GRD","band":"VV","value":-8.9122,"farmer_unique_id":"1932699","site_id":10010},{"date":"2020-02-09","product":"COPERNICUS/S1_GRD","band":"VV","value":-11.0415,"farmer_unique_id":"1932699","site_id":10010},{"date":"2020-02-14","product":"COPERNICUS/S1_GRD","band":"VV","value":-16.3262,"farmer_unique_id":"1932699","site_id":10010},{"date":"2020-02-21","product":"COPERNICUS/S1_GRD","band":"VV","value":-6.8403,"farmer_unique_id":"1932699","site_id":10010},{"date":"2020-02-26","product":"COPERNICUS/S1_GRD","band":"VV","value":-11.1704,"farmer_unique_id":"1932699","site_id":10010},{"date":"2020-03-04","product":"COPERNICUS/S1_GRD","band":"VV","value":-6.0293,"farmer_unique_id":"1932699","site_id":10010},{"date":"2020-03-09","product":"COPERNICUS/S1_GRD","band":"VV","value":-9.107,"farmer_unique_id":"1932699","site_id":10010},{"date":"2020-03-16","product":"COPERNICUS/S1_GRD","band":"VV","value":-8.2403,"farmer_unique_id":"1932699","site_id":10010},{"date":"2020-03-21","product":"COPERNICUS/S1_GRD","band":"VV","value":-9.8107,"farmer_unique_id":"1932699","site_id":10010},{"date":"2020-03-28","product":"COPERNICUS/S1_GRD","band":"VV","value":-7.4176,"farmer_unique_id":"1932699","site_id":10010},{"date":"2020-04-02","product":"COPERNICUS/S1_GRD","band":"VV","value":-12.4312,"farmer_unique_id":"1932699","site_id":10010},{"date":"2020-04-09","product":"COPERNICUS/S1_GRD","band":"VV","value":-12.4309,"farmer_unique_id":"1932699","site_id":10010},{"date":"2020-04-14","product":"COPERNICUS/S1_GRD","band":"VV","value":-8.3436,"farmer_unique_id":"1932699","site_id":10010},{"date":"2020-04-21","product":"COPERNICUS/S1_GRD","band":"VV","value":-9.1081,"farmer_unique_id":"1932699","site_id":10010},{"date":"2020-04-26","product":"COPERNICUS/S1_GRD","band":"VV","value":-8.2839,"farmer_unique_id":"1932699","site_id":10010},{"date":"2020-05-03","product":"COPERNICUS/S1_GRD","band":"VV","value":-5.9752,"farmer_unique_id":"1932699","site_id":10010},{"date":"2020-05-08","product":"COPERNICUS/S1_GRD","band":"VV","value":-10.5864,"farmer_unique_id":"1932699","site_id":10010},{"date":"2020-05-15","product":"COPERNICUS/S1_GRD","band":"VV","value":-6.0545,"farmer_unique_id":"1932699","site_id":10010},{"date":"2020-05-20","product":"COPERNICUS/S1_GRD","band":"VV","value":-9.8434,"farmer_unique_id":"1932699","site_id":10010},{"date":"2020-05-27","product":"COPERNICUS/S1_GRD","band":"VV","value":-12.2698,"farmer_unique_id":"1932699","site_id":10010},{"date":"2020-06-01","product":"COPERNICUS/S1_GRD","band":"VV","value":-9.0333,"farmer_unique_id":"1932699","site_id":10010},{"date":"2020-06-08","product":"COPERNICUS/S1_GRD","band":"VV","value":-11.002,"farmer_unique_id":"1932699","site_id":10010},{"date":"2020-06-13","product":"COPERNICUS/S1_GRD","band":"VV","value":-12.5059,"farmer_unique_id":"1932699","site_id":10010},{"date":"2020-06-20","product":"COPERNICUS/S1_GRD","band":"VV","value":-11.4902,"farmer_unique_id":"1932699","site_id":10010},{"date":"2020-06-25","product":"COPERNICUS/S1_GRD","band":"VV","value":-10.9407,"farmer_unique_id":"1932699","site_id":10010},{"date":"2020-07-02","product":"COPERNICUS/S1_GRD","band":"VV","value":-13.273,"farmer_unique_id":"1932699","site_id":10010},{"date":"2020-07-07","product":"COPERNICUS/S1_GRD","band":"VV","value":-10.2194,"farmer_unique_id":"1932699","site_id":10010},{"date":"2020-07-14","product":"COPERNICUS/S1_GRD","band":"VV","value":-8.5259,"farmer_unique_id":"1932699","site_id":10010},{"date":"2020-07-19","product":"COPERNICUS/S1_GRD","band":"VV","value":-10.2091,"farmer_unique_id":"1932699","site_id":10010},{"date":"2020-07-26","product":"COPERNICUS/S1_GRD","band":"VV","value":-6.7546,"farmer_unique_id":"1932699","site_id":10010},{"date":"2020-07-31","product":"COPERNICUS/S1_GRD","band":"VV","value":-13.2352,"farmer_unique_id":"1932699","site_id":10010},{"date":"2020-08-07","product":"COPERNICUS/S1_GRD","band":"VV","value":-6.6291,"farmer_unique_id":"1932699","site_id":10010},{"date":"2020-08-12","product":"COPERNICUS/S1_GRD","band":"VV","value":-12.3324,"farmer_unique_id":"1932699","site_id":10010},{"date":"2020-08-19","product":"COPERNICUS/S1_GRD","band":"VV","value":-8.8367,"farmer_unique_id":"1932699","site_id":10010},{"date":"2020-08-24","product":"COPERNICUS/S1_GRD","band":"VV","value":-8.9428,"farmer_unique_id":"1932699","site_id":10010},{"date":"2020-08-31","product":"COPERNICUS/S1_GRD","band":"VV","value":-5.4563,"farmer_unique_id":"1932699","site_id":10010},{"date":"2020-09-05","product":"COPERNICUS/S1_GRD","band":"VV","value":-9.2414,"farmer_unique_id":"1932699","site_id":10010},{"date":"2020-09-12","product":"COPERNICUS/S1_GRD","band":"VV","value":-11.8903,"farmer_unique_id":"1932699","site_id":10010},{"date":"2020-09-17","product":"COPERNICUS/S1_GRD","band":"VV","value":-10.5318,"farmer_unique_id":"1932699","site_id":10010},{"date":"2020-09-24","product":"COPERNICUS/S1_GRD","band":"VV","value":-11.39,"farmer_unique_id":"1932699","site_id":10010},{"date":"2020-09-29","product":"COPERNICUS/S1_GRD","band":"VV","value":-11.7428,"farmer_unique_id":"1932699","site_id":10010},{"date":"2020-10-06","product":"COPERNICUS/S1_GRD","band":"VV","value":-6.6774,"farmer_unique_id":"1932699","site_id":10010},{"date":"2020-10-11","product":"COPERNICUS/S1_GRD","band":"VV","value":-12.2337,"farmer_unique_id":"1932699","site_id":10010},{"date":"2020-10-18","product":"COPERNICUS/S1_GRD","band":"VV","value":-6.6636,"farmer_unique_id":"1932699","site_id":10010},{"date":"2020-10-23","product":"COPERNICUS/S1_GRD","band":"VV","value":-6.4775,"farmer_unique_id":"1932699","site_id":10010},{"date":"2020-10-30","product":"COPERNICUS/S1_GRD","band":"VV","value":-8.7519,"farmer_unique_id":"1932699","site_id":10010},{"date":"2020-11-04","product":"COPERNICUS/S1_GRD","band":"VV","value":-9.9701,"farmer_unique_id":"1932699","site_id":10010},{"date":"2020-11-11","product":"COPERNICUS/S1_GRD","band":"VV","value":-7.4392,"farmer_unique_id":"1932699","site_id":10010},{"date":"2020-11-16","product":"COPERNICUS/S1_GRD","band":"VV","value":-10.5216,"farmer_unique_id":"1932699","site_id":10010},{"date":"2020-11-23","product":"COPERNICUS/S1_GRD","band":"VV","value":-9.0062,"farmer_unique_id":"1932699","site_id":10010},{"date":"2020-11-28","product":"COPERNICUS/S1_GRD","band":"VV","value":-8.911,"farmer_unique_id":"1932699","site_id":10010},{"date":"2020-12-05","product":"COPERNICUS/S1_GRD","band":"VV","value":-8.7721,"farmer_unique_id":"1932699","site_id":10010},{"date":"2020-12-10","product":"COPERNICUS/S1_GRD","band":"VV","value":-11.7409,"farmer_unique_id":"1932699","site_id":10010},{"date":"2020-12-17","product":"COPERNICUS/S1_GRD","band":"VV","value":-8.0706,"farmer_unique_id":"1932699","site_id":10010},{"date":"2020-12-22","product":"COPERNICUS/S1_GRD","band":"VV","value":-9.36,"farmer_unique_id":"1932699","site_id":10010},{"date":"2020-12-29","product":"COPERNICUS/S1_GRD","band":"VV","value":-13.3659,"farmer_unique_id":"1932699","site_id":10010},{"date":"2021-01-03","product":"COPERNICUS/S1_GRD","band":"VV","value":-10.4467,"farmer_unique_id":"1932699","site_id":10010},{"date":"2021-01-10","product":"COPERNICUS/S1_GRD","band":"VV","value":-11.2652,"farmer_unique_id":"1932699","site_id":10010},{"date":"2021-01-15","product":"COPERNICUS/S1_GRD","band":"VV","value":-10.055,"farmer_unique_id":"1932699","site_id":10010},{"date":"2021-01-22","product":"COPERNICUS/S1_GRD","band":"VV","value":-14.3223,"farmer_unique_id":"1932699","site_id":10010},{"date":"2021-01-27","product":"COPERNICUS/S1_GRD","band":"VV","value":-10.4254,"farmer_unique_id":"1932699","site_id":10010},{"date":"2021-02-03","product":"COPERNICUS/S1_GRD","band":"VV","value":-11.4159,"farmer_unique_id":"1932699","site_id":10010},{"date":"2021-02-08","product":"COPERNICUS/S1_GRD","band":"VV","value":-8.6889,"farmer_unique_id":"1932699","site_id":10010},{"date":"2021-02-15","product":"COPERNICUS/S1_GRD","band":"VV","value":-9.5794,"farmer_unique_id":"1932699","site_id":10010},{"date":"2021-02-20","product":"COPERNICUS/S1_GRD","band":"VV","value":-11.6466,"farmer_unique_id":"1932699","site_id":10010},{"date":"2021-02-27","product":"COPERNICUS/S1_GRD","band":"VV","value":-10.2282,"farmer_unique_id":"1932699","site_id":10010},{"date":"2021-03-04","product":"COPERNICUS/S1_GRD","band":"VV","value":-12.5898,"farmer_unique_id":"1932699","site_id":10010},{"date":"2021-03-11","product":"COPERNICUS/S1_GRD","band":"VV","value":-11.3236,"farmer_unique_id":"1932699","site_id":10010},{"date":"2021-03-16","product":"COPERNICUS/S1_GRD","band":"VV","value":-12.8864,"farmer_unique_id":"1932699","site_id":10010},{"date":"2021-03-23","product":"COPERNICUS/S1_GRD","band":"VV","value":-12.6508,"farmer_unique_id":"1932699","site_id":10010},{"date":"2021-03-28","product":"COPERNICUS/S1_GRD","band":"VV","value":-12.6201,"farmer_unique_id":"1932699","site_id":10010},{"date":"2021-04-04","product":"COPERNICUS/S1_GRD","band":"VV","value":-7.1049,"farmer_unique_id":"1932699","site_id":10010},{"date":"2021-04-09","product":"COPERNICUS/S1_GRD","band":"VV","value":-7.8237,"farmer_unique_id":"1932699","site_id":10010},{"date":"2021-04-16","product":"COPERNICUS/S1_GRD","band":"VV","value":-11.3946,"farmer_unique_id":"1932699","site_id":10010},{"date":"2021-04-21","product":"COPERNICUS/S1_GRD","band":"VV","value":-11.6104,"farmer_unique_id":"1932699","site_id":10010},{"date":"2021-04-28","product":"COPERNICUS/S1_GRD","band":"VV","value":-8.3162,"farmer_unique_id":"1932699","site_id":10010},{"date":"2021-05-03","product":"COPERNICUS/S1_GRD","band":"VV","value":-6.0961,"farmer_unique_id":"1932699","site_id":10010},{"date":"2021-05-10","product":"COPERNICUS/S1_GRD","band":"VV","value":-6.6164,"farmer_unique_id":"1932699","site_id":10010},{"date":"2021-05-15","product":"COPERNICUS/S1_GRD","band":"VV","value":-11.6548,"farmer_unique_id":"1932699","site_id":10010},{"date":"2021-05-22","product":"COPERNICUS/S1_GRD","band":"VV","value":-11.4797,"farmer_unique_id":"1932699","site_id":10010},{"date":"2021-05-27","product":"COPERNICUS/S1_GRD","band":"VV","value":-15.2126,"farmer_unique_id":"1932699","site_id":10010},{"date":"2021-06-03","product":"COPERNICUS/S1_GRD","band":"VV","value":-7.4531,"farmer_unique_id":"1932699","site_id":10010},{"date":"2021-06-08","product":"COPERNICUS/S1_GRD","band":"VV","value":-12.0311,"farmer_unique_id":"1932699","site_id":10010},{"date":"2021-06-15","product":"COPERNICUS/S1_GRD","band":"VV","value":-9.1268,"farmer_unique_id":"1932699","site_id":10010},{"date":"2021-06-20","product":"COPERNICUS/S1_GRD","band":"VV","value":-11.8554,"farmer_unique_id":"1932699","site_id":10010},{"date":"2021-06-27","product":"COPERNICUS/S1_GRD","band":"VV","value":-11.1985,"farmer_unique_id":"1932699","site_id":10010},{"date":"2021-07-02","product":"COPERNICUS/S1_GRD","band":"VV","value":-8.674,"farmer_unique_id":"1932699","site_id":10010},{"date":"2021-07-09","product":"COPERNICUS/S1_GRD","band":"VV","value":-8.8558,"farmer_unique_id":"1932699","site_id":10010},{"date":"2021-07-14","product":"COPERNICUS/S1_GRD","band":"VV","value":-10.5566,"farmer_unique_id":"1932699","site_id":10010},{"date":"2021-07-21","product":"COPERNICUS/S1_GRD","band":"VV","value":-11.1831,"farmer_unique_id":"1932699","site_id":10010},{"date":"2021-07-26","product":"COPERNICUS/S1_GRD","band":"VV","value":-10.2636,"farmer_unique_id":"1932699","site_id":10010},{"date":"2021-08-02","product":"COPERNICUS/S1_GRD","band":"VV","value":-10.5462,"farmer_unique_id":"1932699","site_id":10010},{"date":"2021-08-07","product":"COPERNICUS/S1_GRD","band":"VV","value":-10.0541,"farmer_unique_id":"1932699","site_id":10010},{"date":"2021-08-14","product":"COPERNICUS/S1_GRD","band":"VV","value":-12.2153,"farmer_unique_id":"1932699","site_id":10010},{"date":"2021-08-19","product":"COPERNICUS/S1_GRD","band":"VV","value":-10.5259,"farmer_unique_id":"1932699","site_id":10010},{"date":"2021-08-26","product":"COPERNICUS/S1_GRD","band":"VV","value":-10.7671,"farmer_unique_id":"1932699","site_id":10010},{"date":"2021-08-31","product":"COPERNICUS/S1_GRD","band":"VV","value":-10.3794,"farmer_unique_id":"1932699","site_id":10010},{"date":"2021-09-07","product":"COPERNICUS/S1_GRD","band":"VV","value":-8.5597,"farmer_unique_id":"1932699","site_id":10010},{"date":"2021-09-12","product":"COPERNICUS/S1_GRD","band":"VV","value":-7.5626,"farmer_unique_id":"1932699","site_id":10010},{"date":"2021-09-19","product":"COPERNICUS/S1_GRD","band":"VV","value":-8.5702,"farmer_unique_id":"1932699","site_id":10010},{"date":"2021-09-24","product":"COPERNICUS/S1_GRD","band":"VV","value":-9.0749,"farmer_unique_id":"1932699","site_id":10010},{"date":"2021-10-01","product":"COPERNICUS/S1_GRD","band":"VV","value":-9.6157,"farmer_unique_id":"1932699","site_id":10010},{"date":"2021-10-06","product":"COPERNICUS/S1_GRD","band":"VV","value":-10.7465,"farmer_unique_id":"1932699","site_id":10010},{"date":"2021-10-13","product":"COPERNICUS/S1_GRD","band":"VV","value":-7.432,"farmer_unique_id":"1932699","site_id":10010},{"date":"2021-10-18","product":"COPERNICUS/S1_GRD","band":"VV","value":-10.9934,"farmer_unique_id":"1932699","site_id":10010},{"date":"2021-10-25","product":"COPERNICUS/S1_GRD","band":"VV","value":-7.821,"farmer_unique_id":"1932699","site_id":10010},{"date":"2021-10-30","product":"COPERNICUS/S1_GRD","band":"VV","value":-10.1945,"farmer_unique_id":"1932699","site_id":10010},{"date":"2021-11-11","product":"COPERNICUS/S1_GRD","band":"VV","value":-11.2216,"farmer_unique_id":"1932699","site_id":10010},{"date":"2021-11-18","product":"COPERNICUS/S1_GRD","band":"VV","value":-11.3469,"farmer_unique_id":"1932699","site_id":10010},{"date":"2021-11-23","product":"COPERNICUS/S1_GRD","band":"VV","value":-10.7914,"farmer_unique_id":"1932699","site_id":10010},{"date":"2021-11-30","product":"COPERNICUS/S1_GRD","band":"VV","value":-8.6798,"farmer_unique_id":"1932699","site_id":10010},{"date":"2021-12-05","product":"COPERNICUS/S1_GRD","band":"VV","value":-13.1026,"farmer_unique_id":"1932699","site_id":10010},{"date":"2021-12-12","product":"COPERNICUS/S1_GRD","band":"VV","value":-9.1564,"farmer_unique_id":"1932699","site_id":10010},{"date":"2021-12-17","product":"COPERNICUS/S1_GRD","band":"VV","value":-11.0208,"farmer_unique_id":"1932699","site_id":10010},{"date":"2021-12-24","product":"COPERNICUS/S1_GRD","band":"VV","value":-8.3204,"farmer_unique_id":"1932699","site_id":10010},{"date":"2021-12-29","product":"COPERNICUS/S1_GRD","band":"VV","value":-10.9116,"farmer_unique_id":"1932699","site_id":10010}]
