[{"date":"2020-01-11","product":"COPERNICUS/S1_GRD","band":"VH","value":-17.4151,"farmer_unique_id":"ME3211","site_id":132},{"date":"2020-01-23","product":"COPERNICUS/S1_GRD","band":"VH","value":-18.9244,"farmer_unique_id":"ME3211","site_id":132},{"date":"2020-02-04","product":"COPERNICUS/S1_GRD","band":"VH","value":-14.1427,"farmer_unique_id":"ME3211","site_id":132},{"date":"2020-02-16","product":"COPERNICUS/S1_GRD","band":"VH","value":-12.1368,"farmer_unique_id":"ME3211","site_id":132},{"date":"2020-02-28","product":"COPERNICUS/S1_GRD","band":"VH","value":-13.4476,"farmer_unique_id":"ME3211","site_id":132},{"date":"2020-03-11","product":"COPERNICUS/S1_GRD","band":"VH","value":-13.7136,"farmer_unique_id":"ME3211","site_id":132},{"date":"2020-03-23","product":"COPERNICUS/S1_GRD","band":"VH","value":-14.7418,"farmer_unique_id":"ME3211","site_id":132},{"date":"2020-04-04","product":"COPERNICUS/S1_GRD","band":"VH","value":-20.8886,"farmer_unique_id":"ME3211","site_id":132},{"date":"2020-04-16","product":"COPERNICUS/S1_GRD","band":"VH","value":-17.3912,"farmer_unique_id":"ME3211","site_id":132},{"date":"2020-04-28","product":"COPERNICUS/S1_GRD","band":"VH","value":-17.8105,"farmer_unique_id":"ME3211","site_id":132},{"date":"2020-05-10","product":"COPERNICUS/S1_GRD","band":"VH","value":-15.6842,"farmer_unique_id":"ME3211","site_id":132},{"date":"2020-05-22","product":"COPERNICUS/S1_GRD","band":"VH","value":-15.8643,"farmer_unique_id":"ME3211","site_id":132},{"date":"2020-06-03","product":"COPERNICUS/S1_GRD","band":"VH","value":-13.1021,"farmer_unique_id":"ME3211","site_id":132},{"date":"2020-06-15","product":"COPERNICUS/S1_GRD","band":"VH","value":-12.8705,"farmer_unique_id":"ME3211","site_id":132},{"date":"2020-06-27","product":"COPERNICUS/S1_GRD","band":"VH","value":-12.7941,"farmer_unique_id":"ME3211","site_id":132},{"date":"2020-07-09","product":"COPERNICUS/S1_GRD","band":"VH","value":-12.1673,"farmer_unique_id":"ME3211","site_id":132},{"date":"2020-07-21","product":"COPERNICUS/S1_GRD","band":"VH","value":-18.435,"farmer_unique_id":"ME3211","site_id":132},{"date":"2020-08-02","product":"COPERNICUS/S1_GRD","band":"VH","value":-20.2497,"farmer_unique_id":"ME3211","site_id":132},{"date":"2020-08-14","product":"COPERNICUS/S1_GRD","band":"VH","value":-16.3662,"farmer_unique_id":"ME3211","site_id":132},{"date":"2020-08-26","product":"COPERNICUS/S1_GRD","band":"VH","value":-19.5158,"farmer_unique_id":"ME3211","site_id":132},{"date":"2020-09-07","product":"COPERNICUS/S1_GRD","band":"VH","value":-18.727,"farmer_unique_id":"ME3211","site_id":132},{"date":"2020-09-19","product":"COPERNICUS/S1_GRD","band":"VH","value":-21.9869,"farmer_unique_id":"ME3211","site_id":132},{"date":"2020-10-01","product":"COPERNICUS/S1_GRD","band":"VH","value":-17.5513,"farmer_unique_id":"ME3211","site_id":132},{"date":"2020-10-13","product":"COPERNICUS/S1_GRD","band":"VH","value":-19.9108,"farmer_unique_id":"ME3211","site_id":132},{"date":"2020-10-25","product":"COPERNICUS/S1_GRD","band":"VH","value":-20.1482,"farmer_unique_id":"ME3211","site_id":132},{"date":"2020-11-06","product":"COPERNICUS/S1_GRD","band":"VH","value":-15.8328,"farmer_unique_id":"ME3211","site_id":132},{"date":"2020-11-18","product":"COPERNICUS/S1_GRD","band":"VH","value":-18.1336,"farmer_unique_id":"ME3211","site_id":132},{"date":"2020-11-30","product":"COPERNICUS/S1_GRD","band":"VH","value":-15.655,"farmer_unique_id":"ME3211","site_id":132},{"date":"2020-12-12","product":"COPERNICUS/S1_GRD","band":"VH","value":-19.2315,"farmer_unique_id":"ME3211","site_id":132},{"date":"2020-12-24","product":"COPERNICUS/S1_GRD","band":"VH","value":-19.4704,"farmer_unique_id":"ME3211","site_id":132},{"date":"2021-01-05","product":"COPERNICUS/S1_GRD","band":"VH","value":-16.1248,"farmer_unique_id":"ME3211","site_id":132},{"date":"2021-01-17","product":"COPERNICUS/S1_GRD","band":"VH","value":-17.1199,"farmer_unique_id":"ME3211","site_id":132},{"date":"2021-01-29","product":"COPERNICUS/S1_GRD","band":"VH","value":-18.5053,"farmer_unique_id":"ME3211","site_id":132},{"date":"2021-02-10","product":"COPERNICUS/S1_GRD","band":"VH","value":-20.8683,"farmer_unique_id":"ME3211","site_id":132},{"date":"2021-02-22","product":"COPERNICUS/S1_GRD","band":"VH","value":-10.4744,"farmer_unique_id":"ME3211","site_id":132},{"date":"2021-03-06","product":"COPERNICUS/S1_GRD","band":"VH","value":-21.9836,"farmer_unique_id":"ME3211","site_id":132},{"date":"2021-03-18","product":"COPERNICUS/S1_GRD","band":"VH","value":-19.9277,"farmer_unique_id":"ME3211","site_id":132},{"date":"2021-03-30","product":"COPERNICUS/S1_GRD","band":"VH","value":-18.3593,"farmer_unique_id":"ME3211","site_id":132},{"date":"2021-04-11","product":"COPERNICUS/S1_GRD","band":"VH","value":-16.1762,"farmer_unique_id":"ME3211","site_id":132},{"date":"2021-04-23","product":"COPERNICUS/S1_GRD","band":"VH","value":-14.0817,"farmer_unique_id":"ME3211","site_id":132},{"date":"2021-05-05","product":"COPERNICUS/S1_GRD","band":"VH","value":-13.7244,"farmer_unique_id":"ME3211","site_id":132},{"date":"2021-05-17","product":"COPERNICUS/S1_GRD","band":"VH","value":-14.0489,"farmer_unique_id":"ME3211","site_id":132},{"date":"2021-05-29","product":"COPERNICUS/S1_GRD","band":"VH","value":-14.1489,"farmer_unique_id":"ME3211","site_id":132},{"date":"2021-06-10","product":"COPERNICUS/S1_GRD","band":"VH","value":-16.0589,"farmer_unique_id":"ME3211","site_id":132},{"date":"2021-06-22","product":"COPERNICUS/S1_GRD","band":"VH","value":-16.7356,"farmer_unique_id":"ME3211","site_id":132},{"date":"2021-07-04","product":"COPERNICUS/S1_GRD","band":"VH","value":-16.5852,"farmer_unique_id":"ME3211","site_id":132},{"date":"2021-07-16","product":"COPERNICUS/S1_GRD","band":"VH","value":-15.6136,"farmer_unique_id":"ME3211","site_id":132},{"date":"2021-07-28","product":"COPERNICUS/S1_GRD","band":"VH","value":-20.8173,"farmer_unique_id":"ME3211","site_id":132},{"date":"2021-08-09","product":"COPERNICUS/S1_GRD","band":"VH","value":-20.9929,"farmer_unique_id":"ME3211","site_id":132},{"date":"2021-08-21","product":"COPERNICUS/S1_GRD","band":"VH","value":-23.5391,"farmer_unique_id":"ME3211","site_id":132},{"date":"2021-09-02","product":"COPERNICUS/S1_GRD","band":"VH","value":-21.0734,"farmer_unique_id":"ME3211","site_id":132},{"date":"2021-09-14","product":"COPERNICUS/S1_GRD","band":"VH","value":-18.8265,"farmer_unique_id":"ME3211","site_id":132},{"date":"2021-09-26","product":"COPERNICUS/S1_GRD","band":"VH","value":-19.6224,"farmer_unique_id":"ME3211","site_id":132},{"date":"2021-10-08","product":"COPERNICUS/S1_GRD","band":"VH","value":-21.6444,"farmer_unique_id":"ME3211","site_id":132},{"date":"2021-10-20","product":"COPERNICUS/S1_GRD","band":"VH","value":-16.2453,"farmer_unique_id":"ME3211","site_id":132},{"date":"2021-11-01","product":"COPERNICUS/S1_GRD","band":"VH","value":-23.8708,"farmer_unique_id":"ME3211","site_id":132},{"date":"2021-11-13","product":"COPERNICUS/S1_GRD","band":"VH","value":-20.1387,"farmer_unique_id":"ME3211","site_id":132},{"date":"2021-11-25","product":"COPERNICUS/S1_GRD","band":"VH","value":-12.9595,"farmer_unique_id":"ME3211","site_id":132},{"date":"2021-12-07","product":"COPERNICUS/S1_GRD","band":"VH","value":-13.2574,"farmer_unique_id":"ME3211","site_id":132},{"date":"2021-12-19","product":"COPERNICUS/S1_GRD","band":"VH","value":-10.2167,"farmer_unique_id":"ME3211","site_id":132},{"date":"2020-01-11","product":"COPERNICUS/S1_GRD","band":"VV","value":-10.3044,"farmer_unique_id":"ME3211","site_id":132},{"date":"2020-01-23","product":"COPERNICUS/S1_GRD","band":"VV","value":-10.3738,"farmer_unique_id":"ME3211","site_id":132},{"date":"2020-02-04","product":"COPERNICUS/S1_GRD","band":"VV","value":-10.2723,"farmer_unique_id":"ME3211","site_id":132},{"date":"2020-02-16","product":"COPERNICUS/S1_GRD","band":"VV","value":-10.194,"farmer_unique_id":"ME3211","site_id":132},{"date":"2020-02-28","product":"COPERNICUS/S1_GRD","band":"VV","value":-8.6137,"farmer_unique_id":"ME3211","site_id":132},{"date":"2020-03-11","product":"COPERNICUS/S1_GRD","band":"VV","value":-7.6395,"farmer_unique_id":"ME3211","site_id":132},{"date":"2020-03-23","product":"COPERNICUS/S1_GRD","band":"VV","value":-9.314,"farmer_unique_id":"ME3211","site_id":132},{"date":"2020-04-04","product":"COPERNICUS/S1_GRD","band":"VV","value":-10.2677,"farmer_unique_id":"ME3211","site_id":132},{"date":"2020-04-16","product":"COPERNICUS/S1_GRD","band":"VV","value":-12.4816,"farmer_unique_id":"ME3211","site_id":132},{"date":"2020-04-28","product":"COPERNICUS/S1_GRD","band":"VV","value":-8.0926,"farmer_unique_id":"ME3211","site_id":132},{"date":"2020-05-10","product":"COPERNICUS/S1_GRD","band":"VV","value":-7.701,"farmer_unique_id":"ME3211","site_id":132},{"date":"2020-05-22","product":"COPERNICUS/S1_GRD","band":"VV","value":-6.9149,"farmer_unique_id":"ME3211","site_id":132},{"date":"2020-06-03","product":"COPERNICUS/S1_GRD","band":"VV","value":-10.6021,"farmer_unique_id":"ME3211","site_id":132},{"date":"2020-06-15","product":"COPERNICUS/S1_GRD","band":"VV","value":-7.8125,"farmer_unique_id":"ME3211","site_id":132},{"date":"2020-06-27","product":"COPERNICUS/S1_GRD","band":"VV","value":-10.2701,"farmer_unique_id":"ME3211","site_id":132},{"date":"2020-07-09","product":"COPERNICUS/S1_GRD","band":"VV","value":-8.6541,"farmer_unique_id":"ME3211","site_id":132},{"date":"2020-07-21","product":"COPERNICUS/S1_GRD","band":"VV","value":-10.4799,"farmer_unique_id":"ME3211","site_id":132},{"date":"2020-08-02","product":"COPERNICUS/S1_GRD","band":"VV","value":-13.4922,"farmer_unique_id":"ME3211","site_id":132},{"date":"2020-08-14","product":"COPERNICUS/S1_GRD","band":"VV","value":-9.3946,"farmer_unique_id":"ME3211","site_id":132},{"date":"2020-08-26","product":"COPERNICUS/S1_GRD","band":"VV","value":-17.463,"farmer_unique_id":"ME3211","site_id":132},{"date":"2020-09-07","product":"COPERNICUS/S1_GRD","band":"VV","value":-11.6827,"farmer_unique_id":"ME3211","site_id":132},{"date":"2020-09-19","product":"COPERNICUS/S1_GRD","band":"VV","value":-12.5843,"farmer_unique_id":"ME3211","site_id":132},{"date":"2020-10-01","product":"COPERNICUS/S1_GRD","band":"VV","value":-17.1029,"farmer_unique_id":"ME3211","site_id":132},{"date":"2020-10-13","product":"COPERNICUS/S1_GRD","band":"VV","value":-12.9029,"farmer_unique_id":"ME3211","site_id":132},{"date":"2020-10-25","product":"COPERNICUS/S1_GRD","band":"VV","value":-12.222,"farmer_unique_id":"ME3211","site_id":132},{"date":"2020-11-06","product":"COPERNICUS/S1_GRD","band":"VV","value":-8.9394,"farmer_unique_id":"ME3211","site_id":132},{"date":"2020-11-18","product":"COPERNICUS/S1_GRD","band":"VV","value":-10.3474,"farmer_unique_id":"ME3211","site_id":132},{"date":"2020-11-30","product":"COPERNICUS/S1_GRD","band":"VV","value":-4.4268,"farmer_unique_id":"ME3211","site_id":132},{"date":"2020-12-12","product":"COPERNICUS/S1_GRD","band":"VV","value":-7.3301,"farmer_unique_id":"ME3211","site_id":132},{"date":"2020-12-24","product":"COPERNICUS/S1_GRD","band":"VV","value":-9.6024,"farmer_unique_id":"ME3211","site_id":132},{"date":"2021-01-05","product":"COPERNICUS/S1_GRD","band":"VV","value":-8.6221,"farmer_unique_id":"ME3211","site_id":132},{"date":"2021-01-17","product":"COPERNICUS/S1_GRD","band":"VV","value":-8.4822,"farmer_unique_id":"ME3211","site_id":132},{"date":"2021-01-29","product":"COPERNICUS/S1_GRD","band":"VV","value":-11.7957,"farmer_unique_id":"ME3211","site_id":132},{"date":"2021-02-10","product":"COPERNICUS/S1_GRD","band":"VV","value":-10.2144,"farmer_unique_id":"ME3211","site_id":132},{"date":"2021-02-22","product":"COPERNICUS/S1_GRD","band":"VV","value":-6.8575,"farmer_unique_id":"ME3211","site_id":132},{"date":"2021-03-06","product":"COPERNICUS/S1_GRD","band":"VV","value":-9.7819,"farmer_unique_id":"ME3211","site_id":132},{"date":"2021-03-18","product":"COPERNICUS/S1_GRD","band":"VV","value":-8.867,"farmer_unique_id":"ME3211","site_id":132},{"date":"2021-03-30","product":"COPERNICUS/S1_GRD","band":"VV","value":-9.9927,"farmer_unique_id":"ME3211","site_id":132},{"date":"2021-04-11","product":"COPERNICUS/S1_GRD","band":"VV","value":-8.7617,"farmer_unique_id":"ME3211","site_id":132},{"date":"2021-04-23","product":"COPERNICUS/S1_GRD","band":"VV","value":-8.0301,"farmer_unique_id":"ME3211","site_id":132},{"date":"2021-05-05","product":"COPERNICUS/S1_GRD","band":"VV","value":-5.4031,"farmer_unique_id":"ME3211","site_id":132},{"date":"2021-05-17","product":"COPERNICUS/S1_GRD","band":"VV","value":-8.0541,"farmer_unique_id":"ME3211","site_id":132},{"date":"2021-05-29","product":"COPERNICUS/S1_GRD","band":"VV","value":-6.1428,"farmer_unique_id":"ME3211","site_id":132},{"date":"2021-06-10","product":"COPERNICUS/S1_GRD","band":"VV","value":-7.3646,"farmer_unique_id":"ME3211","site_id":132},{"date":"2021-06-22","product":"COPERNICUS/S1_GRD","band":"VV","value":-9.8219,"farmer_unique_id":"ME3211","site_id":132},{"date":"2021-07-04","product":"COPERNICUS/S1_GRD","band":"VV","value":-11.4276,"farmer_unique_id":"ME3211","site_id":132},{"date":"2021-07-16","product":"COPERNICUS/S1_GRD","band":"VV","value":-6.5378,"farmer_unique_id":"ME3211","site_id":132},{"date":"2021-07-28","product":"COPERNICUS/S1_GRD","band":"VV","value":-8.8717,"farmer_unique_id":"ME3211","site_id":132},{"date":"2021-08-09","product":"COPERNICUS/S1_GRD","band":"VV","value":-9.9811,"farmer_unique_id":"ME3211","site_id":132},{"date":"2021-08-21","product":"COPERNICUS/S1_GRD","band":"VV","value":-14.1849,"farmer_unique_id":"ME3211","site_id":132},{"date":"2021-09-02","product":"COPERNICUS/S1_GRD","band":"VV","value":-11.6248,"farmer_unique_id":"ME3211","site_id":132},{"date":"2021-09-14","product":"COPERNICUS/S1_GRD","band":"VV","value":-14.0959,"farmer_unique_id":"ME3211","site_id":132},{"date":"2021-09-26","product":"COPERNICUS/S1_GRD","band":"VV","value":-8.6791,"farmer_unique_id":"ME3211","site_id":132},{"date":"2021-10-08","product":"COPERNICUS/S1_GRD","band":"VV","value":-10.4159,"farmer_unique_id":"ME3211","site_id":132},{"date":"2021-10-20","product":"COPERNICUS/S1_GRD","band":"VV","value":-7.2102,"farmer_unique_id":"ME3211","site_id":132},{"date":"2021-11-01","product":"COPERNICUS/S1_GRD","band":"VV","value":-10.3512,"farmer_unique_id":"ME3211","site_id":132},{"date":"2021-11-13","product":"COPERNICUS/S1_GRD","band":"VV","value":-11.093,"farmer_unique_id":"ME3211","site_id":132},{"date":"2021-11-25","product":"COPERNICUS/S1_GRD","band":"VV","value":-8.4342,"farmer_unique_id":"ME3211","site_id":132},{"date":"2021-12-07","product":"COPERNICUS/S1_GRD","band":"VV","value":-9.855,"farmer_unique_id":"ME3211","site_id":132},{"date":"2021-12-19","product":"COPERNICUS/S1_GRD","band":"VV","value":-5.4937,"farmer_unique_id":"ME3211","site_id":132}]
