[{"date":"2020-01-11","product":"COPERNICUS/S1_GRD","band":"VH","value":-17.0121,"farmer_unique_id":"ME3121","site_id":10276},{"date":"2020-01-23","product":"COPERNICUS/S1_GRD","band":"VH","value":-14.95,"farmer_unique_id":"ME3121","site_id":10276},{"date":"2020-02-04","product":"COPERNICUS/S1_GRD","band":"VH","value":-13.0956,"farmer_unique_id":"ME3121","site_id":10276},{"date":"2020-02-16","product":"COPERNICUS/S1_GRD","band":"VH","value":-14.9943,"farmer_unique_id":"ME3121","site_id":10276},{"date":"2020-02-28","product":"COPERNICUS/S1_GRD","band":"VH","value":-12.6832,"farmer_unique_id":"ME3121","site_id":10276},{"date":"2020-03-11","product":"COPERNICUS/S1_GRD","band":"VH","value":-15.5671,"farmer_unique_id":"ME3121","site_id":10276},{"date":"2020-03-23","product":"COPERNICUS/S1_GRD","band":"VH","value":-18.2851,"farmer_unique_id":"ME3121","site_id":10276},{"date":"2020-04-04","product":"COPERNICUS/S1_GRD","band":"VH","value":-15.6505,"farmer_unique_id":"ME3121","site_id":10276},{"date":"2020-04-16","product":"COPERNICUS/S1_GRD","band":"VH","value":-13.6009,"farmer_unique_id":"ME3121","site_id":10276},{"date":"2020-04-28","product":"COPERNICUS/S1_GRD","band":"VH","value":-13.4064,"farmer_unique_id":"ME3121","site_id":10276},{"date":"2020-05-10","product":"COPERNICUS/S1_GRD","band":"VH","value":-14.5617,"farmer_unique_id":"ME3121","site_id":10276},{"date":"2020-05-22","product":"COPERNICUS/S1_GRD","band":"VH","value":-14.2563,"farmer_unique_id":"ME3121","site_id":10276},{"date":"2020-06-03","product":"COPERNICUS/S1_GRD","band":"VH","value":-14.9971,"farmer_unique_id":"ME3121","site_id":10276},{"date":"2020-06-15","product":"COPERNICUS/S1_GRD","band":"VH","value":-13.9312,"farmer_unique_id":"ME3121","site_id":10276},{"date":"2020-06-27","product":"COPERNICUS/S1_GRD","band":"VH","value":-11.6096,"farmer_unique_id":"ME3121","site_id":10276},{"date":"2020-07-09","product":"COPERNICUS/S1_GRD","band":"VH","value":-16.971,"farmer_unique_id":"ME3121","site_id":10276},{"date":"2020-07-21","product":"COPERNICUS/S1_GRD","band":"VH","value":-11.4465,"farmer_unique_id":"ME3121","site_id":10276},{"date":"2020-08-02","product":"COPERNICUS/S1_GRD","band":"VH","value":-17.136,"farmer_unique_id":"ME3121","site_id":10276},{"date":"2020-08-14","product":"COPERNICUS/S1_GRD","band":"VH","value":-15.5342,"farmer_unique_id":"ME3121","site_id":10276},{"date":"2020-08-26","product":"COPERNICUS/S1_GRD","band":"VH","value":-14.1899,"farmer_unique_id":"ME3121","site_id":10276},{"date":"2020-09-07","product":"COPERNICUS/S1_GRD","band":"VH","value":-14.8842,"farmer_unique_id":"ME3121","site_id":10276},{"date":"2020-09-19","product":"COPERNICUS/S1_GRD","band":"VH","value":-17.2844,"farmer_unique_id":"ME3121","site_id":10276},{"date":"2020-10-01","product":"COPERNICUS/S1_GRD","band":"VH","value":-19.1341,"farmer_unique_id":"ME3121","site_id":10276},{"date":"2020-10-13","product":"COPERNICUS/S1_GRD","band":"VH","value":-16.4035,"farmer_unique_id":"ME3121","site_id":10276},{"date":"2020-10-25","product":"COPERNICUS/S1_GRD","band":"VH","value":-14.827,"farmer_unique_id":"ME3121","site_id":10276},{"date":"2020-11-06","product":"COPERNICUS/S1_GRD","band":"VH","value":-12.9438,"farmer_unique_id":"ME3121","site_id":10276},{"date":"2020-11-18","product":"COPERNICUS/S1_GRD","band":"VH","value":-11.8064,"farmer_unique_id":"ME3121","site_id":10276},{"date":"2020-11-30","product":"COPERNICUS/S1_GRD","band":"VH","value":-13.1868,"farmer_unique_id":"ME3121","site_id":10276},{"date":"2020-12-12","product":"COPERNICUS/S1_GRD","band":"VH","value":-16.1486,"farmer_unique_id":"ME3121","site_id":10276},{"date":"2020-12-24","product":"COPERNICUS/S1_GRD","band":"VH","value":-17.0499,"farmer_unique_id":"ME3121","site_id":10276},{"date":"2021-01-05","product":"COPERNICUS/S1_GRD","band":"VH","value":-17.4866,"farmer_unique_id":"ME3121","site_id":10276},{"date":"2021-01-17","product":"COPERNICUS/S1_GRD","band":"VH","value":-15.6634,"farmer_unique_id":"ME3121","site_id":10276},{"date":"2021-01-29","product":"COPERNICUS/S1_GRD","band":"VH","value":-15.8835,"farmer_unique_id":"ME3121","site_id":10276},{"date":"2021-02-10","product":"COPERNICUS/S1_GRD","band":"VH","value":-13.7854,"farmer_unique_id":"ME3121","site_id":10276},{"date":"2021-02-22","product":"COPERNICUS/S1_GRD","band":"VH","value":-10.9391,"farmer_unique_id":"ME3121","site_id":10276},{"date":"2021-03-06","product":"COPERNICUS/S1_GRD","band":"VH","value":-18.228,"farmer_unique_id":"ME3121","site_id":10276},{"date":"2021-03-18","product":"COPERNICUS/S1_GRD","band":"VH","value":-16.9958,"farmer_unique_id":"ME3121","site_id":10276},{"date":"2021-03-30","product":"COPERNICUS/S1_GRD","band":"VH","value":-12.5331,"farmer_unique_id":"ME3121","site_id":10276},{"date":"2021-04-11","product":"COPERNICUS/S1_GRD","band":"VH","value":-14.2821,"farmer_unique_id":"ME3121","site_id":10276},{"date":"2021-04-23","product":"COPERNICUS/S1_GRD","band":"VH","value":-14.1883,"farmer_unique_id":"ME3121","site_id":10276},{"date":"2021-05-05","product":"COPERNICUS/S1_GRD","band":"VH","value":-16.2552,"farmer_unique_id":"ME3121","site_id":10276},{"date":"2021-05-17","product":"COPERNICUS/S1_GRD","band":"VH","value":-16.1394,"farmer_unique_id":"ME3121","site_id":10276},{"date":"2021-05-29","product":"COPERNICUS/S1_GRD","band":"VH","value":-15.8648,"farmer_unique_id":"ME3121","site_id":10276},{"date":"2021-06-10","product":"COPERNICUS/S1_GRD","band":"VH","value":-17.3006,"farmer_unique_id":"ME3121","site_id":10276},{"date":"2021-06-22","product":"COPERNICUS/S1_GRD","band":"VH","value":-17.4418,"farmer_unique_id":"ME3121","site_id":10276},{"date":"2021-07-04","product":"COPERNICUS/S1_GRD","band":"VH","value":-18.1263,"farmer_unique_id":"ME3121","site_id":10276},{"date":"2021-07-16","product":"COPERNICUS/S1_GRD","band":"VH","value":-18.1683,"farmer_unique_id":"ME3121","site_id":10276},{"date":"2021-07-28","product":"COPERNICUS/S1_GRD","band":"VH","value":-14.8097,"farmer_unique_id":"ME3121","site_id":10276},{"date":"2021-08-09","product":"COPERNICUS/S1_GRD","band":"VH","value":-14.4542,"farmer_unique_id":"ME3121","site_id":10276},{"date":"2021-08-21","product":"COPERNICUS/S1_GRD","band":"VH","value":-16.3788,"farmer_unique_id":"ME3121","site_id":10276},{"date":"2021-09-02","product":"COPERNICUS/S1_GRD","band":"VH","value":-14.7932,"farmer_unique_id":"ME3121","site_id":10276},{"date":"2021-09-14","product":"COPERNICUS/S1_GRD","band":"VH","value":-19.7863,"farmer_unique_id":"ME3121","site_id":10276},{"date":"2021-09-26","product":"COPERNICUS/S1_GRD","band":"VH","value":-15.4941,"farmer_unique_id":"ME3121","site_id":10276},{"date":"2021-10-08","product":"COPERNICUS/S1_GRD","band":"VH","value":-18.0149,"farmer_unique_id":"ME3121","site_id":10276},{"date":"2021-10-20","product":"COPERNICUS/S1_GRD","band":"VH","value":-20.1107,"farmer_unique_id":"ME3121","site_id":10276},{"date":"2021-11-01","product":"COPERNICUS/S1_GRD","band":"VH","value":-17.9577,"farmer_unique_id":"ME3121","site_id":10276},{"date":"2021-11-13","product":"COPERNICUS/S1_GRD","band":"VH","value":-16.0464,"farmer_unique_id":"ME3121","site_id":10276},{"date":"2021-11-25","product":"COPERNICUS/S1_GRD","band":"VH","value":-15.1731,"farmer_unique_id":"ME3121","site_id":10276},{"date":"2021-12-07","product":"COPERNICUS/S1_GRD","band":"VH","value":-16.4441,"farmer_unique_id":"ME3121","site_id":10276},{"date":"2021-12-19","product":"COPERNICUS/S1_GRD","band":"VH","value":-13.9373,"farmer_unique_id":"ME3121","site_id":10276},{"date":"2020-01-11","product":"COPERNICUS/S1_GRD","band":"VV","value":-6.3448,"farmer_unique_id":"ME3121","site_id":10276},{"date":"2020-01-23","product":"COPERNICUS/S1_GRD","band":"VV","value":-9.0487,"farmer_unique_id":"ME3121","site_id":10276},{"date":"2020-02-04","product":"COPERNICUS/S1_GRD","band":"VV","value":-7.3057,"farmer_unique_id":"ME3121","site_id":10276},{"date":"2020-02-16","product":"COPERNICUS/S1_GRD","band":"VV","value":-8.4543,"farmer_unique_id":"ME3121","site_id":10276},{"date":"2020-02-28","product":"COPERNICUS/S1_GRD","band":"VV","value":-12.6631,"farmer_unique_id":"ME3121","site_id":10276},{"date":"2020-03-11","product":"COPERNICUS/S1_GRD","band":"VV","value":-8.8612,"farmer_unique_id":"ME3121","site_id":10276},{"date":"2020-03-23","product":"COPERNICUS/S1_GRD","band":"VV","value":-10.2962,"farmer_unique_id":"ME3121","site_id":10276},{"date":"2020-04-04","product":"COPERNICUS/S1_GRD","band":"VV","value":-7.3022,"farmer_unique_id":"ME3121","site_id":10276},{"date":"2020-04-16","product":"COPERNICUS/S1_GRD","band":"VV","value":-10.0766,"farmer_unique_id":"ME3121","site_id":10276},{"date":"2020-04-28","product":"COPERNICUS/S1_GRD","band":"VV","value":-8.072,"farmer_unique_id":"ME3121","site_id":10276},{"date":"2020-05-10","product":"COPERNICUS/S1_GRD","band":"VV","value":-9.7324,"farmer_unique_id":"ME3121","site_id":10276},{"date":"2020-05-22","product":"COPERNICUS/S1_GRD","band":"VV","value":-7.5915,"farmer_unique_id":"ME3121","site_id":10276},{"date":"2020-06-03","product":"COPERNICUS/S1_GRD","band":"VV","value":-8.9049,"farmer_unique_id":"ME3121","site_id":10276},{"date":"2020-06-15","product":"COPERNICUS/S1_GRD","band":"VV","value":-8.571,"farmer_unique_id":"ME3121","site_id":10276},{"date":"2020-06-27","product":"COPERNICUS/S1_GRD","band":"VV","value":-9.5162,"farmer_unique_id":"ME3121","site_id":10276},{"date":"2020-07-09","product":"COPERNICUS/S1_GRD","band":"VV","value":-8.5766,"farmer_unique_id":"ME3121","site_id":10276},{"date":"2020-07-21","product":"COPERNICUS/S1_GRD","band":"VV","value":-9.1433,"farmer_unique_id":"ME3121","site_id":10276},{"date":"2020-08-02","product":"COPERNICUS/S1_GRD","band":"VV","value":-10.1366,"farmer_unique_id":"ME3121","site_id":10276},{"date":"2020-08-14","product":"COPERNICUS/S1_GRD","band":"VV","value":-8.6666,"farmer_unique_id":"ME3121","site_id":10276},{"date":"2020-08-26","product":"COPERNICUS/S1_GRD","band":"VV","value":-8.276,"farmer_unique_id":"ME3121","site_id":10276},{"date":"2020-09-07","product":"COPERNICUS/S1_GRD","band":"VV","value":-7.527,"farmer_unique_id":"ME3121","site_id":10276},{"date":"2020-09-19","product":"COPERNICUS/S1_GRD","band":"VV","value":-9.7454,"farmer_unique_id":"ME3121","site_id":10276},{"date":"2020-10-01","product":"COPERNICUS/S1_GRD","band":"VV","value":-11.9619,"farmer_unique_id":"ME3121","site_id":10276},{"date":"2020-10-13","product":"COPERNICUS/S1_GRD","band":"VV","value":-11.412,"farmer_unique_id":"ME3121","site_id":10276},{"date":"2020-10-25","product":"COPERNICUS/S1_GRD","band":"VV","value":-13.9332,"farmer_unique_id":"ME3121","site_id":10276},{"date":"2020-11-06","product":"COPERNICUS/S1_GRD","band":"VV","value":-6.6927,"farmer_unique_id":"ME3121","site_id":10276},{"date":"2020-11-18","product":"COPERNICUS/S1_GRD","band":"VV","value":-6.393,"farmer_unique_id":"ME3121","site_id":10276},{"date":"2020-11-30","product":"COPERNICUS/S1_GRD","band":"VV","value":-7.1117,"farmer_unique_id":"ME3121","site_id":10276},{"date":"2020-12-12","product":"COPERNICUS/S1_GRD","band":"VV","value":-11.0511,"farmer_unique_id":"ME3121","site_id":10276},{"date":"2020-12-24","product":"COPERNICUS/S1_GRD","band":"VV","value":-9.3223,"farmer_unique_id":"ME3121","site_id":10276},{"date":"2021-01-05","product":"COPERNICUS/S1_GRD","band":"VV","value":-9.647,"farmer_unique_id":"ME3121","site_id":10276},{"date":"2021-01-17","product":"COPERNICUS/S1_GRD","band":"VV","value":-9.7199,"farmer_unique_id":"ME3121","site_id":10276},{"date":"2021-01-29","product":"COPERNICUS/S1_GRD","band":"VV","value":-6.6242,"farmer_unique_id":"ME3121","site_id":10276},{"date":"2021-02-10","product":"COPERNICUS/S1_GRD","band":"VV","value":-10.3809,"farmer_unique_id":"ME3121","site_id":10276},{"date":"2021-02-22","product":"COPERNICUS/S1_GRD","band":"VV","value":-8.0337,"farmer_unique_id":"ME3121","site_id":10276},{"date":"2021-03-06","product":"COPERNICUS/S1_GRD","band":"VV","value":-10.3958,"farmer_unique_id":"ME3121","site_id":10276},{"date":"2021-03-18","product":"COPERNICUS/S1_GRD","band":"VV","value":-9.2938,"farmer_unique_id":"ME3121","site_id":10276},{"date":"2021-03-30","product":"COPERNICUS/S1_GRD","band":"VV","value":-10.3627,"farmer_unique_id":"ME3121","site_id":10276},{"date":"2021-04-11","product":"COPERNICUS/S1_GRD","band":"VV","value":-5.2984,"farmer_unique_id":"ME3121","site_id":10276},{"date":"2021-04-23","product":"COPERNICUS/S1_GRD","band":"VV","value":-10.3622,"farmer_unique_id":"ME3121","site_id":10276},{"date":"2021-05-05","product":"COPERNICUS/S1_GRD","band":"VV","value":-9.0585,"farmer_unique_id":"ME3121","site_id":10276},{"date":"2021-05-17","product":"COPERNICUS/S1_GRD","band":"VV","value":-7.5663,"farmer_unique_id":"ME3121","site_id":10276},{"date":"2021-05-29","product":"COPERNICUS/S1_GRD","band":"VV","value":-10.7117,"farmer_unique_id":"ME3121","site_id":10276},{"date":"2021-06-10","product":"COPERNICUS/S1_GRD","band":"VV","value":-7.658,"farmer_unique_id":"ME3121","site_id":10276},{"date":"2021-06-22","product":"COPERNICUS/S1_GRD","band":"VV","value":-10.2585,"farmer_unique_id":"ME3121","site_id":10276},{"date":"2021-07-04","product":"COPERNICUS/S1_GRD","band":"VV","value":-11.6854,"farmer_unique_id":"ME3121","site_id":10276},{"date":"2021-07-16","product":"COPERNICUS/S1_GRD","band":"VV","value":-10.4562,"farmer_unique_id":"ME3121","site_id":10276},{"date":"2021-07-28","product":"COPERNICUS/S1_GRD","band":"VV","value":-11.2639,"farmer_unique_id":"ME3121","site_id":10276},{"date":"2021-08-09","product":"COPERNICUS/S1_GRD","band":"VV","value":-10.1492,"farmer_unique_id":"ME3121","site_id":10276},{"date":"2021-08-21","product":"COPERNICUS/S1_GRD","band":"VV","value":-10.9894,"farmer_unique_id":"ME3121","site_id":10276},{"date":"2021-09-02","product":"COPERNICUS/S1_GRD","band":"VV","value":-10.9031,"farmer_unique_id":"ME3121","site_id":10276},{"date":"2021-09-14","product":"COPERNICUS/S1_GRD","band":"VV","value":-12.8681,"farmer_unique_id":"ME3121","site_id":10276},{"date":"2021-09-26","product":"COPERNICUS/S1_GRD","band":"VV","value":-14.1726,"farmer_unique_id":"ME3121","site_id":10276},{"date":"2021-10-08","product":"COPERNICUS/S1_GRD","band":"VV","value":-8.7188,"farmer_unique_id":"ME3121","site_id":10276},{"date":"2021-10-20","product":"COPERNICUS/S1_GRD","band":"VV","value":-7.32,"farmer_unique_id":"ME3121","site_id":10276},{"date":"2021-11-01","product":"COPERNICUS/S1_GRD","band":"VV","value":-12.6696,"farmer_unique_id":"ME3121","site_id":10276},{"date":"2021-11-13","product":"COPERNICUS/S1_GRD","band":"VV","value":-8.1083,"farmer_unique_id":"ME3121","site_id":10276},{"date":"2021-11-25","product":"COPERNICUS/S1_GRD","band":"VV","value":-10.4265,"farmer_unique_id":"ME3121","site_id":10276},{"date":"2021-12-07","product":"COPERNICUS/S1_GRD","band":"VV","value":-8.133,"farmer_unique_id":"ME3121","site_id":10276},{"date":"2021-12-19","product":"COPERNICUS/S1_GRD","band":"VV","value":-7.686,"farmer_unique_id":"ME3121","site_id":10276}]
