[{"date":"2020-01-11","product":"COPERNICUS/S1_GRD","band":"VH","value":-12.4501,"farmer_unique_id":"9672752","site_id":6756},{"date":"2020-01-23","product":"COPERNICUS/S1_GRD","band":"VH","value":-13.8039,"farmer_unique_id":"9672752","site_id":6756},{"date":"2020-02-04","product":"COPERNICUS/S1_GRD","band":"VH","value":-11.0841,"farmer_unique_id":"9672752","site_id":6756},{"date":"2020-02-16","product":"COPERNICUS/S1_GRD","band":"VH","value":-13.2491,"farmer_unique_id":"9672752","site_id":6756},{"date":"2020-02-28","product":"COPERNICUS/S1_GRD","band":"VH","value":-13.9664,"farmer_unique_id":"9672752","site_id":6756},{"date":"2020-03-11","product":"COPERNICUS/S1_GRD","band":"VH","value":-15.9019,"farmer_unique_id":"9672752","site_id":6756},{"date":"2020-03-23","product":"COPERNICUS/S1_GRD","band":"VH","value":-17.3183,"farmer_unique_id":"9672752","site_id":6756},{"date":"2020-04-04","product":"COPERNICUS/S1_GRD","band":"VH","value":-14.378,"farmer_unique_id":"9672752","site_id":6756},{"date":"2020-04-16","product":"COPERNICUS/S1_GRD","band":"VH","value":-15.2333,"farmer_unique_id":"9672752","site_id":6756},{"date":"2020-04-28","product":"COPERNICUS/S1_GRD","band":"VH","value":-15.7273,"farmer_unique_id":"9672752","site_id":6756},{"date":"2020-05-10","product":"COPERNICUS/S1_GRD","band":"VH","value":-15.5466,"farmer_unique_id":"9672752","site_id":6756},{"date":"2020-05-22","product":"COPERNICUS/S1_GRD","band":"VH","value":-10.9842,"farmer_unique_id":"9672752","site_id":6756},{"date":"2020-06-15","product":"COPERNICUS/S1_GRD","band":"VH","value":-14.0411,"farmer_unique_id":"9672752","site_id":6756},{"date":"2020-06-27","product":"COPERNICUS/S1_GRD","band":"VH","value":-13.6653,"farmer_unique_id":"9672752","site_id":6756},{"date":"2020-07-09","product":"COPERNICUS/S1_GRD","band":"VH","value":-14.101,"farmer_unique_id":"9672752","site_id":6756},{"date":"2020-07-21","product":"COPERNICUS/S1_GRD","band":"VH","value":-18.1207,"farmer_unique_id":"9672752","site_id":6756},{"date":"2020-08-02","product":"COPERNICUS/S1_GRD","band":"VH","value":-16.6757,"farmer_unique_id":"9672752","site_id":6756},{"date":"2020-08-14","product":"COPERNICUS/S1_GRD","band":"VH","value":-17.8873,"farmer_unique_id":"9672752","site_id":6756},{"date":"2020-08-26","product":"COPERNICUS/S1_GRD","band":"VH","value":-15.0637,"farmer_unique_id":"9672752","site_id":6756},{"date":"2020-09-07","product":"COPERNICUS/S1_GRD","band":"VH","value":-17.4197,"farmer_unique_id":"9672752","site_id":6756},{"date":"2020-09-19","product":"COPERNICUS/S1_GRD","band":"VH","value":-19.5722,"farmer_unique_id":"9672752","site_id":6756},{"date":"2020-10-01","product":"COPERNICUS/S1_GRD","band":"VH","value":-16.8882,"farmer_unique_id":"9672752","site_id":6756},{"date":"2020-10-13","product":"COPERNICUS/S1_GRD","band":"VH","value":-19.3268,"farmer_unique_id":"9672752","site_id":6756},{"date":"2020-10-25","product":"COPERNICUS/S1_GRD","band":"VH","value":-20.5805,"farmer_unique_id":"9672752","site_id":6756},{"date":"2020-11-06","product":"COPERNICUS/S1_GRD","band":"VH","value":-19.5428,"farmer_unique_id":"9672752","site_id":6756},{"date":"2020-11-18","product":"COPERNICUS/S1_GRD","band":"VH","value":-18.1076,"farmer_unique_id":"9672752","site_id":6756},{"date":"2020-11-30","product":"COPERNICUS/S1_GRD","band":"VH","value":-20.6139,"farmer_unique_id":"9672752","site_id":6756},{"date":"2020-12-12","product":"COPERNICUS/S1_GRD","band":"VH","value":-12.8392,"farmer_unique_id":"9672752","site_id":6756},{"date":"2020-12-24","product":"COPERNICUS/S1_GRD","band":"VH","value":-16.7185,"farmer_unique_id":"9672752","site_id":6756},{"date":"2021-01-05","product":"COPERNICUS/S1_GRD","band":"VH","value":-15.0868,"farmer_unique_id":"9672752","site_id":6756},{"date":"2021-01-17","product":"COPERNICUS/S1_GRD","band":"VH","value":-13.4312,"farmer_unique_id":"9672752","site_id":6756},{"date":"2021-01-29","product":"COPERNICUS/S1_GRD","band":"VH","value":-14.8297,"farmer_unique_id":"9672752","site_id":6756},{"date":"2021-02-10","product":"COPERNICUS/S1_GRD","band":"VH","value":-16.8427,"farmer_unique_id":"9672752","site_id":6756},{"date":"2021-02-22","product":"COPERNICUS/S1_GRD","band":"VH","value":-13.2429,"farmer_unique_id":"9672752","site_id":6756},{"date":"2021-03-06","product":"COPERNICUS/S1_GRD","band":"VH","value":-15.5832,"farmer_unique_id":"9672752","site_id":6756},{"date":"2021-03-18","product":"COPERNICUS/S1_GRD","band":"VH","value":-23.7074,"farmer_unique_id":"9672752","site_id":6756},{"date":"2021-03-30","product":"COPERNICUS/S1_GRD","band":"VH","value":-16.7077,"farmer_unique_id":"9672752","site_id":6756},{"date":"2021-04-11","product":"COPERNICUS/S1_GRD","band":"VH","value":-19.3789,"farmer_unique_id":"9672752","site_id":6756},{"date":"2021-04-23","product":"COPERNICUS/S1_GRD","band":"VH","value":-14.9654,"farmer_unique_id":"9672752","site_id":6756},{"date":"2021-05-05","product":"COPERNICUS/S1_GRD","band":"VH","value":-24.6763,"farmer_unique_id":"9672752","site_id":6756},{"date":"2021-05-17","product":"COPERNICUS/S1_GRD","band":"VH","value":-15.0391,"farmer_unique_id":"9672752","site_id":6756},{"date":"2021-05-29","product":"COPERNICUS/S1_GRD","band":"VH","value":-16.0769,"farmer_unique_id":"9672752","site_id":6756},{"date":"2021-06-10","product":"COPERNICUS/S1_GRD","band":"VH","value":-18.9707,"farmer_unique_id":"9672752","site_id":6756},{"date":"2021-06-22","product":"COPERNICUS/S1_GRD","band":"VH","value":-15.9922,"farmer_unique_id":"9672752","site_id":6756},{"date":"2021-07-04","product":"COPERNICUS/S1_GRD","band":"VH","value":-17.7676,"farmer_unique_id":"9672752","site_id":6756},{"date":"2021-07-16","product":"COPERNICUS/S1_GRD","band":"VH","value":-18.1236,"farmer_unique_id":"9672752","site_id":6756},{"date":"2021-07-28","product":"COPERNICUS/S1_GRD","band":"VH","value":-16.8604,"farmer_unique_id":"9672752","site_id":6756},{"date":"2021-08-09","product":"COPERNICUS/S1_GRD","band":"VH","value":-16.6562,"farmer_unique_id":"9672752","site_id":6756},{"date":"2021-08-21","product":"COPERNICUS/S1_GRD","band":"VH","value":-20.9472,"farmer_unique_id":"9672752","site_id":6756},{"date":"2021-09-02","product":"COPERNICUS/S1_GRD","band":"VH","value":-20.7354,"farmer_unique_id":"9672752","site_id":6756},{"date":"2021-09-14","product":"COPERNICUS/S1_GRD","band":"VH","value":-16.2353,"farmer_unique_id":"9672752","site_id":6756},{"date":"2021-09-26","product":"COPERNICUS/S1_GRD","band":"VH","value":-16.9485,"farmer_unique_id":"9672752","site_id":6756},{"date":"2021-10-08","product":"COPERNICUS/S1_GRD","band":"VH","value":-16.3811,"farmer_unique_id":"9672752","site_id":6756},{"date":"2021-10-20","product":"COPERNICUS/S1_GRD","band":"VH","value":-14.3835,"farmer_unique_id":"9672752","site_id":6756},{"date":"2021-11-01","product":"COPERNICUS/S1_GRD","band":"VH","value":-16.1333,"farmer_unique_id":"9672752","site_id":6756},{"date":"2021-11-13","product":"COPERNICUS/S1_GRD","band":"VH","value":-17.6367,"farmer_unique_id":"9672752","site_id":6756},{"date":"2021-11-25","product":"COPERNICUS/S1_GRD","band":"VH","value":-15.0566,"farmer_unique_id":"9672752","site_id":6756},{"date":"2021-12-07","product":"COPERNICUS/S1_GRD","band":"VH","value":-17.0942,"farmer_unique_id":"9672752","site_id":6756},{"date":"2021-12-19","product":"COPERNICUS/S1_GRD","band":"VH","value":-17.1059,"farmer_unique_id":"9672752","site_id":6756},{"date":"2020-01-11","product":"COPERNICUS/S1_GRD","band":"VV","value":-11.5577,"farmer_unique_id":"9672752","site_id":6756},{"date":"2020-01-23","product":"COPERNICUS/S1_GRD","band":"VV","value":-8.2457,"farmer_unique_id":"9672752","site_id":6756},{"date":"2020-02-04","product":"COPERNICUS/S1_GRD","band":"VV","value":-9.7579,"farmer_unique_id":"9672752","site_id":6756},{"date":"2020-02-16","product":"COPERNICUS/S1_GRD","band":"VV","value":-8.7491,"farmer_unique_id":"9672752","site_id":6756},{"date":"2020-02-28","product":"COPERNICUS/S1_GRD","band":"VV","value":-10.172,"farmer_unique_id":"9672752","site_id":6756},{"date":"2020-03-11","product":"COPERNICUS/S1_GRD","band":"VV","value":-10.0331,"farmer_unique_id":"9672752","site_id":6756},{"date":"2020-03-23","product":"COPERNICUS/S1_GRD","band":"VV","value":-6.3963,"farmer_unique_id":"9672752","site_id":6756},{"date":"2020-04-04","product":"COPERNICUS/S1_GRD","band":"VV","value":-8.7609,"farmer_unique_id":"9672752","site_id":6756},{"date":"2020-04-16","product":"COPERNICUS/S1_GRD","band":"VV","value":-5.3452,"farmer_unique_id":"9672752","site_id":6756},{"date":"2020-04-28","product":"COPERNICUS/S1_GRD","band":"VV","value":-8.7464,"farmer_unique_id":"9672752","site_id":6756},{"date":"2020-05-10","product":"COPERNICUS/S1_GRD","band":"VV","value":-10.6829,"farmer_unique_id":"9672752","site_id":6756},{"date":"2020-05-22","product":"COPERNICUS/S1_GRD","band":"VV","value":-10.1954,"farmer_unique_id":"9672752","site_id":6756},{"date":"2020-06-15","product":"COPERNICUS/S1_GRD","band":"VV","value":-8.0052,"farmer_unique_id":"9672752","site_id":6756},{"date":"2020-06-27","product":"COPERNICUS/S1_GRD","band":"VV","value":-9.7517,"farmer_unique_id":"9672752","site_id":6756},{"date":"2020-07-09","product":"COPERNICUS/S1_GRD","band":"VV","value":-9.0061,"farmer_unique_id":"9672752","site_id":6756},{"date":"2020-07-21","product":"COPERNICUS/S1_GRD","band":"VV","value":-10.9676,"farmer_unique_id":"9672752","site_id":6756},{"date":"2020-08-02","product":"COPERNICUS/S1_GRD","band":"VV","value":-14.5039,"farmer_unique_id":"9672752","site_id":6756},{"date":"2020-08-14","product":"COPERNICUS/S1_GRD","band":"VV","value":-8.8045,"farmer_unique_id":"9672752","site_id":6756},{"date":"2020-08-26","product":"COPERNICUS/S1_GRD","band":"VV","value":-13.7617,"farmer_unique_id":"9672752","site_id":6756},{"date":"2020-09-07","product":"COPERNICUS/S1_GRD","band":"VV","value":-11.788,"farmer_unique_id":"9672752","site_id":6756},{"date":"2020-09-19","product":"COPERNICUS/S1_GRD","band":"VV","value":-13.1431,"farmer_unique_id":"9672752","site_id":6756},{"date":"2020-10-01","product":"COPERNICUS/S1_GRD","band":"VV","value":-10.29,"farmer_unique_id":"9672752","site_id":6756},{"date":"2020-10-13","product":"COPERNICUS/S1_GRD","band":"VV","value":-11.4302,"farmer_unique_id":"9672752","site_id":6756},{"date":"2020-10-25","product":"COPERNICUS/S1_GRD","band":"VV","value":-11.7115,"farmer_unique_id":"9672752","site_id":6756},{"date":"2020-11-06","product":"COPERNICUS/S1_GRD","band":"VV","value":-3.4194,"farmer_unique_id":"9672752","site_id":6756},{"date":"2020-11-18","product":"COPERNICUS/S1_GRD","band":"VV","value":-8.6016,"farmer_unique_id":"9672752","site_id":6756},{"date":"2020-11-30","product":"COPERNICUS/S1_GRD","band":"VV","value":-4.5283,"farmer_unique_id":"9672752","site_id":6756},{"date":"2020-12-12","product":"COPERNICUS/S1_GRD","band":"VV","value":-9.6714,"farmer_unique_id":"9672752","site_id":6756},{"date":"2020-12-24","product":"COPERNICUS/S1_GRD","band":"VV","value":-12.2532,"farmer_unique_id":"9672752","site_id":6756},{"date":"2021-01-05","product":"COPERNICUS/S1_GRD","band":"VV","value":-10.0395,"farmer_unique_id":"9672752","site_id":6756},{"date":"2021-01-17","product":"COPERNICUS/S1_GRD","band":"VV","value":-8.1933,"farmer_unique_id":"9672752","site_id":6756},{"date":"2021-01-29","product":"COPERNICUS/S1_GRD","band":"VV","value":-6.9578,"farmer_unique_id":"9672752","site_id":6756},{"date":"2021-02-10","product":"COPERNICUS/S1_GRD","band":"VV","value":-9.0654,"farmer_unique_id":"9672752","site_id":6756},{"date":"2021-02-22","product":"COPERNICUS/S1_GRD","band":"VV","value":-4.0561,"farmer_unique_id":"9672752","site_id":6756},{"date":"2021-03-06","product":"COPERNICUS/S1_GRD","band":"VV","value":-9.6068,"farmer_unique_id":"9672752","site_id":6756},{"date":"2021-03-18","product":"COPERNICUS/S1_GRD","band":"VV","value":-9.3351,"farmer_unique_id":"9672752","site_id":6756},{"date":"2021-03-30","product":"COPERNICUS/S1_GRD","band":"VV","value":-11.4635,"farmer_unique_id":"9672752","site_id":6756},{"date":"2021-04-11","product":"COPERNICUS/S1_GRD","band":"VV","value":-8.2442,"farmer_unique_id":"9672752","site_id":6756},{"date":"2021-04-23","product":"COPERNICUS/S1_GRD","band":"VV","value":-1.8228,"farmer_unique_id":"9672752","site_id":6756},{"date":"2021-05-05","product":"COPERNICUS/S1_GRD","band":"VV","value":-6.8584,"farmer_unique_id":"9672752","site_id":6756},{"date":"2021-05-17","product":"COPERNICUS/S1_GRD","band":"VV","value":-8.5843,"farmer_unique_id":"9672752","site_id":6756},{"date":"2021-05-29","product":"COPERNICUS/S1_GRD","band":"VV","value":-8.3363,"farmer_unique_id":"9672752","site_id":6756},{"date":"2021-06-10","product":"COPERNICUS/S1_GRD","band":"VV","value":-7.7272,"farmer_unique_id":"9672752","site_id":6756},{"date":"2021-06-22","product":"COPERNICUS/S1_GRD","band":"VV","value":-8.0068,"farmer_unique_id":"9672752","site_id":6756},{"date":"2021-07-04","product":"COPERNICUS/S1_GRD","band":"VV","value":-12.2535,"farmer_unique_id":"9672752","site_id":6756},{"date":"2021-07-16","product":"COPERNICUS/S1_GRD","band":"VV","value":-9.8535,"farmer_unique_id":"9672752","site_id":6756},{"date":"2021-07-28","product":"COPERNICUS/S1_GRD","band":"VV","value":-6.7604,"farmer_unique_id":"9672752","site_id":6756},{"date":"2021-08-09","product":"COPERNICUS/S1_GRD","band":"VV","value":-8.8709,"farmer_unique_id":"9672752","site_id":6756},{"date":"2021-08-21","product":"COPERNICUS/S1_GRD","band":"VV","value":-8.3819,"farmer_unique_id":"9672752","site_id":6756},{"date":"2021-09-02","product":"COPERNICUS/S1_GRD","band":"VV","value":-7.335,"farmer_unique_id":"9672752","site_id":6756},{"date":"2021-09-14","product":"COPERNICUS/S1_GRD","band":"VV","value":-8.3643,"farmer_unique_id":"9672752","site_id":6756},{"date":"2021-09-26","product":"COPERNICUS/S1_GRD","band":"VV","value":-8.7813,"farmer_unique_id":"9672752","site_id":6756},{"date":"2021-10-08","product":"COPERNICUS/S1_GRD","band":"VV","value":-8.5543,"farmer_unique_id":"9672752","site_id":6756},{"date":"2021-10-20","product":"COPERNICUS/S1_GRD","band":"VV","value":-9.8599,"farmer_unique_id":"9672752","site_id":6756},{"date":"2021-11-01","product":"COPERNICUS/S1_GRD","band":"VV","value":-13.0329,"farmer_unique_id":"9672752","site_id":6756},{"date":"2021-11-13","product":"COPERNICUS/S1_GRD","band":"VV","value":-11.5879,"farmer_unique_id":"9672752","site_id":6756},{"date":"2021-11-25","product":"COPERNICUS/S1_GRD","band":"VV","value":-0.6708,"farmer_unique_id":"9672752","site_id":6756},{"date":"2021-12-07","product":"COPERNICUS/S1_GRD","band":"VV","value":-7.1154,"farmer_unique_id":"9672752","site_id":6756},{"date":"2021-12-19","product":"COPERNICUS/S1_GRD","band":"VV","value":-8.9884,"farmer_unique_id":"9672752","site_id":6756}]
