[{"date":"2020-01-11","product":"COPERNICUS/S1_GRD","band":"VH","value":-15.5499,"farmer_unique_id":"4582973","site_id":7003},{"date":"2020-01-23","product":"COPERNICUS/S1_GRD","band":"VH","value":-16.7286,"farmer_unique_id":"4582973","site_id":7003},{"date":"2020-02-04","product":"COPERNICUS/S1_GRD","band":"VH","value":-15.4983,"farmer_unique_id":"4582973","site_id":7003},{"date":"2020-02-16","product":"COPERNICUS/S1_GRD","band":"VH","value":-12.4047,"farmer_unique_id":"4582973","site_id":7003},{"date":"2020-02-28","product":"COPERNICUS/S1_GRD","band":"VH","value":-11.6455,"farmer_unique_id":"4582973","site_id":7003},{"date":"2020-03-11","product":"COPERNICUS/S1_GRD","band":"VH","value":-13.2002,"farmer_unique_id":"4582973","site_id":7003},{"date":"2020-03-23","product":"COPERNICUS/S1_GRD","band":"VH","value":-17.4328,"farmer_unique_id":"4582973","site_id":7003},{"date":"2020-04-04","product":"COPERNICUS/S1_GRD","band":"VH","value":-17.9397,"farmer_unique_id":"4582973","site_id":7003},{"date":"2020-04-16","product":"COPERNICUS/S1_GRD","band":"VH","value":-16.6949,"farmer_unique_id":"4582973","site_id":7003},{"date":"2020-04-28","product":"COPERNICUS/S1_GRD","band":"VH","value":-16.534,"farmer_unique_id":"4582973","site_id":7003},{"date":"2020-05-10","product":"COPERNICUS/S1_GRD","band":"VH","value":-14.8822,"farmer_unique_id":"4582973","site_id":7003},{"date":"2020-05-22","product":"COPERNICUS/S1_GRD","band":"VH","value":-14.1373,"farmer_unique_id":"4582973","site_id":7003},{"date":"2020-06-03","product":"COPERNICUS/S1_GRD","band":"VH","value":-17.0763,"farmer_unique_id":"4582973","site_id":7003},{"date":"2020-06-15","product":"COPERNICUS/S1_GRD","band":"VH","value":-16.1271,"farmer_unique_id":"4582973","site_id":7003},{"date":"2020-06-27","product":"COPERNICUS/S1_GRD","band":"VH","value":-15.6071,"farmer_unique_id":"4582973","site_id":7003},{"date":"2020-07-09","product":"COPERNICUS/S1_GRD","band":"VH","value":-16.3271,"farmer_unique_id":"4582973","site_id":7003},{"date":"2020-07-21","product":"COPERNICUS/S1_GRD","band":"VH","value":-17.6429,"farmer_unique_id":"4582973","site_id":7003},{"date":"2020-08-02","product":"COPERNICUS/S1_GRD","band":"VH","value":-17.1154,"farmer_unique_id":"4582973","site_id":7003},{"date":"2020-08-14","product":"COPERNICUS/S1_GRD","band":"VH","value":-22.0882,"farmer_unique_id":"4582973","site_id":7003},{"date":"2020-08-26","product":"COPERNICUS/S1_GRD","band":"VH","value":-17.2377,"farmer_unique_id":"4582973","site_id":7003},{"date":"2020-09-07","product":"COPERNICUS/S1_GRD","band":"VH","value":-19.0001,"farmer_unique_id":"4582973","site_id":7003},{"date":"2020-09-19","product":"COPERNICUS/S1_GRD","band":"VH","value":-18.793,"farmer_unique_id":"4582973","site_id":7003},{"date":"2020-10-01","product":"COPERNICUS/S1_GRD","band":"VH","value":-21.896,"farmer_unique_id":"4582973","site_id":7003},{"date":"2020-10-13","product":"COPERNICUS/S1_GRD","band":"VH","value":-22.5035,"farmer_unique_id":"4582973","site_id":7003},{"date":"2020-10-25","product":"COPERNICUS/S1_GRD","band":"VH","value":-22.0087,"farmer_unique_id":"4582973","site_id":7003},{"date":"2020-11-06","product":"COPERNICUS/S1_GRD","band":"VH","value":-14.1533,"farmer_unique_id":"4582973","site_id":7003},{"date":"2020-11-18","product":"COPERNICUS/S1_GRD","band":"VH","value":-18.0916,"farmer_unique_id":"4582973","site_id":7003},{"date":"2020-11-30","product":"COPERNICUS/S1_GRD","band":"VH","value":-14.5263,"farmer_unique_id":"4582973","site_id":7003},{"date":"2020-12-12","product":"COPERNICUS/S1_GRD","band":"VH","value":-18.6646,"farmer_unique_id":"4582973","site_id":7003},{"date":"2020-12-24","product":"COPERNICUS/S1_GRD","band":"VH","value":-19.0239,"farmer_unique_id":"4582973","site_id":7003},{"date":"2021-01-05","product":"COPERNICUS/S1_GRD","band":"VH","value":-14.7972,"farmer_unique_id":"4582973","site_id":7003},{"date":"2021-01-17","product":"COPERNICUS/S1_GRD","band":"VH","value":-17.4909,"farmer_unique_id":"4582973","site_id":7003},{"date":"2021-01-29","product":"COPERNICUS/S1_GRD","band":"VH","value":-16.0893,"farmer_unique_id":"4582973","site_id":7003},{"date":"2021-02-10","product":"COPERNICUS/S1_GRD","band":"VH","value":-19.0207,"farmer_unique_id":"4582973","site_id":7003},{"date":"2021-02-22","product":"COPERNICUS/S1_GRD","band":"VH","value":-15.5053,"farmer_unique_id":"4582973","site_id":7003},{"date":"2021-03-06","product":"COPERNICUS/S1_GRD","band":"VH","value":-17.9475,"farmer_unique_id":"4582973","site_id":7003},{"date":"2021-03-18","product":"COPERNICUS/S1_GRD","band":"VH","value":-22.0466,"farmer_unique_id":"4582973","site_id":7003},{"date":"2021-03-30","product":"COPERNICUS/S1_GRD","band":"VH","value":-21.2141,"farmer_unique_id":"4582973","site_id":7003},{"date":"2021-04-11","product":"COPERNICUS/S1_GRD","band":"VH","value":-20.0882,"farmer_unique_id":"4582973","site_id":7003},{"date":"2021-04-23","product":"COPERNICUS/S1_GRD","band":"VH","value":-12.3744,"farmer_unique_id":"4582973","site_id":7003},{"date":"2021-05-05","product":"COPERNICUS/S1_GRD","band":"VH","value":-15.9078,"farmer_unique_id":"4582973","site_id":7003},{"date":"2021-05-17","product":"COPERNICUS/S1_GRD","band":"VH","value":-18.2723,"farmer_unique_id":"4582973","site_id":7003},{"date":"2021-05-29","product":"COPERNICUS/S1_GRD","band":"VH","value":-17.2596,"farmer_unique_id":"4582973","site_id":7003},{"date":"2021-06-10","product":"COPERNICUS/S1_GRD","band":"VH","value":-14.4833,"farmer_unique_id":"4582973","site_id":7003},{"date":"2021-06-22","product":"COPERNICUS/S1_GRD","band":"VH","value":-15.3028,"farmer_unique_id":"4582973","site_id":7003},{"date":"2021-07-04","product":"COPERNICUS/S1_GRD","band":"VH","value":-22.4971,"farmer_unique_id":"4582973","site_id":7003},{"date":"2021-07-16","product":"COPERNICUS/S1_GRD","band":"VH","value":-17.6884,"farmer_unique_id":"4582973","site_id":7003},{"date":"2021-07-28","product":"COPERNICUS/S1_GRD","band":"VH","value":-18.385,"farmer_unique_id":"4582973","site_id":7003},{"date":"2021-08-09","product":"COPERNICUS/S1_GRD","band":"VH","value":-25.0517,"farmer_unique_id":"4582973","site_id":7003},{"date":"2021-08-21","product":"COPERNICUS/S1_GRD","band":"VH","value":-20.262,"farmer_unique_id":"4582973","site_id":7003},{"date":"2021-09-02","product":"COPERNICUS/S1_GRD","band":"VH","value":-23.4717,"farmer_unique_id":"4582973","site_id":7003},{"date":"2021-09-14","product":"COPERNICUS/S1_GRD","band":"VH","value":-19.8125,"farmer_unique_id":"4582973","site_id":7003},{"date":"2021-09-26","product":"COPERNICUS/S1_GRD","band":"VH","value":-19.3031,"farmer_unique_id":"4582973","site_id":7003},{"date":"2021-10-08","product":"COPERNICUS/S1_GRD","band":"VH","value":-21.6041,"farmer_unique_id":"4582973","site_id":7003},{"date":"2021-10-20","product":"COPERNICUS/S1_GRD","band":"VH","value":-17.8085,"farmer_unique_id":"4582973","site_id":7003},{"date":"2021-11-01","product":"COPERNICUS/S1_GRD","band":"VH","value":-19.6471,"farmer_unique_id":"4582973","site_id":7003},{"date":"2021-11-13","product":"COPERNICUS/S1_GRD","band":"VH","value":-16.5672,"farmer_unique_id":"4582973","site_id":7003},{"date":"2021-11-25","product":"COPERNICUS/S1_GRD","band":"VH","value":-15.433,"farmer_unique_id":"4582973","site_id":7003},{"date":"2021-12-07","product":"COPERNICUS/S1_GRD","band":"VH","value":-19.363,"farmer_unique_id":"4582973","site_id":7003},{"date":"2021-12-19","product":"COPERNICUS/S1_GRD","band":"VH","value":-11.4797,"farmer_unique_id":"4582973","site_id":7003},{"date":"2020-01-11","product":"COPERNICUS/S1_GRD","band":"VV","value":-9.8588,"farmer_unique_id":"4582973","site_id":7003},{"date":"2020-01-23","product":"COPERNICUS/S1_GRD","band":"VV","value":-11.1121,"farmer_unique_id":"4582973","site_id":7003},{"date":"2020-02-04","product":"COPERNICUS/S1_GRD","band":"VV","value":-2.7231,"farmer_unique_id":"4582973","site_id":7003},{"date":"2020-02-16","product":"COPERNICUS/S1_GRD","band":"VV","value":-5.6777,"farmer_unique_id":"4582973","site_id":7003},{"date":"2020-02-28","product":"COPERNICUS/S1_GRD","band":"VV","value":-6.5422,"farmer_unique_id":"4582973","site_id":7003},{"date":"2020-03-11","product":"COPERNICUS/S1_GRD","band":"VV","value":-11.9183,"farmer_unique_id":"4582973","site_id":7003},{"date":"2020-03-23","product":"COPERNICUS/S1_GRD","band":"VV","value":-11.8128,"farmer_unique_id":"4582973","site_id":7003},{"date":"2020-04-04","product":"COPERNICUS/S1_GRD","band":"VV","value":-10.0282,"farmer_unique_id":"4582973","site_id":7003},{"date":"2020-04-16","product":"COPERNICUS/S1_GRD","band":"VV","value":-10.7334,"farmer_unique_id":"4582973","site_id":7003},{"date":"2020-04-28","product":"COPERNICUS/S1_GRD","band":"VV","value":-11.0826,"farmer_unique_id":"4582973","site_id":7003},{"date":"2020-05-10","product":"COPERNICUS/S1_GRD","band":"VV","value":-6.2103,"farmer_unique_id":"4582973","site_id":7003},{"date":"2020-05-22","product":"COPERNICUS/S1_GRD","band":"VV","value":-9.851,"farmer_unique_id":"4582973","site_id":7003},{"date":"2020-06-03","product":"COPERNICUS/S1_GRD","band":"VV","value":-9.5947,"farmer_unique_id":"4582973","site_id":7003},{"date":"2020-06-15","product":"COPERNICUS/S1_GRD","band":"VV","value":-11.8817,"farmer_unique_id":"4582973","site_id":7003},{"date":"2020-06-27","product":"COPERNICUS/S1_GRD","band":"VV","value":-9.93,"farmer_unique_id":"4582973","site_id":7003},{"date":"2020-07-09","product":"COPERNICUS/S1_GRD","band":"VV","value":-7.929,"farmer_unique_id":"4582973","site_id":7003},{"date":"2020-07-21","product":"COPERNICUS/S1_GRD","band":"VV","value":-13.1666,"farmer_unique_id":"4582973","site_id":7003},{"date":"2020-08-02","product":"COPERNICUS/S1_GRD","band":"VV","value":-12.2555,"farmer_unique_id":"4582973","site_id":7003},{"date":"2020-08-14","product":"COPERNICUS/S1_GRD","band":"VV","value":-10.5273,"farmer_unique_id":"4582973","site_id":7003},{"date":"2020-08-26","product":"COPERNICUS/S1_GRD","band":"VV","value":-10.5495,"farmer_unique_id":"4582973","site_id":7003},{"date":"2020-09-07","product":"COPERNICUS/S1_GRD","band":"VV","value":-7.8132,"farmer_unique_id":"4582973","site_id":7003},{"date":"2020-09-19","product":"COPERNICUS/S1_GRD","band":"VV","value":-14.2505,"farmer_unique_id":"4582973","site_id":7003},{"date":"2020-10-01","product":"COPERNICUS/S1_GRD","band":"VV","value":-13.3396,"farmer_unique_id":"4582973","site_id":7003},{"date":"2020-10-13","product":"COPERNICUS/S1_GRD","band":"VV","value":-18.4807,"farmer_unique_id":"4582973","site_id":7003},{"date":"2020-10-25","product":"COPERNICUS/S1_GRD","band":"VV","value":-16.9171,"farmer_unique_id":"4582973","site_id":7003},{"date":"2020-11-06","product":"COPERNICUS/S1_GRD","band":"VV","value":-9.7061,"farmer_unique_id":"4582973","site_id":7003},{"date":"2020-11-18","product":"COPERNICUS/S1_GRD","band":"VV","value":-13.9511,"farmer_unique_id":"4582973","site_id":7003},{"date":"2020-11-30","product":"COPERNICUS/S1_GRD","band":"VV","value":-10.9479,"farmer_unique_id":"4582973","site_id":7003},{"date":"2020-12-12","product":"COPERNICUS/S1_GRD","band":"VV","value":-11.5686,"farmer_unique_id":"4582973","site_id":7003},{"date":"2020-12-24","product":"COPERNICUS/S1_GRD","band":"VV","value":-13.2323,"farmer_unique_id":"4582973","site_id":7003},{"date":"2021-01-05","product":"COPERNICUS/S1_GRD","band":"VV","value":-12.761,"farmer_unique_id":"4582973","site_id":7003},{"date":"2021-01-17","product":"COPERNICUS/S1_GRD","band":"VV","value":-10.1016,"farmer_unique_id":"4582973","site_id":7003},{"date":"2021-01-29","product":"COPERNICUS/S1_GRD","band":"VV","value":-10.4573,"farmer_unique_id":"4582973","site_id":7003},{"date":"2021-02-10","product":"COPERNICUS/S1_GRD","band":"VV","value":-9.0792,"farmer_unique_id":"4582973","site_id":7003},{"date":"2021-02-22","product":"COPERNICUS/S1_GRD","band":"VV","value":-11.0513,"farmer_unique_id":"4582973","site_id":7003},{"date":"2021-03-06","product":"COPERNICUS/S1_GRD","band":"VV","value":-13.9254,"farmer_unique_id":"4582973","site_id":7003},{"date":"2021-03-18","product":"COPERNICUS/S1_GRD","band":"VV","value":-15.0735,"farmer_unique_id":"4582973","site_id":7003},{"date":"2021-03-30","product":"COPERNICUS/S1_GRD","band":"VV","value":-9.0827,"farmer_unique_id":"4582973","site_id":7003},{"date":"2021-04-11","product":"COPERNICUS/S1_GRD","band":"VV","value":-10.6028,"farmer_unique_id":"4582973","site_id":7003},{"date":"2021-04-23","product":"COPERNICUS/S1_GRD","band":"VV","value":-8.6227,"farmer_unique_id":"4582973","site_id":7003},{"date":"2021-05-05","product":"COPERNICUS/S1_GRD","band":"VV","value":-8.7014,"farmer_unique_id":"4582973","site_id":7003},{"date":"2021-05-17","product":"COPERNICUS/S1_GRD","band":"VV","value":-10.6582,"farmer_unique_id":"4582973","site_id":7003},{"date":"2021-05-29","product":"COPERNICUS/S1_GRD","band":"VV","value":-10.3756,"farmer_unique_id":"4582973","site_id":7003},{"date":"2021-06-10","product":"COPERNICUS/S1_GRD","band":"VV","value":-10.1247,"farmer_unique_id":"4582973","site_id":7003},{"date":"2021-06-22","product":"COPERNICUS/S1_GRD","band":"VV","value":-15.7421,"farmer_unique_id":"4582973","site_id":7003},{"date":"2021-07-04","product":"COPERNICUS/S1_GRD","band":"VV","value":-10.8927,"farmer_unique_id":"4582973","site_id":7003},{"date":"2021-07-16","product":"COPERNICUS/S1_GRD","band":"VV","value":-12.6371,"farmer_unique_id":"4582973","site_id":7003},{"date":"2021-07-28","product":"COPERNICUS/S1_GRD","band":"VV","value":-14.0412,"farmer_unique_id":"4582973","site_id":7003},{"date":"2021-08-09","product":"COPERNICUS/S1_GRD","band":"VV","value":-13.868,"farmer_unique_id":"4582973","site_id":7003},{"date":"2021-08-21","product":"COPERNICUS/S1_GRD","band":"VV","value":-14.1069,"farmer_unique_id":"4582973","site_id":7003},{"date":"2021-09-02","product":"COPERNICUS/S1_GRD","band":"VV","value":-13.8003,"farmer_unique_id":"4582973","site_id":7003},{"date":"2021-09-14","product":"COPERNICUS/S1_GRD","band":"VV","value":-14.0624,"farmer_unique_id":"4582973","site_id":7003},{"date":"2021-09-26","product":"COPERNICUS/S1_GRD","band":"VV","value":-14.1978,"farmer_unique_id":"4582973","site_id":7003},{"date":"2021-10-08","product":"COPERNICUS/S1_GRD","band":"VV","value":-13.6749,"farmer_unique_id":"4582973","site_id":7003},{"date":"2021-10-20","product":"COPERNICUS/S1_GRD","band":"VV","value":-12.0203,"farmer_unique_id":"4582973","site_id":7003},{"date":"2021-11-01","product":"COPERNICUS/S1_GRD","band":"VV","value":-10.287,"farmer_unique_id":"4582973","site_id":7003},{"date":"2021-11-13","product":"COPERNICUS/S1_GRD","band":"VV","value":-10.5317,"farmer_unique_id":"4582973","site_id":7003},{"date":"2021-11-25","product":"COPERNICUS/S1_GRD","band":"VV","value":-9.9852,"farmer_unique_id":"4582973","site_id":7003},{"date":"2021-12-07","product":"COPERNICUS/S1_GRD","band":"VV","value":-10.4895,"farmer_unique_id":"4582973","site_id":7003},{"date":"2021-12-19","product":"COPERNICUS/S1_GRD","band":"VV","value":-8.9869,"farmer_unique_id":"4582973","site_id":7003}]
