[{"date":"2020-01-11","product":"COPERNICUS/S1_GRD","band":"VH","value":-15.4331,"farmer_unique_id":"4807519","site_id":8730},{"date":"2020-01-23","product":"COPERNICUS/S1_GRD","band":"VH","value":-19.9059,"farmer_unique_id":"4807519","site_id":8730},{"date":"2020-02-04","product":"COPERNICUS/S1_GRD","band":"VH","value":-13.4794,"farmer_unique_id":"4807519","site_id":8730},{"date":"2020-02-16","product":"COPERNICUS/S1_GRD","band":"VH","value":-15.2464,"farmer_unique_id":"4807519","site_id":8730},{"date":"2020-02-28","product":"COPERNICUS/S1_GRD","band":"VH","value":-16.353,"farmer_unique_id":"4807519","site_id":8730},{"date":"2020-03-11","product":"COPERNICUS/S1_GRD","band":"VH","value":-23.7556,"farmer_unique_id":"4807519","site_id":8730},{"date":"2020-03-23","product":"COPERNICUS/S1_GRD","band":"VH","value":-17.5528,"farmer_unique_id":"4807519","site_id":8730},{"date":"2020-04-04","product":"COPERNICUS/S1_GRD","band":"VH","value":-16.2847,"farmer_unique_id":"4807519","site_id":8730},{"date":"2020-04-16","product":"COPERNICUS/S1_GRD","band":"VH","value":-14.6681,"farmer_unique_id":"4807519","site_id":8730},{"date":"2020-04-28","product":"COPERNICUS/S1_GRD","band":"VH","value":-14.4863,"farmer_unique_id":"4807519","site_id":8730},{"date":"2020-05-10","product":"COPERNICUS/S1_GRD","band":"VH","value":-14.8583,"farmer_unique_id":"4807519","site_id":8730},{"date":"2020-05-22","product":"COPERNICUS/S1_GRD","band":"VH","value":-16.1662,"farmer_unique_id":"4807519","site_id":8730},{"date":"2020-06-03","product":"COPERNICUS/S1_GRD","band":"VH","value":-14.4866,"farmer_unique_id":"4807519","site_id":8730},{"date":"2020-06-15","product":"COPERNICUS/S1_GRD","band":"VH","value":-17.3353,"farmer_unique_id":"4807519","site_id":8730},{"date":"2020-06-27","product":"COPERNICUS/S1_GRD","band":"VH","value":-17.2422,"farmer_unique_id":"4807519","site_id":8730},{"date":"2020-07-09","product":"COPERNICUS/S1_GRD","band":"VH","value":-12.7379,"farmer_unique_id":"4807519","site_id":8730},{"date":"2020-07-21","product":"COPERNICUS/S1_GRD","band":"VH","value":-18.2021,"farmer_unique_id":"4807519","site_id":8730},{"date":"2020-08-02","product":"COPERNICUS/S1_GRD","band":"VH","value":-17.0214,"farmer_unique_id":"4807519","site_id":8730},{"date":"2020-08-14","product":"COPERNICUS/S1_GRD","band":"VH","value":-16.4205,"farmer_unique_id":"4807519","site_id":8730},{"date":"2020-08-26","product":"COPERNICUS/S1_GRD","band":"VH","value":-21.4966,"farmer_unique_id":"4807519","site_id":8730},{"date":"2020-09-07","product":"COPERNICUS/S1_GRD","band":"VH","value":-19.7149,"farmer_unique_id":"4807519","site_id":8730},{"date":"2020-09-19","product":"COPERNICUS/S1_GRD","band":"VH","value":-22.9372,"farmer_unique_id":"4807519","site_id":8730},{"date":"2020-10-01","product":"COPERNICUS/S1_GRD","band":"VH","value":-23.5256,"farmer_unique_id":"4807519","site_id":8730},{"date":"2020-10-13","product":"COPERNICUS/S1_GRD","band":"VH","value":-23.4749,"farmer_unique_id":"4807519","site_id":8730},{"date":"2020-10-25","product":"COPERNICUS/S1_GRD","band":"VH","value":-22.4473,"farmer_unique_id":"4807519","site_id":8730},{"date":"2020-11-06","product":"COPERNICUS/S1_GRD","band":"VH","value":-17.2313,"farmer_unique_id":"4807519","site_id":8730},{"date":"2020-11-18","product":"COPERNICUS/S1_GRD","band":"VH","value":-19.376,"farmer_unique_id":"4807519","site_id":8730},{"date":"2020-11-30","product":"COPERNICUS/S1_GRD","band":"VH","value":-14.5237,"farmer_unique_id":"4807519","site_id":8730},{"date":"2020-12-12","product":"COPERNICUS/S1_GRD","band":"VH","value":-18.7877,"farmer_unique_id":"4807519","site_id":8730},{"date":"2020-12-24","product":"COPERNICUS/S1_GRD","band":"VH","value":-14.8926,"farmer_unique_id":"4807519","site_id":8730},{"date":"2021-01-05","product":"COPERNICUS/S1_GRD","band":"VH","value":-16.4548,"farmer_unique_id":"4807519","site_id":8730},{"date":"2021-01-17","product":"COPERNICUS/S1_GRD","band":"VH","value":-17.0097,"farmer_unique_id":"4807519","site_id":8730},{"date":"2021-01-29","product":"COPERNICUS/S1_GRD","band":"VH","value":-14.212,"farmer_unique_id":"4807519","site_id":8730},{"date":"2021-02-10","product":"COPERNICUS/S1_GRD","band":"VH","value":-14.5687,"farmer_unique_id":"4807519","site_id":8730},{"date":"2021-02-22","product":"COPERNICUS/S1_GRD","band":"VH","value":-15.8116,"farmer_unique_id":"4807519","site_id":8730},{"date":"2021-03-06","product":"COPERNICUS/S1_GRD","band":"VH","value":-17.791,"farmer_unique_id":"4807519","site_id":8730},{"date":"2021-03-18","product":"COPERNICUS/S1_GRD","band":"VH","value":-18.4825,"farmer_unique_id":"4807519","site_id":8730},{"date":"2021-03-30","product":"COPERNICUS/S1_GRD","band":"VH","value":-29.0666,"farmer_unique_id":"4807519","site_id":8730},{"date":"2021-04-11","product":"COPERNICUS/S1_GRD","band":"VH","value":-25.1149,"farmer_unique_id":"4807519","site_id":8730},{"date":"2021-04-23","product":"COPERNICUS/S1_GRD","band":"VH","value":-19.3887,"farmer_unique_id":"4807519","site_id":8730},{"date":"2021-05-05","product":"COPERNICUS/S1_GRD","band":"VH","value":-16.7427,"farmer_unique_id":"4807519","site_id":8730},{"date":"2021-05-17","product":"COPERNICUS/S1_GRD","band":"VH","value":-19.7394,"farmer_unique_id":"4807519","site_id":8730},{"date":"2021-05-29","product":"COPERNICUS/S1_GRD","band":"VH","value":-17.7106,"farmer_unique_id":"4807519","site_id":8730},{"date":"2021-06-10","product":"COPERNICUS/S1_GRD","band":"VH","value":-16.8962,"farmer_unique_id":"4807519","site_id":8730},{"date":"2021-06-22","product":"COPERNICUS/S1_GRD","band":"VH","value":-15.4909,"farmer_unique_id":"4807519","site_id":8730},{"date":"2021-07-04","product":"COPERNICUS/S1_GRD","band":"VH","value":-17.0237,"farmer_unique_id":"4807519","site_id":8730},{"date":"2021-07-16","product":"COPERNICUS/S1_GRD","band":"VH","value":-19.8501,"farmer_unique_id":"4807519","site_id":8730},{"date":"2021-07-28","product":"COPERNICUS/S1_GRD","band":"VH","value":-19.5333,"farmer_unique_id":"4807519","site_id":8730},{"date":"2021-08-09","product":"COPERNICUS/S1_GRD","band":"VH","value":-23.6802,"farmer_unique_id":"4807519","site_id":8730},{"date":"2021-08-21","product":"COPERNICUS/S1_GRD","band":"VH","value":-18.6938,"farmer_unique_id":"4807519","site_id":8730},{"date":"2021-09-02","product":"COPERNICUS/S1_GRD","band":"VH","value":-23.45,"farmer_unique_id":"4807519","site_id":8730},{"date":"2021-09-14","product":"COPERNICUS/S1_GRD","band":"VH","value":-23.0693,"farmer_unique_id":"4807519","site_id":8730},{"date":"2021-09-26","product":"COPERNICUS/S1_GRD","band":"VH","value":-21.111,"farmer_unique_id":"4807519","site_id":8730},{"date":"2021-10-08","product":"COPERNICUS/S1_GRD","band":"VH","value":-20.9984,"farmer_unique_id":"4807519","site_id":8730},{"date":"2021-10-20","product":"COPERNICUS/S1_GRD","band":"VH","value":-22.8857,"farmer_unique_id":"4807519","site_id":8730},{"date":"2021-11-01","product":"COPERNICUS/S1_GRD","band":"VH","value":-20.6151,"farmer_unique_id":"4807519","site_id":8730},{"date":"2021-11-13","product":"COPERNICUS/S1_GRD","band":"VH","value":-22.9082,"farmer_unique_id":"4807519","site_id":8730},{"date":"2021-11-25","product":"COPERNICUS/S1_GRD","band":"VH","value":-17.1861,"farmer_unique_id":"4807519","site_id":8730},{"date":"2021-12-07","product":"COPERNICUS/S1_GRD","band":"VH","value":-18.7697,"farmer_unique_id":"4807519","site_id":8730},{"date":"2021-12-19","product":"COPERNICUS/S1_GRD","band":"VH","value":-16.1372,"farmer_unique_id":"4807519","site_id":8730},{"date":"2020-01-11","product":"COPERNICUS/S1_GRD","band":"VV","value":-9.662,"farmer_unique_id":"4807519","site_id":8730},{"date":"2020-01-23","product":"COPERNICUS/S1_GRD","band":"VV","value":-9.64,"farmer_unique_id":"4807519","site_id":8730},{"date":"2020-02-04","product":"COPERNICUS/S1_GRD","band":"VV","value":-7.093,"farmer_unique_id":"4807519","site_id":8730},{"date":"2020-02-16","product":"COPERNICUS/S1_GRD","band":"VV","value":-9.832,"farmer_unique_id":"4807519","site_id":8730},{"date":"2020-02-28","product":"COPERNICUS/S1_GRD","band":"VV","value":-11.4766,"farmer_unique_id":"4807519","site_id":8730},{"date":"2020-03-11","product":"COPERNICUS/S1_GRD","band":"VV","value":-15.2961,"farmer_unique_id":"4807519","site_id":8730},{"date":"2020-03-23","product":"COPERNICUS/S1_GRD","band":"VV","value":-13.1941,"farmer_unique_id":"4807519","site_id":8730},{"date":"2020-04-04","product":"COPERNICUS/S1_GRD","band":"VV","value":-11.548,"farmer_unique_id":"4807519","site_id":8730},{"date":"2020-04-16","product":"COPERNICUS/S1_GRD","band":"VV","value":-7.9097,"farmer_unique_id":"4807519","site_id":8730},{"date":"2020-04-28","product":"COPERNICUS/S1_GRD","band":"VV","value":-8.1644,"farmer_unique_id":"4807519","site_id":8730},{"date":"2020-05-10","product":"COPERNICUS/S1_GRD","band":"VV","value":-5.7491,"farmer_unique_id":"4807519","site_id":8730},{"date":"2020-05-22","product":"COPERNICUS/S1_GRD","band":"VV","value":-9.2397,"farmer_unique_id":"4807519","site_id":8730},{"date":"2020-06-03","product":"COPERNICUS/S1_GRD","band":"VV","value":-11.4274,"farmer_unique_id":"4807519","site_id":8730},{"date":"2020-06-15","product":"COPERNICUS/S1_GRD","band":"VV","value":-6.8666,"farmer_unique_id":"4807519","site_id":8730},{"date":"2020-06-27","product":"COPERNICUS/S1_GRD","band":"VV","value":-9.9095,"farmer_unique_id":"4807519","site_id":8730},{"date":"2020-07-09","product":"COPERNICUS/S1_GRD","band":"VV","value":-14.199,"farmer_unique_id":"4807519","site_id":8730},{"date":"2020-07-21","product":"COPERNICUS/S1_GRD","band":"VV","value":-15.1821,"farmer_unique_id":"4807519","site_id":8730},{"date":"2020-08-02","product":"COPERNICUS/S1_GRD","band":"VV","value":-13.4818,"farmer_unique_id":"4807519","site_id":8730},{"date":"2020-08-14","product":"COPERNICUS/S1_GRD","band":"VV","value":-8.0016,"farmer_unique_id":"4807519","site_id":8730},{"date":"2020-08-26","product":"COPERNICUS/S1_GRD","band":"VV","value":-13.1745,"farmer_unique_id":"4807519","site_id":8730},{"date":"2020-09-07","product":"COPERNICUS/S1_GRD","band":"VV","value":-15.0884,"farmer_unique_id":"4807519","site_id":8730},{"date":"2020-09-19","product":"COPERNICUS/S1_GRD","band":"VV","value":-13.1037,"farmer_unique_id":"4807519","site_id":8730},{"date":"2020-10-01","product":"COPERNICUS/S1_GRD","band":"VV","value":-15.5537,"farmer_unique_id":"4807519","site_id":8730},{"date":"2020-10-13","product":"COPERNICUS/S1_GRD","band":"VV","value":-11.2804,"farmer_unique_id":"4807519","site_id":8730},{"date":"2020-10-25","product":"COPERNICUS/S1_GRD","band":"VV","value":-14.6983,"farmer_unique_id":"4807519","site_id":8730},{"date":"2020-11-06","product":"COPERNICUS/S1_GRD","band":"VV","value":-11.0934,"farmer_unique_id":"4807519","site_id":8730},{"date":"2020-11-18","product":"COPERNICUS/S1_GRD","band":"VV","value":-11.8717,"farmer_unique_id":"4807519","site_id":8730},{"date":"2020-11-30","product":"COPERNICUS/S1_GRD","band":"VV","value":-8.8102,"farmer_unique_id":"4807519","site_id":8730},{"date":"2020-12-12","product":"COPERNICUS/S1_GRD","band":"VV","value":-9.1201,"farmer_unique_id":"4807519","site_id":8730},{"date":"2020-12-24","product":"COPERNICUS/S1_GRD","band":"VV","value":-5.5149,"farmer_unique_id":"4807519","site_id":8730},{"date":"2021-01-05","product":"COPERNICUS/S1_GRD","band":"VV","value":-11.476,"farmer_unique_id":"4807519","site_id":8730},{"date":"2021-01-17","product":"COPERNICUS/S1_GRD","band":"VV","value":-8.2119,"farmer_unique_id":"4807519","site_id":8730},{"date":"2021-01-29","product":"COPERNICUS/S1_GRD","band":"VV","value":-6.6952,"farmer_unique_id":"4807519","site_id":8730},{"date":"2021-02-10","product":"COPERNICUS/S1_GRD","band":"VV","value":-8.603,"farmer_unique_id":"4807519","site_id":8730},{"date":"2021-02-22","product":"COPERNICUS/S1_GRD","band":"VV","value":-11.6372,"farmer_unique_id":"4807519","site_id":8730},{"date":"2021-03-06","product":"COPERNICUS/S1_GRD","band":"VV","value":-13.101,"farmer_unique_id":"4807519","site_id":8730},{"date":"2021-03-18","product":"COPERNICUS/S1_GRD","band":"VV","value":-17.1594,"farmer_unique_id":"4807519","site_id":8730},{"date":"2021-03-30","product":"COPERNICUS/S1_GRD","band":"VV","value":-13.2114,"farmer_unique_id":"4807519","site_id":8730},{"date":"2021-04-11","product":"COPERNICUS/S1_GRD","band":"VV","value":-13.9665,"farmer_unique_id":"4807519","site_id":8730},{"date":"2021-04-23","product":"COPERNICUS/S1_GRD","band":"VV","value":-14.4426,"farmer_unique_id":"4807519","site_id":8730},{"date":"2021-05-05","product":"COPERNICUS/S1_GRD","band":"VV","value":-10.8016,"farmer_unique_id":"4807519","site_id":8730},{"date":"2021-05-17","product":"COPERNICUS/S1_GRD","band":"VV","value":-13.1751,"farmer_unique_id":"4807519","site_id":8730},{"date":"2021-05-29","product":"COPERNICUS/S1_GRD","band":"VV","value":-9.7791,"farmer_unique_id":"4807519","site_id":8730},{"date":"2021-06-10","product":"COPERNICUS/S1_GRD","band":"VV","value":-9.8539,"farmer_unique_id":"4807519","site_id":8730},{"date":"2021-06-22","product":"COPERNICUS/S1_GRD","band":"VV","value":-10.3196,"farmer_unique_id":"4807519","site_id":8730},{"date":"2021-07-04","product":"COPERNICUS/S1_GRD","band":"VV","value":-9.7562,"farmer_unique_id":"4807519","site_id":8730},{"date":"2021-07-16","product":"COPERNICUS/S1_GRD","band":"VV","value":-14.1542,"farmer_unique_id":"4807519","site_id":8730},{"date":"2021-07-28","product":"COPERNICUS/S1_GRD","band":"VV","value":-11.5982,"farmer_unique_id":"4807519","site_id":8730},{"date":"2021-08-09","product":"COPERNICUS/S1_GRD","band":"VV","value":-12.2441,"farmer_unique_id":"4807519","site_id":8730},{"date":"2021-08-21","product":"COPERNICUS/S1_GRD","band":"VV","value":-13.8161,"farmer_unique_id":"4807519","site_id":8730},{"date":"2021-09-02","product":"COPERNICUS/S1_GRD","band":"VV","value":-16.2174,"farmer_unique_id":"4807519","site_id":8730},{"date":"2021-09-14","product":"COPERNICUS/S1_GRD","band":"VV","value":-15.3229,"farmer_unique_id":"4807519","site_id":8730},{"date":"2021-09-26","product":"COPERNICUS/S1_GRD","band":"VV","value":-16.7775,"farmer_unique_id":"4807519","site_id":8730},{"date":"2021-10-08","product":"COPERNICUS/S1_GRD","band":"VV","value":-11.9875,"farmer_unique_id":"4807519","site_id":8730},{"date":"2021-10-20","product":"COPERNICUS/S1_GRD","band":"VV","value":-13.4542,"farmer_unique_id":"4807519","site_id":8730},{"date":"2021-11-01","product":"COPERNICUS/S1_GRD","band":"VV","value":-15.7901,"farmer_unique_id":"4807519","site_id":8730},{"date":"2021-11-13","product":"COPERNICUS/S1_GRD","band":"VV","value":-16.3076,"farmer_unique_id":"4807519","site_id":8730},{"date":"2021-11-25","product":"COPERNICUS/S1_GRD","band":"VV","value":-10.315,"farmer_unique_id":"4807519","site_id":8730},{"date":"2021-12-07","product":"COPERNICUS/S1_GRD","band":"VV","value":-7.8315,"farmer_unique_id":"4807519","site_id":8730},{"date":"2021-12-19","product":"COPERNICUS/S1_GRD","band":"VV","value":-9.3351,"farmer_unique_id":"4807519","site_id":8730}]
