[{"date":"2020-01-11","product":"COPERNICUS/S1_GRD","band":"VH","value":-13.6659,"farmer_unique_id":"ME3251","site_id":1035},{"date":"2020-01-23","product":"COPERNICUS/S1_GRD","band":"VH","value":-15.0452,"farmer_unique_id":"ME3251","site_id":1035},{"date":"2020-02-04","product":"COPERNICUS/S1_GRD","band":"VH","value":-12.5953,"farmer_unique_id":"ME3251","site_id":1035},{"date":"2020-02-16","product":"COPERNICUS/S1_GRD","band":"VH","value":-13.0887,"farmer_unique_id":"ME3251","site_id":1035},{"date":"2020-02-28","product":"COPERNICUS/S1_GRD","band":"VH","value":-16.1157,"farmer_unique_id":"ME3251","site_id":1035},{"date":"2020-03-11","product":"COPERNICUS/S1_GRD","band":"VH","value":-15.5132,"farmer_unique_id":"ME3251","site_id":1035},{"date":"2020-03-23","product":"COPERNICUS/S1_GRD","band":"VH","value":-18.3568,"farmer_unique_id":"ME3251","site_id":1035},{"date":"2020-04-04","product":"COPERNICUS/S1_GRD","band":"VH","value":-15.0482,"farmer_unique_id":"ME3251","site_id":1035},{"date":"2020-04-16","product":"COPERNICUS/S1_GRD","band":"VH","value":-14.1691,"farmer_unique_id":"ME3251","site_id":1035},{"date":"2020-04-28","product":"COPERNICUS/S1_GRD","band":"VH","value":-15.8415,"farmer_unique_id":"ME3251","site_id":1035},{"date":"2020-05-10","product":"COPERNICUS/S1_GRD","band":"VH","value":-15.4342,"farmer_unique_id":"ME3251","site_id":1035},{"date":"2020-05-22","product":"COPERNICUS/S1_GRD","band":"VH","value":-13.735,"farmer_unique_id":"ME3251","site_id":1035},{"date":"2020-06-03","product":"COPERNICUS/S1_GRD","band":"VH","value":-17.302,"farmer_unique_id":"ME3251","site_id":1035},{"date":"2020-06-15","product":"COPERNICUS/S1_GRD","band":"VH","value":-17.8258,"farmer_unique_id":"ME3251","site_id":1035},{"date":"2020-06-27","product":"COPERNICUS/S1_GRD","band":"VH","value":-16.7346,"farmer_unique_id":"ME3251","site_id":1035},{"date":"2020-07-09","product":"COPERNICUS/S1_GRD","band":"VH","value":-16.6431,"farmer_unique_id":"ME3251","site_id":1035},{"date":"2020-07-21","product":"COPERNICUS/S1_GRD","band":"VH","value":-20.0608,"farmer_unique_id":"ME3251","site_id":1035},{"date":"2020-08-02","product":"COPERNICUS/S1_GRD","band":"VH","value":-18.7021,"farmer_unique_id":"ME3251","site_id":1035},{"date":"2020-08-14","product":"COPERNICUS/S1_GRD","band":"VH","value":-16.9486,"farmer_unique_id":"ME3251","site_id":1035},{"date":"2020-08-26","product":"COPERNICUS/S1_GRD","band":"VH","value":-16.5483,"farmer_unique_id":"ME3251","site_id":1035},{"date":"2020-09-07","product":"COPERNICUS/S1_GRD","band":"VH","value":-19.2677,"farmer_unique_id":"ME3251","site_id":1035},{"date":"2020-09-19","product":"COPERNICUS/S1_GRD","band":"VH","value":-19.2301,"farmer_unique_id":"ME3251","site_id":1035},{"date":"2020-10-01","product":"COPERNICUS/S1_GRD","band":"VH","value":-18.8165,"farmer_unique_id":"ME3251","site_id":1035},{"date":"2020-10-13","product":"COPERNICUS/S1_GRD","band":"VH","value":-19.5825,"farmer_unique_id":"ME3251","site_id":1035},{"date":"2020-10-25","product":"COPERNICUS/S1_GRD","band":"VH","value":-22.1168,"farmer_unique_id":"ME3251","site_id":1035},{"date":"2020-11-06","product":"COPERNICUS/S1_GRD","band":"VH","value":-14.2748,"farmer_unique_id":"ME3251","site_id":1035},{"date":"2020-11-18","product":"COPERNICUS/S1_GRD","band":"VH","value":-20.1833,"farmer_unique_id":"ME3251","site_id":1035},{"date":"2020-11-30","product":"COPERNICUS/S1_GRD","band":"VH","value":-13.3882,"farmer_unique_id":"ME3251","site_id":1035},{"date":"2020-12-12","product":"COPERNICUS/S1_GRD","band":"VH","value":-15.8978,"farmer_unique_id":"ME3251","site_id":1035},{"date":"2020-12-24","product":"COPERNICUS/S1_GRD","band":"VH","value":-15.2552,"farmer_unique_id":"ME3251","site_id":1035},{"date":"2021-01-05","product":"COPERNICUS/S1_GRD","band":"VH","value":-13.0823,"farmer_unique_id":"ME3251","site_id":1035},{"date":"2021-01-17","product":"COPERNICUS/S1_GRD","band":"VH","value":-14.111,"farmer_unique_id":"ME3251","site_id":1035},{"date":"2021-01-29","product":"COPERNICUS/S1_GRD","band":"VH","value":-18.2235,"farmer_unique_id":"ME3251","site_id":1035},{"date":"2021-02-10","product":"COPERNICUS/S1_GRD","band":"VH","value":-15.8433,"farmer_unique_id":"ME3251","site_id":1035},{"date":"2021-02-22","product":"COPERNICUS/S1_GRD","band":"VH","value":-15.5506,"farmer_unique_id":"ME3251","site_id":1035},{"date":"2021-03-06","product":"COPERNICUS/S1_GRD","band":"VH","value":-17.3007,"farmer_unique_id":"ME3251","site_id":1035},{"date":"2021-03-18","product":"COPERNICUS/S1_GRD","band":"VH","value":-18.3838,"farmer_unique_id":"ME3251","site_id":1035},{"date":"2021-03-30","product":"COPERNICUS/S1_GRD","band":"VH","value":-19.4306,"farmer_unique_id":"ME3251","site_id":1035},{"date":"2021-04-11","product":"COPERNICUS/S1_GRD","band":"VH","value":-17.2836,"farmer_unique_id":"ME3251","site_id":1035},{"date":"2021-04-23","product":"COPERNICUS/S1_GRD","band":"VH","value":-12.466,"farmer_unique_id":"ME3251","site_id":1035},{"date":"2021-05-05","product":"COPERNICUS/S1_GRD","band":"VH","value":-15.0455,"farmer_unique_id":"ME3251","site_id":1035},{"date":"2021-05-17","product":"COPERNICUS/S1_GRD","band":"VH","value":-12.6699,"farmer_unique_id":"ME3251","site_id":1035},{"date":"2021-05-29","product":"COPERNICUS/S1_GRD","band":"VH","value":-18.7297,"farmer_unique_id":"ME3251","site_id":1035},{"date":"2021-06-10","product":"COPERNICUS/S1_GRD","band":"VH","value":-13.5957,"farmer_unique_id":"ME3251","site_id":1035},{"date":"2021-06-22","product":"COPERNICUS/S1_GRD","band":"VH","value":-14.009,"farmer_unique_id":"ME3251","site_id":1035},{"date":"2021-07-04","product":"COPERNICUS/S1_GRD","band":"VH","value":-16.7678,"farmer_unique_id":"ME3251","site_id":1035},{"date":"2021-07-16","product":"COPERNICUS/S1_GRD","band":"VH","value":-13.8154,"farmer_unique_id":"ME3251","site_id":1035},{"date":"2021-07-28","product":"COPERNICUS/S1_GRD","band":"VH","value":-19.3925,"farmer_unique_id":"ME3251","site_id":1035},{"date":"2021-08-09","product":"COPERNICUS/S1_GRD","band":"VH","value":-17.2573,"farmer_unique_id":"ME3251","site_id":1035},{"date":"2021-08-21","product":"COPERNICUS/S1_GRD","band":"VH","value":-20.8851,"farmer_unique_id":"ME3251","site_id":1035},{"date":"2021-09-02","product":"COPERNICUS/S1_GRD","band":"VH","value":-21.0796,"farmer_unique_id":"ME3251","site_id":1035},{"date":"2021-09-14","product":"COPERNICUS/S1_GRD","band":"VH","value":-18.6928,"farmer_unique_id":"ME3251","site_id":1035},{"date":"2021-09-26","product":"COPERNICUS/S1_GRD","band":"VH","value":-19.6985,"farmer_unique_id":"ME3251","site_id":1035},{"date":"2021-10-08","product":"COPERNICUS/S1_GRD","band":"VH","value":-18.4852,"farmer_unique_id":"ME3251","site_id":1035},{"date":"2021-10-20","product":"COPERNICUS/S1_GRD","band":"VH","value":-15.283,"farmer_unique_id":"ME3251","site_id":1035},{"date":"2021-11-01","product":"COPERNICUS/S1_GRD","band":"VH","value":-16.345,"farmer_unique_id":"ME3251","site_id":1035},{"date":"2021-11-13","product":"COPERNICUS/S1_GRD","band":"VH","value":-13.89,"farmer_unique_id":"ME3251","site_id":1035},{"date":"2021-11-25","product":"COPERNICUS/S1_GRD","band":"VH","value":-10.7347,"farmer_unique_id":"ME3251","site_id":1035},{"date":"2021-12-07","product":"COPERNICUS/S1_GRD","band":"VH","value":-13.1696,"farmer_unique_id":"ME3251","site_id":1035},{"date":"2021-12-19","product":"COPERNICUS/S1_GRD","band":"VH","value":-12.265,"farmer_unique_id":"ME3251","site_id":1035},{"date":"2020-01-11","product":"COPERNICUS/S1_GRD","band":"VV","value":-10.0557,"farmer_unique_id":"ME3251","site_id":1035},{"date":"2020-01-23","product":"COPERNICUS/S1_GRD","band":"VV","value":-7.4924,"farmer_unique_id":"ME3251","site_id":1035},{"date":"2020-02-04","product":"COPERNICUS/S1_GRD","band":"VV","value":-5.4531,"farmer_unique_id":"ME3251","site_id":1035},{"date":"2020-02-16","product":"COPERNICUS/S1_GRD","band":"VV","value":-8.5268,"farmer_unique_id":"ME3251","site_id":1035},{"date":"2020-02-28","product":"COPERNICUS/S1_GRD","band":"VV","value":-6.9144,"farmer_unique_id":"ME3251","site_id":1035},{"date":"2020-03-11","product":"COPERNICUS/S1_GRD","band":"VV","value":-9.3276,"farmer_unique_id":"ME3251","site_id":1035},{"date":"2020-03-23","product":"COPERNICUS/S1_GRD","band":"VV","value":-8.4604,"farmer_unique_id":"ME3251","site_id":1035},{"date":"2020-04-04","product":"COPERNICUS/S1_GRD","band":"VV","value":-12.0168,"farmer_unique_id":"ME3251","site_id":1035},{"date":"2020-04-16","product":"COPERNICUS/S1_GRD","band":"VV","value":-9.4625,"farmer_unique_id":"ME3251","site_id":1035},{"date":"2020-04-28","product":"COPERNICUS/S1_GRD","band":"VV","value":-5.3961,"farmer_unique_id":"ME3251","site_id":1035},{"date":"2020-05-10","product":"COPERNICUS/S1_GRD","band":"VV","value":-8.1087,"farmer_unique_id":"ME3251","site_id":1035},{"date":"2020-05-22","product":"COPERNICUS/S1_GRD","band":"VV","value":-7.7171,"farmer_unique_id":"ME3251","site_id":1035},{"date":"2020-06-03","product":"COPERNICUS/S1_GRD","band":"VV","value":-10.7495,"farmer_unique_id":"ME3251","site_id":1035},{"date":"2020-06-15","product":"COPERNICUS/S1_GRD","band":"VV","value":-11.2449,"farmer_unique_id":"ME3251","site_id":1035},{"date":"2020-06-27","product":"COPERNICUS/S1_GRD","band":"VV","value":-9.212,"farmer_unique_id":"ME3251","site_id":1035},{"date":"2020-07-09","product":"COPERNICUS/S1_GRD","band":"VV","value":-9.133,"farmer_unique_id":"ME3251","site_id":1035},{"date":"2020-07-21","product":"COPERNICUS/S1_GRD","band":"VV","value":-8.576,"farmer_unique_id":"ME3251","site_id":1035},{"date":"2020-08-02","product":"COPERNICUS/S1_GRD","band":"VV","value":-12.9439,"farmer_unique_id":"ME3251","site_id":1035},{"date":"2020-08-14","product":"COPERNICUS/S1_GRD","band":"VV","value":-11.631,"farmer_unique_id":"ME3251","site_id":1035},{"date":"2020-08-26","product":"COPERNICUS/S1_GRD","band":"VV","value":-11.0824,"farmer_unique_id":"ME3251","site_id":1035},{"date":"2020-09-07","product":"COPERNICUS/S1_GRD","band":"VV","value":-9.8944,"farmer_unique_id":"ME3251","site_id":1035},{"date":"2020-09-19","product":"COPERNICUS/S1_GRD","band":"VV","value":-11.668,"farmer_unique_id":"ME3251","site_id":1035},{"date":"2020-10-01","product":"COPERNICUS/S1_GRD","band":"VV","value":-13.8507,"farmer_unique_id":"ME3251","site_id":1035},{"date":"2020-10-13","product":"COPERNICUS/S1_GRD","band":"VV","value":-11.4882,"farmer_unique_id":"ME3251","site_id":1035},{"date":"2020-10-25","product":"COPERNICUS/S1_GRD","band":"VV","value":-12.7851,"farmer_unique_id":"ME3251","site_id":1035},{"date":"2020-11-06","product":"COPERNICUS/S1_GRD","band":"VV","value":-8.7757,"farmer_unique_id":"ME3251","site_id":1035},{"date":"2020-11-18","product":"COPERNICUS/S1_GRD","band":"VV","value":-9.8488,"farmer_unique_id":"ME3251","site_id":1035},{"date":"2020-11-30","product":"COPERNICUS/S1_GRD","band":"VV","value":-7.4606,"farmer_unique_id":"ME3251","site_id":1035},{"date":"2020-12-12","product":"COPERNICUS/S1_GRD","band":"VV","value":-9.2739,"farmer_unique_id":"ME3251","site_id":1035},{"date":"2020-12-24","product":"COPERNICUS/S1_GRD","band":"VV","value":-6.4397,"farmer_unique_id":"ME3251","site_id":1035},{"date":"2021-01-05","product":"COPERNICUS/S1_GRD","band":"VV","value":-5.9367,"farmer_unique_id":"ME3251","site_id":1035},{"date":"2021-01-17","product":"COPERNICUS/S1_GRD","band":"VV","value":-11.0771,"farmer_unique_id":"ME3251","site_id":1035},{"date":"2021-01-29","product":"COPERNICUS/S1_GRD","band":"VV","value":-10.7986,"farmer_unique_id":"ME3251","site_id":1035},{"date":"2021-02-10","product":"COPERNICUS/S1_GRD","band":"VV","value":-7.6049,"farmer_unique_id":"ME3251","site_id":1035},{"date":"2021-02-22","product":"COPERNICUS/S1_GRD","band":"VV","value":-7.8402,"farmer_unique_id":"ME3251","site_id":1035},{"date":"2021-03-06","product":"COPERNICUS/S1_GRD","band":"VV","value":-8.6306,"farmer_unique_id":"ME3251","site_id":1035},{"date":"2021-03-18","product":"COPERNICUS/S1_GRD","band":"VV","value":-11.3934,"farmer_unique_id":"ME3251","site_id":1035},{"date":"2021-03-30","product":"COPERNICUS/S1_GRD","band":"VV","value":-12.3504,"farmer_unique_id":"ME3251","site_id":1035},{"date":"2021-04-11","product":"COPERNICUS/S1_GRD","band":"VV","value":-7.2805,"farmer_unique_id":"ME3251","site_id":1035},{"date":"2021-04-23","product":"COPERNICUS/S1_GRD","band":"VV","value":-8.0517,"farmer_unique_id":"ME3251","site_id":1035},{"date":"2021-05-05","product":"COPERNICUS/S1_GRD","band":"VV","value":-4.7963,"farmer_unique_id":"ME3251","site_id":1035},{"date":"2021-05-17","product":"COPERNICUS/S1_GRD","band":"VV","value":-9.7036,"farmer_unique_id":"ME3251","site_id":1035},{"date":"2021-05-29","product":"COPERNICUS/S1_GRD","band":"VV","value":-8.5205,"farmer_unique_id":"ME3251","site_id":1035},{"date":"2021-06-10","product":"COPERNICUS/S1_GRD","band":"VV","value":-7.7884,"farmer_unique_id":"ME3251","site_id":1035},{"date":"2021-06-22","product":"COPERNICUS/S1_GRD","band":"VV","value":-9.3725,"farmer_unique_id":"ME3251","site_id":1035},{"date":"2021-07-04","product":"COPERNICUS/S1_GRD","band":"VV","value":-10.0221,"farmer_unique_id":"ME3251","site_id":1035},{"date":"2021-07-16","product":"COPERNICUS/S1_GRD","band":"VV","value":-7.6213,"farmer_unique_id":"ME3251","site_id":1035},{"date":"2021-07-28","product":"COPERNICUS/S1_GRD","band":"VV","value":-12.1143,"farmer_unique_id":"ME3251","site_id":1035},{"date":"2021-08-09","product":"COPERNICUS/S1_GRD","band":"VV","value":-9.3838,"farmer_unique_id":"ME3251","site_id":1035},{"date":"2021-08-21","product":"COPERNICUS/S1_GRD","band":"VV","value":-12.3573,"farmer_unique_id":"ME3251","site_id":1035},{"date":"2021-09-02","product":"COPERNICUS/S1_GRD","band":"VV","value":-13.7836,"farmer_unique_id":"ME3251","site_id":1035},{"date":"2021-09-14","product":"COPERNICUS/S1_GRD","band":"VV","value":-9.0679,"farmer_unique_id":"ME3251","site_id":1035},{"date":"2021-09-26","product":"COPERNICUS/S1_GRD","band":"VV","value":-12.9337,"farmer_unique_id":"ME3251","site_id":1035},{"date":"2021-10-08","product":"COPERNICUS/S1_GRD","band":"VV","value":-11.3508,"farmer_unique_id":"ME3251","site_id":1035},{"date":"2021-10-20","product":"COPERNICUS/S1_GRD","band":"VV","value":-6.2781,"farmer_unique_id":"ME3251","site_id":1035},{"date":"2021-11-01","product":"COPERNICUS/S1_GRD","band":"VV","value":-9.4785,"farmer_unique_id":"ME3251","site_id":1035},{"date":"2021-11-13","product":"COPERNICUS/S1_GRD","band":"VV","value":-10.7451,"farmer_unique_id":"ME3251","site_id":1035},{"date":"2021-11-25","product":"COPERNICUS/S1_GRD","band":"VV","value":-5.5631,"farmer_unique_id":"ME3251","site_id":1035},{"date":"2021-12-07","product":"COPERNICUS/S1_GRD","band":"VV","value":-5.1189,"farmer_unique_id":"ME3251","site_id":1035},{"date":"2021-12-19","product":"COPERNICUS/S1_GRD","band":"VV","value":-6.975,"farmer_unique_id":"ME3251","site_id":1035}]
